Godot Engine v4.7.1.stable.official.a13da4feb - https://godotengine.org
TextServer: Added interface "Dummy"
TextServer: Added interface "ICU / HarfBuzz / Graphite (Built-in)"
Accessibility: AccessKit driver loaded.
Accessibility: window 0 adapter created.
Devices:
  #0: NVIDIA NVIDIA GeForce RTX 4070 Laptop GPU - Supported, Discrete
  #1: Intel Intel(R) UHD Graphics - Supported, Discrete
  #2: Microsoft Microsoft Basic Render Driver - Supported, CPU
- Shader:
  model: 6.6
- D3D12 Variable Rate Shading supported:
  Draw call
  Primitive
  Screen-space image (tile size: 16)
- D3D12 multiview supported:
  max view count: 4
- Relaxed casting supported (but disabled for now)
- D3D12 16-bit ops supported: yes
- Depth bounds test supported
D3D12: Device supports GPU UPLOAD heap.
D3D12 12_0 - Forward+ - Using Device #0: NVIDIA - NVIDIA GeForce RTX 4070 Laptop GPU
SDL: Init OK!
Using "winink" pen tablet driver...
Shader 'CanvasSdfShaderRD' (group 0) SHA256: 54b47da3ce58bfeb483acea9e9e45b5de11793d45b2a38279aa17b08296ef514
Loading cache for shader CanvasSdfShaderRD, variant 0
Loading cache for shader CanvasSdfShaderRD, variant 1
Loading cache for shader CanvasSdfShaderRD, variant 2
Loading cache for shader CanvasSdfShaderRD, variant 3
Loading cache for shader CanvasSdfShaderRD, variant 4
Loading cache for shader CanvasSdfShaderRD, variant 5
Shader 'SkeletonShaderRD' (group 0) SHA256: 08b4464d16133f4db97a8df4663b95b2b956ecd3e7addf44a16e644f488157c2
Loading cache for shader SkeletonShaderRD, variant 0
Loading cache for shader SkeletonShaderRD, variant 1
Shader 'SortShaderRD' (group 0) SHA256: 8e4ebbbb19fcd734c6f15656afbe1bcd5eb3acdfdae9cab023ebd6f54c901ef8
Loading cache for shader SortShaderRD, variant 0
Loading cache for shader SortShaderRD, variant 1
Loading cache for shader SortShaderRD, variant 2
Shader 'ParticlesShaderRD' (group 0) SHA256: 8f4c25caa97a2f74d5fa5f299aabdd514f57d9737b8642ed65c20e846dad5db0
Loading cache for shader ParticlesShaderRD, variant 0
Shader 'ParticlesCopyShaderRD' (group 0) SHA256: 688d10aec3c2e17e8c578ba3e2db1ea2f054eedd511b1e1647952c0acaeeab72
Loading cache for shader ParticlesCopyShaderRD, variant 0
Loading cache for shader ParticlesCopyShaderRD, variant 1
Loading cache for shader ParticlesCopyShaderRD, variant 2
Loading cache for shader ParticlesCopyShaderRD, variant 3
Loading cache for shader ParticlesCopyShaderRD, variant 4
Loading cache for shader ParticlesCopyShaderRD, variant 5
Loading cache for shader ParticlesCopyShaderRD, variant 6
Loading cache for shader ParticlesCopyShaderRD, variant 7
Loading cache for shader ParticlesCopyShaderRD, variant 8
Loading cache for shader ParticlesCopyShaderRD, variant 9
Loading cache for shader ParticlesCopyShaderRD, variant 10
Loading cache for shader ParticlesCopyShaderRD, variant 11
Loading cache for shader ParticlesCopyShaderRD, variant 12
Loading cache for shader ParticlesCopyShaderRD, variant 13
Loading cache for shader ParticlesCopyShaderRD, variant 14
Loading cache for shader ParticlesCopyShaderRD, variant 15
Loading cache for shader ParticlesCopyShaderRD, variant 16
Loading cache for shader ParticlesCopyShaderRD, variant 17
Loading cache for shader ParticlesCopyShaderRD, variant 18
Loading cache for shader ParticlesCopyShaderRD, variant 19
Loading cache for shader ParticlesCopyShaderRD, variant 20
Shader 'CanvasShaderRD' (group 0) SHA256: 1ac5f6c8d534ebab572b3f886e38134784245fbd5fa01c7cbb6cc452e5400080
Loading cache for shader CanvasShaderRD, variant 0
Loading cache for shader CanvasShaderRD, variant 1
Loading cache for shader CanvasShaderRD, variant 2
Loading cache for shader CanvasShaderRD, variant 3
Loading cache for shader CanvasShaderRD, variant 4
Loading cache for shader CanvasShaderRD, variant 5
Shader 'CanvasOcclusionShaderRD' (group 0) SHA256: 3b765d5624135f9fbf3199b6660b8387d5b904f48be0914a622e5da9b906b504
Loading cache for shader CanvasOcclusionShaderRD, variant 0
Loading cache for shader CanvasOcclusionShaderRD, variant 1
Loading cache for shader CanvasOcclusionShaderRD, variant 2
Loading cache for shader CanvasShaderRD, variant 0
Loading cache for shader CanvasShaderRD, variant 1
Loading cache for shader CanvasShaderRD, variant 2
Loading cache for shader CanvasShaderRD, variant 3
Loading cache for shader CanvasShaderRD, variant 4
Loading cache for shader CanvasShaderRD, variant 5
Loading cache for shader CanvasShaderRD, variant 0
Loading cache for shader CanvasShaderRD, variant 1
Loading cache for shader CanvasShaderRD, variant 2
Loading cache for shader CanvasShaderRD, variant 3
Loading cache for shader CanvasShaderRD, variant 4
Loading cache for shader CanvasShaderRD, variant 5
Shader 'TexBlitShaderRD' (group 0) SHA256: ce377a6d54cd54d45abdd915ec4cf3877fef3cbace94de3df4ed73ec0124ea0c
Loading cache for shader TexBlitShaderRD, variant 0
Loading cache for shader TexBlitShaderRD, variant 1
Loading cache for shader TexBlitShaderRD, variant 2
Loading cache for shader TexBlitShaderRD, variant 3
Shader 'ClusterRenderShaderRD' (group 0) SHA256: e1824bcfaf9ebab715957f09e04336284255c4a495944e7ca919e9c20509cf78
Loading cache for shader ClusterRenderShaderRD, variant 0
Loading cache for shader ClusterRenderShaderRD, variant 1
Shader 'ClusterStoreShaderRD' (group 0) SHA256: 552b8bd4a514bf18836a8f9d32f41185bdb0efa58da3d5b3e68a39d68f6cecfc
Loading cache for shader ClusterStoreShaderRD, variant 0
Shader 'ClusterDebugShaderRD' (group 0) SHA256: 0825a26b8d0923d82c8881fc87e3d931ea89a116d0550106157b7033dfa382a7
Loading cache for shader ClusterDebugShaderRD, variant 0
Shader 'SceneForwardClusteredShaderRD' (group 0) SHA256: 069fad9662d1c110a7284347f6822a7ae0bb9be399f57215e33231e68a6e4692
Shader 'SceneForwardClusteredShaderRD' (group 1) SHA256: e6ddf6e05db4f231ee7be3016d02a9e703882c6b2e93191499ae729257086fbf
Shader 'SceneForwardClusteredShaderRD' (group 2) SHA256: 03231cc5a2baf868ce6ae9ca41bb9f199e71fe058e538a5f5121bcec6a77e72d
Shader 'SceneForwardClusteredShaderRD' (group 3) SHA256: e3d89c1bd8f3ff6a0fef46ab1650f9c56e7ec927639ae227579c7831b94bc4ae
Loading cache for shader SceneForwardClusteredShaderRD, variant 0
Loading cache for shader SceneForwardClusteredShaderRD, variant 1
Loading cache for shader SceneForwardClusteredShaderRD, variant 2
Loading cache for shader SceneForwardClusteredShaderRD, variant 3
Loading cache for shader SceneForwardClusteredShaderRD, variant 4
Loading cache for shader SceneForwardClusteredShaderRD, variant 5
Loading cache for shader SceneForwardClusteredShaderRD, variant 6
Loading cache for shader SceneForwardClusteredShaderRD, variant 7
Loading cache for shader SceneForwardClusteredShaderRD, variant 0
Loading cache for shader SceneForwardClusteredShaderRD, variant 1
Loading cache for shader SceneForwardClusteredShaderRD, variant 2
Loading cache for shader SceneForwardClusteredShaderRD, variant 3
Loading cache for shader SceneForwardClusteredShaderRD, variant 4
Loading cache for shader SceneForwardClusteredShaderRD, variant 5
Loading cache for shader SceneForwardClusteredShaderRD, variant 6
Loading cache for shader SceneForwardClusteredShaderRD, variant 7
Loading cache for shader SceneForwardClusteredShaderRD, variant 0
Loading cache for shader SceneForwardClusteredShaderRD, variant 1
Loading cache for shader SceneForwardClusteredShaderRD, variant 2
Loading cache for shader SceneForwardClusteredShaderRD, variant 3
Loading cache for shader SceneForwardClusteredShaderRD, variant 4
Loading cache for shader SceneForwardClusteredShaderRD, variant 5
Loading cache for shader SceneForwardClusteredShaderRD, variant 6
Loading cache for shader SceneForwardClusteredShaderRD, variant 7
Shader 'BestFitNormalShaderRD' (group 0) SHA256: 522b47cc4c3c4b572bc28faadfdeea9c0a31b5381e4ea2e3406d0f6fda73d52b
Loading cache for shader BestFitNormalShaderRD, variant 0
Shader 'IntegrateDfgShaderRD' (group 0) SHA256: 83448d29d7232c732c9d312b8e7faaa363fd72cf79165ec15256862089ebd46e
Loading cache for shader IntegrateDfgShaderRD, variant 0
Shader 'TaaResolveShaderRD' (group 0) SHA256: c5152f5d8d5e919024126af06b7cf1a216b5184957e1946e198175642a86027f
Loading cache for shader TaaResolveShaderRD, variant 0
Shader 'Fsr2DepthClipPassShaderRD' (group 0) SHA256: a20cc609c661dbc20c0e6a50851d7ef432d89eb01d24ccf77a8d354b1003b593
Shader 'Fsr2ReconstructPreviousDepthPassShaderRD' (group 0) SHA256: cbbdd1c21ee3ee90d8d06a9dd43063e4947406284591dc52cda4af06f70cf4c5
Shader 'Fsr2LockPassShaderRD' (group 0) SHA256: 995caf07233459282796e20cf661d1dff50d44e7f6b71a02f50ff28852375d11
Shader 'Fsr2AccumulatePassShaderRD' (group 0) SHA256: 5d2518fa9d077ed7e9937130bcc8f122a0c112da50e4102e291ff2e2e3b3655a
Shader 'Fsr2RcasPassShaderRD' (group 0) SHA256: 1a214ec56a6146372aa5be425b51e322c000385e510d969388b8a7b64e8633fe
Shader 'Fsr2ComputeLuminancePyramidPassShaderRD' (group 0) SHA256: 858215f4d90283500ee2148c5aa0e0849b1581cc1eff4a636e59f7ab9c107253
Shader 'Fsr2AutogenReactivePassShaderRD' (group 0) SHA256: 4c3e8464d1a8b62c5285265b7d298da6fd431f85d1353a00f4791bde194cda86
Shader 'Fsr2TcrAutogenPassShaderRD' (group 0) SHA256: 6259947a4b72af42bd9446599035d159f6a0f4ad7816329d4ce18d50bf4ec655
Shader 'SsEffectsDownsampleShaderRD' (group 0) SHA256: ccf4e10c5ab4528ecf8f9b97dbc17f491b409915c7c64f533bcc896c43acdfb0
Loading cache for shader SsEffectsDownsampleShaderRD, variant 0
Loading cache for shader SsEffectsDownsampleShaderRD, variant 1
Loading cache for shader SsEffectsDownsampleShaderRD, variant 2
Loading cache for shader SsEffectsDownsampleShaderRD, variant 3
Loading cache for shader SsEffectsDownsampleShaderRD, variant 4
Loading cache for shader SsEffectsDownsampleShaderRD, variant 5
Loading cache for shader SsEffectsDownsampleShaderRD, variant 6
Shader 'SsilShaderRD' (group 0) SHA256: 2b3bf37ba8a45aa5cbc064da9031687142e6f007565f6dee75f83189a9edcfa3
Loading cache for shader SsilShaderRD, variant 0
Loading cache for shader SsilShaderRD, variant 1
Loading cache for shader SsilShaderRD, variant 2
Shader 'SsilImportanceMapShaderRD' (group 0) SHA256: 1c4d07be7a352b493a9afdef9363514c1f219eb178911ec18626ea542c3b1334
Loading cache for shader SsilImportanceMapShaderRD, variant 0
Loading cache for shader SsilImportanceMapShaderRD, variant 1
Loading cache for shader SsilImportanceMapShaderRD, variant 2
Shader 'SsilBlurShaderRD' (group 0) SHA256: ba99bf82030acafb5628e8fbd1e0a70fb6a1fa2af5283800a6585fa9c71317d5
Loading cache for shader SsilBlurShaderRD, variant 0
Loading cache for shader SsilBlurShaderRD, variant 1
Loading cache for shader SsilBlurShaderRD, variant 2
Shader 'SsilInterleaveShaderRD' (group 0) SHA256: e3b6eab6e5b68136736435a560115616f4074e0be5dca3e2242912a504320162
Loading cache for shader SsilInterleaveShaderRD, variant 0
Loading cache for shader SsilInterleaveShaderRD, variant 1
Loading cache for shader SsilInterleaveShaderRD, variant 2
Shader 'SsaoShaderRD' (group 0) SHA256: 66a821ba71909db6948ec1aded9d3ee630866bfb4556c2e275650a1ba3b8f5e3
Loading cache for shader SsaoShaderRD, variant 0
Loading cache for shader SsaoShaderRD, variant 1
Loading cache for shader SsaoShaderRD, variant 2
Shader 'SsaoImportanceMapShaderRD' (group 0) SHA256: 8701d1e664bf71d29af6f5d0a42ba62d7efbdec7f5f82064ea3b0fe3eef94361
Loading cache for shader SsaoImportanceMapShaderRD, variant 0
Loading cache for shader SsaoImportanceMapShaderRD, variant 1
Loading cache for shader SsaoImportanceMapShaderRD, variant 2
Shader 'SsaoBlurShaderRD' (group 0) SHA256: 75c97c3818b26631d447852881b25a2a80e6c894e956c009b714072cbd46c1ef
Loading cache for shader SsaoBlurShaderRD, variant 0
Loading cache for shader SsaoBlurShaderRD, variant 1
Loading cache for shader SsaoBlurShaderRD, variant 2
Shader 'SsaoInterleaveShaderRD' (group 0) SHA256: bee8210303269b0457bb9b0180392661b1c86739a5b9b2efe8a252021fcca1f5
Loading cache for shader SsaoInterleaveShaderRD, variant 0
Loading cache for shader SsaoInterleaveShaderRD, variant 1
Loading cache for shader SsaoInterleaveShaderRD, variant 2
Shader 'ScreenSpaceReflectionDownsampleShaderRD' (group 0) SHA256: ce68b2844d60e91b13d566f130e5e6be4924ecd57975c33ed49db903d1d10cdd
Loading cache for shader ScreenSpaceReflectionDownsampleShaderRD, variant 0
Loading cache for shader ScreenSpaceReflectionDownsampleShaderRD, variant 1
Loading cache for shader ScreenSpaceReflectionDownsampleShaderRD, variant 2
Loading cache for shader ScreenSpaceReflectionDownsampleShaderRD, variant 3
Shader 'ScreenSpaceReflectionHizShaderRD' (group 0) SHA256: d816ec3b916a39c24ef8495a965202569a714911181fd70869fdc76e1647898d
Loading cache for shader ScreenSpaceReflectionHizShaderRD, variant 0
Loading cache for shader ScreenSpaceReflectionHizShaderRD, variant 1
Loading cache for shader ScreenSpaceReflectionHizShaderRD, variant 2
Loading cache for shader ScreenSpaceReflectionHizShaderRD, variant 3
Shader 'ScreenSpaceReflectionShaderRD' (group 0) SHA256: dd5e885eefeba0f65c2678de75b986844fb186f0d2a38e39381b435388d51dbb
Loading cache for shader ScreenSpaceReflectionShaderRD, variant 0
Shader 'ScreenSpaceReflectionFilterShaderRD' (group 0) SHA256: adaaba74fde6be6ed9036c3b4e1988baef6dcb0a7cc9aa46eee0f81796fd1ee7
Loading cache for shader ScreenSpaceReflectionFilterShaderRD, variant 0
Shader 'ScreenSpaceReflectionResolveShaderRD' (group 0) SHA256: 7179c7134fdf0cbefc7c3244957827cbec1fd0180b3dfa0ea580579b7b83a06c
Loading cache for shader ScreenSpaceReflectionResolveShaderRD, variant 0
Shader 'SubsurfaceScatteringShaderRD' (group 0) SHA256: 7c8ee12c5109342b5667f38d6fda4ec1c20f0d014ad9690457e6f19d602b96d9
Loading cache for shader SubsurfaceScatteringShaderRD, variant 0
Loading cache for shader SubsurfaceScatteringShaderRD, variant 1
Loading cache for shader SubsurfaceScatteringShaderRD, variant 2
Shader 'SkyShaderRD' (group 0) SHA256: 9be8c23dcd20154e4a1ab0bef919421f8c51853d47c2fe6dc91221f8cfc74997
Loading cache for shader SkyShaderRD, variant 0
Loading cache for shader SkyShaderRD, variant 1
Loading cache for shader SkyShaderRD, variant 2
Loading cache for shader SkyShaderRD, variant 3
Loading cache for shader SkyShaderRD, variant 4
Loading cache for shader SkyShaderRD, variant 5
Loading cache for shader SkyShaderRD, variant 0
Loading cache for shader SkyShaderRD, variant 1
Loading cache for shader SkyShaderRD, variant 2
Loading cache for shader SkyShaderRD, variant 3
Loading cache for shader SkyShaderRD, variant 4
Loading cache for shader SkyShaderRD, variant 5
Shader 'VoxelGiShaderRD' (group 0) SHA256: be32ca7811c1d8efa7aea8f6759edee078b2130e3ae5a44ffb2866906b7f344a
Loading cache for shader VoxelGiShaderRD, variant 0
Loading cache for shader VoxelGiShaderRD, variant 1
Loading cache for shader VoxelGiShaderRD, variant 2
Loading cache for shader VoxelGiShaderRD, variant 3
Loading cache for shader VoxelGiShaderRD, variant 4
Loading cache for shader VoxelGiShaderRD, variant 5
Loading cache for shader VoxelGiShaderRD, variant 6
Loading cache for shader VoxelGiShaderRD, variant 7
Shader 'VoxelGiDebugShaderRD' (group 0) SHA256: 9a34146b67b3016d20f7a43d89748fc6c5eb980a677a57e30e08f4db1bc9a2c6
Loading cache for shader VoxelGiDebugShaderRD, variant 0
Loading cache for shader VoxelGiDebugShaderRD, variant 1
Loading cache for shader VoxelGiDebugShaderRD, variant 2
Loading cache for shader VoxelGiDebugShaderRD, variant 3
Shader 'SdfgiPreprocessShaderRD' (group 0) SHA256: 1df3f43771989a4c102242eeab16de469b18c89bbd7ff3866c4fd78a99d2e961
Loading cache for shader SdfgiPreprocessShaderRD, variant 0
Loading cache for shader SdfgiPreprocessShaderRD, variant 1
Loading cache for shader SdfgiPreprocessShaderRD, variant 2
Loading cache for shader SdfgiPreprocessShaderRD, variant 3
Loading cache for shader SdfgiPreprocessShaderRD, variant 4
Loading cache for shader SdfgiPreprocessShaderRD, variant 5
Loading cache for shader SdfgiPreprocessShaderRD, variant 6
Loading cache for shader SdfgiPreprocessShaderRD, variant 7
Loading cache for shader SdfgiPreprocessShaderRD, variant 8
Shader 'SdfgiDirectLightShaderRD' (group 0) SHA256: 60b8f559824902a3ba6f601c82ba13bb027a01cf114421e8b3e7f1577251f982
Loading cache for shader SdfgiDirectLightShaderRD, variant 0
Loading cache for shader SdfgiDirectLightShaderRD, variant 1
Shader 'SdfgiIntegrateShaderRD' (group 0) SHA256: 8402e25fb473b17f05fd8134b61bac8272f9bb13ec37039e0f82a546918f3004
Loading cache for shader SdfgiIntegrateShaderRD, variant 0
Loading cache for shader SdfgiIntegrateShaderRD, variant 1
Loading cache for shader SdfgiIntegrateShaderRD, variant 2
Loading cache for shader SdfgiIntegrateShaderRD, variant 3
Shader 'GiShaderRD' (group 0) SHA256: a60cccbead6fab980bf996289c17b9a77b68a540d44ab8a15ec477060a5862cf
Shader 'GiShaderRD' (group 1) SHA256: 4b8662cdf9663cca618a7d8d793e816df7b2d7e775eefbb9eb5fbb0bdbe7d3d3
Loading cache for shader GiShaderRD, variant 0
Loading cache for shader GiShaderRD, variant 1
Loading cache for shader GiShaderRD, variant 2
Loading cache for shader GiShaderRD, variant 3
Loading cache for shader GiShaderRD, variant 4
Loading cache for shader GiShaderRD, variant 0
Loading cache for shader GiShaderRD, variant 1
Loading cache for shader GiShaderRD, variant 2
Loading cache for shader GiShaderRD, variant 3
Loading cache for shader GiShaderRD, variant 4
Shader 'SdfgiDebugShaderRD' (group 0) SHA256: 6c94a7679fba279d983d32e141b6648229956762362a863275c13ba2608c7e4d
Loading cache for shader SdfgiDebugShaderRD, variant 0
Shader 'SdfgiDebugProbesShaderRD' (group 0) SHA256: 9067100a09ae2d21f3f325a69e660546baba568b663847a9ba75cbdc3ea337ee
Loading cache for shader SdfgiDebugProbesShaderRD, variant 0
Loading cache for shader SdfgiDebugProbesShaderRD, variant 1
Loading cache for shader SdfgiDebugProbesShaderRD, variant 2
Loading cache for shader SdfgiDebugProbesShaderRD, variant 3
Shader 'VolumetricFogShaderRD' (group 0) SHA256: 4fcd7eea54024fa982593be8aed8c9df465d0c4f629d7d1d1dfdf887cdaca664
Shader 'VolumetricFogShaderRD' (group 1) SHA256: ca7636fab5e9482809eef50fa6684b206f196dada5f05272cb6f04bab7b39ad4
Shader 'VolumetricFogShaderRD' (group 2) SHA256: cb01070fac4570703f705033e78fe8f33ec0bc024a29f53170c0e593709e87ce
Shader 'VolumetricFogShaderRD' (group 3) SHA256: c66c1f9d3ee29cfbd36a5292e40323598a914dddef06f93951451c87654fd3ca
Loading cache for shader VolumetricFogShaderRD, variant 0
Shader 'VolumetricFogProcessShaderRD' (group 0) SHA256: b3d8b51125b8cc82b65e91af793ad8427f49e486687dd0559cabc908674c4390
Shader 'VolumetricFogProcessShaderRD' (group 1) SHA256: fb70f1d0cde8662299c3e8439861294b94192590612d199e70f0f2380126ce56
Shader 'VolumetricFogProcessShaderRD' (group 2) SHA256: ea198e67c91d4d2ddf767049e2aede96f6c4a7ebb51ac9f6f9bbb89e28b083df
Shader 'VolumetricFogProcessShaderRD' (group 3) SHA256: 89e722db621fadf587f712b1100bfe8ade1e7ad5051befa7e3c3bb7bae4a1c18
Loading cache for shader VolumetricFogProcessShaderRD, variant 0
Loading cache for shader VolumetricFogProcessShaderRD, variant 1
Loading cache for shader VolumetricFogProcessShaderRD, variant 2
Loading cache for shader VolumetricFogProcessShaderRD, variant 3
Loading cache for shader VolumetricFogProcessShaderRD, variant 4
Shader 'BokehDofShaderRD' (group 0) SHA256: 07a1c984a30f7beb4c3290c8d0216119327b1f6eb8b36e5c96cfb751f30742e6
Loading cache for shader BokehDofShaderRD, variant 0
Loading cache for shader BokehDofShaderRD, variant 1
Loading cache for shader BokehDofShaderRD, variant 3
Loading cache for shader BokehDofShaderRD, variant 5
Loading cache for shader BokehDofShaderRD, variant 6
Shader 'CopyShaderRD' (group 0) SHA256: 23f6cf7986b46c68792dfd3f087267f14eebc49382f0c0fd265b45462b58afcf
Loading cache for shader CopyShaderRD, variant 0
Loading cache for shader CopyShaderRD, variant 1
Loading cache for shader CopyShaderRD, variant 2
Loading cache for shader CopyShaderRD, variant 3
Loading cache for shader CopyShaderRD, variant 4
Loading cache for shader CopyShaderRD, variant 5
Loading cache for shader CopyShaderRD, variant 6
Loading cache for shader CopyShaderRD, variant 7
Loading cache for shader CopyShaderRD, variant 8
Loading cache for shader CopyShaderRD, variant 9
Loading cache for shader CopyShaderRD, variant 10
Loading cache for shader CopyShaderRD, variant 11
Loading cache for shader CopyShaderRD, variant 12
Shader 'CopyToFbShaderRD' (group 0) SHA256: d00e29e632391ed3791124b988da290d922da3d9e2083273523bd8173b24ff97
Loading cache for shader CopyToFbShaderRD, variant 0
Loading cache for shader CopyToFbShaderRD, variant 1
Loading cache for shader CopyToFbShaderRD, variant 2
Loading cache for shader CopyToFbShaderRD, variant 3
Shader 'CubeToDpShaderRD' (group 0) SHA256: 9825f5ee942047b6912a1b6fe49935a8c928598f40d2cdfc64a0f61134deed27
Loading cache for shader CubeToDpShaderRD, variant 0
Shader 'CubeToOctmapShaderRD' (group 0) SHA256: 8bf32929c5b41445f085dd302ccba233028481a94d43ce1b531bc8e2e66677a4
Loading cache for shader CubeToOctmapShaderRD, variant 0
Shader 'OctmapDownsamplerShaderRD' (group 0) SHA256: c79c7ea0ebc9a0833c5f465f1c555216a15727d2c4e3a227e9d5cd1e80f0669e
Loading cache for shader OctmapDownsamplerShaderRD, variant 0
Loading cache for shader OctmapDownsamplerShaderRD, variant 1
Shader 'OctmapFilterShaderRD' (group 0) SHA256: a511f5ad922f5d701a26f801b4f9c96406071103345fa83fd394f8954c1dd7ac
Loading cache for shader OctmapFilterShaderRD, variant 0
Loading cache for shader OctmapFilterShaderRD, variant 1
Loading cache for shader OctmapFilterShaderRD, variant 2
Loading cache for shader OctmapFilterShaderRD, variant 3
Loading cache for shader OctmapFilterShaderRD, variant 4
Loading cache for shader OctmapFilterShaderRD, variant 5
Loading cache for shader OctmapFilterShaderRD, variant 6
Loading cache for shader OctmapFilterShaderRD, variant 7
Shader 'OctmapRoughnessShaderRD' (group 0) SHA256: 9f66b38742366834aef44d557fed0d0753432ffb2cf24eebb14792092fc26b83
Loading cache for shader OctmapRoughnessShaderRD, variant 0
Loading cache for shader OctmapRoughnessShaderRD, variant 1
Shader 'SpecularMergeShaderRD' (group 0) SHA256: 38d1cf8969e8f223baa218cbcd7ad415e6e945247fdb8cefddabba66acaab0e4
Loading cache for shader SpecularMergeShaderRD, variant 0
Loading cache for shader SpecularMergeShaderRD, variant 1
Loading cache for shader SpecularMergeShaderRD, variant 2
Loading cache for shader SpecularMergeShaderRD, variant 3
Shader 'ShadowFrustumShaderRD' (group 0) SHA256: 7aba7a73f7499f30591bb36c54f106926052cdc0048232d9054de723408b1ea2
Loading cache for shader ShadowFrustumShaderRD, variant 0
Shader 'MotionVectorsShaderRD' (group 0) SHA256: 21fe2ffffa991405f5c0b4bb35dd8789b4049f8e56d80a5aa61aa8233992e3c1
Loading cache for shader MotionVectorsShaderRD, variant 0
Shader 'LuminanceReduceShaderRD' (group 0) SHA256: 926f3544c80af9c002aea2fe9f66f19b40ec81e54f627608fc28573493ac5edb
Loading cache for shader LuminanceReduceShaderRD, variant 0
Loading cache for shader LuminanceReduceShaderRD, variant 1
Loading cache for shader LuminanceReduceShaderRD, variant 2
Shader 'SmaaEdgeDetectionShaderRD' (group 0) SHA256: 749ffc0281a6ab411cf5a66f2560a2f33f9a258f57c513c67047f363e5e7ab33
Loading cache for shader SmaaEdgeDetectionShaderRD, variant 0
Shader 'SmaaWeightCalculationShaderRD' (group 0) SHA256: 510ed0d4e978b1a21f4e459da4ee2516c38f4460931e2a5714dae17c8b5547c2
Loading cache for shader SmaaWeightCalculationShaderRD, variant 0
Shader 'SmaaBlendingShaderRD' (group 0) SHA256: daa696d3938d7aadbc85111a68936e774199a2ded78d364782d43ef580b5296d
Loading cache for shader SmaaBlendingShaderRD, variant 0
Shader 'TonemapShaderRD' (group 0) SHA256: 6d008fe28b8fd25f510d360d45c329659bbd6cc2a222dc519c18fea4a3c17a36
Loading cache for shader TonemapShaderRD, variant 0
Loading cache for shader TonemapShaderRD, variant 1
Loading cache for shader TonemapShaderRD, variant 2
Loading cache for shader TonemapShaderRD, variant 3
Shader 'VrsShaderRD' (group 0) SHA256: 9df305f4045418de07830cd11c3be6abf40ea73a66b1fc87b5e04821ac4f402c
Loading cache for shader VrsShaderRD, variant 0
Loading cache for shader VrsShaderRD, variant 2
Loading cache for shader VrsShaderRD, variant 3
Shader 'FsrUpscaleShaderRD' (group 0) SHA256: de60781f9669b1455afc7507208cad7b3c71f8e59f4c894548899e482420e8dd
Loading cache for shader FsrUpscaleShaderRD, variant 0
Loading cache for shader FsrUpscaleShaderRD, variant 1
Shader 'ResolveShaderRD' (group 0) SHA256: b92e1e567b3ce7b008af4819aa7a8f7848a6f4dd09e28737bcd07456b04c2c7e
Loading cache for shader ResolveShaderRD, variant 0
Loading cache for shader ResolveShaderRD, variant 1
Loading cache for shader ResolveShaderRD, variant 2
Shader 'BlitShaderRD' (group 0) SHA256: 29b32016e1c23e0db5906fbe9b87108e39e7f5965c0016eb53fc5e1c03293243
WASAPI: Activated output_device using IAudioClient3 interface
WASAPI: wFormatTag = 65534
WASAPI: nChannels = 2
WASAPI: nSamplesPerSec = 48000
WASAPI: nAvgBytesPerSec = 384000
WASAPI: nBlockAlign = 8
WASAPI: wBitsPerSample = 32
WASAPI: cbSize = 22
WASAPI: mix_rate = 48000
WASAPI: fundamental_period_frames = 480
WASAPI: min_period_frames = 480
WASAPI: max_period_frames = 480
WASAPI: selected a period frame size of 480
WASAPI: detected 2 channels
WASAPI: audio buffer frames: 480 calculated latency: 10ms

Loading cache for shader BlitShaderRD, variant 0
Loading cache for shader BlitShaderRD, variant 1
Loading cache for shader BlitShaderRD, variant 2
Loading cache for shader BlitShaderRD, variant 3
TextServer: Primary interface set to: "ICU / HarfBuzz / Graphite (Built-in)".
Loading cache for shader CanvasShaderRD, variant 0
Loading cache for shader CanvasShaderRD, variant 1
Loading cache for shader CanvasShaderRD, variant 2
Loading cache for shader CanvasShaderRD, variant 3
Loading cache for shader CanvasShaderRD, variant 4
Loading cache for shader CanvasShaderRD, variant 5
Loading resource: res://default_bus_layout.tres remapped: res://default_bus_layout.tres
Completed load for: 'res://default_bus_layout.tres' remapped 'res://default_bus_layout.tres' at thread -1
CORE API HASH: 3769296884
EDITOR API HASH: 3146738256
SceneTreeFTI: traversal method DEFAULT
Loading resource: C:/Users/paolo/AppData/Roaming/Godot/editor_settings-4.7.tres remapped: C:/Users/paolo/AppData/Roaming/Godot/editor_settings-4.7.tres
Completed load for: 'C:/Users/paolo/AppData/Roaming/Godot/editor_settings-4.7.tres' remapped 'C:/Users/paolo/AppData/Roaming/Godot/editor_settings-4.7.tres' at thread -1
EditorSettings: Load OK!
EditorTheme: Generating new theme for the config '2424066630'.
EditorTheme: Generating new icons.
EditorTheme: Generating new fonts.
EditorTheme: Generating new styles.
Loading cache for shader SkyShaderRD, variant 0
Loading cache for shader SkyShaderRD, variant 1
Loading cache for shader SkyShaderRD, variant 2
Loading cache for shader SkyShaderRD, variant 3
Loading cache for shader SkyShaderRD, variant 4
Loading cache for shader SkyShaderRD, variant 5
Loading cache for shader SceneForwardClusteredShaderRD, variant 0
Loading cache for shader SceneForwardClusteredShaderRD, variant 1
Loading cache for shader SceneForwardClusteredShaderRD, variant 2
Loading cache for shader SceneForwardClusteredShaderRD, variant 3
Loading cache for shader SceneForwardClusteredShaderRD, variant 4
Loading cache for shader SceneForwardClusteredShaderRD, variant 5
Loading cache for shader SceneForwardClusteredShaderRD, variant 6
Loading cache for shader SceneForwardClusteredShaderRD, variant 7
Loading cache for shader SceneForwardClusteredShaderRD, variant 0
Loading cache for shader SceneForwardClusteredShaderRD, variant 1
Loading cache for shader SceneForwardClusteredShaderRD, variant 2
Loading cache for shader SceneForwardClusteredShaderRD, variant 3
Loading cache for shader SceneForwardClusteredShaderRD, variant 4
Loading cache for shader SceneForwardClusteredShaderRD, variant 5
Loading cache for shader SceneForwardClusteredShaderRD, variant 6
Loading cache for shader SceneForwardClusteredShaderRD, variant 7
Loading cache for shader SceneForwardClusteredShaderRD, variant 0
Loading cache for shader SceneForwardClusteredShaderRD, variant 1
Loading cache for shader SceneForwardClusteredShaderRD, variant 2
Loading cache for shader SceneForwardClusteredShaderRD, variant 3
Loading cache for shader SceneForwardClusteredShaderRD, variant 4
Loading cache for shader SceneForwardClusteredShaderRD, variant 5
Loading cache for shader SceneForwardClusteredShaderRD, variant 6
Loading cache for shader SceneForwardClusteredShaderRD, variant 7
Loading cache for shader SceneForwardClusteredShaderRD, variant 0
Loading cache for shader SceneForwardClusteredShaderRD, variant 1
Loading cache for shader SceneForwardClusteredShaderRD, variant 2
Loading cache for shader SceneForwardClusteredShaderRD, variant 3
Loading cache for shader SceneForwardClusteredShaderRD, variant 4
Loading cache for shader SceneForwardClusteredShaderRD, variant 5
Loading cache for shader SceneForwardClusteredShaderRD, variant 6
Loading cache for shader SceneForwardClusteredShaderRD, variant 7
Loading cache for shader SceneForwardClusteredShaderRD, variant 0
Loading cache for shader SceneForwardClusteredShaderRD, variant 1
Loading cache for shader SceneForwardClusteredShaderRD, variant 2
Loading cache for shader SceneForwardClusteredShaderRD, variant 3
Loading cache for shader SceneForwardClusteredShaderRD, variant 4
Loading cache for shader SceneForwardClusteredShaderRD, variant 5
Loading cache for shader SceneForwardClusteredShaderRD, variant 6
Loading cache for shader SceneForwardClusteredShaderRD, variant 7
Loading cache for shader CanvasShaderRD, variant 0
Loading cache for shader CanvasShaderRD, variant 1
Loading cache for shader CanvasShaderRD, variant 2
Loading cache for shader CanvasShaderRD, variant 3
Loading cache for shader CanvasShaderRD, variant 4
Loading cache for shader CanvasShaderRD, variant 5
Asset Store not available (due to using Web editor, or SSL support disabled).
Loading cache for shader CanvasShaderRD, variant 0
Loading cache for shader CanvasShaderRD, variant 1
Loading cache for shader CanvasShaderRD, variant 2
Loading cache for shader CanvasShaderRD, variant 3
Loading cache for shader CanvasShaderRD, variant 4
Loading cache for shader CanvasShaderRD, variant 5
Loading cache for shader SceneForwardClusteredShaderRD, variant 0
Loading cache for shader SceneForwardClusteredShaderRD, variant 1
Loading cache for shader SceneForwardClusteredShaderRD, variant 2
Loading cache for shader SceneForwardClusteredShaderRD, variant 3
Loading cache for shader SceneForwardClusteredShaderRD, variant 4
Loading cache for shader SceneForwardClusteredShaderRD, variant 5
Loading cache for shader SceneForwardClusteredShaderRD, variant 6
Loading cache for shader SceneForwardClusteredShaderRD, variant 7
Loading resource: C:/Users/paolo/AppData/Local/Godot/editor_doc_cache-4.7.res remapped: C:/Users/paolo/AppData/Local/Godot/editor_doc_cache-4.7.res
MbedTLS: Some X509 certificates could not be parsed (1 certificates skipped).
Loaded system CA certificates
Completed load for: 'C:/Users/paolo/AppData/Local/Godot/editor_doc_cache-4.7.res' remapped 'C:/Users/paolo/AppData/Local/Godot/editor_doc_cache-4.7.res' at thread -1
Loading cache for shader SceneForwardClusteredShaderRD, variant 0
Loading cache for shader SceneForwardClusteredShaderRD, variant 1
Loading cache for shader SceneForwardClusteredShaderRD, variant 2
Loading cache for shader SceneForwardClusteredShaderRD, variant 3
Loading cache for shader SceneForwardClusteredShaderRD, variant 4
Loading cache for shader SceneForwardClusteredShaderRD, variant 5
Loading cache for shader SceneForwardClusteredShaderRD, variant 6
Loading cache for shader SceneForwardClusteredShaderRD, variant 7
Loading cache for shader SceneForwardClusteredShaderRD, variant 0
Loading cache for shader SceneForwardClusteredShaderRD, variant 1
Loading cache for shader SceneForwardClusteredShaderRD, variant 2
Loading cache for shader SceneForwardClusteredShaderRD, variant 3
Loading cache for shader SceneForwardClusteredShaderRD, variant 4
Loading cache for shader SceneForwardClusteredShaderRD, variant 5
Loading cache for shader SceneForwardClusteredShaderRD, variant 6
Loading cache for shader SceneForwardClusteredShaderRD, variant 7
Loading cache for shader SceneForwardClusteredShaderRD, variant 0
Loading cache for shader SceneForwardClusteredShaderRD, variant 1
Loading cache for shader SceneForwardClusteredShaderRD, variant 2
Loading cache for shader SceneForwardClusteredShaderRD, variant 3
Loading cache for shader SceneForwardClusteredShaderRD, variant 4
Loading cache for shader SceneForwardClusteredShaderRD, variant 5
Loading cache for shader SceneForwardClusteredShaderRD, variant 6
Loading cache for shader SceneForwardClusteredShaderRD, variant 7
Loading cache for shader SceneForwardClusteredShaderRD, variant 0
Loading cache for shader SceneForwardClusteredShaderRD, variant 1
Loading cache for shader SceneForwardClusteredShaderRD, variant 2
Loading cache for shader SceneForwardClusteredShaderRD, variant 3
Loading cache for shader SceneForwardClusteredShaderRD, variant 4
Loading cache for shader SceneForwardClusteredShaderRD, variant 5
Loading cache for shader SceneForwardClusteredShaderRD, variant 6
Loading cache for shader SceneForwardClusteredShaderRD, variant 7
Loading cache for shader SceneForwardClusteredShaderRD, variant 0
Loading cache for shader SceneForwardClusteredShaderRD, variant 1
Loading cache for shader SceneForwardClusteredShaderRD, variant 2
Loading cache for shader SceneForwardClusteredShaderRD, variant 3
Loading cache for shader SceneForwardClusteredShaderRD, variant 4
Loading cache for shader SceneForwardClusteredShaderRD, variant 5
Loading cache for shader SceneForwardClusteredShaderRD, variant 6
Loading cache for shader SceneForwardClusteredShaderRD, variant 7
Loading cache for shader SceneForwardClusteredShaderRD, variant 0
Loading cache for shader SceneForwardClusteredShaderRD, variant 1
Loading cache for shader SceneForwardClusteredShaderRD, variant 2
Loading cache for shader SceneForwardClusteredShaderRD, variant 3
Loading cache for shader SceneForwardClusteredShaderRD, variant 4
Loading cache for shader SceneForwardClusteredShaderRD, variant 5
Loading cache for shader SceneForwardClusteredShaderRD, variant 6
Loading cache for shader SceneForwardClusteredShaderRD, variant 7
Loading cache for shader SceneForwardClusteredShaderRD, variant 0
Loading cache for shader SceneForwardClusteredShaderRD, variant 1
Loading cache for shader SceneForwardClusteredShaderRD, variant 2
Loading cache for shader SceneForwardClusteredShaderRD, variant 3
Loading cache for shader SceneForwardClusteredShaderRD, variant 4
Loading cache for shader SceneForwardClusteredShaderRD, variant 5
Loading cache for shader SceneForwardClusteredShaderRD, variant 6
Loading cache for shader SceneForwardClusteredShaderRD, variant 7
Loading cache for shader SceneForwardClusteredShaderRD, variant 0
Loading cache for shader SceneForwardClusteredShaderRD, variant 1
Loading cache for shader SceneForwardClusteredShaderRD, variant 2
Loading cache for shader SceneForwardClusteredShaderRD, variant 3
Loading cache for shader SceneForwardClusteredShaderRD, variant 4
Loading cache for shader SceneForwardClusteredShaderRD, variant 5
Loading cache for shader SceneForwardClusteredShaderRD, variant 6
Loading cache for shader SceneForwardClusteredShaderRD, variant 7
Loading cache for shader SceneForwardClusteredShaderRD, variant 0
Loading cache for shader SceneForwardClusteredShaderRD, variant 1
Loading cache for shader SceneForwardClusteredShaderRD, variant 2
Loading cache for shader SceneForwardClusteredShaderRD, variant 3
Loading cache for shader SceneForwardClusteredShaderRD, variant 4
Loading cache for shader SceneForwardClusteredShaderRD, variant 5
Loading cache for shader SceneForwardClusteredShaderRD, variant 6
Loading cache for shader SceneForwardClusteredShaderRD, variant 7
Loading cache for shader SceneForwardClusteredShaderRD, variant 0
Loading cache for shader SceneForwardClusteredShaderRD, variant 1
Loading cache for shader SceneForwardClusteredShaderRD, variant 2
Loading cache for shader SceneForwardClusteredShaderRD, variant 3
Loading cache for shader SceneForwardClusteredShaderRD, variant 4
Loading cache for shader SceneForwardClusteredShaderRD, variant 5
Loading cache for shader SceneForwardClusteredShaderRD, variant 6
Loading cache for shader SceneForwardClusteredShaderRD, variant 7
Loading cache for shader SceneForwardClusteredShaderRD, variant 0
Loading cache for shader SceneForwardClusteredShaderRD, variant 1
Loading cache for shader SceneForwardClusteredShaderRD, variant 2
Loading cache for shader SceneForwardClusteredShaderRD, variant 3
Loading cache for shader SceneForwardClusteredShaderRD, variant 4
Loading cache for shader SceneForwardClusteredShaderRD, variant 5
Loading cache for shader SceneForwardClusteredShaderRD, variant 6
Loading cache for shader SceneForwardClusteredShaderRD, variant 7
Loading cache for shader SceneForwardClusteredShaderRD, variant 0
Loading cache for shader SceneForwardClusteredShaderRD, variant 1
Loading cache for shader SceneForwardClusteredShaderRD, variant 2
Loading cache for shader SceneForwardClusteredShaderRD, variant 3
Loading cache for shader SceneForwardClusteredShaderRD, variant 4
Loading cache for shader SceneForwardClusteredShaderRD, variant 5
Loading cache for shader SceneForwardClusteredShaderRD, variant 6
Loading cache for shader SceneForwardClusteredShaderRD, variant 7
Loading cache for shader SceneForwardClusteredShaderRD, variant 0
Loading cache for shader SceneForwardClusteredShaderRD, variant 1
Loading cache for shader SceneForwardClusteredShaderRD, variant 2
Loading cache for shader SceneForwardClusteredShaderRD, variant 3
Loading cache for shader SceneForwardClusteredShaderRD, variant 4
Loading cache for shader SceneForwardClusteredShaderRD, variant 5
Loading cache for shader SceneForwardClusteredShaderRD, variant 6
Loading cache for shader SceneForwardClusteredShaderRD, variant 7
Loading cache for shader SceneForwardClusteredShaderRD, variant 0
Loading cache for shader SceneForwardClusteredShaderRD, variant 1
Loading cache for shader SceneForwardClusteredShaderRD, variant 2
Loading cache for shader SceneForwardClusteredShaderRD, variant 3
Loading cache for shader SceneForwardClusteredShaderRD, variant 4
Loading cache for shader SceneForwardClusteredShaderRD, variant 5
Loading cache for shader SceneForwardClusteredShaderRD, variant 6
Loading cache for shader SceneForwardClusteredShaderRD, variant 7
Accessibility: window 1 adapter created.
Accessibility: window 1 adapter initial update completed.
Accessibility: window 0 adapter activated.
Script documentation cache not found. Regenerating it may take a while for projects with many scripts.
Accessibility: window 0 adapter initial update completed.
MultiUmaBuffer 'RENDER_LIST_ALPHA' used a total of 0 buffers. A large number may indicate a waste of VRAM and can be brought down by tweaking MAX_EXTRA_BUFFERS for this buffer.
GDScript: Reloading all scripts
Loading resource: C:/Users/paolo/AppData/Local/Godot/editor_doc_cache-4.7.res remapped: C:/Users/paolo/AppData/Local/Godot/editor_doc_cache-4.7.res
Loading resource: res://debug/debug_logger.gd remapped: res://debug/debug_logger.gd
Completed load for: 'res://debug/debug_logger.gd' remapped 'res://debug/debug_logger.gd' at thread -1
Loading resource: res://core/event_bus.gd remapped: res://core/event_bus.gd
Completed load for: 'res://core/event_bus.gd' remapped 'res://core/event_bus.gd' at thread -1
Loading resource: res://core/combat_logger.gd remapped: res://core/combat_logger.gd
Completed load for: 'res://core/combat_logger.gd' remapped 'res://core/combat_logger.gd' at thread -1
Loading resource: res://debug/DebugOverlay.tscn remapped: res://debug/DebugOverlay.tscn
Loading resource: res://debug/DebugOverlay.gd remapped: res://debug/DebugOverlay.gd
Completed load for: 'res://debug/DebugOverlay.gd' remapped 'res://debug/DebugOverlay.gd' at thread -1
Completed load for: 'res://debug/DebugOverlay.tscn' remapped 'res://debug/DebugOverlay.tscn' at thread -1
Loading resource: res://core/game_manager.gd remapped: res://core/game_manager.gd
Loading resource: res://ui/run/PersistentRunUI.tscn remapped: res://ui/run/PersistentRunUI.tscn
Loading resource: res://ui/run/persistent_run_ui.gd remapped: res://ui/run/persistent_run_ui.gd
Loading resource: res://ui/progression/components/skill_tree_effect_glyph.tscn remapped: res://ui/progression/components/skill_tree_effect_glyph.tscn
Loading resource: res://ui/progression/theme/skill_tree_graybox_theme.tres remapped: res://ui/progression/theme/skill_tree_graybox_theme.tres
Completed load for: 'res://ui/progression/theme/skill_tree_graybox_theme.tres' remapped 'res://ui/progression/theme/skill_tree_graybox_theme.tres' at thread -1
Completed load for: 'res://ui/progression/components/skill_tree_effect_glyph.tscn' remapped 'res://ui/progression/components/skill_tree_effect_glyph.tscn' at thread -1
Completed load for: 'C:/Users/paolo/AppData/Local/Godot/editor_doc_cache-4.7.res' remapped 'C:/Users/paolo/AppData/Local/Godot/editor_doc_cache-4.7.res' at thread -1
Loading resource: res://ui/progression/components/skill_tree_discipline_tab.tscn remapped: res://ui/progression/components/skill_tree_discipline_tab.tscn
Loading resource: res://ui/progression/components/skill_tree_discipline_tab.gd remapped: res://ui/progression/components/skill_tree_discipline_tab.gd
Completed load for: 'res://ui/progression/components/skill_tree_discipline_tab.gd' remapped 'res://ui/progression/components/skill_tree_discipline_tab.gd' at thread -1
Completed load for: 'res://ui/progression/components/skill_tree_discipline_tab.tscn' remapped 'res://ui/progression/components/skill_tree_discipline_tab.tscn' at thread -1
Loading resource: res://ui/progression/components/skill_tree_node_view.tscn remapped: res://ui/progression/components/skill_tree_node_view.tscn
Loading resource: res://ui/progression/components/skill_tree_node_view.gd remapped: res://ui/progression/components/skill_tree_node_view.gd
Completed load for: 'res://ui/progression/components/skill_tree_node_view.gd' remapped 'res://ui/progression/components/skill_tree_node_view.gd' at thread -1
Completed load for: 'res://ui/progression/components/skill_tree_node_view.tscn' remapped 'res://ui/progression/components/skill_tree_node_view.tscn' at thread -1
Loading resource: res://data/ui/elf_hud_theme_refined.tres remapped: res://data/ui/elf_hud_theme_refined.tres
Loading resource: res://asset/ui/character_hud/refined/hunter_badge.png remapped: res://asset/ui/character_hud/refined/hunter_badge.png
Loading resource: res://.godot/imported/hunter_badge.png-814a21c83908049c155bbe01911c9714.ctex remapped: res://.godot/imported/hunter_badge.png-814a21c83908049c155bbe01911c9714.ctex
Completed load for: 'res://asset/ui/character_hud/refined/hunter_badge.png' remapped 'res://asset/ui/character_hud/refined/hunter_badge.png' at thread -1
Loading resource: res://asset/ui/character_hud/generated/turn_intro_banner.png remapped: res://asset/ui/character_hud/generated/turn_intro_banner.png
Loading resource: res://.godot/imported/turn_intro_banner.png-a12ce09c888c21c045800abb27ded058.ctex remapped: res://.godot/imported/turn_intro_banner.png-a12ce09c888c21c045800abb27ded058.ctex
Completed load for: 'res://asset/ui/character_hud/generated/turn_intro_banner.png' remapped 'res://asset/ui/character_hud/generated/turn_intro_banner.png' at thread -1
Loading resource: res://asset/ui/character_hud/refined/spells/precise_shot.png remapped: res://asset/ui/character_hud/refined/spells/precise_shot.png
Loading resource: res://.godot/imported/precise_shot.png-fbbde3ee473196055268b790c014b5c2.ctex remapped: res://.godot/imported/precise_shot.png-fbbde3ee473196055268b790c014b5c2.ctex
Completed load for: 'res://asset/ui/character_hud/refined/spells/precise_shot.png' remapped 'res://asset/ui/character_hud/refined/spells/precise_shot.png' at thread -1
Loading resource: res://asset/ui/character_hud/refined/spells/sneak_strike.png remapped: res://asset/ui/character_hud/refined/spells/sneak_strike.png
Loading resource: res://.godot/imported/sneak_strike.png-b376518329695f0ab072dfd0b2e97150.ctex remapped: res://.godot/imported/sneak_strike.png-b376518329695f0ab072dfd0b2e97150.ctex
Completed load for: 'res://asset/ui/character_hud/refined/spells/sneak_strike.png' remapped 'res://asset/ui/character_hud/refined/spells/sneak_strike.png' at thread -1
Loading resource: res://asset/ui/character_hud/refined/spells/fireball.png remapped: res://asset/ui/character_hud/refined/spells/fireball.png
Loading resource: res://.godot/imported/fireball.png-49abe67629c88a59007f2c6b357064ea.ctex remapped: res://.godot/imported/fireball.png-49abe67629c88a59007f2c6b357064ea.ctex
Completed load for: 'res://asset/ui/character_hud/refined/spells/fireball.png' remapped 'res://asset/ui/character_hud/refined/spells/fireball.png' at thread -1
Loading resource: res://asset/ui/character_hud/refined/spells/sylvan_heal.png remapped: res://asset/ui/character_hud/refined/spells/sylvan_heal.png
Loading resource: res://.godot/imported/sylvan_heal.png-b011146775be7a0432f5c51d5a6b385f.ctex remapped: res://.godot/imported/sylvan_heal.png-b011146775be7a0432f5c51d5a6b385f.ctex
Completed load for: 'res://asset/ui/character_hud/refined/spells/sylvan_heal.png' remapped 'res://asset/ui/character_hud/refined/spells/sylvan_heal.png' at thread -1
Loading resource: res://asset/ui/character_hud/refined/spells/basic_attack.png remapped: res://asset/ui/character_hud/refined/spells/basic_attack.png
Loading resource: res://.godot/imported/basic_attack.png-df807bd2ed8c68a01bfb060dc6043be9.ctex remapped: res://.godot/imported/basic_attack.png-df807bd2ed8c68a01bfb060dc6043be9.ctex
Completed load for: 'res://asset/ui/character_hud/refined/spells/basic_attack.png' remapped 'res://asset/ui/character_hud/refined/spells/basic_attack.png' at thread -1
Loading resource: res://asset/ui/character_hud/refined/utility_inventory.png remapped: res://asset/ui/character_hud/refined/utility_inventory.png
Loading resource: res://.godot/imported/utility_inventory.png-38f481db29c98f1a1e7bc038a28a61d3.ctex remapped: res://.godot/imported/utility_inventory.png-38f481db29c98f1a1e7bc038a28a61d3.ctex
Completed load for: 'res://asset/ui/character_hud/refined/utility_inventory.png' remapped 'res://asset/ui/character_hud/refined/utility_inventory.png' at thread -1
Loading resource: res://asset/ui/character_hud/refined/utility_map.png remapped: res://asset/ui/character_hud/refined/utility_map.png
Loading resource: res://.godot/imported/utility_map.png-7e63418f76596de1a7cce62bb531221d.ctex remapped: res://.godot/imported/utility_map.png-7e63418f76596de1a7cce62bb531221d.ctex
Completed load for: 'res://asset/ui/character_hud/refined/utility_map.png' remapped 'res://asset/ui/character_hud/refined/utility_map.png' at thread -1
Loading resource: res://asset/ui/character_hud/refined/utility_skills.png remapped: res://asset/ui/character_hud/refined/utility_skills.png
Loading resource: res://.godot/imported/utility_skills.png-e935c36b9c25782b08130badde08c6fd.ctex remapped: res://.godot/imported/utility_skills.png-e935c36b9c25782b08130badde08c6fd.ctex
Completed load for: 'res://asset/ui/character_hud/refined/utility_skills.png' remapped 'res://asset/ui/character_hud/refined/utility_skills.png' at thread -1
Loading resource: res://asset/ui/character_hud/refined/move_action_icon.svg remapped: res://asset/ui/character_hud/refined/move_action_icon.svg
Loading resource: res://.godot/imported/move_action_icon.svg-af19ca37b6d05be571631606b6487b72.ctex remapped: res://.godot/imported/move_action_icon.svg-af19ca37b6d05be571631606b6487b72.ctex
Completed load for: 'res://asset/ui/character_hud/refined/move_action_icon.svg' remapped 'res://asset/ui/character_hud/refined/move_action_icon.svg' at thread -1
Completed load for: 'res://data/ui/elf_hud_theme_refined.tres' remapped 'res://data/ui/elf_hud_theme_refined.tres' at thread -1
Loading resource: res://data/ui/mage_hud_theme_refined.tres remapped: res://data/ui/mage_hud_theme_refined.tres
Loading resource: res://asset/ui/character_hud/generated/spell_icon_r06_c04.png remapped: res://asset/ui/character_hud/generated/spell_icon_r06_c04.png
Loading resource: res://.godot/imported/spell_icon_r06_c04.png-36ca0651b9450ac1e6e9e452d843fefc.ctex remapped: res://.godot/imported/spell_icon_r06_c04.png-36ca0651b9450ac1e6e9e452d843fefc.ctex
Completed load for: 'res://asset/ui/character_hud/generated/spell_icon_r06_c04.png' remapped 'res://asset/ui/character_hud/generated/spell_icon_r06_c04.png' at thread -1
Loading resource: res://asset/icone/boule de feu.png remapped: res://asset/icone/boule de feu.png
Loading resource: res://.godot/imported/boule de feu.png-7a49b079660dc4778bdae26ce0c91bb3.ctex remapped: res://.godot/imported/boule de feu.png-7a49b079660dc4778bdae26ce0c91bb3.ctex
Completed load for: 'res://asset/icone/boule de feu.png' remapped 'res://asset/icone/boule de feu.png' at thread -1
Loading resource: res://asset/ui/character_hud/generated/spell_icon_r08_c01.png remapped: res://asset/ui/character_hud/generated/spell_icon_r08_c01.png
Loading resource: res://.godot/imported/spell_icon_r08_c01.png-fe0753098237256b97ad7c0bdfde8c07.ctex remapped: res://.godot/imported/spell_icon_r08_c01.png-fe0753098237256b97ad7c0bdfde8c07.ctex
Completed load for: 'res://asset/ui/character_hud/generated/spell_icon_r08_c01.png' remapped 'res://asset/ui/character_hud/generated/spell_icon_r08_c01.png' at thread -1
Loading resource: res://asset/sorts/tempete_orageuse/tex_storm_lightning_cluster.png.png remapped: res://asset/sorts/tempete_orageuse/tex_storm_lightning_cluster.png.png
Loading resource: res://.godot/imported/tex_storm_lightning_cluster.png.png-1b00aaa2a4166b54e8b216d5afadf6e0.ctex remapped: res://.godot/imported/tex_storm_lightning_cluster.png.png-1b00aaa2a4166b54e8b216d5afadf6e0.ctex
WARNING: Image format RGB8 not supported by hardware, converting to RGBA8.
   at: _validate_texture_format (servers/rendering/renderer_rd/storage_rd/texture_storage.cpp:2855)
Completed load for: 'res://asset/sorts/tempete_orageuse/tex_storm_lightning_cluster.png.png' remapped 'res://asset/sorts/tempete_orageuse/tex_storm_lightning_cluster.png.png' at thread -1
Loading resource: res://asset/ui/character_hud/generated/spell_icon_r06_c01.png remapped: res://asset/ui/character_hud/generated/spell_icon_r06_c01.png
Loading resource: res://.godot/imported/spell_icon_r06_c01.png-f2ceb0a35a4d74cfed109cb2478e6438.ctex remapped: res://.godot/imported/spell_icon_r06_c01.png-f2ceb0a35a4d74cfed109cb2478e6438.ctex
Completed load for: 'res://asset/ui/character_hud/generated/spell_icon_r06_c01.png' remapped 'res://asset/ui/character_hud/generated/spell_icon_r06_c01.png' at thread -1
Loading resource: res://asset/ui/character_hud/generated/spell_icon_r05_c03.png remapped: res://asset/ui/character_hud/generated/spell_icon_r05_c03.png
Loading resource: res://.godot/imported/spell_icon_r05_c03.png-f83219a566a5f13536252d0ef953d52d.ctex remapped: res://.godot/imported/spell_icon_r05_c03.png-f83219a566a5f13536252d0ef953d52d.ctex
Completed load for: 'res://asset/ui/character_hud/generated/spell_icon_r05_c03.png' remapped 'res://asset/ui/character_hud/generated/spell_icon_r05_c03.png' at thread -1
Completed load for: 'res://data/ui/mage_hud_theme_refined.tres' remapped 'res://data/ui/mage_hud_theme_refined.tres' at thread -1
Loading resource: res://data/ui/guardian_hud_theme_refined.tres remapped: res://data/ui/guardian_hud_theme_refined.tres
Loading resource: res://asset/ui/character_hud/generated/spell_icon_r07_c00.png remapped: res://asset/ui/character_hud/generated/spell_icon_r07_c00.png
Loading resource: res://.godot/imported/spell_icon_r07_c00.png-57556b15acc9ce71c3e9e303b7641f2b.ctex remapped: res://.godot/imported/spell_icon_r07_c00.png-57556b15acc9ce71c3e9e303b7641f2b.ctex
Completed load for: 'res://asset/ui/character_hud/generated/spell_icon_r07_c00.png' remapped 'res://asset/ui/character_hud/generated/spell_icon_r07_c00.png' at thread -1
Loading resource: res://asset/personnage/alliés/500.png remapped: res://asset/personnage/alliés/500.png
Loading resource: res://.godot/imported/500.png-a7b74a000323778c57eb9cbe96837795.ctex remapped: res://.godot/imported/500.png-a7b74a000323778c57eb9cbe96837795.ctex
Completed load for: 'res://asset/personnage/alliés/500.png' remapped 'res://asset/personnage/alliés/500.png' at thread -1
Loading resource: res://asset/icone/icone spell.png_11.png remapped: res://asset/icone/icone spell.png_11.png
Loading resource: res://.godot/imported/icone spell.png_11.png-9d489c654ab8ab3161e47f06aa6d6a92.ctex remapped: res://.godot/imported/icone spell.png_11.png-9d489c654ab8ab3161e47f06aa6d6a92.ctex
WARNING: Image format RGB8 not supported by hardware, converting to RGBA8.
   at: _validate_texture_format (servers/rendering/renderer_rd/storage_rd/texture_storage.cpp:2855)
Completed load for: 'res://asset/icone/icone spell.png_11.png' remapped 'res://asset/icone/icone spell.png_11.png' at thread -1
Loading resource: res://asset/ui/character_hud/generated/spell_icon_r04_c04.png remapped: res://asset/ui/character_hud/generated/spell_icon_r04_c04.png
Loading resource: res://.godot/imported/spell_icon_r04_c04.png-f6edd0980d7e948e1ed8439a51708310.ctex remapped: res://.godot/imported/spell_icon_r04_c04.png-f6edd0980d7e948e1ed8439a51708310.ctex
Completed load for: 'res://asset/ui/character_hud/generated/spell_icon_r04_c04.png' remapped 'res://asset/ui/character_hud/generated/spell_icon_r04_c04.png' at thread -1
Loading resource: res://asset/ui/character_hud/generated/spell_icon_r03_c03.png remapped: res://asset/ui/character_hud/generated/spell_icon_r03_c03.png
Loading resource: res://.godot/imported/spell_icon_r03_c03.png-a0330a091e90502a71625fbff20220c1.ctex remapped: res://.godot/imported/spell_icon_r03_c03.png-a0330a091e90502a71625fbff20220c1.ctex
Completed load for: 'res://asset/ui/character_hud/generated/spell_icon_r03_c03.png' remapped 'res://asset/ui/character_hud/generated/spell_icon_r03_c03.png' at thread -1
Loading resource: res://asset/ui/character_hud/generated/spell_icon_r00_c05.png remapped: res://asset/ui/character_hud/generated/spell_icon_r00_c05.png
Loading resource: res://.godot/imported/spell_icon_r00_c05.png-2ad36b0435e12824014cfa3eec85e18b.ctex remapped: res://.godot/imported/spell_icon_r00_c05.png-2ad36b0435e12824014cfa3eec85e18b.ctex
Completed load for: 'res://asset/ui/character_hud/generated/spell_icon_r00_c05.png' remapped 'res://asset/ui/character_hud/generated/spell_icon_r00_c05.png' at thread -1
Loading resource: res://asset/ui/character_hud/generated/spell_icon_r08_c02.png remapped: res://asset/ui/character_hud/generated/spell_icon_r08_c02.png
Loading resource: res://.godot/imported/spell_icon_r08_c02.png-38e4cf0040cd0f3d87897950318d26fc.ctex remapped: res://.godot/imported/spell_icon_r08_c02.png-38e4cf0040cd0f3d87897950318d26fc.ctex
Completed load for: 'res://asset/ui/character_hud/generated/spell_icon_r08_c02.png' remapped 'res://asset/ui/character_hud/generated/spell_icon_r08_c02.png' at thread -1
Completed load for: 'res://data/ui/guardian_hud_theme_refined.tres' remapped 'res://data/ui/guardian_hud_theme_refined.tres' at thread -1
Loading resource: res://data/ui/warrior_hud_theme_refined.tres remapped: res://data/ui/warrior_hud_theme_refined.tres
Loading resource: res://asset/ui/character_hud/generated/spell_icon_r04_c02.png remapped: res://asset/ui/character_hud/generated/spell_icon_r04_c02.png
Loading resource: res://.godot/imported/spell_icon_r04_c02.png-fb93dc758145a72b8e0ffc73d07f7769.ctex remapped: res://.godot/imported/spell_icon_r04_c02.png-fb93dc758145a72b8e0ffc73d07f7769.ctex
Completed load for: 'res://asset/ui/character_hud/generated/spell_icon_r04_c02.png' remapped 'res://asset/ui/character_hud/generated/spell_icon_r04_c02.png' at thread -1
Loading resource: res://asset/personnage/alliés/495.png remapped: res://asset/personnage/alliés/495.png
Loading resource: res://.godot/imported/495.png-acb4a4d5463cbdef4feaf1fb33713d1d.ctex remapped: res://.godot/imported/495.png-acb4a4d5463cbdef4feaf1fb33713d1d.ctex
Completed load for: 'res://asset/personnage/alliés/495.png' remapped 'res://asset/personnage/alliés/495.png' at thread -1
Loading resource: res://asset/ui/character_hud/generated/spell_icon_r03_c02.png remapped: res://asset/ui/character_hud/generated/spell_icon_r03_c02.png
Loading resource: res://.godot/imported/spell_icon_r03_c02.png-ac39ddadbe5d9014e96d4fe19946c6ed.ctex remapped: res://.godot/imported/spell_icon_r03_c02.png-ac39ddadbe5d9014e96d4fe19946c6ed.ctex
Completed load for: 'res://asset/ui/character_hud/generated/spell_icon_r03_c02.png' remapped 'res://asset/ui/character_hud/generated/spell_icon_r03_c02.png' at thread -1
Loading resource: res://asset/ui/character_hud/generated/spell_icon_r09_c04.png remapped: res://asset/ui/character_hud/generated/spell_icon_r09_c04.png
Loading resource: res://.godot/imported/spell_icon_r09_c04.png-c6a1ab07f494d548b7901e1b7152b724.ctex remapped: res://.godot/imported/spell_icon_r09_c04.png-c6a1ab07f494d548b7901e1b7152b724.ctex
Completed load for: 'res://asset/ui/character_hud/generated/spell_icon_r09_c04.png' remapped 'res://asset/ui/character_hud/generated/spell_icon_r09_c04.png' at thread -1
Loading resource: res://asset/ui/character_hud/generated/spell_icon_r02_c05.png remapped: res://asset/ui/character_hud/generated/spell_icon_r02_c05.png
Loading resource: res://.godot/imported/spell_icon_r02_c05.png-94cc0ed88da35a7a2575688acf2a54be.ctex remapped: res://.godot/imported/spell_icon_r02_c05.png-94cc0ed88da35a7a2575688acf2a54be.ctex
Completed load for: 'res://asset/ui/character_hud/generated/spell_icon_r02_c05.png' remapped 'res://asset/ui/character_hud/generated/spell_icon_r02_c05.png' at thread -1
Loading resource: res://asset/ui/character_hud/generated/spell_icon_r03_c01.png remapped: res://asset/ui/character_hud/generated/spell_icon_r03_c01.png
Loading resource: res://.godot/imported/spell_icon_r03_c01.png-431bb972c6514be8b5622a05d57a23a6.ctex remapped: res://.godot/imported/spell_icon_r03_c01.png-431bb972c6514be8b5622a05d57a23a6.ctex
Completed load for: 'res://asset/ui/character_hud/generated/spell_icon_r03_c01.png' remapped 'res://asset/ui/character_hud/generated/spell_icon_r03_c01.png' at thread -1
Loading resource: res://asset/ui/character_hud/generated/spell_icon_r05_c04.png remapped: res://asset/ui/character_hud/generated/spell_icon_r05_c04.png
Loading resource: res://.godot/imported/spell_icon_r05_c04.png-7cf807372677866d762f12c919ba0f65.ctex remapped: res://.godot/imported/spell_icon_r05_c04.png-7cf807372677866d762f12c919ba0f65.ctex
Completed load for: 'res://asset/ui/character_hud/generated/spell_icon_r05_c04.png' remapped 'res://asset/ui/character_hud/generated/spell_icon_r05_c04.png' at thread -1
Loading resource: res://asset/ui/character_hud/generated/spell_icon_r02_c02.png remapped: res://asset/ui/character_hud/generated/spell_icon_r02_c02.png
Loading resource: res://.godot/imported/spell_icon_r02_c02.png-70429b6bb56dc757f82cc019feb9c358.ctex remapped: res://.godot/imported/spell_icon_r02_c02.png-70429b6bb56dc757f82cc019feb9c358.ctex
Completed load for: 'res://asset/ui/character_hud/generated/spell_icon_r02_c02.png' remapped 'res://asset/ui/character_hud/generated/spell_icon_r02_c02.png' at thread -1
Loading resource: res://asset/ui/character_hud/generated/spell_icon_r01_c05.png remapped: res://asset/ui/character_hud/generated/spell_icon_r01_c05.png
Loading resource: res://.godot/imported/spell_icon_r01_c05.png-f1345ed68b3f1809901602859b86870b.ctex remapped: res://.godot/imported/spell_icon_r01_c05.png-f1345ed68b3f1809901602859b86870b.ctex
Completed load for: 'res://asset/ui/character_hud/generated/spell_icon_r01_c05.png' remapped 'res://asset/ui/character_hud/generated/spell_icon_r01_c05.png' at thread -1
Completed load for: 'res://data/ui/warrior_hud_theme_refined.tres' remapped 'res://data/ui/warrior_hud_theme_refined.tres' at thread -1
Loading resource: res://data/ui/druid_hud_theme_refined.tres remapped: res://data/ui/druid_hud_theme_refined.tres
Loading resource: res://asset/ui/character_hud/generated/spell_icon_r01_c03.png remapped: res://asset/ui/character_hud/generated/spell_icon_r01_c03.png
Loading resource: res://.godot/imported/spell_icon_r01_c03.png-55c53d00acc48040fb666c0a5c3f780b.ctex remapped: res://.godot/imported/spell_icon_r01_c03.png-55c53d00acc48040fb666c0a5c3f780b.ctex
Completed load for: 'res://asset/ui/character_hud/generated/spell_icon_r01_c03.png' remapped 'res://asset/ui/character_hud/generated/spell_icon_r01_c03.png' at thread -1
Loading resource: res://asset/personnage/alliés/480.png remapped: res://asset/personnage/alliés/480.png
Loading resource: res://.godot/imported/480.png-9a70da0836eddd8330aef42f08bbbb3c.ctex remapped: res://.godot/imported/480.png-9a70da0836eddd8330aef42f08bbbb3c.ctex
Completed load for: 'res://asset/personnage/alliés/480.png' remapped 'res://asset/personnage/alliés/480.png' at thread -1
Loading resource: res://asset/ui/character_hud/generated/spell_icon_r02_c00.png remapped: res://asset/ui/character_hud/generated/spell_icon_r02_c00.png
Loading resource: res://.godot/imported/spell_icon_r02_c00.png-8d44f63266b1ec7cac08c6defe7d1699.ctex remapped: res://.godot/imported/spell_icon_r02_c00.png-8d44f63266b1ec7cac08c6defe7d1699.ctex
Completed load for: 'res://asset/ui/character_hud/generated/spell_icon_r02_c00.png' remapped 'res://asset/ui/character_hud/generated/spell_icon_r02_c00.png' at thread -1
Loading resource: res://asset/ui/character_hud/generated/spell_icon_r02_c04.png remapped: res://asset/ui/character_hud/generated/spell_icon_r02_c04.png
Loading resource: res://.godot/imported/spell_icon_r02_c04.png-a4b47b79a5e9a5a1a576ba2c3e87eed1.ctex remapped: res://.godot/imported/spell_icon_r02_c04.png-a4b47b79a5e9a5a1a576ba2c3e87eed1.ctex
Completed load for: 'res://asset/ui/character_hud/generated/spell_icon_r02_c04.png' remapped 'res://asset/ui/character_hud/generated/spell_icon_r02_c04.png' at thread -1
Loading resource: res://asset/ui/character_hud/generated/spell_icon_r07_c03.png remapped: res://asset/ui/character_hud/generated/spell_icon_r07_c03.png
Loading resource: res://.godot/imported/spell_icon_r07_c03.png-120f5fefb69bdc5b2fc766a2eec034ef.ctex remapped: res://.godot/imported/spell_icon_r07_c03.png-120f5fefb69bdc5b2fc766a2eec034ef.ctex
Completed load for: 'res://asset/ui/character_hud/generated/spell_icon_r07_c03.png' remapped 'res://asset/ui/character_hud/generated/spell_icon_r07_c03.png' at thread -1
Completed load for: 'res://data/ui/druid_hud_theme_refined.tres' remapped 'res://data/ui/druid_hud_theme_refined.tres' at thread -1
Loading resource: res://data/ui/assassin_hud_theme_refined.tres remapped: res://data/ui/assassin_hud_theme_refined.tres
Loading resource: res://asset/ui/character_hud/generated/spell_icon_r06_c00.png remapped: res://asset/ui/character_hud/generated/spell_icon_r06_c00.png
Loading resource: res://.godot/imported/spell_icon_r06_c00.png-6b25799e786ecabf3da031af264736a3.ctex remapped: res://.godot/imported/spell_icon_r06_c00.png-6b25799e786ecabf3da031af264736a3.ctex
Completed load for: 'res://asset/ui/character_hud/generated/spell_icon_r06_c00.png' remapped 'res://asset/ui/character_hud/generated/spell_icon_r06_c00.png' at thread -1
Loading resource: res://asset/personnage/alliés/493.png remapped: res://asset/personnage/alliés/493.png
Loading resource: res://.godot/imported/493.png-11c0b77266fb9ddc96301260025d01e2.ctex remapped: res://.godot/imported/493.png-11c0b77266fb9ddc96301260025d01e2.ctex
Completed load for: 'res://asset/personnage/alliés/493.png' remapped 'res://asset/personnage/alliés/493.png' at thread -1
Loading resource: res://asset/ui/character_hud/generated/spell_icon_r05_c05.png remapped: res://asset/ui/character_hud/generated/spell_icon_r05_c05.png
Loading resource: res://.godot/imported/spell_icon_r05_c05.png-52711dc3f8ccb1c43b7e1284ea4706c2.ctex remapped: res://.godot/imported/spell_icon_r05_c05.png-52711dc3f8ccb1c43b7e1284ea4706c2.ctex
Completed load for: 'res://asset/ui/character_hud/generated/spell_icon_r05_c05.png' remapped 'res://asset/ui/character_hud/generated/spell_icon_r05_c05.png' at thread -1
Completed load for: 'res://data/ui/assassin_hud_theme_refined.tres' remapped 'res://data/ui/assassin_hud_theme_refined.tres' at thread -1
Loading resource: res://data/ui/necromancer_hud_theme_refined.tres remapped: res://data/ui/necromancer_hud_theme_refined.tres
Loading resource: res://asset/ui/character_hud/generated/spell_icon_r05_c02.png remapped: res://asset/ui/character_hud/generated/spell_icon_r05_c02.png
Loading resource: res://.godot/imported/spell_icon_r05_c02.png-d646869031e38ef450eba984d9d2f10c.ctex remapped: res://.godot/imported/spell_icon_r05_c02.png-d646869031e38ef450eba984d9d2f10c.ctex
Completed load for: 'res://asset/ui/character_hud/generated/spell_icon_r05_c02.png' remapped 'res://asset/ui/character_hud/generated/spell_icon_r05_c02.png' at thread -1
Loading resource: res://asset/ui/character_hud/generated/spell_icon_r05_c00.png remapped: res://asset/ui/character_hud/generated/spell_icon_r05_c00.png
Loading resource: res://.godot/imported/spell_icon_r05_c00.png-71a3f98e47e37c6549e47d101db92361.ctex remapped: res://.godot/imported/spell_icon_r05_c00.png-71a3f98e47e37c6549e47d101db92361.ctex
Completed load for: 'res://asset/ui/character_hud/generated/spell_icon_r05_c00.png' remapped 'res://asset/ui/character_hud/generated/spell_icon_r05_c00.png' at thread -1
Loading resource: res://asset/ui/character_hud/generated/spell_icon_r06_c05.png remapped: res://asset/ui/character_hud/generated/spell_icon_r06_c05.png
Loading resource: res://.godot/imported/spell_icon_r06_c05.png-1340746aacdb254971c451d08e524f14.ctex remapped: res://.godot/imported/spell_icon_r06_c05.png-1340746aacdb254971c451d08e524f14.ctex
Completed load for: 'res://asset/ui/character_hud/generated/spell_icon_r06_c05.png' remapped 'res://asset/ui/character_hud/generated/spell_icon_r06_c05.png' at thread -1
Completed load for: 'res://data/ui/necromancer_hud_theme_refined.tres' remapped 'res://data/ui/necromancer_hud_theme_refined.tres' at thread -1
Loading resource: res://data/ui/hoplite_hud_theme_refined.tres remapped: res://data/ui/hoplite_hud_theme_refined.tres
Completed load for: 'res://data/ui/hoplite_hud_theme_refined.tres' remapped 'res://data/ui/hoplite_hud_theme_refined.tres' at thread -1
Completed load for: 'res://ui/run/persistent_run_ui.gd' remapped 'res://ui/run/persistent_run_ui.gd' at thread -1
Loading resource: res://ui/recraft_hud_v1/combat/combat_hud_recraft_v1.tscn remapped: res://ui/recraft_hud_v1/combat/combat_hud_recraft_v1.tscn
Loading resource: res://ui/recraft_hud_v1/combat/combat_hud_recraft_v1.gd remapped: res://ui/recraft_hud_v1/combat/combat_hud_recraft_v1.gd
Loading resource: res://ui/recraft_hud_v1/components/spell_slot/spell_slot_view.tscn remapped: res://ui/recraft_hud_v1/components/spell_slot/spell_slot_view.tscn
Loading resource: res://ui/recraft_hud_v1/components/spell_slot/spell_slot_view.gd remapped: res://ui/recraft_hud_v1/components/spell_slot/spell_slot_view.gd
Completed load for: 'res://ui/recraft_hud_v1/components/spell_slot/spell_slot_view.gd' remapped 'res://ui/recraft_hud_v1/components/spell_slot/spell_slot_view.gd' at thread -1
Loading resource: res://asset/ui/recraft_hud_v1/processed/spell_slot_base.png remapped: res://asset/ui/recraft_hud_v1/processed/spell_slot_base.png
Loading resource: res://.godot/imported/spell_slot_base.png-7af5c0a07ef92536bf0bf1de032b7af5.ctex remapped: res://.godot/imported/spell_slot_base.png-7af5c0a07ef92536bf0bf1de032b7af5.ctex
Completed load for: 'res://asset/ui/recraft_hud_v1/processed/spell_slot_base.png' remapped 'res://asset/ui/recraft_hud_v1/processed/spell_slot_base.png' at thread -1
Shader cache miss for CanvasShaderRD/1ac5f6c8d534ebab572b3f886e38134784245fbd5fa01c7cbb6cc452e5400080/45ab775ebcba024bd96079d0e22f30ec3c81355a
Completed load for: 'res://ui/recraft_hud_v1/components/spell_slot/spell_slot_view.tscn' remapped 'res://ui/recraft_hud_v1/components/spell_slot/spell_slot_view.tscn' at thread -1
Loading resource: res://data/ui/elf_hud_theme.tres remapped: res://data/ui/elf_hud_theme.tres
Loading resource: res://asset/ui/character_hud/generated/elf_character_bar.png remapped: res://asset/ui/character_hud/generated/elf_character_bar.png
Loading resource: res://.godot/imported/elf_character_bar.png-d6e7c67357316d2a18756cf07400c944.ctex remapped: res://.godot/imported/elf_character_bar.png-d6e7c67357316d2a18756cf07400c944.ctex
Completed load for: 'res://asset/ui/character_hud/generated/elf_character_bar.png' remapped 'res://asset/ui/character_hud/generated/elf_character_bar.png' at thread -1
Loading resource: res://asset/ui/character_hud/generated/elf_hunter_emblem.png remapped: res://asset/ui/character_hud/generated/elf_hunter_emblem.png
Loading resource: res://.godot/imported/elf_hunter_emblem.png-6cb293839a138a26c213363ccc0d8a8e.ctex remapped: res://.godot/imported/elf_hunter_emblem.png-6cb293839a138a26c213363ccc0d8a8e.ctex
Completed load for: 'res://asset/ui/character_hud/generated/elf_hunter_emblem.png' remapped 'res://asset/ui/character_hud/generated/elf_hunter_emblem.png' at thread -1
Loading resource: res://asset/ui/character_hud/generated/spell_icon_r09_c01.png remapped: res://asset/ui/character_hud/generated/spell_icon_r09_c01.png
Loading resource: res://.godot/imported/spell_icon_r09_c01.png-70f8cc3400dd96807440f533208c72eb.ctex remapped: res://.godot/imported/spell_icon_r09_c01.png-70f8cc3400dd96807440f533208c72eb.ctex
Completed load for: 'res://asset/ui/character_hud/generated/spell_icon_r09_c01.png' remapped 'res://asset/ui/character_hud/generated/spell_icon_r09_c01.png' at thread -1
Loading resource: res://asset/ui/character_hud/generated/spell_icon_r02_c03.png remapped: res://asset/ui/character_hud/generated/spell_icon_r02_c03.png
Loading resource: res://.godot/imported/spell_icon_r02_c03.png-f3a24486da76d4e4881436b14173e7ed.ctex remapped: res://.godot/imported/spell_icon_r02_c03.png-f3a24486da76d4e4881436b14173e7ed.ctex
Completed load for: 'res://asset/ui/character_hud/generated/spell_icon_r02_c03.png' remapped 'res://asset/ui/character_hud/generated/spell_icon_r02_c03.png' at thread -1
Loading resource: res://asset/ui/character_hud/generated/spell_icon_r01_c04.png remapped: res://asset/ui/character_hud/generated/spell_icon_r01_c04.png
Loading resource: res://.godot/imported/spell_icon_r01_c04.png-14ab16d4d739152abfab2f11118c0d22.ctex remapped: res://.godot/imported/spell_icon_r01_c04.png-14ab16d4d739152abfab2f11118c0d22.ctex
Completed load for: 'res://asset/ui/character_hud/generated/spell_icon_r01_c04.png' remapped 'res://asset/ui/character_hud/generated/spell_icon_r01_c04.png' at thread -1
Loading resource: res://asset/ui/character_hud/generated/v2/spell_frame_archer.png remapped: res://asset/ui/character_hud/generated/v2/spell_frame_archer.png
Loading resource: res://.godot/imported/spell_frame_archer.png-d69b56d3c438fa186cf04e789299c629.ctex remapped: res://.godot/imported/spell_frame_archer.png-d69b56d3c438fa186cf04e789299c629.ctex
Completed load for: 'res://asset/ui/character_hud/generated/v2/spell_frame_archer.png' remapped 'res://asset/ui/character_hud/generated/v2/spell_frame_archer.png' at thread -1
Loading resource: res://asset/ui/character_hud/generated/v2/spell_frame_assassin.png remapped: res://asset/ui/character_hud/generated/v2/spell_frame_assassin.png
Loading resource: res://.godot/imported/spell_frame_assassin.png-ae44b34b1356f86d3b71a77942c7d78b.ctex remapped: res://.godot/imported/spell_frame_assassin.png-ae44b34b1356f86d3b71a77942c7d78b.ctex
Completed load for: 'res://asset/ui/character_hud/generated/v2/spell_frame_assassin.png' remapped 'res://asset/ui/character_hud/generated/v2/spell_frame_assassin.png' at thread -1
Loading resource: res://asset/ui/character_hud/generated/v2/spell_frame_mage.png remapped: res://asset/ui/character_hud/generated/v2/spell_frame_mage.png
Loading resource: res://.godot/imported/spell_frame_mage.png-cd158d080c033b53e68f9ad39b883408.ctex remapped: res://.godot/imported/spell_frame_mage.png-cd158d080c033b53e68f9ad39b883408.ctex
Completed load for: 'res://asset/ui/character_hud/generated/v2/spell_frame_mage.png' remapped 'res://asset/ui/character_hud/generated/v2/spell_frame_mage.png' at thread -1
Loading resource: res://asset/ui/character_hud/generated/v2/spell_frame_healer.png remapped: res://asset/ui/character_hud/generated/v2/spell_frame_healer.png
Loading resource: res://.godot/imported/spell_frame_healer.png-ad5063b001ebbf9020dd338d3d35e8c7.ctex remapped: res://.godot/imported/spell_frame_healer.png-ad5063b001ebbf9020dd338d3d35e8c7.ctex
Completed load for: 'res://asset/ui/character_hud/generated/v2/spell_frame_healer.png' remapped 'res://asset/ui/character_hud/generated/v2/spell_frame_healer.png' at thread -1
Loading resource: res://asset/ui/character_hud/generated/v2/gold_health_bar_frame.png remapped: res://asset/ui/character_hud/generated/v2/gold_health_bar_frame.png
Loading resource: res://.godot/imported/gold_health_bar_frame.png-c2dcf69d567d1789c0f5e321886d4793.ctex remapped: res://.godot/imported/gold_health_bar_frame.png-c2dcf69d567d1789c0f5e321886d4793.ctex
Completed load for: 'res://asset/ui/character_hud/generated/v2/gold_health_bar_frame.png' remapped 'res://asset/ui/character_hud/generated/v2/gold_health_bar_frame.png' at thread -1
Loading resource: res://asset/ui/character_hud/generated/v2/gold_end_turn_button.png remapped: res://asset/ui/character_hud/generated/v2/gold_end_turn_button.png
Loading resource: res://.godot/imported/gold_end_turn_button.png-b82d5203649a23b6429650e5f8f69cfd.ctex remapped: res://.godot/imported/gold_end_turn_button.png-b82d5203649a23b6429650e5f8f69cfd.ctex
Completed load for: 'res://asset/ui/character_hud/generated/v2/gold_end_turn_button.png' remapped 'res://asset/ui/character_hud/generated/v2/gold_end_turn_button.png' at thread -1
Completed load for: 'res://data/ui/elf_hud_theme.tres' remapped 'res://data/ui/elf_hud_theme.tres' at thread -1
Loading resource: res://data/ui/elf_hud_theme_clean.tres remapped: res://data/ui/elf_hud_theme_clean.tres
Loading resource: res://asset/ui/recraft_hud_v1/processed/portrait_frame.png remapped: res://asset/ui/recraft_hud_v1/processed/portrait_frame.png
Loading resource: res://.godot/imported/portrait_frame.png-275ed7ad7454553aa1be0a15fa83d3e4.ctex remapped: res://.godot/imported/portrait_frame.png-275ed7ad7454553aa1be0a15fa83d3e4.ctex
Completed load for: 'res://asset/ui/recraft_hud_v1/processed/portrait_frame.png' remapped 'res://asset/ui/recraft_hud_v1/processed/portrait_frame.png' at thread -1
Completed load for: 'res://data/ui/elf_hud_theme_clean.tres' remapped 'res://data/ui/elf_hud_theme_clean.tres' at thread -1
Loading resource: res://data/ui/combat_hud_layout_clean.tres remapped: res://data/ui/combat_hud_layout_clean.tres
Loading resource: res://ui/combat/combat_hud_layout_data.gd remapped: res://ui/combat/combat_hud_layout_data.gd
Completed load for: 'res://ui/combat/combat_hud_layout_data.gd' remapped 'res://ui/combat/combat_hud_layout_data.gd' at thread -1
Completed load for: 'res://data/ui/combat_hud_layout_clean.tres' remapped 'res://data/ui/combat_hud_layout_clean.tres' at thread -1
Completed load for: 'res://ui/recraft_hud_v1/combat/combat_hud_recraft_v1.gd' remapped 'res://ui/recraft_hud_v1/combat/combat_hud_recraft_v1.gd' at thread -1
Loading resource: res://ui/recraft_hud_v1/theme/recraft_hud_theme_v1.tres remapped: res://ui/recraft_hud_v1/theme/recraft_hud_theme_v1.tres
Completed load for: 'res://ui/recraft_hud_v1/theme/recraft_hud_theme_v1.tres' remapped 'res://ui/recraft_hud_v1/theme/recraft_hud_theme_v1.tres' at thread -1
Loading resource: res://ui/recraft_hud_v1/components/portrait/portrait_view.tscn remapped: res://ui/recraft_hud_v1/components/portrait/portrait_view.tscn
Loading resource: res://ui/characters/CharacterPreview3D.tscn remapped: res://ui/characters/CharacterPreview3D.tscn
Completed load for: 'res://ui/characters/CharacterPreview3D.tscn' remapped 'res://ui/characters/CharacterPreview3D.tscn' at thread -1
Completed load for: 'res://ui/recraft_hud_v1/components/portrait/portrait_view.tscn' remapped 'res://ui/recraft_hud_v1/components/portrait/portrait_view.tscn' at thread -1
Loading resource: res://ui/recraft_hud_v1/components/resource_bar/resource_bar_view.tscn remapped: res://ui/recraft_hud_v1/components/resource_bar/resource_bar_view.tscn
Loading resource: res://ui/recraft_hud_v1/components/resource_bar/resource_bar_view.gd remapped: res://ui/recraft_hud_v1/components/resource_bar/resource_bar_view.gd
Completed load for: 'res://ui/recraft_hud_v1/components/resource_bar/resource_bar_view.gd' remapped 'res://ui/recraft_hud_v1/components/resource_bar/resource_bar_view.gd' at thread -1
Loading resource: res://asset/ui/recraft_hud_v1/processed/resource_bar_frame.png remapped: res://asset/ui/recraft_hud_v1/processed/resource_bar_frame.png
Loading resource: res://.godot/imported/resource_bar_frame.png-6b9c04900579e0906008c18c5a944f5c.ctex remapped: res://.godot/imported/resource_bar_frame.png-6b9c04900579e0906008c18c5a944f5c.ctex
Completed load for: 'res://asset/ui/recraft_hud_v1/processed/resource_bar_frame.png' remapped 'res://asset/ui/recraft_hud_v1/processed/resource_bar_frame.png' at thread -1
Completed load for: 'res://ui/recraft_hud_v1/components/resource_bar/resource_bar_view.tscn' remapped 'res://ui/recraft_hud_v1/components/resource_bar/resource_bar_view.tscn' at thread -1
Loading resource: res://ui/recraft_hud_v1/components/resource_badge/resource_badge_view.tscn remapped: res://ui/recraft_hud_v1/components/resource_badge/resource_badge_view.tscn
Loading resource: res://ui/recraft_hud_v1/components/resource_badge/resource_badge_view.gd remapped: res://ui/recraft_hud_v1/components/resource_badge/resource_badge_view.gd
Completed load for: 'res://ui/recraft_hud_v1/components/resource_badge/resource_badge_view.gd' remapped 'res://ui/recraft_hud_v1/components/resource_badge/resource_badge_view.gd' at thread -1
Loading resource: res://asset/ui/recraft_hud_v1/processed/resource_badge_base.png remapped: res://asset/ui/recraft_hud_v1/processed/resource_badge_base.png
Loading resource: res://.godot/imported/resource_badge_base.png-d21fdcca5b9cb49eb69077e10e3ea4ed.ctex remapped: res://.godot/imported/resource_badge_base.png-d21fdcca5b9cb49eb69077e10e3ea4ed.ctex
Completed load for: 'res://asset/ui/recraft_hud_v1/processed/resource_badge_base.png' remapped 'res://asset/ui/recraft_hud_v1/processed/resource_badge_base.png' at thread -1
Completed load for: 'res://ui/recraft_hud_v1/components/resource_badge/resource_badge_view.tscn' remapped 'res://ui/recraft_hud_v1/components/resource_badge/resource_badge_view.tscn' at thread -1
Loading resource: res://ui/recraft_hud_v1/components/primary_button/primary_button_view.tscn remapped: res://ui/recraft_hud_v1/components/primary_button/primary_button_view.tscn
Loading resource: res://ui/recraft_hud_v1/components/primary_button/primary_button_view.gd remapped: res://ui/recraft_hud_v1/components/primary_button/primary_button_view.gd
Completed load for: 'res://ui/recraft_hud_v1/components/primary_button/primary_button_view.gd' remapped 'res://ui/recraft_hud_v1/components/primary_button/primary_button_view.gd' at thread -1
Loading resource: res://asset/ui/recraft_hud_v1/processed/primary_button_base.png remapped: res://asset/ui/recraft_hud_v1/processed/primary_button_base.png
Loading resource: res://.godot/imported/primary_button_base.png-7b3aada445d9703b1abedf79dcb7f566.ctex remapped: res://.godot/imported/primary_button_base.png-7b3aada445d9703b1abedf79dcb7f566.ctex
Completed load for: 'res://asset/ui/recraft_hud_v1/processed/primary_button_base.png' remapped 'res://asset/ui/recraft_hud_v1/processed/primary_button_base.png' at thread -1
Completed load for: 'res://ui/recraft_hud_v1/components/primary_button/primary_button_view.tscn' remapped 'res://ui/recraft_hud_v1/components/primary_button/primary_button_view.tscn' at thread -1
Loading resource: res://asset/ui/recraft_hud_v1/processed/spellbar_panel.png remapped: res://asset/ui/recraft_hud_v1/processed/spellbar_panel.png
Loading resource: res://.godot/imported/spellbar_panel.png-6996d17d747d50de07f906efb177e74e.ctex remapped: res://.godot/imported/spellbar_panel.png-6996d17d747d50de07f906efb177e74e.ctex
Completed load for: 'res://asset/ui/recraft_hud_v1/processed/spellbar_panel.png' remapped 'res://asset/ui/recraft_hud_v1/processed/spellbar_panel.png' at thread -1
Loading resource: res://ui/recraft_hud_v1/combat/layout_debug_overlay.gd remapped: res://ui/recraft_hud_v1/combat/layout_debug_overlay.gd
Completed load for: 'res://ui/recraft_hud_v1/combat/layout_debug_overlay.gd' remapped 'res://ui/recraft_hud_v1/combat/layout_debug_overlay.gd' at thread -1
Loading resource: res://ui/combat/turn_intro_banner.tscn remapped: res://ui/combat/turn_intro_banner.tscn
Completed load for: 'res://ui/combat/turn_intro_banner.tscn' remapped 'res://ui/combat/turn_intro_banner.tscn' at thread -1
Completed load for: 'res://ui/recraft_hud_v1/combat/combat_hud_recraft_v1.tscn' remapped 'res://ui/recraft_hud_v1/combat/combat_hud_recraft_v1.tscn' at thread -1
Loading resource: res://ui/progression/components/skill_tree_status_button.tscn remapped: res://ui/progression/components/skill_tree_status_button.tscn
Loading resource: res://ui/progression/components/skill_tree_tooltip_panel.tscn remapped: res://ui/progression/components/skill_tree_tooltip_panel.tscn
Loading resource: res://ui/progression/skin/dungeon_draft_skill_tree_skin.tres remapped: res://ui/progression/skin/dungeon_draft_skill_tree_skin.tres
Loading resource: res://data/ui/skill_tree_refined_config.tres remapped: res://data/ui/skill_tree_refined_config.tres
Loading resource: res://asset/ui/dungeon_draft/arbre_compétences/generated/lock_refined.png remapped: res://asset/ui/dungeon_draft/arbre_compétences/generated/lock_refined.png
Loading resource: res://.godot/imported/lock_refined.png-dbe3c3f8fd6fccdd66276ade19a76f33.ctex remapped: res://.godot/imported/lock_refined.png-dbe3c3f8fd6fccdd66276ade19a76f33.ctex
Completed load for: 'res://asset/ui/dungeon_draft/arbre_compétences/generated/lock_refined.png' remapped 'res://asset/ui/dungeon_draft/arbre_compétences/generated/lock_refined.png' at thread -1
Completed load for: 'res://data/ui/skill_tree_refined_config.tres' remapped 'res://data/ui/skill_tree_refined_config.tres' at thread -1
Loading resource: res://data/ui/skill_tree_icon_catalog_refined.tres remapped: res://data/ui/skill_tree_icon_catalog_refined.tres
Loading resource: res://asset/ui/dungeon_draft/arbre_compétences/generated/icons/upgrade.svg remapped: res://asset/ui/dungeon_draft/arbre_compétences/generated/icons/upgrade.svg
Loading resource: res://.godot/imported/upgrade.svg-e6d579b002587fea4f6b12654ad3ba8a.ctex remapped: res://.godot/imported/upgrade.svg-e6d579b002587fea4f6b12654ad3ba8a.ctex
Completed load for: 'res://asset/ui/dungeon_draft/arbre_compétences/generated/icons/upgrade.svg' remapped 'res://asset/ui/dungeon_draft/arbre_compétences/generated/icons/upgrade.svg' at thread -1
Loading resource: res://asset/ui/dungeon_draft/arbre_compétences/generated/icons/hidden.svg remapped: res://asset/ui/dungeon_draft/arbre_compétences/generated/icons/hidden.svg
Loading resource: res://.godot/imported/hidden.svg-95a6ec26f8ccd8a24307b1b7ae1c64bf.ctex remapped: res://.godot/imported/hidden.svg-95a6ec26f8ccd8a24307b1b7ae1c64bf.ctex
Completed load for: 'res://asset/ui/dungeon_draft/arbre_compétences/generated/icons/hidden.svg' remapped 'res://asset/ui/dungeon_draft/arbre_compétences/generated/icons/hidden.svg' at thread -1
Loading resource: res://asset/ui/dungeon_draft/arbre_compétences/generated/icons/damage.svg remapped: res://asset/ui/dungeon_draft/arbre_compétences/generated/icons/damage.svg
Loading resource: res://.godot/imported/damage.svg-81e16fd87e18f7b6d0062545ea196e8d.ctex remapped: res://.godot/imported/damage.svg-81e16fd87e18f7b6d0062545ea196e8d.ctex
Completed load for: 'res://asset/ui/dungeon_draft/arbre_compétences/generated/icons/damage.svg' remapped 'res://asset/ui/dungeon_draft/arbre_compétences/generated/icons/damage.svg' at thread -1
Loading resource: res://asset/ui/dungeon_draft/arbre_compétences/generated/icons/range.svg remapped: res://asset/ui/dungeon_draft/arbre_compétences/generated/icons/range.svg
Loading resource: res://.godot/imported/range.svg-edee5d46762c473162324e5601be4c95.ctex remapped: res://.godot/imported/range.svg-edee5d46762c473162324e5601be4c95.ctex
Completed load for: 'res://asset/ui/dungeon_draft/arbre_compétences/generated/icons/range.svg' remapped 'res://asset/ui/dungeon_draft/arbre_compétences/generated/icons/range.svg' at thread -1
Loading resource: res://asset/ui/dungeon_draft/arbre_compétences/generated/icons/push.svg remapped: res://asset/ui/dungeon_draft/arbre_compétences/generated/icons/push.svg
Loading resource: res://.godot/imported/push.svg-7e56f742c013aa3d7671adae148e8967.ctex remapped: res://.godot/imported/push.svg-7e56f742c013aa3d7671adae148e8967.ctex
Completed load for: 'res://asset/ui/dungeon_draft/arbre_compétences/generated/icons/push.svg' remapped 'res://asset/ui/dungeon_draft/arbre_compétences/generated/icons/push.svg' at thread -1
Loading resource: res://asset/ui/dungeon_draft/arbre_compétences/generated/icons/movement.svg remapped: res://asset/ui/dungeon_draft/arbre_compétences/generated/icons/movement.svg
Loading resource: res://.godot/imported/movement.svg-33afa9d21ea276122edde7f40b48a650.ctex remapped: res://.godot/imported/movement.svg-33afa9d21ea276122edde7f40b48a650.ctex
Completed load for: 'res://asset/ui/dungeon_draft/arbre_compétences/generated/icons/movement.svg' remapped 'res://asset/ui/dungeon_draft/arbre_compétences/generated/icons/movement.svg' at thread -1
Loading resource: res://asset/ui/dungeon_draft/arbre_compétences/generated/icons/bleed.svg remapped: res://asset/ui/dungeon_draft/arbre_compétences/generated/icons/bleed.svg
Loading resource: res://.godot/imported/bleed.svg-2bb37c88d682e77ac743a133c0351e8e.ctex remapped: res://.godot/imported/bleed.svg-2bb37c88d682e77ac743a133c0351e8e.ctex
Completed load for: 'res://asset/ui/dungeon_draft/arbre_compétences/generated/icons/bleed.svg' remapped 'res://asset/ui/dungeon_draft/arbre_compétences/generated/icons/bleed.svg' at thread -1
Loading resource: res://asset/ui/dungeon_draft/arbre_compétences/generated/icons/vulnerability.svg remapped: res://asset/ui/dungeon_draft/arbre_compétences/generated/icons/vulnerability.svg
Loading resource: res://.godot/imported/vulnerability.svg-45a981ca2bad35b059f415b76a8ccd5b.ctex remapped: res://.godot/imported/vulnerability.svg-45a981ca2bad35b059f415b76a8ccd5b.ctex
Completed load for: 'res://asset/ui/dungeon_draft/arbre_compétences/generated/icons/vulnerability.svg' remapped 'res://asset/ui/dungeon_draft/arbre_compétences/generated/icons/vulnerability.svg' at thread -1
Loading resource: res://asset/ui/dungeon_draft/arbre_compétences/generated/icons/collision.svg remapped: res://asset/ui/dungeon_draft/arbre_compétences/generated/icons/collision.svg
Loading resource: res://.godot/imported/collision.svg-cfeac4963bd1bcc1c0e5da1275651f86.ctex remapped: res://.godot/imported/collision.svg-cfeac4963bd1bcc1c0e5da1275651f86.ctex
Completed load for: 'res://asset/ui/dungeon_draft/arbre_compétences/generated/icons/collision.svg' remapped 'res://asset/ui/dungeon_draft/arbre_compétences/generated/icons/collision.svg' at thread -1
Loading resource: res://asset/ui/dungeon_draft/arbre_compétences/generated/icons/duration.svg remapped: res://asset/ui/dungeon_draft/arbre_compétences/generated/icons/duration.svg
Loading resource: res://.godot/imported/duration.svg-bd4735916d50f70f6ea3c63613b47d6e.ctex remapped: res://.godot/imported/duration.svg-bd4735916d50f70f6ea3c63613b47d6e.ctex
Completed load for: 'res://asset/ui/dungeon_draft/arbre_compétences/generated/icons/duration.svg' remapped 'res://asset/ui/dungeon_draft/arbre_compétences/generated/icons/duration.svg' at thread -1
Loading resource: res://asset/ui/dungeon_draft/arbre_compétences/generated/icons/pierce.svg remapped: res://asset/ui/dungeon_draft/arbre_compétences/generated/icons/pierce.svg
Loading resource: res://.godot/imported/pierce.svg-7e7339f71292c1df91bef5f7b67c2b02.ctex remapped: res://.godot/imported/pierce.svg-7e7339f71292c1df91bef5f7b67c2b02.ctex
Completed load for: 'res://asset/ui/dungeon_draft/arbre_compétences/generated/icons/pierce.svg' remapped 'res://asset/ui/dungeon_draft/arbre_compétences/generated/icons/pierce.svg' at thread -1
Loading resource: res://asset/ui/dungeon_draft/arbre_compétences/generated/icons/terrain.svg remapped: res://asset/ui/dungeon_draft/arbre_compétences/generated/icons/terrain.svg
Loading resource: res://.godot/imported/terrain.svg-507d7af43c750a821386642d1fdd4e37.ctex remapped: res://.godot/imported/terrain.svg-507d7af43c750a821386642d1fdd4e37.ctex
Completed load for: 'res://asset/ui/dungeon_draft/arbre_compétences/generated/icons/terrain.svg' remapped 'res://asset/ui/dungeon_draft/arbre_compétences/generated/icons/terrain.svg' at thread -1
Loading resource: res://asset/ui/dungeon_draft/arbre_compétences/generated/icons/heal.svg remapped: res://asset/ui/dungeon_draft/arbre_compétences/generated/icons/heal.svg
Loading resource: res://.godot/imported/heal.svg-8852c0d5dab1b6c8565b2bbf5a81cb8b.ctex remapped: res://.godot/imported/heal.svg-8852c0d5dab1b6c8565b2bbf5a81cb8b.ctex
Completed load for: 'res://asset/ui/dungeon_draft/arbre_compétences/generated/icons/heal.svg' remapped 'res://asset/ui/dungeon_draft/arbre_compétences/generated/icons/heal.svg' at thread -1
Loading resource: res://asset/ui/dungeon_draft/arbre_compétences/generated/icons/defense.svg remapped: res://asset/ui/dungeon_draft/arbre_compétences/generated/icons/defense.svg
Loading resource: res://.godot/imported/defense.svg-069dd7116d9595dd8300510c5ec95bf1.ctex remapped: res://.godot/imported/defense.svg-069dd7116d9595dd8300510c5ec95bf1.ctex
Completed load for: 'res://asset/ui/dungeon_draft/arbre_compétences/generated/icons/defense.svg' remapped 'res://asset/ui/dungeon_draft/arbre_compétences/generated/icons/defense.svg' at thread -1
Loading resource: res://asset/ui/dungeon_draft/arbre_compétences/generated/icons/state_check.svg remapped: res://asset/ui/dungeon_draft/arbre_compétences/generated/icons/state_check.svg
Loading resource: res://.godot/imported/state_check.svg-0ca856d722b0cf1a68254cbd035f72db.ctex remapped: res://.godot/imported/state_check.svg-0ca856d722b0cf1a68254cbd035f72db.ctex
Completed load for: 'res://asset/ui/dungeon_draft/arbre_compétences/generated/icons/state_check.svg' remapped 'res://asset/ui/dungeon_draft/arbre_compétences/generated/icons/state_check.svg' at thread -1
Loading resource: res://asset/ui/dungeon_draft/arbre_compétences/generated/icons/state_excluded.svg remapped: res://asset/ui/dungeon_draft/arbre_compétences/generated/icons/state_excluded.svg
Loading resource: res://.godot/imported/state_excluded.svg-60258fffe256cf148ed6b0d93db27eeb.ctex remapped: res://.godot/imported/state_excluded.svg-60258fffe256cf148ed6b0d93db27eeb.ctex
Completed load for: 'res://asset/ui/dungeon_draft/arbre_compétences/generated/icons/state_excluded.svg' remapped 'res://asset/ui/dungeon_draft/arbre_compétences/generated/icons/state_excluded.svg' at thread -1
Loading resource: res://asset/ui/dungeon_draft/arbre_compétences/generated/icons/state_pending.svg remapped: res://asset/ui/dungeon_draft/arbre_compétences/generated/icons/state_pending.svg
Loading resource: res://.godot/imported/state_pending.svg-9f3e7ec8df607cfde32fc70752ae64a4.ctex remapped: res://.godot/imported/state_pending.svg-9f3e7ec8df607cfde32fc70752ae64a4.ctex
Completed load for: 'res://asset/ui/dungeon_draft/arbre_compétences/generated/icons/state_pending.svg' remapped 'res://asset/ui/dungeon_draft/arbre_compétences/generated/icons/state_pending.svg' at thread -1
Loading resource: res://asset/ui/dungeon_draft/arbre_compétences/generated/icons/poison.svg remapped: res://asset/ui/dungeon_draft/arbre_compétences/generated/icons/poison.svg
Loading resource: res://.godot/imported/poison.svg-3b5754011a77217fa357aaef5ee5937d.ctex remapped: res://.godot/imported/poison.svg-3b5754011a77217fa357aaef5ee5937d.ctex
Completed load for: 'res://asset/ui/dungeon_draft/arbre_compétences/generated/icons/poison.svg' remapped 'res://asset/ui/dungeon_draft/arbre_compétences/generated/icons/poison.svg' at thread -1
Completed load for: 'res://data/ui/skill_tree_icon_catalog_refined.tres' remapped 'res://data/ui/skill_tree_icon_catalog_refined.tres' at thread -1
Completed load for: 'res://ui/progression/skin/dungeon_draft_skill_tree_skin.tres' remapped 'res://ui/progression/skin/dungeon_draft_skill_tree_skin.tres' at thread -1
Completed load for: 'res://ui/progression/components/skill_tree_tooltip_panel.tscn' remapped 'res://ui/progression/components/skill_tree_tooltip_panel.tscn' at thread -1
Completed load for: 'res://ui/progression/components/skill_tree_status_button.tscn' remapped 'res://ui/progression/components/skill_tree_status_button.tscn' at thread -1
Loading resource: res://ui/progression/screens/skill_tree_screen.tscn remapped: res://ui/progression/screens/skill_tree_screen.tscn
Loading resource: res://ui/progression/components/skill_tree_graph_view.tscn remapped: res://ui/progression/components/skill_tree_graph_view.tscn
Loading resource: res://ui/progression/skin/elf_archer_visual_map.tres remapped: res://ui/progression/skin/elf_archer_visual_map.tres
Completed load for: 'res://ui/progression/skin/elf_archer_visual_map.tres' remapped 'res://ui/progression/skin/elf_archer_visual_map.tres' at thread -1
Completed load for: 'res://ui/progression/components/skill_tree_graph_view.tscn' remapped 'res://ui/progression/components/skill_tree_graph_view.tscn' at thread -1
Loading resource: res://ui/progression/components/skill_tree_node_detail_panel.tscn remapped: res://ui/progression/components/skill_tree_node_detail_panel.tscn
Completed load for: 'res://ui/progression/components/skill_tree_node_detail_panel.tscn' remapped 'res://ui/progression/components/skill_tree_node_detail_panel.tscn' at thread -1
Completed load for: 'res://ui/progression/screens/skill_tree_screen.tscn' remapped 'res://ui/progression/screens/skill_tree_screen.tscn' at thread -1
Loading resource: res://ui/menus/dark_pause_menu.tscn remapped: res://ui/menus/dark_pause_menu.tscn
Loading resource: res://ui/themes/dark_pause_menu_theme.tres remapped: res://ui/themes/dark_pause_menu_theme.tres
Loading resource: res://asset/ui/dark_menu/generated/button_normal.png remapped: res://asset/ui/dark_menu/generated/button_normal.png
Loading resource: res://.godot/imported/button_normal.png-4bb5fa7e4095485eefaa689c3d19c500.ctex remapped: res://.godot/imported/button_normal.png-4bb5fa7e4095485eefaa689c3d19c500.ctex
Completed load for: 'res://asset/ui/dark_menu/generated/button_normal.png' remapped 'res://asset/ui/dark_menu/generated/button_normal.png' at thread -1
Loading resource: res://asset/ui/dark_menu/generated/button_hover.png remapped: res://asset/ui/dark_menu/generated/button_hover.png
Loading resource: res://.godot/imported/button_hover.png-8a337b237d0ef81004ac2c6b12c31865.ctex remapped: res://.godot/imported/button_hover.png-8a337b237d0ef81004ac2c6b12c31865.ctex
Completed load for: 'res://asset/ui/dark_menu/generated/button_hover.png' remapped 'res://asset/ui/dark_menu/generated/button_hover.png' at thread -1
Loading resource: res://asset/ui/dark_menu/generated/button_pressed.png remapped: res://asset/ui/dark_menu/generated/button_pressed.png
Loading resource: res://.godot/imported/button_pressed.png-e16840e1248e3ce4bf5e6571a90a0477.ctex remapped: res://.godot/imported/button_pressed.png-e16840e1248e3ce4bf5e6571a90a0477.ctex
Completed load for: 'res://asset/ui/dark_menu/generated/button_pressed.png' remapped 'res://asset/ui/dark_menu/generated/button_pressed.png' at thread -1
Completed load for: 'res://ui/themes/dark_pause_menu_theme.tres' remapped 'res://ui/themes/dark_pause_menu_theme.tres' at thread -1
Loading resource: res://asset/ui/dark_menu/generated/main_frame.png remapped: res://asset/ui/dark_menu/generated/main_frame.png
Loading resource: res://.godot/imported/main_frame.png-8a86c42d3d8e3b1d99f115d68c6d5f4c.ctex remapped: res://.godot/imported/main_frame.png-8a86c42d3d8e3b1d99f115d68c6d5f4c.ctex
Completed load for: 'res://asset/ui/dark_menu/generated/main_frame.png' remapped 'res://asset/ui/dark_menu/generated/main_frame.png' at thread -1
Loading resource: res://asset/ui/dark_menu/generated/title_header.png remapped: res://asset/ui/dark_menu/generated/title_header.png
Loading resource: res://.godot/imported/title_header.png-38519adc17b2661a49ac08a5729b35e3.ctex remapped: res://.godot/imported/title_header.png-38519adc17b2661a49ac08a5729b35e3.ctex
Completed load for: 'res://asset/ui/dark_menu/generated/title_header.png' remapped 'res://asset/ui/dark_menu/generated/title_header.png' at thread -1
Loading resource: res://asset/ui/dark_menu/generated/close_button.png remapped: res://asset/ui/dark_menu/generated/close_button.png
Loading resource: res://.godot/imported/close_button.png-a8d749bc78e98b3fd89e0ebf51b7f3bb.ctex remapped: res://.godot/imported/close_button.png-a8d749bc78e98b3fd89e0ebf51b7f3bb.ctex
Completed load for: 'res://asset/ui/dark_menu/generated/close_button.png' remapped 'res://asset/ui/dark_menu/generated/close_button.png' at thread -1
Loading resource: res://asset/ui/dark_menu/generated/bottom_section.png remapped: res://asset/ui/dark_menu/generated/bottom_section.png
Loading resource: res://.godot/imported/bottom_section.png-58cc2cd32cdc99b7a0177a8646f93cc3.ctex remapped: res://.godot/imported/bottom_section.png-58cc2cd32cdc99b7a0177a8646f93cc3.ctex
Completed load for: 'res://asset/ui/dark_menu/generated/bottom_section.png' remapped 'res://asset/ui/dark_menu/generated/bottom_section.png' at thread -1
Loading resource: res://ui/components/dark_menu_button.tscn remapped: res://ui/components/dark_menu_button.tscn
Completed load for: 'res://ui/components/dark_menu_button.tscn' remapped 'res://ui/components/dark_menu_button.tscn' at thread -1
Completed load for: 'res://ui/menus/dark_pause_menu.tscn' remapped 'res://ui/menus/dark_pause_menu.tscn' at thread -1
Completed load for: 'res://ui/run/PersistentRunUI.tscn' remapped 'res://ui/run/PersistentRunUI.tscn' at thread -1
Completed load for: 'res://core/game_manager.gd' remapped 'res://core/game_manager.gd' at thread -1
Loading resource: res://core/audio_manager.gd remapped: res://core/audio_manager.gd
Completed load for: 'res://core/audio_manager.gd' remapped 'res://core/audio_manager.gd' at thread -1
Loading resource: res://core/vfx_manager.gd remapped: res://core/vfx_manager.gd
Completed load for: 'res://core/vfx_manager.gd' remapped 'res://core/vfx_manager.gd' at thread -1
Loading resource: res://addons/gut/gut_plugin.gd remapped: res://addons/gut/gut_plugin.gd
Loading resource: res://addons/gut/gui/GutBottomPanel.tscn remapped: res://addons/gut/gui/GutBottomPanel.tscn
Loading resource: res://addons/gut/gui/GutBottomPanel.gd remapped: res://addons/gut/gui/GutBottomPanel.gd
Loading resource: res://addons/gut/GutScene.tscn remapped: res://addons/gut/GutScene.tscn
Loading resource: res://addons/gut/GutScene.gd remapped: res://addons/gut/GutScene.gd
Completed load for: 'res://addons/gut/GutScene.gd' remapped 'res://addons/gut/GutScene.gd' at thread -1
Loading resource: res://addons/gut/gui/NormalGui.tscn remapped: res://addons/gut/gui/NormalGui.tscn
Loading resource: res://addons/gut/gui/GutSceneTheme.tres remapped: res://addons/gut/gui/GutSceneTheme.tres
Loading resource: res://addons/gut/fonts/AnonymousPro-Regular.ttf remapped: res://addons/gut/fonts/AnonymousPro-Regular.ttf
Loading resource: res://.godot/imported/AnonymousPro-Regular.ttf-856c843fd6f89964d2ca8d8ff1724f13.fontdata remapped: res://.godot/imported/AnonymousPro-Regular.ttf-856c843fd6f89964d2ca8d8ff1724f13.fontdata
Completed load for: 'res://addons/gut/fonts/AnonymousPro-Regular.ttf' remapped 'res://addons/gut/fonts/AnonymousPro-Regular.ttf' at thread -1
Completed load for: 'res://addons/gut/gui/GutSceneTheme.tres' remapped 'res://addons/gut/gui/GutSceneTheme.tres' at thread -1
Loading resource: res://addons/gut/gui/gut_gui.gd remapped: res://addons/gut/gui/gut_gui.gd
Completed load for: 'res://addons/gut/gui/gut_gui.gd' remapped 'res://addons/gut/gui/gut_gui.gd' at thread -1
Loading resource: res://addons/gut/fonts/CourierPrime-Regular.ttf remapped: res://addons/gut/fonts/CourierPrime-Regular.ttf
Loading resource: res://.godot/imported/CourierPrime-Regular.ttf-3babe7e4a7a588dfc9a84c14b4f1fe23.fontdata remapped: res://.godot/imported/CourierPrime-Regular.ttf-3babe7e4a7a588dfc9a84c14b4f1fe23.fontdata
Completed load for: 'res://addons/gut/fonts/CourierPrime-Regular.ttf' remapped 'res://addons/gut/fonts/CourierPrime-Regular.ttf' at thread -1
Loading resource: res://addons/gut/gui/ResizeHandle.tscn remapped: res://addons/gut/gui/ResizeHandle.tscn
Loading resource: res://addons/gut/gui/ResizeHandle.gd remapped: res://addons/gut/gui/ResizeHandle.gd
Completed load for: 'res://addons/gut/gui/ResizeHandle.gd' remapped 'res://addons/gut/gui/ResizeHandle.gd' at thread -1
Completed load for: 'res://addons/gut/gui/ResizeHandle.tscn' remapped 'res://addons/gut/gui/ResizeHandle.tscn' at thread -1
Completed load for: 'res://addons/gut/gui/NormalGui.tscn' remapped 'res://addons/gut/gui/NormalGui.tscn' at thread -1
Loading resource: res://addons/gut/gui/MinGui.tscn remapped: res://addons/gut/gui/MinGui.tscn
Completed load for: 'res://addons/gut/gui/MinGui.tscn' remapped 'res://addons/gut/gui/MinGui.tscn' at thread -1
Completed load for: 'res://addons/gut/GutScene.tscn' remapped 'res://addons/gut/GutScene.tscn' at thread -1
Loading resource: res://addons/gut/lazy_loader.gd remapped: res://addons/gut/lazy_loader.gd
Loading resource: res://addons/gut/thing_counter.gd remapped: res://addons/gut/thing_counter.gd
Completed load for: 'res://addons/gut/thing_counter.gd' remapped 'res://addons/gut/thing_counter.gd' at thread -1
Loading resource: res://addons/gut/warnings_manager.gd remapped: res://addons/gut/warnings_manager.gd
Completed load for: 'res://addons/gut/warnings_manager.gd' remapped 'res://addons/gut/warnings_manager.gd' at thread -1
Completed load for: 'res://addons/gut/lazy_loader.gd' remapped 'res://addons/gut/lazy_loader.gd' at thread -1
Loading resource: res://addons/gut/version_numbers.gd remapped: res://addons/gut/version_numbers.gd
Completed load for: 'res://addons/gut/version_numbers.gd' remapped 'res://addons/gut/version_numbers.gd' at thread -1
Loading resource: res://addons/gut/gui/editor_globals.gd remapped: res://addons/gut/gui/editor_globals.gd
Loading resource: res://addons/gut/gui/gut_user_preferences.gd remapped: res://addons/gut/gui/gut_user_preferences.gd
Completed load for: 'res://addons/gut/gui/gut_user_preferences.gd' remapped 'res://addons/gut/gui/gut_user_preferences.gd' at thread -1
Completed load for: 'res://addons/gut/gui/editor_globals.gd' remapped 'res://addons/gut/gui/editor_globals.gd' at thread -1
Loading resource: res://addons/gut/gui/RunExternally.tscn remapped: res://addons/gut/gui/RunExternally.tscn
Loading resource: res://addons/gut/gui/RunExternally.gd remapped: res://addons/gut/gui/RunExternally.gd
Completed load for: 'res://addons/gut/gui/RunExternally.gd' remapped 'res://addons/gut/gui/RunExternally.gd' at thread -1
Completed load for: 'res://addons/gut/gui/RunExternally.tscn' remapped 'res://addons/gut/gui/RunExternally.tscn' at thread -1
Loading resource: res://addons/gut/gut_fonts.gd remapped: res://addons/gut/gut_fonts.gd
Completed load for: 'res://addons/gut/gut_fonts.gd' remapped 'res://addons/gut/gut_fonts.gd' at thread -1
Loading resource: res://addons/gut/strutils.gd remapped: res://addons/gut/strutils.gd
Completed load for: 'res://addons/gut/strutils.gd' remapped 'res://addons/gut/strutils.gd' at thread -1
Loading resource: res://addons/gut/inner_class_registry.gd remapped: res://addons/gut/inner_class_registry.gd
Completed load for: 'res://addons/gut/inner_class_registry.gd' remapped 'res://addons/gut/inner_class_registry.gd' at thread -1
Loading resource: res://addons/gut/dynamic_gdscript.gd remapped: res://addons/gut/dynamic_gdscript.gd
Completed load for: 'res://addons/gut/dynamic_gdscript.gd' remapped 'res://addons/gut/dynamic_gdscript.gd' at thread -1
Completed load for: 'res://addons/gut/gui/GutBottomPanel.gd' remapped 'res://addons/gut/gui/GutBottomPanel.gd' at thread -1
Loading resource: res://addons/gut/gui/RunAtCursor.tscn remapped: res://addons/gut/gui/RunAtCursor.tscn
Loading resource: res://addons/gut/gui/RunAtCursor.gd remapped: res://addons/gut/gui/RunAtCursor.gd
Completed load for: 'res://addons/gut/gui/RunAtCursor.gd' remapped 'res://addons/gut/gui/RunAtCursor.gd' at thread -1
Loading resource: res://addons/gut/gui/arrow.png remapped: res://addons/gut/gui/arrow.png
Loading resource: res://.godot/imported/arrow.png-2b5b2d838b5b3467cf300ac2da1630d9.ctex remapped: res://.godot/imported/arrow.png-2b5b2d838b5b3467cf300ac2da1630d9.ctex
Completed load for: 'res://addons/gut/gui/arrow.png' remapped 'res://addons/gut/gui/arrow.png' at thread -1
Completed load for: 'res://addons/gut/gui/RunAtCursor.tscn' remapped 'res://addons/gut/gui/RunAtCursor.tscn' at thread -1
Loading resource: res://addons/gut/gui/play.png remapped: res://addons/gut/gui/play.png
Loading resource: res://.godot/imported/play.png-5c90e88e8136487a183a099d67a7de24.ctex remapped: res://.godot/imported/play.png-5c90e88e8136487a183a099d67a7de24.ctex
Completed load for: 'res://addons/gut/gui/play.png' remapped 'res://addons/gut/gui/play.png' at thread -1
Loading resource: res://addons/gut/icon.png remapped: res://addons/gut/icon.png
Loading resource: res://.godot/imported/icon.png-91b084043b8aaf2f1c906e7b9fa92969.ctex remapped: res://.godot/imported/icon.png-91b084043b8aaf2f1c906e7b9fa92969.ctex
Completed load for: 'res://addons/gut/icon.png' remapped 'res://addons/gut/icon.png' at thread -1
Loading resource: res://addons/gut/gui/RunResults.tscn remapped: res://addons/gut/gui/RunResults.tscn
Loading resource: res://addons/gut/gui/RunResults.gd remapped: res://addons/gut/gui/RunResults.gd
Completed load for: 'res://addons/gut/gui/RunResults.gd' remapped 'res://addons/gut/gui/RunResults.gd' at thread -1
Loading resource: res://addons/gut/gui/ResultsTree.tscn remapped: res://addons/gut/gui/ResultsTree.tscn
Loading resource: res://addons/gut/gui/ResultsTree.gd remapped: res://addons/gut/gui/ResultsTree.gd
Completed load for: 'res://addons/gut/gui/ResultsTree.gd' remapped 'res://addons/gut/gui/ResultsTree.gd' at thread -1
Completed load for: 'res://addons/gut/gui/ResultsTree.tscn' remapped 'res://addons/gut/gui/ResultsTree.tscn' at thread -1
Completed load for: 'res://addons/gut/gui/RunResults.tscn' remapped 'res://addons/gut/gui/RunResults.tscn' at thread -1
Loading resource: res://addons/gut/images/HSplitContainer.svg remapped: res://addons/gut/images/HSplitContainer.svg
Loading resource: res://.godot/imported/HSplitContainer.svg-81e594d94ee80e4176e099672ef6025b.editor.ctex remapped: res://.godot/imported/HSplitContainer.svg-81e594d94ee80e4176e099672ef6025b.editor.ctex
Completed load for: 'res://addons/gut/images/HSplitContainer.svg' remapped 'res://addons/gut/images/HSplitContainer.svg' at thread -1
Loading resource: res://addons/gut/gui/OutputText.tscn remapped: res://addons/gut/gui/OutputText.tscn
Loading resource: res://addons/gut/gui/OutputText.gd remapped: res://addons/gut/gui/OutputText.gd
Completed load for: 'res://addons/gut/gui/OutputText.gd' remapped 'res://addons/gut/gui/OutputText.gd' at thread -1
Completed load for: 'res://addons/gut/gui/OutputText.tscn' remapped 'res://addons/gut/gui/OutputText.tscn' at thread -1
Loading resource: res://addons/gut/images/VSplitContainer.svg remapped: res://addons/gut/images/VSplitContainer.svg
Loading resource: res://.godot/imported/VSplitContainer.svg-6cec29fefa7e65d6ff7c2fdb9a1bb9ab.editor.ctex remapped: res://.godot/imported/VSplitContainer.svg-6cec29fefa7e65d6ff7c2fdb9a1bb9ab.editor.ctex
Completed load for: 'res://addons/gut/images/VSplitContainer.svg' remapped 'res://addons/gut/images/VSplitContainer.svg' at thread -1
Loading resource: res://addons/gut/gui/ShortcutDialog.tscn remapped: res://addons/gut/gui/ShortcutDialog.tscn
Loading resource: res://addons/gut/gui/ShortcutDialog.gd remapped: res://addons/gut/gui/ShortcutDialog.gd
Completed load for: 'res://addons/gut/gui/ShortcutDialog.gd' remapped 'res://addons/gut/gui/ShortcutDialog.gd' at thread -1
Loading resource: res://addons/gut/gui/ShortcutButton.tscn remapped: res://addons/gut/gui/ShortcutButton.tscn
Loading resource: res://addons/gut/gui/ShortcutButton.gd remapped: res://addons/gut/gui/ShortcutButton.gd
Completed load for: 'res://addons/gut/gui/ShortcutButton.gd' remapped 'res://addons/gut/gui/ShortcutButton.gd' at thread -1
Completed load for: 'res://addons/gut/gui/ShortcutButton.tscn' remapped 'res://addons/gut/gui/ShortcutButton.tscn' at thread -1
Completed load for: 'res://addons/gut/gui/ShortcutDialog.tscn' remapped 'res://addons/gut/gui/ShortcutDialog.tscn' at thread -1
Loading resource: res://addons/gut/gui/ShellOutOptions.tscn remapped: res://addons/gut/gui/ShellOutOptions.tscn
Loading resource: res://addons/gut/gui/ShellOutOptions.gd remapped: res://addons/gut/gui/ShellOutOptions.gd
Completed load for: 'res://addons/gut/gui/ShellOutOptions.gd' remapped 'res://addons/gut/gui/ShellOutOptions.gd' at thread -1
Completed load for: 'res://addons/gut/gui/ShellOutOptions.tscn' remapped 'res://addons/gut/gui/ShellOutOptions.tscn' at thread -1
Completed load for: 'res://addons/gut/gui/GutBottomPanel.tscn' remapped 'res://addons/gut/gui/GutBottomPanel.tscn' at thread -1
Completed load for: 'res://addons/gut/gut_plugin.gd' remapped 'res://addons/gut/gut_plugin.gd' at thread -1
Loading resource: res://addons/meshy-godot-plugin/meshy_plugin.gd remapped: res://addons/meshy-godot-plugin/meshy_plugin.gd
Loading resource: res://addons/meshy-godot-plugin/main_panel.tscn remapped: res://addons/meshy-godot-plugin/main_panel.tscn
Loading resource: res://addons/meshy-godot-plugin/main_scripts.gd remapped: res://addons/meshy-godot-plugin/main_scripts.gd
Completed load for: 'res://addons/meshy-godot-plugin/main_scripts.gd' remapped 'res://addons/meshy-godot-plugin/main_scripts.gd' at thread -1
Completed load for: 'res://addons/meshy-godot-plugin/main_panel.tscn' remapped 'res://addons/meshy-godot-plugin/main_panel.tscn' at thread -1
Loading resource: res://addons/meshy-godot-plugin/Meshy_Icon_36.png remapped: res://addons/meshy-godot-plugin/Meshy_Icon_36.png
Loading resource: res://.godot/imported/Meshy_Icon_36.png-45bf9fe5e79948bd21fa2b9d42bb6f48.ctex remapped: res://.godot/imported/Meshy_Icon_36.png-45bf9fe5e79948bd21fa2b9d42bb6f48.ctex
Completed load for: 'res://addons/meshy-godot-plugin/Meshy_Icon_36.png' remapped 'res://addons/meshy-godot-plugin/Meshy_Icon_36.png' at thread -1
Completed load for: 'res://addons/meshy-godot-plugin/meshy_plugin.gd' remapped 'res://addons/meshy-godot-plugin/meshy_plugin.gd' at thread -1
Accessibility: window 1 adapter activated.
Accessibility: window 1 adapter initial update completed.
Loading resource: C:/Users/paolo/AppData/Local/Godot/editor_doc_cache-4.7.res remapped: C:/Users/paolo/AppData/Local/Godot/editor_doc_cache-4.7.res
GDScript: Reloading all scripts
GDScript: Found: res://addons/meshy-godot-plugin/main_scripts.gd
GDScript: Found: res://addons/meshy-godot-plugin/meshy_plugin.gd
GDScript: Found: res://addons/gut/gui/ShellOutOptions.gd
GDScript: Found: res://addons/gut/gui/ShortcutButton.gd
GDScript: Found: res://addons/gut/gui/ShortcutDialog.gd
GDScript: Found: res://addons/gut/gui/OutputText.gd
GDScript: Found: res://addons/gut/gui/ResultsTree.gd
GDScript: Found: res://addons/gut/gui/RunResults.gd
GDScript: Found: res://addons/gut/gui/RunAtCursor.gd
GDScript: Found: res://addons/gut/dynamic_gdscript.gd
GDScript: Found: res://addons/gut/inner_class_registry.gd
GDScript: Found: res://addons/gut/strutils.gd
GDScript: Found: res://addons/gut/gut_fonts.gd
GDScript: Found: res://addons/gut/gui/RunExternally.gd
GDScript: Found: res://addons/gut/gui/gut_user_preferences.gd
GDScript: Found: res://addons/gut/gui/editor_globals.gd
GDScript: Found: res://addons/gut/version_numbers.gd
GDScript: Found: res://addons/gut/warnings_manager.gd
GDScript: Found: res://addons/gut/thing_counter.gd
GDScript: Found: res://addons/gut/lazy_loader.gd
GDScript: Found: res://addons/gut/gui/ResizeHandle.gd
GDScript: Found: res://addons/gut/gui/gut_gui.gd
GDScript: Found: res://addons/gut/GutScene.gd
GDScript: Found: res://addons/gut/gut_tracked_error.gd
GDScript: Found: res://addons/gut/error_tracker.gd
GDScript: Found: res://addons/gut/utils.gd
GDScript: Found: res://addons/gut/gui/GutBottomPanel.gd
GDScript: Found: res://addons/gut/gut_plugin.gd
GDScript: Found: res://core/vfx_manager.gd
GDScript: Found: res://core/audio_manager.gd
GDScript: Found: res://data/rewards/reward_data.gd
GDScript: Found: res://data/rooms/room_data.gd
GDScript: Found: res://characters/progression/character_progression_service.gd
GDScript: Found: res://data/runs/run_data.gd
GDScript: Found: res://ui/recraft_hud_v1/combat/layout_debug_overlay.gd
GDScript: Found: res://ui/recraft_hud_v1/components/primary_button/primary_button_view.gd
GDScript: Found: res://ui/recraft_hud_v1/components/resource_badge/resource_badge_view.gd
GDScript: Found: res://ui/recraft_hud_v1/components/resource_bar/resource_bar_view.gd
GDScript: Found: res://ui/combat_glossary.gd
GDScript: Found: res://ui/combat/turn_intro_banner.gd
GDScript: Found: res://ui/action_bar.gd
GDScript: Found: res://ui/combat/combat_hud_layout_data.gd
GDScript: Found: res://ui/recraft_hud_v1/components/spell_slot/spell_slot_view.gd
GDScript: Found: res://ui/keyword_tooltip_layer.gd
GDScript: Found: res://ui/recraft_hud_v1/combat/combat_hud_recraft_v1.gd
GDScript: Found: res://ui/components/dark_menu_button.gd
GDScript: Found: res://ui/progression/skill_tree_visual_state.gd
GDScript: Found: res://ui/characters/character_preview_3d.gd
GDScript: Found: res://ui/recraft_hud_v1/theme/recraft_hud_metrics_v1.gd
GDScript: Found: res://ui/combat/character_hud_theme_catalog.gd
GDScript: Found: res://ui/progression/skin/skill_tree_node_visual_data.gd
GDScript: Found: res://ui/progression/components/skill_tree_node_view.gd
GDScript: Found: res://ui/combat/character_hud_theme_data.gd
GDScript: Found: res://ui/progression/components/skill_tree_node_detail_panel.gd
GDScript: Found: res://ui/progression/components/skill_tree_graph_view.gd
GDScript: Found: res://ui/recraft_hud_v1/components/portrait/portrait_view.gd
GDScript: Found: res://ui/progression/skin/skill_tree_visual_map_data.gd
GDScript: Found: res://ui/progression/components/skill_tree_discipline_tab.gd
GDScript: Found: res://data/status/charged_damage_vulnerability_data.gd
GDScript: Found: res://data/status/status_data.gd
GDScript: Found: res://traits/trait_factory.gd
GDScript: Found: res://core/ai/boss_behavior.gd
GDScript: Found: res://traits/trait.gd
GDScript: Found: res://traits/trait_data.gd
GDScript: Found: res://data/units/terrain_effect_data.gd
GDScript: Found: res://data/energy/energy_type.gd
GDScript: Found: res://units/energy_gauge.gd
GDScript: Found: res://units/stats.gd
GDScript: Found: res://core/damage_resolver.gd
GDScript: Found: res://data/characters/skill_tree_node_data.gd
GDScript: Found: res://core/spell_modifier.gd
GDScript: Found: res://characters/progression/skill_tree_resolver.gd
GDScript: Found: res://data/spell.gd
GDScript: Found: res://data/unit_data.gd
GDScript: Found: res://characters/progression/spell_loadout_state.gd
GDScript: Found: res://data/characters/skill_upgrade_data.gd
GDScript: Found: res://units/unit.gd
GDScript: Found: res://ui/progression/theme/skill_tree_icon_catalog.gd
GDScript: Found: res://ui/progression/theme/skill_tree_refined_config.gd
GDScript: Found: res://data/characters/discipline_rank_data.gd
GDScript: Found: res://characters/progression/discipline_progress_state.gd
GDScript: Found: res://data/characters/discipline_data.gd
GDScript: Found: res://characters/progression/character_run_state.gd
GDScript: Found: res://ui/progression/components/skill_tree_tooltip_panel.gd
GDScript: Found: res://ui/progression/components/skill_tree_effect_glyph.gd
GDScript: Found: res://ui/progression/skin/skill_tree_skin_data.gd
GDScript: Found: res://ui/menus/dark_pause_menu.gd
GDScript: Found: res://ui/progression/screens/skill_tree_screen.gd
GDScript: Found: res://ui/progression/components/skill_tree_status_button.gd
GDScript: Found: res://ui/run/persistent_run_ui.gd
GDScript: Found: res://core/game_manager.gd
GDScript: Found: res://battle/impact_juice.gd
GDScript: Found: res://debug/DebugOverlay.gd
GDScript: Found: res://core/combat_logger.gd
GDScript: Found: res://core/event_bus.gd
GDScript: Found: res://debug/log_definitions.gd
GDScript: Found: res://debug/debug_logger.gd
GDScript: Reloading: res://addons/meshy-godot-plugin/main_scripts.gd
GDScript: Reloading: res://addons/meshy-godot-plugin/meshy_plugin.gd
GDScript: Reloading: res://addons/gut/gui/ShellOutOptions.gd
GDScript: Reloading: res://addons/gut/gui/ShortcutButton.gd
GDScript: Reloading: res://addons/gut/gui/ShortcutDialog.gd
GDScript: Reloading: res://addons/gut/gui/OutputText.gd
GDScript: Reloading: res://addons/gut/gui/ResultsTree.gd
Completed load for: 'C:/Users/paolo/AppData/Local/Godot/editor_doc_cache-4.7.res' remapped 'C:/Users/paolo/AppData/Local/Godot/editor_doc_cache-4.7.res' at thread -1
GDScript: Reloading: res://addons/gut/gui/RunResults.gd
GDScript: Reloading: res://addons/gut/gui/RunAtCursor.gd
GDScript: Reloading: res://addons/gut/dynamic_gdscript.gd
GDScript: Reloading: res://addons/gut/inner_class_registry.gd
GDScript: Reloading: res://addons/gut/strutils.gd
GDScript: Reloading: res://addons/gut/gut_fonts.gd
GDScript: Reloading: res://addons/gut/gui/RunExternally.gd
GDScript: Reloading: res://addons/gut/gui/gut_user_preferences.gd
GDScript: Reloading: res://addons/gut/gui/editor_globals.gd
GDScript: Reloading: res://addons/gut/version_numbers.gd
GDScript: Reloading: res://addons/gut/warnings_manager.gd
GDScript: Reloading: res://addons/gut/thing_counter.gd
GDScript: Reloading: res://addons/gut/lazy_loader.gd
GDScript: Reloading: res://addons/gut/gui/ResizeHandle.gd
GDScript: Reloading: res://addons/gut/gui/gut_gui.gd
GDScript: Reloading: res://addons/gut/GutScene.gd
GDScript: Reloading: res://addons/gut/gut_tracked_error.gd
GDScript: Reloading: res://addons/gut/error_tracker.gd
GDScript: Reloading: res://addons/gut/utils.gd
GDScript: Reloading: res://addons/gut/gui/GutBottomPanel.gd
GDScript: Reloading: res://addons/gut/gut_plugin.gd
GDScript: Reloading: res://core/vfx_manager.gd
GDScript: Reloading: res://core/audio_manager.gd
GDScript: Reloading: res://data/rewards/reward_data.gd
GDScript: Reloading: res://data/rooms/room_data.gd
GDScript: Reloading: res://characters/progression/character_progression_service.gd
GDScript: Reloading: res://data/runs/run_data.gd
GDScript: Reloading: res://ui/recraft_hud_v1/combat/layout_debug_overlay.gd
GDScript: Reloading: res://ui/recraft_hud_v1/components/primary_button/primary_button_view.gd
GDScript: Reloading: res://ui/recraft_hud_v1/components/resource_badge/resource_badge_view.gd
GDScript: Reloading: res://ui/recraft_hud_v1/components/resource_bar/resource_bar_view.gd
GDScript: Reloading: res://ui/combat_glossary.gd
GDScript: Reloading: res://ui/combat/turn_intro_banner.gd
GDScript: Reloading: res://ui/action_bar.gd
GDScript: Reloading: res://ui/combat/combat_hud_layout_data.gd
GDScript: Reloading: res://ui/recraft_hud_v1/components/spell_slot/spell_slot_view.gd
GDScript: Reloading: res://ui/keyword_tooltip_layer.gd
GDScript: Reloading: res://ui/recraft_hud_v1/combat/combat_hud_recraft_v1.gd
GDScript: Reloading: res://ui/components/dark_menu_button.gd
GDScript: Reloading: res://ui/progression/skill_tree_visual_state.gd
GDScript: Reloading: res://ui/characters/character_preview_3d.gd
GDScript: Reloading: res://ui/recraft_hud_v1/theme/recraft_hud_metrics_v1.gd
GDScript: Reloading: res://ui/combat/character_hud_theme_catalog.gd
GDScript: Reloading: res://ui/progression/skin/skill_tree_node_visual_data.gd
GDScript: Reloading: res://ui/progression/components/skill_tree_node_view.gd
GDScript: Reloading: res://ui/combat/character_hud_theme_data.gd
GDScript: Reloading: res://ui/progression/components/skill_tree_node_detail_panel.gd
GDScript: Reloading: res://ui/progression/components/skill_tree_graph_view.gd
GDScript: Reloading: res://ui/recraft_hud_v1/components/portrait/portrait_view.gd
GDScript: Reloading: res://ui/progression/skin/skill_tree_visual_map_data.gd
GDScript: Reloading: res://ui/progression/components/skill_tree_discipline_tab.gd
GDScript: Reloading: res://data/status/status_data.gd
GDScript: Reloading: res://data/status/charged_damage_vulnerability_data.gd
GDScript: Reloading: res://traits/trait_factory.gd
GDScript: Reloading: res://core/ai/boss_behavior.gd
GDScript: Reloading: res://traits/trait.gd
GDScript: Reloading: res://traits/trait_data.gd
GDScript: Reloading: res://data/units/terrain_effect_data.gd
GDScript: Reloading: res://data/energy/energy_type.gd
GDScript: Reloading: res://units/energy_gauge.gd
GDScript: Reloading: res://units/stats.gd
GDScript: Reloading: res://core/damage_resolver.gd
GDScript: Reloading: res://data/characters/skill_tree_node_data.gd
GDScript: Reloading: res://core/spell_modifier.gd
GDScript: Reloading: res://characters/progression/skill_tree_resolver.gd
GDScript: Reloading: res://data/spell.gd
GDScript: Reloading: res://data/unit_data.gd
GDScript: Reloading: res://characters/progression/spell_loadout_state.gd
GDScript: Reloading: res://data/characters/skill_upgrade_data.gd
GDScript: Reloading: res://units/unit.gd
GDScript: Reloading: res://ui/progression/theme/skill_tree_icon_catalog.gd
GDScript: Reloading: res://ui/progression/theme/skill_tree_refined_config.gd
GDScript: Reloading: res://data/characters/discipline_rank_data.gd
GDScript: Reloading: res://characters/progression/discipline_progress_state.gd
GDScript: Reloading: res://data/characters/discipline_data.gd
GDScript: Reloading: res://characters/progression/character_run_state.gd
GDScript: Reloading: res://ui/progression/components/skill_tree_tooltip_panel.gd
GDScript: Reloading: res://ui/progression/components/skill_tree_effect_glyph.gd
GDScript: Reloading: res://ui/progression/skin/skill_tree_skin_data.gd
GDScript: Reloading: res://ui/menus/dark_pause_menu.gd
GDScript: Reloading: res://ui/progression/screens/skill_tree_screen.gd
GDScript: Reloading: res://ui/progression/components/skill_tree_status_button.gd
GDScript: Reloading: res://ui/run/persistent_run_ui.gd
GDScript: Reloading: res://core/game_manager.gd
GDScript: Reloading: res://battle/impact_juice.gd
GDScript: Reloading: res://debug/DebugOverlay.gd
GDScript: Reloading: res://core/combat_logger.gd
GDScript: Reloading: res://core/event_bus.gd
GDScript: Reloading: res://debug/log_definitions.gd
GDScript: Reloading: res://debug/debug_logger.gd
Loading resource: res://battle/battle.gd remapped: res://battle/battle.gd
Loading resource: res://battle/unit_view.tscn remapped: res://battle/unit_view.tscn
Loading resource: res://battle/unit_view.gd remapped: res://battle/unit_view.gd
Completed load for: 'res://battle/unit_view.gd' remapped 'res://battle/unit_view.gd' at thread -1
Completed load for: 'res://battle/unit_view.tscn' remapped 'res://battle/unit_view.tscn' at thread -1
Completed load for: 'res://battle/battle.gd' remapped 'res://battle/battle.gd' at thread -1
Loading resource: res://characters/elf/elf_iso_unit_view.gd remapped: res://characters/elf/elf_iso_unit_view.gd
Loading resource: res://asset/sorts/elfe_arc_magique/elf_magic_bow_charge.tscn remapped: res://asset/sorts/elfe_arc_magique/elf_magic_bow_charge.tscn
Loading resource: res://asset/sorts/elfe_arc_magique/Meshy_AI_14c3045b0900c06574f6024efd69c66673616be737a9e7d89fb95c8a4c3b20e9.png remapped: res://asset/sorts/elfe_arc_magique/Meshy_AI_14c3045b0900c06574f6024efd69c66673616be737a9e7d89fb95c8a4c3b20e9.png
Loading resource: res://.godot/imported/Meshy_AI_14c3045b0900c06574f6024efd69c66673616be737a9e7d89fb95c8a4c3b20e9.png-36f67f38bba6be80cf75371e68d64409.ctex remapped: res://.godot/imported/Meshy_AI_14c3045b0900c06574f6024efd69c66673616be737a9e7d89fb95c8a4c3b20e9.png-36f67f38bba6be80cf75371e68d64409.ctex
WARNING: Image format RGB8 not supported by hardware, converting to RGBA8.
   at: _validate_texture_format (servers/rendering/renderer_rd/storage_rd/texture_storage.cpp:2855)
Completed load for: 'res://asset/sorts/elfe_arc_magique/Meshy_AI_14c3045b0900c06574f6024efd69c66673616be737a9e7d89fb95c8a4c3b20e9.png' remapped 'res://asset/sorts/elfe_arc_magique/Meshy_AI_14c3045b0900c06574f6024efd69c66673616be737a9e7d89fb95c8a4c3b20e9.png' at thread -1
Loading resource: res://asset/sorts/elfe_arc_magique/elf_magic_bow_charge.gd remapped: res://asset/sorts/elfe_arc_magique/elf_magic_bow_charge.gd
Completed load for: 'res://asset/sorts/elfe_arc_magique/elf_magic_bow_charge.gd' remapped 'res://asset/sorts/elfe_arc_magique/elf_magic_bow_charge.gd' at thread -1
Completed load for: 'res://asset/sorts/elfe_arc_magique/elf_magic_bow_charge.tscn' remapped 'res://asset/sorts/elfe_arc_magique/elf_magic_bow_charge.tscn' at thread -1
Loading resource: res://assets/characters/elf/animations/elf_bow_shot_animation.tres remapped: res://assets/characters/elf/animations/elf_bow_shot_animation.tres
Completed load for: 'res://assets/characters/elf/animations/elf_bow_shot_animation.tres' remapped 'res://assets/characters/elf/animations/elf_bow_shot_animation.tres' at thread -1
Completed load for: 'res://characters/elf/elf_iso_unit_view.gd' remapped 'res://characters/elf/elf_iso_unit_view.gd' at thread -1
Loading resource: res://asset/sorts/elfe_arc_magique/elf_magic_arrow_impact.gd remapped: res://asset/sorts/elfe_arc_magique/elf_magic_arrow_impact.gd
Completed load for: 'res://asset/sorts/elfe_arc_magique/elf_magic_arrow_impact.gd' remapped 'res://asset/sorts/elfe_arc_magique/elf_magic_arrow_impact.gd' at thread -1
Loading resource: res://asset/sorts/elfe_arc_magique/elf_magic_arrow_projectile.gd remapped: res://asset/sorts/elfe_arc_magique/elf_magic_arrow_projectile.gd
Completed load for: 'res://asset/sorts/elfe_arc_magique/elf_magic_arrow_projectile.gd' remapped 'res://asset/sorts/elfe_arc_magique/elf_magic_arrow_projectile.gd' at thread -1
Loading cache for shader CanvasShaderRD, variant 0
Loading cache for shader CanvasShaderRD, variant 1
Loading cache for shader CanvasShaderRD, variant 2
Loading cache for shader CanvasShaderRD, variant 3
Loading cache for shader CanvasShaderRD, variant 4
Loading cache for shader CanvasShaderRD, variant 5
Loading resource: res://addons/godot_ai_workbench/commands/workbench_batch_ops.gd remapped: res://addons/godot_ai_workbench/commands/workbench_batch_ops.gd
Completed load for: 'res://addons/godot_ai_workbench/commands/workbench_batch_ops.gd' remapped 'res://addons/godot_ai_workbench/commands/workbench_batch_ops.gd' at thread -1
Loading resource: res://addons/godot_ai_workbench/commands/workbench_debug_ops.gd remapped: res://addons/godot_ai_workbench/commands/workbench_debug_ops.gd
Generated 'res://addons/godot_ai_workbench/plugin.cfg' preview in 396 usec
Generated 'res://addons/gut/double_templates/double_data_template.txt' preview in 588 usec
Generated 'res://addons/gut/double_templates/function_template.txt' preview in 399 usec
Generated 'res://addons/gut/double_templates/init_template.txt' preview in 388 usec
Generated 'res://addons/gut/double_templates/script_template.txt' preview in 364 usec
Generated 'res://addons/gut/double_templates/singleton_template.txt' preview in 461 usec
Completed load for: 'res://addons/godot_ai_workbench/commands/workbench_debug_ops.gd' remapped 'res://addons/godot_ai_workbench/commands/workbench_debug_ops.gd' at thread -1
Loading resource: res://addons/godot_ai_workbench/commands/workbench_dispatch_hub.gd remapped: res://addons/godot_ai_workbench/commands/workbench_dispatch_hub.gd
Completed load for: 'res://addons/godot_ai_workbench/commands/workbench_dispatch_hub.gd' remapped 'res://addons/godot_ai_workbench/commands/workbench_dispatch_hub.gd' at thread -1
Generated 'res://addons/gut/fonts/OFL.txt' preview in 516 usec
Loading resource: res://addons/godot_ai_workbench/commands/workbench_domain_behavior_ops.gd remapped: res://addons/godot_ai_workbench/commands/workbench_domain_behavior_ops.gd
Generated 'res://addons/gut/gui/about.tscn' preview in 62 usec
Generated 'res://addons/gut/gui/check_for_update.tscn' preview in 42 usec
Generated 'res://addons/gut/gui/EditorRadioButton.tres' preview in 323 usec
Generated 'res://addons/gut/gui/GutBottomPanel.tscn' preview in 40 usec
Generated 'res://addons/gut/gui/GutControl.tscn' preview in 31 usec
Generated 'res://addons/gut/gui/GutLogo.tscn' preview in 31 usec
Generated 'res://addons/gut/gui/GutRunner.tscn' preview in 34 usec
Generated 'res://addons/gut/gui/GutSceneTheme.tres' preview in 257 usec
Generated 'res://addons/gut/gui/MinGui.tscn' preview in 57 usec
Generated 'res://addons/gut/gui/NormalGui.tscn' preview in 37 usec
Generated 'res://addons/gut/gui/OutputText.tscn' preview in 36 usec
Generated 'res://addons/gut/gui/ResizeHandle.tscn' preview in 40 usec
Generated 'res://addons/gut/gui/ResultsTree.tscn' preview in 36 usec
Generated 'res://addons/gut/gui/RunAtCursor.tscn' preview in 34 usec
Generated 'res://addons/gut/gui/RunExternally.tscn' preview in 51 usec
Generated 'res://addons/gut/gui/RunResults.tscn' preview in 33 usec
Generated 'res://addons/gut/gui/run_from_editor.tscn' preview in 36 usec
Generated 'res://addons/gut/gui/Settings.tscn' preview in 29 usec
Generated 'res://addons/gut/gui/ShellOutOptions.tscn' preview in 34 usec
Generated 'res://addons/gut/gui/ShortcutButton.tscn' preview in 33 usec
Generated 'res://addons/gut/gui/ShortcutDialog.tscn' preview in 32 usec
Generated 'res://addons/gut/gui/update_required.tscn' preview in 36 usec
Completed load for: 'res://addons/godot_ai_workbench/commands/workbench_domain_behavior_ops.gd' remapped 'res://addons/godot_ai_workbench/commands/workbench_domain_behavior_ops.gd' at thread -1
Loading resource: res://addons/godot_ai_workbench/commands/workbench_domain_ops.gd remapped: res://addons/godot_ai_workbench/commands/workbench_domain_ops.gd
Generated 'res://addons/gut/GutScene.tscn' preview in 65 usec
Generated 'res://addons/gut/gut_loader_the_scene.tscn' preview in 79 usec
Generated 'res://addons/gut/LICENSE.md' preview in 699 usec
Generated 'res://addons/gut/plugin.cfg' preview in 436 usec
Generated 'res://addons/gut/UserFileViewer.tscn' preview in 57 usec
Generated 'res://addons/gut/versions.json' preview in 560 usec
Generated 'res://addons/meshy-godot-plugin/main_panel.tscn' preview in 43 usec
Generated 'res://addons/meshy-godot-plugin/plugin.cfg' preview in 542 usec
Generated 'res://addons/meshy-godot-plugin/README.md' preview in 585 usec
WARNING: Image format RGB8 not supported by hardware, converting to RGBA8.
   at: _validate_texture_format (servers/rendering/renderer_rd/storage_rd/texture_storage.cpp:2855)
WARNING: Image format RGB8 not supported by hardware, converting to RGBA8.
   at: _validate_texture_format (servers/rendering/renderer_rd/storage_rd/texture_storage.cpp:2855)
WARNING: Image format RGB8 not supported by hardware, converting to RGBA8.
   at: _validate_texture_format (servers/rendering/renderer_rd/storage_rd/texture_storage.cpp:2855)
WARNING: Image format RGB8 not supported by hardware, converting to RGBA8.
   at: _validate_texture_format (servers/rendering/renderer_rd/storage_rd/texture_storage.cpp:2855)
WARNING: Image format RGB8 not supported by hardware, converting to RGBA8.
   at: _validate_texture_format (servers/rendering/renderer_rd/storage_rd/texture_storage.cpp:2855)
WARNING: Image format RGB8 not supported by hardware, converting to RGBA8.
   at: _validate_texture_format (servers/rendering/renderer_rd/storage_rd/texture_storage.cpp:2855)
Generated 'res://addons/ziva_agent/LICENSE.md' preview in 528 usec
Generated 'res://addons/ziva_agent/manifest.json' preview in 679 usec
Generated 'res://addons/ziva_agent/README.md' preview in 545 usec
Generated 'res://addons/ziva_agent/ziva_agent.gdextension' preview in 536 usec
Generated 'res://artifacts/hud_clean_v1/assets_manifest.json' preview in 704 usec
Generated 'res://artifacts/hud_clean_v1/gut_full_run.txt' preview in 347 usec
Completed load for: 'res://addons/godot_ai_workbench/commands/workbench_domain_ops.gd' remapped 'res://addons/godot_ai_workbench/commands/workbench_domain_ops.gd' at thread -1
Loading resource: res://addons/godot_ai_workbench/commands/workbench_domain_resource_ops.gd remapped: res://addons/godot_ai_workbench/commands/workbench_domain_resource_ops.gd
Generated 'res://artifacts/hud_clean_v2/gut_hud_targeted.txt' preview in 549 usec
Completed load for: 'res://addons/godot_ai_workbench/commands/workbench_domain_resource_ops.gd' remapped 'res://addons/godot_ai_workbench/commands/workbench_domain_resource_ops.gd' at thread -1
Loading resource: res://addons/godot_ai_workbench/commands/workbench_domain_ui_ops.gd remapped: res://addons/godot_ai_workbench/commands/workbench_domain_ui_ops.gd
Generated 'res://artifacts/hud_refined/assets_manifest_refined.json' preview in 414 usec
Generated 'res://artifacts/hud_refined/gut_hud_targeted.txt' preview in 373 usec
Completed load for: 'res://addons/godot_ai_workbench/commands/workbench_domain_ui_ops.gd' remapped 'res://addons/godot_ai_workbench/commands/workbench_domain_ui_ops.gd' at thread -1
Loading resource: res://addons/godot_ai_workbench/commands/workbench_domain_utility_ops.gd remapped: res://addons/godot_ai_workbench/commands/workbench_domain_utility_ops.gd
Generated 'res://artifacts/hud_refined_characters/capture_run.log' preview in 501 usec
Generated 'res://artifacts/hud_refined_polish/gut_hud_targeted.txt' preview in 410 usec
Completed load for: 'res://addons/godot_ai_workbench/commands/workbench_domain_utility_ops.gd' remapped 'res://addons/godot_ai_workbench/commands/workbench_domain_utility_ops.gd' at thread -1
Loading resource: res://addons/godot_ai_workbench/commands/workbench_domain_world_ops.gd remapped: res://addons/godot_ai_workbench/commands/workbench_domain_world_ops.gd
WARNING: Image format RGB8 not supported by hardware, converting to RGBA8.
   at: _validate_texture_format (servers/rendering/renderer_rd/storage_rd/texture_storage.cpp:2855)
WARNING: Image format RGB8 not supported by hardware, converting to RGBA8.
   at: _validate_texture_format (servers/rendering/renderer_rd/storage_rd/texture_storage.cpp:2855)
Completed load for: 'res://addons/godot_ai_workbench/commands/workbench_domain_world_ops.gd' remapped 'res://addons/godot_ai_workbench/commands/workbench_domain_world_ops.gd' at thread -1
Loading resource: res://addons/godot_ai_workbench/commands/workbench_editor_camera_ops.gd remapped: res://addons/godot_ai_workbench/commands/workbench_editor_camera_ops.gd
Completed load for: 'res://addons/godot_ai_workbench/commands/workbench_editor_camera_ops.gd' remapped 'res://addons/godot_ai_workbench/commands/workbench_editor_camera_ops.gd' at thread -1
Loading resource: res://addons/godot_ai_workbench/commands/workbench_editor_ops.gd remapped: res://addons/godot_ai_workbench/commands/workbench_editor_ops.gd
Completed load for: 'res://addons/godot_ai_workbench/commands/workbench_editor_ops.gd' remapped 'res://addons/godot_ai_workbench/commands/workbench_editor_ops.gd' at thread -1
Loading resource: res://addons/godot_ai_workbench/commands/workbench_node_ops.gd remapped: res://addons/godot_ai_workbench/commands/workbench_node_ops.gd
Completed load for: 'res://addons/godot_ai_workbench/commands/workbench_node_ops.gd' remapped 'res://addons/godot_ai_workbench/commands/workbench_node_ops.gd' at thread -1
Loading resource: res://addons/godot_ai_workbench/commands/workbench_resource_ops.gd remapped: res://addons/godot_ai_workbench/commands/workbench_resource_ops.gd
WARNING: Image format RGB8 not supported by hardware, converting to RGBA8.
   at: _validate_texture_format (servers/rendering/renderer_rd/storage_rd/texture_storage.cpp:2855)
WARNING: Image format RGB8 not supported by hardware, converting to RGBA8.
   at: _validate_texture_format (servers/rendering/renderer_rd/storage_rd/texture_storage.cpp:2855)
WARNING: Image format RGB8 not supported by hardware, converting to RGBA8.
   at: _validate_texture_format (servers/rendering/renderer_rd/storage_rd/texture_storage.cpp:2855)
WARNING: Image format RGB8 not supported by hardware, converting to RGBA8.
   at: _validate_texture_format (servers/rendering/renderer_rd/storage_rd/texture_storage.cpp:2855)
WARNING: Image format RGB8 not supported by hardware, converting to RGBA8.
   at: _validate_texture_format (servers/rendering/renderer_rd/storage_rd/texture_storage.cpp:2855)
Completed load for: 'res://addons/godot_ai_workbench/commands/workbench_resource_ops.gd' remapped 'res://addons/godot_ai_workbench/commands/workbench_resource_ops.gd' at thread -1
Loading resource: res://addons/godot_ai_workbench/commands/workbench_runtime_ops.gd remapped: res://addons/godot_ai_workbench/commands/workbench_runtime_ops.gd
Generated 'res://asset/shaders/environment/brume_vallee.gdshader' preview in 20 usec
Generated 'res://asset/shaders/environment/drapeau_vent.gdshader' preview in 8 usec
Generated 'res://asset/shaders/environment/fumee.gdshader' preview in 9 usec
Generated 'res://asset/shaders/environment/lumiere_diffuse.gdshader' preview in 14 usec
Generated 'res://asset/shaders/environment/rayons_lumiere.gdshader' preview in 16 usec
Generated 'res://asset/shaders/environment/rayons_lumiere_concentré.gdshader' preview in 15 usec
Generated 'res://asset/shaders/spells/boule_de_feu.gdshader' preview in 12 usec
Generated 'res://asset/sorts/elfe_ronce/elf_magic_ronce_impact (1).tscn' preview in 42 usec
Generated 'res://asset/sorts/elfe_ronce/elf_magic_ronce_impact.tscn' preview in 33 usec
Generated 'res://asset/sorts/elfe_ronce/roncesvfx.tscn' preview in 43 usec
Generated 'res://asset/sorts/tempete_orageuse/tempete_orageuse_vfx_preview.tscn' preview in 39 usec
Generated 'res://asset/ui/character_hud/generated/v2/hud_v2_manifest.json' preview in 576 usec
Generated 'res://asset/ui/character_hud/generated/spell_icons_manifest.json' preview in 575 usec
Completed load for: 'res://addons/godot_ai_workbench/commands/workbench_runtime_ops.gd' remapped 'res://addons/godot_ai_workbench/commands/workbench_runtime_ops.gd' at thread -1
Loading resource: res://addons/godot_ai_workbench/commands/workbench_scene_edit_ops.gd remapped: res://addons/godot_ai_workbench/commands/workbench_scene_edit_ops.gd
Completed load for: 'res://addons/godot_ai_workbench/commands/workbench_scene_edit_ops.gd' remapped 'res://addons/godot_ai_workbench/commands/workbench_scene_edit_ops.gd' at thread -1
Loading resource: res://addons/godot_ai_workbench/commands/workbench_scene_ops.gd remapped: res://addons/godot_ai_workbench/commands/workbench_scene_ops.gd
Completed load for: 'res://addons/godot_ai_workbench/commands/workbench_scene_ops.gd' remapped 'res://addons/godot_ai_workbench/commands/workbench_scene_ops.gd' at thread -1
Loading resource: res://addons/godot_ai_workbench/commands/workbench_script_ops.gd remapped: res://addons/godot_ai_workbench/commands/workbench_script_ops.gd
Completed load for: 'res://addons/godot_ai_workbench/commands/workbench_script_ops.gd' remapped 'res://addons/godot_ai_workbench/commands/workbench_script_ops.gd' at thread -1
Loading resource: res://addons/godot_ai_workbench/commands/workbench_settings_ops.gd remapped: res://addons/godot_ai_workbench/commands/workbench_settings_ops.gd
Generated 'res://assets/characters/elf/animations/elf_bow_shot_animation.tres' preview in 307 usec
Generated 'res://battle/iso/cave_avantplan_pic.tscn' preview in 46 usec
Generated 'res://battle/iso/cave_rocher_escalier.tscn' preview in 38 usec
Generated 'res://battle/iso/cave_room_01_background.tscn' preview in 31 usec
Generated 'res://battle/iso/drapeau.tscn' preview in 30 usec
Completed load for: 'res://addons/godot_ai_workbench/commands/workbench_settings_ops.gd' remapped 'res://addons/godot_ai_workbench/commands/workbench_settings_ops.gd' at thread -1
Loading resource: res://addons/godot_ai_workbench/debug/workbench_debug_probe.gd remapped: res://addons/godot_ai_workbench/debug/workbench_debug_probe.gd
Generated 'res://battle/iso/forest_map_calibration.tscn' preview in 40 usec
Generated 'res://battle/iso/forest_room_01_background.tscn' preview in 42 usec
Generated 'res://battle/iso/ISO_CONTRACT.md' preview in 404 usec
Generated 'res://battle/iso/iso_map_lab.tscn' preview in 46 usec
Generated 'res://battle/iso/mountain_room_01_background.tscn' preview in 41 usec
Generated 'res://battle/vfx/boule_de_feu_vfx2.tscn' preview in 41 usec
Generated 'res://battle/vfx/FIREBALL_VFX_LIFECYCLE_FIX.md' preview in 406 usec
Generated 'res://battle/vfx/marque_vfx.tscn' preview in 44 usec
Generated 'res://battle/floating_text.tscn' preview in 41 usec
Generated 'res://characters/elf/ElfVisual3D.tscn' preview in 47 usec
Generated 'res://characters/elf/ELF_FIRST_PLAYABLE_INTEGRATION.md' preview in 476 usec
Generated 'res://characters/elf/ELF_RENDER_SHARPNESS.md' preview in 331 usec
Generated 'res://characters/elf/ELF_VISUAL_SETUP.md' preview in 400 usec
Generated 'res://characters/mage/MageIsoUnitView.tscn' preview in 50 usec
Generated 'res://characters/mage/MageVisual3D.tscn' preview in 40 usec
Completed load for: 'res://addons/godot_ai_workbench/debug/workbench_debug_probe.gd' remapped 'res://addons/godot_ai_workbench/debug/workbench_debug_probe.gd' at thread -1
Loading resource: res://addons/godot_ai_workbench/panel/workbench_panel.gd remapped: res://addons/godot_ai_workbench/panel/workbench_panel.gd
Generated 'res://data/ai_behaviors/agressif_standard.tres' preview in 273 usec
Generated 'res://data/ai_behaviors/archer_kiter.tres' preview in 214 usec
Generated 'res://data/ai_behaviors/berserker_chasseur.tres' preview in 214 usec
Generated 'res://data/ai_behaviors/chamane_soutien.tres' preview in 221 usec
Generated 'res://data/ai_behaviors/hurleur_drain.tres' preview in 197 usec
Generated 'res://data/ai_behaviors/lieur_entrave.tres' preview in 196 usec
Generated 'res://data/ai_behaviors/pyromage_poseur_de_feu.tres' preview in 212 usec
Generated 'res://data/boss_malus/charge_statique.tres' preview in 237 usec
Generated 'res://data/boss_malus/devoration_temporelle.tres' preview in 191 usec
Generated 'res://data/boss_malus/jugement.tres' preview in 193 usec
Generated 'res://data/boss_malus/reflet.tres' preview in 191 usec
Generated 'res://data/boss_malus/regard_de_pierre.tres' preview in 196 usec
Generated 'res://data/characters/elf/disciplines/archer.tres' preview in 243 usec
Generated 'res://data/characters/elf/disciplines/archer_rank_1.tres' preview in 265 usec
Generated 'res://data/characters/elf/disciplines/archer_rank_2.tres' preview in 250 usec
Generated 'res://data/characters/elf/disciplines/archer_rank_3.tres' preview in 232 usec
Generated 'res://data/characters/elf/disciplines/archer_rank_4.tres' preview in 236 usec
Generated 'res://data/characters/elf/disciplines/archer_rank_5.tres' preview in 230 usec
Generated 'res://data/characters/elf/disciplines/assassin.tres' preview in 233 usec
Generated 'res://data/characters/elf/disciplines/assassin_rank_1.tres' preview in 354 usec
Generated 'res://data/characters/elf/disciplines/assassin_rank_2.tres' preview in 422 usec
Generated 'res://data/characters/elf/disciplines/healer.tres' preview in 390 usec
Generated 'res://data/characters/elf/disciplines/healer_rank_1.tres' preview in 347 usec
Generated 'res://data/characters/elf/disciplines/healer_rank_2.tres' preview in 385 usec
Generated 'res://data/characters/elf/disciplines/mage.tres' preview in 283 usec
Generated 'res://data/characters/elf/disciplines/mage_rank_1.tres' preview in 289 usec
Generated 'res://data/characters/elf/disciplines/mage_rank_2.tres' preview in 407 usec
Generated 'res://data/characters/elf/modifiers/abundant_sap.tres' preview in 272 usec
Generated 'res://data/characters/elf/modifiers/backstab.tres' preview in 243 usec
Generated 'res://data/characters/elf/modifiers/barbed_tip.tres' preview in 295 usec
Generated 'res://data/characters/elf/modifiers/eagle_eye.tres' preview in 504 usec
Generated 'res://data/characters/elf/modifiers/hindering_arrow.tres' preview in 454 usec
Generated 'res://data/characters/elf/modifiers/impact_bolt.tres' preview in 501 usec
Generated 'res://data/characters/elf/modifiers/incandescent_core.tres' preview in 426 usec
Generated 'res://data/characters/elf/modifiers/long_range.tres' preview in 383 usec
Generated 'res://data/characters/elf/modifiers/open_breach.tres' preview in 349 usec
Generated 'res://data/characters/elf/modifiers/perfect_shot_damage.tres' preview in 297 usec
Completed load for: 'res://addons/godot_ai_workbench/panel/workbench_panel.gd' remapped 'res://addons/godot_ai_workbench/panel/workbench_panel.gd' at thread -1
Loading resource: res://addons/godot_ai_workbench/runtime/workbench_runtime_probe.gd remapped: res://addons/godot_ai_workbench/runtime/workbench_runtime_probe.gd
Generated 'res://data/characters/elf/modifiers/perfect_shot_range.tres' preview in 390 usec
Generated 'res://data/characters/elf/modifiers/perfect_sight.tres' preview in 284 usec
Generated 'res://data/characters/elf/modifiers/persistent_embers.tres' preview in 335 usec
Generated 'res://data/characters/elf/modifiers/piercing_shot.tres' preview in 258 usec
Generated 'res://data/characters/elf/modifiers/pin_arrow.tres' preview in 392 usec
Generated 'res://data/characters/elf/modifiers/protective_bark.tres' preview in 242 usec
Completed load for: 'res://addons/godot_ai_workbench/runtime/workbench_runtime_probe.gd' remapped 'res://addons/godot_ai_workbench/runtime/workbench_runtime_probe.gd' at thread -1
Generated 'res://data/characters/elf/modifiers/repel_arrow.tres' preview in 337 usec
Loading resource: res://addons/godot_ai_workbench/services/workbench_output_probe.gd remapped: res://addons/godot_ai_workbench/services/workbench_output_probe.gd
Generated 'res://data/characters/elf/modifiers/shatter.tres' preview in 399 usec
Generated 'res://data/characters/elf/modifiers/siege_arrow_collision.tres' preview in 336 usec
Generated 'res://data/characters/elf/modifiers/siege_arrow_push.tres' preview in 286 usec
Generated 'res://data/characters/elf/modifiers/siege_bolt.tres' preview in 239 usec
Generated 'res://data/characters/elf/modifiers/stabilization.tres' preview in 232 usec
Generated 'res://data/characters/elf/modifiers/stopping_arrow_collision.tres' preview in 221 usec
Generated 'res://data/characters/elf/modifiers/stopping_arrow_movement.tres' preview in 411 usec
Generated 'res://data/characters/elf/modifiers/tactical_retreat.tres' preview in 273 usec
Generated 'res://data/characters/elf/modifiers/transpiercing_bolt.tres' preview in 335 usec
Generated 'res://data/characters/elf/modifiers/venomous_blade.tres' preview in 406 usec
Generated 'res://data/characters/elf/spells/fireball.tres' preview in 356 usec
Generated 'res://data/characters/elf/spells/precise_shot.tres' preview in 315 usec
Generated 'res://data/characters/elf/spells/sneak_strike.tres' preview in 318 usec
Generated 'res://data/characters/elf/spells/sylvan_heal.tres' preview in 351 usec
Generated 'res://data/characters/elf/upgrades/abundant_sap.tres' preview in 337 usec
Generated 'res://data/characters/elf/upgrades/backstab.tres' preview in 324 usec
Generated 'res://data/characters/elf/upgrades/barbed_tip.tres' preview in 318 usec
Generated 'res://data/characters/elf/upgrades/eagle_eye.tres' preview in 268 usec
Generated 'res://data/characters/elf/upgrades/hindering_arrow.tres' preview in 462 usec
Generated 'res://data/characters/elf/upgrades/impact_bolt.tres' preview in 290 usec
Generated 'res://data/characters/elf/upgrades/incandescent_core.tres' preview in 313 usec
Generated 'res://data/characters/elf/upgrades/long_range.tres' preview in 301 usec
Generated 'res://data/characters/elf/upgrades/open_breach.tres' preview in 337 usec
Generated 'res://data/characters/elf/upgrades/perfect_shot.tres' preview in 289 usec
Generated 'res://data/characters/elf/upgrades/perfect_sight.tres' preview in 377 usec
Generated 'res://data/characters/elf/upgrades/persistent_embers.tres' preview in 350 usec
Generated 'res://data/characters/elf/upgrades/piercing_shot.tres' preview in 298 usec
Generated 'res://data/characters/elf/upgrades/pin_arrow.tres' preview in 234 usec
Generated 'res://data/characters/elf/upgrades/protective_bark.tres' preview in 248 usec
Generated 'res://data/characters/elf/upgrades/repel_arrow.tres' preview in 219 usec
Generated 'res://data/characters/elf/upgrades/shatter.tres' preview in 356 usec
Generated 'res://data/characters/elf/upgrades/siege_arrow.tres' preview in 337 usec
Generated 'res://data/characters/elf/upgrades/siege_bolt.tres' preview in 306 usec
Generated 'res://data/characters/elf/upgrades/stabilization.tres' preview in 291 usec
Generated 'res://data/characters/elf/upgrades/stopping_arrow.tres' preview in 237 usec
Generated 'res://data/characters/elf/upgrades/tactical_retreat.tres' preview in 292 usec
Generated 'res://data/characters/elf/upgrades/transpiercing_bolt.tres' preview in 364 usec
Generated 'res://data/characters/elf/upgrades/venomous_blade.tres' preview in 413 usec
Generated 'res://data/characters/mage/disciplines/earth.tres' preview in 249 usec
Generated 'res://data/characters/mage/disciplines/fire.tres' preview in 227 usec
Generated 'res://data/characters/mage/disciplines/ice.tres' preview in 238 usec
Generated 'res://data/characters/mage/disciplines/lightning.tres' preview in 240 usec
Generated 'res://data/energy/foi.tres' preview in 296 usec
Generated 'res://data/energy/nature.tres' preview in 327 usec
Generated 'res://data/energy/ombre.tres' preview in 198 usec
Generated 'res://data/energy/rage.tres' preview in 211 usec
Generated 'res://data/equipment/arme_exploit_ferveur.tres' preview in 325 usec
Completed load for: 'res://addons/godot_ai_workbench/services/workbench_output_probe.gd' remapped 'res://addons/godot_ai_workbench/services/workbench_output_probe.gd' at thread -1
Generated 'res://data/equipment/arme_frappe_lourde_gratuite.tres' preview in 282 usec
Loading resource: res://addons/godot_ai_workbench/services/workbench_script_resource.gd remapped: res://addons/godot_ai_workbench/services/workbench_script_resource.gd
Generated 'res://data/equipment/arme_marque_vulnerable.tres' preview in 318 usec
Generated 'res://data/equipment/arme_poussee_plus.tres' preview in 299 usec
Generated 'res://data/equipment/armure_bouclier_depart.tres' preview in 287 usec
Generated 'res://data/equipment/armure_survie_letale.tres' preview in 294 usec
Generated 'res://data/equipment/armure_terrain_allie.tres' preview in 269 usec
Generated 'res://data/equipment/armure_touche_ferveur.tres' preview in 299 usec
Generated 'res://data/equipment/epique_couronne_cendre.tres' preview in 294 usec
Generated 'res://data/equipment/epique_egide_martyr.tres' preview in 272 usec
Completed load for: 'res://addons/godot_ai_workbench/services/workbench_script_resource.gd' remapped 'res://addons/godot_ai_workbench/services/workbench_script_resource.gd' at thread -1
Loading resource: res://addons/godot_ai_workbench/services/workbench_variant_codec.gd remapped: res://addons/godot_ai_workbench/services/workbench_variant_codec.gd
Generated 'res://data/equipment/epique_gantelet_briseur.tres' preview in 320 usec
Generated 'res://data/equipment/epique_voile_spectre.tres' preview in 256 usec
Generated 'res://data/equipment/talisman_elan_ouverture.tres' preview in 332 usec
Generated 'res://data/equipment/talisman_empreinte_moins.tres' preview in 324 usec
Generated 'res://data/equipment/talisman_eveil_soin.tres' preview in 287 usec
Generated 'res://data/equipment/talisman_resonance_combo.tres' preview in 296 usec
Generated 'res://data/events/autel_oublie.tres' preview in 219 usec
Generated 'res://data/events/champ_bataille.tres' preview in 202 usec
Generated 'res://data/events/forgeron_errant.tres' preview in 179 usec
Completed load for: 'res://addons/godot_ai_workbench/services/workbench_variant_codec.gd' remapped 'res://addons/godot_ai_workbench/services/workbench_variant_codec.gd' at thread -1
Loading resource: res://addons/godot_ai_workbench/transport/workbench_bridge_client.gd remapped: res://addons/godot_ai_workbench/transport/workbench_bridge_client.gd
Generated 'res://data/events/mendiant.tres' preview in 268 usec
Generated 'res://data/events/pacte_ombre.tres' preview in 330 usec
Generated 'res://data/events/reliquaire_scelle.tres' preview in 188 usec
Generated 'res://data/events/source_trouble.tres' preview in 200 usec
Generated 'res://data/events/stele_gravee.tres' preview in 184 usec
Completed load for: 'res://addons/godot_ai_workbench/transport/workbench_bridge_client.gd' remapped 'res://addons/godot_ai_workbench/transport/workbench_bridge_client.gd' at thread -1
Loading resource: res://addons/godot_ai_workbench/plugin.gd remapped: res://addons/godot_ai_workbench/plugin.gd
Generated 'res://data/relics/balance_anubis.tres' preview in 252 usec
Generated 'res://data/relics/braise_persistante.tres' preview in 253 usec
Generated 'res://data/relics/calice_rage.tres' preview in 276 usec
Generated 'res://data/relics/catalyseur.tres' preview in 273 usec
Generated 'res://data/relics/choeur.tres' preview in 238 usec
Generated 'res://data/relics/coeur_de_braise.tres' preview in 227 usec
Generated 'res://data/relics/contre_garde.tres' preview in 209 usec
Generated 'res://data/relics/diapason.tres' preview in 253 usec
Completed load for: 'res://addons/godot_ai_workbench/plugin.gd' remapped 'res://addons/godot_ai_workbench/plugin.gd' at thread -1
Loading resource: res://addons/gut/cli/change_project_warnings.gd remapped: res://addons/gut/cli/change_project_warnings.gd
Generated 'res://data/relics/elan_brut.tres' preview in 327 usec
Generated 'res://data/relics/empreinte_tellurique.tres' preview in 258 usec
Generated 'res://data/relics/etincelle_ame.tres' preview in 268 usec
Generated 'res://data/relics/ferveur_debordante.tres' preview in 287 usec
Generated 'res://data/relics/geomancien.tres' preview in 254 usec
Generated 'res://data/relics/marteau_jugement.tres' preview in 187 usec
Generated 'res://data/relics/oeil_ombre.tres' preview in 178 usec
Generated 'res://data/relics/reflexe.tres' preview in 177 usec
Generated 'res://data/relics/sang_froid.tres' preview in 202 usec
Generated 'res://data/relics/seconde_nature.tres' preview in 175 usec
Generated 'res://data/relics/stigmates.tres' preview in 176 usec
Generated 'res://data/relics/transe.tres' preview in 204 usec
Generated 'res://data/rewards/célérité.tres' preview in 172 usec
Generated 'res://data/rewards/force.tres' preview in 177 usec
Generated 'res://data/rewards/repos_equipe.tres' preview in 187 usec
Generated 'res://data/rewards/reward_calice_de_rage.tres' preview in 192 usec
Generated 'res://data/rewards/reward_coeur_de_braise.tres' preview in 296 usec
Generated 'res://data/rewards/reward_coup_epaule_enflamme.tres' preview in 180 usec
Generated 'res://data/rewards/reward_elan_brut.tres' preview in 255 usec
Generated 'res://data/rewards/reward_etincelle_ame.tres' preview in 289 usec
Generated 'res://data/rewards/reward_gardien_de_fer.tres' preview in 249 usec
Generated 'res://data/rewards/reward_lame_d_elan.tres' preview in 276 usec
Generated 'res://data/rewards/reward_marteau_jugement.tres' preview in 340 usec
Generated 'res://data/rewards/reward_pacte_de_fer.tres' preview in 209 usec
Generated 'res://data/rewards/reward_racines_de_secours.tres' preview in 197 usec
Generated 'res://data/rewards/reward_reflexe.tres' preview in 180 usec
Generated 'res://data/rewards/reward_seconde_nature.tres' preview in 199 usec
Generated 'res://data/rewards/reward_soif_de_sang.tres' preview in 192 usec
Generated 'res://data/rewards/reward_sort_aiguillon.tres' preview in 185 usec
Generated 'res://data/rewards/reward_sort_appel.tres' preview in 220 usec
Generated 'res://data/rewards/reward_sort_banniere.tres' preview in 186 usec
Generated 'res://data/rewards/reward_sort_catalyse.tres' preview in 311 usec
Generated 'res://data/rewards/reward_sort_charge.tres' preview in 332 usec
Generated 'res://data/rewards/reward_sort_deflagration.tres' preview in 213 usec
Generated 'res://data/rewards/reward_sort_etincelle.tres' preview in 195 usec
Generated 'res://data/rewards/reward_sort_glaciation.tres' preview in 181 usec
Generated 'res://data/rewards/reward_sort_lien_ombre.tres' preview in 181 usec
Generated 'res://data/rewards/reward_sort_onde_de_choc.tres' preview in 216 usec
Generated 'res://data/rewards/reward_sort_salve.tres' preview in 193 usec
Generated 'res://data/rewards/reward_sort_sceau.tres' preview in 194 usec
Completed load for: 'res://addons/gut/cli/change_project_warnings.gd' remapped 'res://addons/gut/cli/change_project_warnings.gd' at thread -1
Loading resource: res://addons/gut/cli/gut_cli.gd remapped: res://addons/gut/cli/gut_cli.gd
Generated 'res://data/rewards/reward_sort_second_souffle.tres' preview in 362 usec
Generated 'res://data/rewards/reward_sort_vague.tres' preview in 412 usec
Generated 'res://data/rewards/reward_stigmates.tres' preview in 366 usec
Generated 'res://data/rewards/reward_vengeance.tres' preview in 253 usec
Completed load for: 'res://addons/gut/cli/gut_cli.gd' remapped 'res://addons/gut/cli/gut_cli.gd' at thread -1
Generated 'res://data/rewards/vigueur.tres' preview in 211 usec
Loading resource: res://addons/gut/cli/optparse.gd remapped: res://addons/gut/cli/optparse.gd
Generated 'res://data/rooms/bible/arene_mouvante.tres' preview in 368 usec
Generated 'res://data/rooms/bible/boss_meduse.tres' preview in 239 usec
Generated 'res://data/rooms/bible/catacombes.tres' preview in 306 usec
Generated 'res://data/rooms/bible/elite_brute.tres' preview in 297 usec
Generated 'res://data/rooms/bible/la_forge.tres' preview in 297 usec
Generated 'res://data/rooms/bible/le_gue.tres' preview in 233 usec
Generated 'res://data/rooms/bible/sanctuaire_objectif.tres' preview in 241 usec
Generated 'res://data/rooms/maps/battle test.tscn' preview in 29 usec
Generated 'res://data/rooms/maps/battle_salle1_iso.tscn' preview in 35 usec
Generated 'res://data/rooms/maps/battle_salletest.tscn' preview in 38 usec
Generated 'res://data/rooms/maps/battle_salle_caverne_iso_v2.tscn' preview in 30 usec
Generated 'res://data/rooms/maps/battle_salle_montagne_iso.tscn' preview in 29 usec
Generated 'res://data/rooms/maps/batttest.tscn' preview in 33 usec
Generated 'res://data/rooms/maps/test_battle_asphodel.tscn' preview in 29 usec
Generated 'res://data/rooms/boss_colosse.tres' preview in 229 usec
Generated 'res://data/rooms/salle_1.tres' preview in 249 usec
Generated 'res://data/rooms/salle_2.tres' preview in 180 usec
Generated 'res://data/rooms/salle_3.tres' preview in 177 usec
Generated 'res://data/rooms/situation_totem.tres' preview in 297 usec
Generated 'res://data/rooms/terrain_2.tres' preview in 266 usec
Generated 'res://data/rooms/test_tile_set_asphodel.tres' preview in 287 usec
Generated 'res://data/rooms/tile_set.tres' preview in 300 usec
Generated 'res://data/rooms/tile_set_iso_decor.tres' preview in 284 usec
Generated 'res://data/rooms/tile_set_iso_terrain.tres' preview in 198 usec
Generated 'res://data/runs/elf_prototype_run.tres' preview in 211 usec
Generated 'res://data/runs/fixed_trio_prototype_run.tres' preview in 287 usec
Generated 'res://data/runs/run_default.tres' preview in 220 usec
Generated 'res://data/runs/three_character_validation_run.tres' preview in 200 usec
Generated 'res://data/run_nodes/acte1_boss_meduse.tres' preview in 235 usec
Generated 'res://data/run_nodes/acte1_combat_1.tres' preview in 190 usec
Generated 'res://data/run_nodes/acte1_elite.tres' preview in 274 usec
Generated 'res://data/run_nodes/acte1_repos.tres' preview in 266 usec
Generated 'res://data/run_nodes/acte1_tresor.tres' preview in 278 usec
Completed load for: 'res://addons/gut/cli/optparse.gd' remapped 'res://addons/gut/cli/optparse.gd' at thread -1
Loading resource: res://addons/gut/gui/about.gd remapped: res://addons/gut/gui/about.gd
Generated 'res://data/run_nodes/event_pacte_ombre.tres' preview in 195 usec
Generated 'res://data/spells/assasin/execution.tres' preview in 308 usec
Generated 'res://data/spells/assasin/frappe_basse.tres' preview in 228 usec
Generated 'res://data/spells/assasin/lame.tres' preview in 222 usec
Generated 'res://data/spells/assasin/marque.tres' preview in 217 usec
Generated 'res://data/spells/assasin/pas_de_l_ombre.tres' preview in 263 usec
Generated 'res://data/spells/boss/bouclier_miroir.tres' preview in 398 usec
Generated 'res://data/spells/boss/devoration_cronos.tres' preview in 228 usec
Generated 'res://data/spells/boss/foudre_de_thor.tres' preview in 229 usec
Generated 'res://data/spells/boss/inondation.tres' preview in 298 usec
Generated 'res://data/spells/boss/jugement_anubis.tres' preview in 244 usec
Generated 'res://data/spells/boss/morsure_serpent.tres' preview in 225 usec
Generated 'res://data/spells/boss/regard_petrifiant.tres' preview in 224 usec
Generated 'res://data/spells/draft/aiguillon.tres' preview in 265 usec
Completed load for: 'res://addons/gut/gui/about.gd' remapped 'res://addons/gut/gui/about.gd' at thread -1
Loading resource: res://addons/gut/gui/check_for_update.gd remapped: res://addons/gut/gui/check_for_update.gd
Generated 'res://data/spells/draft/appel.tres' preview in 253 usec
Generated 'res://data/spells/draft/banniere.tres' preview in 340 usec
Generated 'res://data/spells/draft/catalyse.tres' preview in 328 usec
Generated 'res://data/spells/draft/charge.tres' preview in 301 usec
Generated 'res://data/spells/draft/deflagration.tres' preview in 356 usec
Generated 'res://data/spells/draft/etincelle.tres' preview in 304 usec
Completed load for: 'res://addons/gut/gui/check_for_update.gd' remapped 'res://addons/gut/gui/check_for_update.gd' at thread -1
Loading resource: res://addons/gut/gui/GutControl.gd remapped: res://addons/gut/gui/GutControl.gd
Generated 'res://data/spells/draft/glaciation.tres' preview in 305 usec
Generated 'res://data/spells/draft/lien_ombre.tres' preview in 251 usec
Generated 'res://data/spells/draft/salve.tres' preview in 203 usec
Generated 'res://data/spells/draft/sceau.tres' preview in 218 usec
Generated 'res://data/spells/draft/second_souffle.tres' preview in 208 usec
Generated 'res://data/spells/draft/vague.tres' preview in 209 usec
Generated 'res://data/spells/enemies/entrave.tres' preview in 188 usec
Generated 'res://data/spells/enemies/fleche.tres' preview in 195 usec
Completed load for: 'res://addons/gut/gui/GutControl.gd' remapped 'res://addons/gut/gui/GutControl.gd' at thread -1
Loading resource: res://addons/gut/gui/GutRunner.gd remapped: res://addons/gut/gui/GutRunner.gd
Generated 'res://data/spells/enemies/rage_berserker.tres' preview in 417 usec
Generated 'res://data/spells/enemies/tir_hurleur.tres' preview in 250 usec
Generated 'res://data/spells/Gardien/bastion.tres' preview in 211 usec
Generated 'res://data/spells/Gardien/frappe_de_bouclier.tres' preview in 257 usec
Generated 'res://data/spells/Gardien/garde.tres' preview in 213 usec
Generated 'res://data/spells/Gardien/provocation.tres' preview in 214 usec
Generated 'res://data/spells/Gardien/rempart.tres' preview in 192 usec
Generated 'res://data/spells/gobelin/braise_gobeline.tres' preview in 205 usec
Completed load for: 'res://addons/gut/gui/GutRunner.gd' remapped 'res://addons/gut/gui/GutRunner.gd' at thread -1
Loading resource: res://addons/gut/gui/gut_config_gui.gd remapped: res://addons/gut/gui/gut_config_gui.gd
Generated 'res://data/spells/gobelin/hurlement_drainant.tres' preview in 366 usec
Generated 'res://data/spells/gobelin/mêlée_gobelin.tres' preview in 294 usec
Generated 'res://data/spells/Guerrier/bourrade.tres' preview in 245 usec
Generated 'res://data/spells/Guerrier/brise_garde.tres' preview in 229 usec
Generated 'res://data/spells/Guerrier/coup_épaule.tres' preview in 336 usec
Completed load for: 'res://addons/gut/gui/gut_config_gui.gd' remapped 'res://addons/gut/gui/gut_config_gui.gd' at thread -1
Generated 'res://data/spells/Guerrier/crochet.tres' preview in 261 usec
Loading resource: res://addons/gut/gui/gut_dock.gd remapped: res://addons/gut/gui/gut_dock.gd
Generated 'res://data/spells/Guerrier/execution_de_guerre.tres' preview in 381 usec
Generated 'res://data/spells/Guerrier/frappe.tres' preview in 318 usec
Generated 'res://data/spells/Guerrier/frappe_lourde.tres' preview in 317 usec
Completed load for: 'res://addons/gut/gui/gut_dock.gd' remapped 'res://addons/gut/gui/gut_dock.gd' at thread -1
Loading resource: res://addons/gut/gui/gut_logo.gd remapped: res://addons/gut/gui/gut_logo.gd
Generated 'res://data/spells/Guerrier/marque_de_guerre.tres' preview in 425 usec
Generated 'res://data/spells/Guerrier/onde_de_choc.tres' preview in 334 usec
Generated 'res://data/spells/Guerrier/pietinement.tres' preview in 248 usec
Generated 'res://data/spells/Guerrier/sol_corrompu.tres' preview in 254 usec
Generated 'res://data/spells/Healer/floraison.tres' preview in 220 usec
Generated 'res://data/spells/Healer/graine_vive.tres' preview in 201 usec
Generated 'res://data/spells/Healer/ronces.tres' preview in 184 usec
Generated 'res://data/spells/Healer/seve_legere.tres' preview in 194 usec
Unloading addon: res://addons/gut/plugin.cfg
Unloading addon: res://addons/meshy-godot-plugin/plugin.cfg
Generated 'res://data/spells/Hoplite/estoc.tres' preview in 228 usec
Completed load for: 'res://addons/gut/gui/gut_logo.gd' remapped 'res://addons/gut/gui/gut_logo.gd' at thread -1
Generated 'res://data/spells/Hoplite/mur_de_lances.tres' preview in 226 usec
Loading resource: res://addons/gut/gui/option_maker.gd remapped: res://addons/gut/gui/option_maker.gd
Generated 'res://data/spells/Hoplite/phalange.tres' preview in 210 usec
Generated 'res://data/spells/Hoplite/repousse.tres' preview in 222 usec
Generated 'res://data/spells/Mage/boule_de_feu.tres' preview in 199 usec
Generated 'res://data/spells/Mage/onde_sismique.tres' preview in 185 usec
Generated 'res://data/spells/Mage/tempete_orageuse.tres' preview in 227 usec
Generated 'res://data/spells/Necromant/eclat_ombre.tres' preview in 215 usec
Generated 'res://data/spells/Necromant/faille.tres' preview in 232 usec
Generated 'res://data/spells/Necromant/lever.tres' preview in 238 usec
Generated 'res://data/spells/Necromant/moisson.tres' preview in 205 usec
Generated 'res://data/spells/Perséphone/flétrissement.tres' preview in 210 usec
Generated 'res://data/spells/Perséphone/tombeau fleuri.tres' preview in 205 usec
Generated 'res://data/spells/Perséphone/étreinte des enfers.tres' preview in 246 usec
Completed load for: 'res://addons/gut/gui/option_maker.gd' remapped 'res://addons/gut/gui/option_maker.gd' at thread -1
Loading resource: res://addons/gut/gui/panel_controls.gd remapped: res://addons/gut/gui/panel_controls.gd
Generated 'res://data/spells/blizzard.tres' preview in 246 usec
Generated 'res://data/spells/frappe.tres' preview in 272 usec
Generated 'res://data/spells/mur_de_glace.tres' preview in 234 usec
Generated 'res://data/spells/poison.tres' preview in 219 usec
Generated 'res://data/spells/soin.tres' preview in 171 usec
Generated 'res://data/spell_mods/mod_enflamme_arrivee.tres' preview in 175 usec
Generated 'res://data/status/core/bruleure.tres' preview in 202 usec
Generated 'res://data/status/core/brulure.tres' preview in 211 usec
Generated 'res://data/status/core/catalyse.tres' preview in 203 usec
Generated 'res://data/status/core/enracine.tres' preview in 199 usec
Generated 'res://data/status/core/etourdi.tres' preview in 181 usec
Generated 'res://data/status/core/faille.tres' preview in 200 usec
Generated 'res://data/status/core/jugement.tres' preview in 180 usec
Generated 'res://data/status/core/lien_ombre.tres' preview in 259 usec
Generated 'res://data/status/core/marqué.tres' preview in 179 usec
Generated 'res://data/status/core/mouille.tres' preview in 179 usec
Generated 'res://data/status/core/petrifie.tres' preview in 270 usec
Generated 'res://data/status/core/protégé.tres' preview in 208 usec
Generated 'res://data/status/core/saignement.tres' preview in 207 usec
Generated 'res://data/status/core/vulnerable_bible.tres' preview in 201 usec
Generated 'res://data/status/core/vulnérable.tres' preview in 192 usec
Generated 'res://data/status/progression/bleeding_2_for_2.tres' preview in 227 usec
Generated 'res://data/status/progression/physical_breach_1.tres' preview in 190 usec
Generated 'res://data/status/progression/physical_breach_2.tres' preview in 246 usec
Generated 'res://data/status/dot.tres' preview in 196 usec
Generated 'res://data/status/elf_venomous_blade_poison.tres' preview in 173 usec
Generated 'res://data/status/flétrissure.tres' preview in 222 usec
Generated 'res://data/status/poison.tres' preview in 174 usec
Generated 'res://data/terrain/banniere.tres' preview in 261 usec
Completed load for: 'res://addons/gut/gui/panel_controls.gd' remapped 'res://addons/gut/gui/panel_controls.gd' at thread -1
Loading resource: res://addons/gut/gui/run_from_editor.gd remapped: res://addons/gut/gui/run_from_editor.gd
Generated 'res://data/terrain/eau.tres' preview in 202 usec
Generated 'res://data/terrain/feu.tres' preview in 258 usec
Generated 'res://data/terrain/foudre.tres' preview in 189 usec
Generated 'res://data/terrain/glace.tres' preview in 180 usec
Generated 'res://data/terrain/lave.tres' preview in 169 usec
Generated 'res://data/terrain/mur_lances.tres' preview in 158 usec
Generated 'res://data/terrain/ombre.tres' preview in 248 usec
Completed load for: 'res://addons/gut/gui/run_from_editor.gd' remapped 'res://addons/gut/gui/run_from_editor.gd' at thread -1
Generated 'res://data/terrain/regard.tres' preview in 182 usec
Loading resource: res://addons/gut/gui/update_required.gd remapped: res://addons/gut/gui/update_required.gd
Generated 'res://data/terrain/ronces.tres' preview in 218 usec
Generated 'res://data/terrain/rune_amplification.tres' preview in 183 usec
Generated 'res://data/terrain/rune_soin.tres' preview in 203 usec
Generated 'res://data/terrain/sanctuaire.tres' preview in 160 usec
Generated 'res://data/terrain/vapeur.tres' preview in 168 usec
Generated 'res://data/traits/chassis_assassin.tres' preview in 183 usec
Generated 'res://data/traits/chassis_gardien.tres' preview in 168 usec
Completed load for: 'res://addons/gut/gui/update_required.gd' remapped 'res://addons/gut/gui/update_required.gd' at thread -1
Generated 'res://data/traits/chassis_guerrier.tres' preview in 158 usec
Loading resource: res://addons/gut/autofree.gd remapped: res://addons/gut/autofree.gd
Generated 'res://data/traits/chassis_healer.tres' preview in 194 usec
Generated 'res://data/traits/depart_etincelle_flux.tres' preview in 172 usec
Generated 'res://data/traits/depart_instinct_tactique.tres' preview in 173 usec
Generated 'res://data/traits/depart_posture_defensive.tres' preview in 169 usec
Generated 'res://data/traits/depart_sang_vif.tres' preview in 180 usec
Generated 'res://data/traits/fureur.tres' preview in 174 usec
Generated 'res://data/traits/hardened_front.tres' preview in 207 usec
Generated 'res://data/traits/relique_braise_persistante.tres' preview in 171 usec
Generated 'res://data/traits/relique_calice_de_rage.tres' preview in 165 usec
Generated 'res://data/traits/relique_coeur_de_braise.tres' preview in 186 usec
Generated 'res://data/traits/relique_elan_brut.tres' preview in 199 usec
Generated 'res://data/traits/relique_empreinte_tellurique.tres' preview in 221 usec
Generated 'res://data/traits/relique_etincelle_ame.tres' preview in 180 usec
Generated 'res://data/traits/relique_gardien_de_fer.tres' preview in 360 usec
Generated 'res://data/traits/relique_lame_d_elan.tres' preview in 185 usec
Generated 'res://data/traits/relique_marteau_jugement.tres' preview in 234 usec
Generated 'res://data/traits/relique_pacte_de_fer.tres' preview in 216 usec
Generated 'res://data/traits/relique_racines_de_secours.tres' preview in 191 usec
Generated 'res://data/traits/relique_reflexe.tres' preview in 174 usec
Generated 'res://data/traits/relique_seconde_nature.tres' preview in 201 usec
Generated 'res://data/traits/relique_soif_de_sang.tres' preview in 170 usec
Generated 'res://data/traits/relique_stigmates.tres' preview in 166 usec
Completed load for: 'res://addons/gut/autofree.gd' remapped 'res://addons/gut/autofree.gd' at thread -1
Loading resource: res://addons/gut/awaiter.gd remapped: res://addons/gut/awaiter.gd
Generated 'res://data/traits/reward_epaule_enflamme.tres' preview in 239 usec
Generated 'res://data/traits/threshold_identity.tres' preview in 230 usec
Generated 'res://data/traits/vengeance.tres' preview in 270 usec
Generated 'res://data/ui/assassin_hud_theme_refined.tres' preview in 195 usec
Generated 'res://data/ui/combat_hud_layout_clean.tres' preview in 177 usec
Generated 'res://data/ui/druid_hud_theme_refined.tres' preview in 187 usec
Generated 'res://data/ui/elf_hud_theme.tres' preview in 231 usec
Generated 'res://data/ui/elf_hud_theme_clean.tres' preview in 203 usec
Generated 'res://data/ui/elf_hud_theme_refined.tres' preview in 206 usec
Generated 'res://data/ui/guardian_hud_theme_refined.tres' preview in 255 usec
Generated 'res://data/ui/hoplite_hud_theme_refined.tres' preview in 184 usec
Generated 'res://data/ui/mage_hud_theme_refined.tres' preview in 189 usec
Generated 'res://data/ui/necromancer_hud_theme_refined.tres' preview in 182 usec
Generated 'res://data/ui/skill_tree_icon_catalog_refined.tres' preview in 181 usec
Generated 'res://data/ui/skill_tree_refined_config.tres' preview in 180 usec
Generated 'res://data/ui/warrior_hud_theme_refined.tres' preview in 169 usec
Generated 'res://data/units/alliés/Assassin.tres' preview in 203 usec
Generated 'res://data/units/alliés/chevalier.tres' preview in 269 usec
Generated 'res://data/units/alliés/elfe.tres' preview in 209 usec
Generated 'res://data/units/alliés/Gardien.tres' preview in 196 usec
Generated 'res://data/units/alliés/Guerrier.tres' preview in 250 usec
Generated 'res://data/units/alliés/healer.tres' preview in 239 usec
Generated 'res://data/units/alliés/Hoplite.tres' preview in 221 usec
Generated 'res://data/units/alliés/mage.tres' preview in 242 usec
Generated 'res://data/units/alliés/Necromant.tres' preview in 203 usec
Generated 'res://data/units/boss/anubis.tres' preview in 264 usec
Generated 'res://data/units/boss/cronos.tres' preview in 301 usec
Completed load for: 'res://addons/gut/awaiter.gd' remapped 'res://addons/gut/awaiter.gd' at thread -1
Loading resource: res://addons/gut/collected_script.gd remapped: res://addons/gut/collected_script.gd
Generated 'res://data/units/boss/le_colosse.tres' preview in 245 usec
Generated 'res://data/units/boss/meduse.tres' preview in 233 usec
Generated 'res://data/units/boss/persee.tres' preview in 196 usec
Generated 'res://data/units/boss/pérsephone.tres' preview in 207 usec
Generated 'res://data/units/boss/thor.tres' preview in 192 usec
Generated 'res://data/units/ennemie/elite_brute_gobelin.tres' preview in 236 usec
Generated 'res://data/units/ennemie/elite_pyromage_gobelin.tres' preview in 212 usec
Generated 'res://data/units/ennemie/gobelin.tres' preview in 203 usec
Generated 'res://data/units/ennemie/GobTestUnitData.tres' preview in 203 usec
Generated 'res://data/units/ennemie/GobTestUnitData_v2.tres' preview in 200 usec
Generated 'res://data/units/ennemie/mage_healer_gobelin.tres' preview in 203 usec
Generated 'res://data/units/ennemie/run_archer_gobelin.tres' preview in 194 usec
Generated 'res://data/units/ennemie/run_berserker_gobelin.tres' preview in 237 usec
Generated 'res://data/units/ennemie/run_brute_gobelin.tres' preview in 202 usec
Generated 'res://data/units/ennemie/run_capitaine_gobelin.tres' preview in 205 usec
Generated 'res://data/units/ennemie/run_chamane_gobelin.tres' preview in 195 usec
Generated 'res://data/units/ennemie/run_eclaireur_gobelin.tres' preview in 231 usec
Generated 'res://data/units/ennemie/run_hurleur_gobelin.tres' preview in 212 usec
Generated 'res://data/units/ennemie/run_lieur_gobelin.tres' preview in 200 usec
Generated 'res://data/units/ennemie/run_porte_bouclier_gobelin.tres' preview in 194 usec
Generated 'res://data/units/ennemie/run_pyromage_gobelin.tres' preview in 211 usec
Generated 'res://data/units/ennemie/run_totem_gobelin.tres' preview in 253 usec
Generated 'res://data/units/ennemie/serpent_meduse.tres' preview in 218 usec
Generated 'res://data/units/ennemie/totem_gobelin.tres' preview in 199 usec
Completed load for: 'res://addons/gut/collected_script.gd' remapped 'res://addons/gut/collected_script.gd' at thread -1
Loading resource: res://addons/gut/collected_test.gd remapped: res://addons/gut/collected_test.gd
Generated 'res://docs/audits/elf_progression_reset_inventory.md' preview in 353 usec
Generated 'res://docs/audits/skill_tree_legacy_assets_audit.md' preview in 405 usec
Generated 'res://docs/audits/skill_tree_refined_ui_audit.md' preview in 428 usec
Generated 'res://docs/prototypes/character_progression_foundation.md' preview in 313 usec
Generated 'res://docs/prototypes/elf_mage_progression_slice.md' preview in 292 usec
Generated 'res://docs/prototypes/elf_rank_two_disciplines.md' preview in 340 usec
Generated 'res://docs/prototypes/elf_vertical_slice_bootstrap.md' preview in 334 usec
Completed load for: 'res://addons/gut/collected_test.gd' remapped 'res://addons/gut/collected_test.gd' at thread -1
Loading resource: res://addons/gut/comparator.gd remapped: res://addons/gut/comparator.gd
Generated 'res://docs/prototypes/fixed_trio_mage_integration.md' preview in 359 usec
Generated 'res://docs/prototypes/mage_elemental_foundation.md' preview in 331 usec
Generated 'res://docs/prototypes/progression_lifecycle.md' preview in 293 usec
Generated 'res://docs/prototypes/three_character_party_validation.md' preview in 305 usec
Completed load for: 'res://addons/gut/comparator.gd' remapped 'res://addons/gut/comparator.gd' at thread -1
Loading resource: res://addons/gut/compare_result.gd remapped: res://addons/gut/compare_result.gd
Completed load for: 'res://addons/gut/compare_result.gd' remapped 'res://addons/gut/compare_result.gd' at thread -1
Loading resource: res://addons/gut/diff_formatter.gd remapped: res://addons/gut/diff_formatter.gd
Completed load for: 'res://addons/gut/diff_formatter.gd' remapped 'res://addons/gut/diff_formatter.gd' at thread -1
Loading resource: res://addons/gut/diff_tool.gd remapped: res://addons/gut/diff_tool.gd
Completed load for: 'res://addons/gut/diff_tool.gd' remapped 'res://addons/gut/diff_tool.gd' at thread -1
Loading resource: res://addons/gut/doubler.gd remapped: res://addons/gut/doubler.gd
Completed load for: 'res://addons/gut/doubler.gd' remapped 'res://addons/gut/doubler.gd' at thread -1
Loading resource: res://addons/gut/double_tools.gd remapped: res://addons/gut/double_tools.gd
Completed load for: 'res://addons/gut/double_tools.gd' remapped 'res://addons/gut/double_tools.gd' at thread -1
Loading resource: res://addons/gut/editor_caret_context_notifier.gd remapped: res://addons/gut/editor_caret_context_notifier.gd
Completed load for: 'res://addons/gut/editor_caret_context_notifier.gd' remapped 'res://addons/gut/editor_caret_context_notifier.gd' at thread -1
Loading resource: res://addons/gut/get_editor_interface.gd remapped: res://addons/gut/get_editor_interface.gd
Completed load for: 'res://addons/gut/get_editor_interface.gd' remapped 'res://addons/gut/get_editor_interface.gd' at thread -1
Loading resource: res://addons/gut/godot_singletons.gd remapped: res://addons/gut/godot_singletons.gd
Completed load for: 'res://addons/gut/godot_singletons.gd' remapped 'res://addons/gut/godot_singletons.gd' at thread -1
Loading resource: res://addons/gut/gut.gd remapped: res://addons/gut/gut.gd
Accessibility: window 1 adapter deactivation completed.
Accessibility: window 1 adapter destroyed.
Completed load for: 'res://addons/gut/gut.gd' remapped 'res://addons/gut/gut.gd' at thread -1
Loading resource: res://addons/gut/gut_cmdln.gd remapped: res://addons/gut/gut_cmdln.gd
Completed load for: 'res://addons/gut/gut_cmdln.gd' remapped 'res://addons/gut/gut_cmdln.gd' at thread -1
Loading resource: res://addons/gut/gut_config.gd remapped: res://addons/gut/gut_config.gd
Script docs haven't been properly loaded or regenerated, so don't save them to disk.
Completed load for: 'res://addons/gut/gut_config.gd' remapped 'res://addons/gut/gut_config.gd' at thread -1
EditorSettings: Save OK!
