Godot Engine v4.7.1.stable.official.a13da4feb - https://godotengine.org
TextServer: Added interface "Dummy"
TextServer: Added interface "ICU / HarfBuzz / Graphite (Built-in)"
Accessibility: AccessKit driver loaded.
Native OpenGL API detected: 3.3: NVIDIA - NVIDIA GeForce RTX 4070 Laptop GPU
NVAPI: Init OK!
NVAPI: Profile not found, creating...
NVAPI: Application not found in profile, creating...
NVAPI: Error creating application: NVAPI_EXECUTABLE_ALREADY_IN_USE(code -167)
Accessibility: window 0 adapter created.
SDL: Init OK!
Using "winink" pen tablet driver...
Shader 'CanvasSdfShaderGLES3' SHA256: eb09891a51e8389c02aa47bf609b3e02c90eddaad7f6731abe5a9c29b1671d6c
Shader 'SkeletonShaderGLES3' SHA256: 47d5b7174dcac2517826468856030543c9ce87c8eb85a2ab47a3064ee6de65f2
Shader 'ParticlesShaderGLES3' SHA256: 77df34cc738924c95ac656c7d469aca33980a34a5dbbba752dcc721c5441d4d2
Shader 'ParticlesCopyShaderGLES3' SHA256: 6df46d59896c571e714fbe60eab059f3c9154d983dca378d40b5d2ade15bd394
Shader 'CopyShaderGLES3' SHA256: d284dc5d5ac7674e35dfbae462837dd601c7cc7fa3e20b3a176744ecc61a131a
Shader 'CubemapFilterShaderGLES3' SHA256: d0a07c5cca7ae73966cb2fa2e24aafdf5e3123a37fc12814ebfd0ebf3e3bb158
Shader 'GlowShaderGLES3' SHA256: d72916d925176ce849bffb22e48c3ee82bc557cc8adfd681fd885b7b127753fc
Shader 'PostShaderGLES3' SHA256: c73fbdebac2a876f8183450a9cb75248391a3e3d8c8de74db3ce8e692e076791
Shader 'FeedShaderGLES3' SHA256: 54e111b48f201e72c9738f2d8ca1b16720dbab2bfe8ce5f919d05ee312d1a9c0
Shader 'CanvasShaderGLES3' SHA256: 08e1f45a9911314e53d919657307abc4d0316e180498cc98d0ede2ec89c8ee9a
Shader 'CanvasOcclusionShaderGLES3' SHA256: 23e33cbd64ea80e40eccc66ec9afb0d8968106b7ad263c2641d0260aad356113
Shader 'SceneShaderGLES3' SHA256: 1ef07672fa1fa9403f64f0d9130d59bca18d2dbad4fea906bee79e4d1351178f
Shader 'SkyShaderGLES3' SHA256: 54461e02781b9e4e4fbbf037a6b0d4f296d5b30c6898158b37cea91f5e8ab5cf
Shader 'TexBlitShaderGLES3' SHA256: d70e21e3fc6025887724055d29a872945ac54024e34026377721ae7ea510c0b4
OpenGL API 3.3.0 NVIDIA 595.97 - Compatibility - Using Device: NVIDIA - NVIDIA GeForce RTX 4070 Laptop GPU
WASAPI: Activated output_device using IAudioClient3 interface
WASAPI: wFormatTag = 65534
WASAPI: nChannels = 2
WASAPI: nSamplesPerSec = 48000
WASAPI: nAvgBytesPerSec = 384000
WASAPI: nBlockAlign = 8
WASAPI: wBitsPerSample = 32
WASAPI: cbSize = 22
WASAPI: mix_rate = 48000
WASAPI: fundamental_period_frames = 480
WASAPI: min_period_frames = 480
WASAPI: max_period_frames = 480
WASAPI: selected a period frame size of 480
WASAPI: detected 2 channels
WASAPI: audio buffer frames: 480 calculated latency: 10ms

TextServer: Primary interface set to: "ICU / HarfBuzz / Graphite (Built-in)".
Loading resource: res://default_bus_layout.tres remapped: res://default_bus_layout.tres
Completed load for: 'res://default_bus_layout.tres' remapped 'res://default_bus_layout.tres' at thread -1
CORE API HASH: 3769296884
EDITOR API HASH: 3146738256
SceneTreeFTI: traversal method DEFAULT
Loading resource: C:/Users/paolo/AppData/Roaming/Godot/editor_settings-4.7.tres remapped: C:/Users/paolo/AppData/Roaming/Godot/editor_settings-4.7.tres
Completed load for: 'C:/Users/paolo/AppData/Roaming/Godot/editor_settings-4.7.tres' remapped 'C:/Users/paolo/AppData/Roaming/Godot/editor_settings-4.7.tres' at thread -1
EditorSettings: Load OK!
EditorTheme: Generating new theme for the config '2424066630'.
EditorTheme: Generating new icons.
EditorTheme: Generating new fonts.
EditorTheme: Generating new styles.
Asset Store not available (due to using Web editor, or SSL support disabled).
Loading resource: C:/Users/paolo/AppData/Local/Godot/editor_doc_cache-4.7.res remapped: C:/Users/paolo/AppData/Local/Godot/editor_doc_cache-4.7.res
MbedTLS: Some X509 certificates could not be parsed (1 certificates skipped).
Loaded system CA certificates
Completed load for: 'C:/Users/paolo/AppData/Local/Godot/editor_doc_cache-4.7.res' remapped 'C:/Users/paolo/AppData/Local/Godot/editor_doc_cache-4.7.res' at thread -1
Accessibility: window 1 adapter created.
Accessibility: window 1 adapter initial update completed.
Accessibility: window 0 adapter activated.
Script documentation cache not found. Regenerating it may take a while for projects with many scripts.
Accessibility: window 0 adapter initial update completed.
Loading resource: res://debug/debug_logger.gd remapped: res://debug/debug_logger.gd
Completed load for: 'res://debug/debug_logger.gd' remapped 'res://debug/debug_logger.gd' at thread -1
Loading resource: res://core/event_bus.gd remapped: res://core/event_bus.gd
Completed load for: 'res://core/event_bus.gd' remapped 'res://core/event_bus.gd' at thread -1
Loading resource: res://core/combat_logger.gd remapped: res://core/combat_logger.gd
Completed load for: 'res://core/combat_logger.gd' remapped 'res://core/combat_logger.gd' at thread -1
Loading resource: res://debug/DebugOverlay.tscn remapped: res://debug/DebugOverlay.tscn
Loading resource: res://debug/DebugOverlay.gd remapped: res://debug/DebugOverlay.gd
Completed load for: 'res://debug/DebugOverlay.gd' remapped 'res://debug/DebugOverlay.gd' at thread -1
Completed load for: 'res://debug/DebugOverlay.tscn' remapped 'res://debug/DebugOverlay.tscn' at thread -1
Loading resource: res://core/game_manager.gd remapped: res://core/game_manager.gd
Loading resource: res://ui/run/PersistentRunUI.tscn remapped: res://ui/run/PersistentRunUI.tscn
Loading resource: res://ui/run/persistent_run_ui.gd remapped: res://ui/run/persistent_run_ui.gd
Loading resource: res://ui/progression/components/skill_tree_effect_glyph.tscn remapped: res://ui/progression/components/skill_tree_effect_glyph.tscn
Loading resource: res://ui/progression/theme/skill_tree_graybox_theme.tres remapped: res://ui/progression/theme/skill_tree_graybox_theme.tres
Completed load for: 'res://ui/progression/theme/skill_tree_graybox_theme.tres' remapped 'res://ui/progression/theme/skill_tree_graybox_theme.tres' at thread -1
Completed load for: 'res://ui/progression/components/skill_tree_effect_glyph.tscn' remapped 'res://ui/progression/components/skill_tree_effect_glyph.tscn' at thread -1
Loading resource: res://ui/progression/components/skill_tree_discipline_tab.tscn remapped: res://ui/progression/components/skill_tree_discipline_tab.tscn
Loading resource: res://ui/progression/components/skill_tree_discipline_tab.gd remapped: res://ui/progression/components/skill_tree_discipline_tab.gd
Completed load for: 'res://ui/progression/components/skill_tree_discipline_tab.gd' remapped 'res://ui/progression/components/skill_tree_discipline_tab.gd' at thread -1
Completed load for: 'res://ui/progression/components/skill_tree_discipline_tab.tscn' remapped 'res://ui/progression/components/skill_tree_discipline_tab.tscn' at thread -1
Loading resource: res://ui/progression/components/skill_tree_node_view.tscn remapped: res://ui/progression/components/skill_tree_node_view.tscn
Loading resource: res://ui/progression/components/skill_tree_node_view.gd remapped: res://ui/progression/components/skill_tree_node_view.gd
Completed load for: 'res://ui/progression/components/skill_tree_node_view.gd' remapped 'res://ui/progression/components/skill_tree_node_view.gd' at thread -1
Completed load for: 'res://ui/progression/components/skill_tree_node_view.tscn' remapped 'res://ui/progression/components/skill_tree_node_view.tscn' at thread -1
Loading resource: res://data/ui/elf_hud_theme_refined.tres remapped: res://data/ui/elf_hud_theme_refined.tres
Loading resource: res://asset/ui/character_hud/refined/hunter_badge.png remapped: res://asset/ui/character_hud/refined/hunter_badge.png
Loading resource: res://.godot/imported/hunter_badge.png-814a21c83908049c155bbe01911c9714.ctex remapped: res://.godot/imported/hunter_badge.png-814a21c83908049c155bbe01911c9714.ctex
Completed load for: 'res://asset/ui/character_hud/refined/hunter_badge.png' remapped 'res://asset/ui/character_hud/refined/hunter_badge.png' at thread -1
Loading resource: res://asset/ui/character_hud/generated/turn_intro_banner.png remapped: res://asset/ui/character_hud/generated/turn_intro_banner.png
Loading resource: res://.godot/imported/turn_intro_banner.png-a12ce09c888c21c045800abb27ded058.ctex remapped: res://.godot/imported/turn_intro_banner.png-a12ce09c888c21c045800abb27ded058.ctex
Completed load for: 'res://asset/ui/character_hud/generated/turn_intro_banner.png' remapped 'res://asset/ui/character_hud/generated/turn_intro_banner.png' at thread -1
Loading resource: res://asset/ui/character_hud/refined/spells/precise_shot.png remapped: res://asset/ui/character_hud/refined/spells/precise_shot.png
Loading resource: res://.godot/imported/precise_shot.png-fbbde3ee473196055268b790c014b5c2.ctex remapped: res://.godot/imported/precise_shot.png-fbbde3ee473196055268b790c014b5c2.ctex
Completed load for: 'res://asset/ui/character_hud/refined/spells/precise_shot.png' remapped 'res://asset/ui/character_hud/refined/spells/precise_shot.png' at thread -1
Loading resource: res://asset/ui/character_hud/refined/spells/sneak_strike.png remapped: res://asset/ui/character_hud/refined/spells/sneak_strike.png
Loading resource: res://.godot/imported/sneak_strike.png-b376518329695f0ab072dfd0b2e97150.ctex remapped: res://.godot/imported/sneak_strike.png-b376518329695f0ab072dfd0b2e97150.ctex
Completed load for: 'res://asset/ui/character_hud/refined/spells/sneak_strike.png' remapped 'res://asset/ui/character_hud/refined/spells/sneak_strike.png' at thread -1
Loading resource: res://asset/ui/character_hud/refined/spells/fireball.png remapped: res://asset/ui/character_hud/refined/spells/fireball.png
Loading resource: res://.godot/imported/fireball.png-49abe67629c88a59007f2c6b357064ea.ctex remapped: res://.godot/imported/fireball.png-49abe67629c88a59007f2c6b357064ea.ctex
Completed load for: 'res://asset/ui/character_hud/refined/spells/fireball.png' remapped 'res://asset/ui/character_hud/refined/spells/fireball.png' at thread -1
Loading resource: res://asset/ui/character_hud/refined/spells/sylvan_heal.png remapped: res://asset/ui/character_hud/refined/spells/sylvan_heal.png
Loading resource: res://.godot/imported/sylvan_heal.png-b011146775be7a0432f5c51d5a6b385f.ctex remapped: res://.godot/imported/sylvan_heal.png-b011146775be7a0432f5c51d5a6b385f.ctex
Completed load for: 'res://asset/ui/character_hud/refined/spells/sylvan_heal.png' remapped 'res://asset/ui/character_hud/refined/spells/sylvan_heal.png' at thread -1
Loading resource: res://asset/ui/character_hud/refined/spells/basic_attack.png remapped: res://asset/ui/character_hud/refined/spells/basic_attack.png
Loading resource: res://.godot/imported/basic_attack.png-df807bd2ed8c68a01bfb060dc6043be9.ctex remapped: res://.godot/imported/basic_attack.png-df807bd2ed8c68a01bfb060dc6043be9.ctex
Completed load for: 'res://asset/ui/character_hud/refined/spells/basic_attack.png' remapped 'res://asset/ui/character_hud/refined/spells/basic_attack.png' at thread -1
Loading resource: res://asset/ui/character_hud/refined/utility_inventory.png remapped: res://asset/ui/character_hud/refined/utility_inventory.png
Loading resource: res://.godot/imported/utility_inventory.png-38f481db29c98f1a1e7bc038a28a61d3.ctex remapped: res://.godot/imported/utility_inventory.png-38f481db29c98f1a1e7bc038a28a61d3.ctex
Completed load for: 'res://asset/ui/character_hud/refined/utility_inventory.png' remapped 'res://asset/ui/character_hud/refined/utility_inventory.png' at thread -1
Loading resource: res://asset/ui/character_hud/refined/utility_map.png remapped: res://asset/ui/character_hud/refined/utility_map.png
Loading resource: res://.godot/imported/utility_map.png-7e63418f76596de1a7cce62bb531221d.ctex remapped: res://.godot/imported/utility_map.png-7e63418f76596de1a7cce62bb531221d.ctex
Completed load for: 'res://asset/ui/character_hud/refined/utility_map.png' remapped 'res://asset/ui/character_hud/refined/utility_map.png' at thread -1
Loading resource: res://asset/ui/character_hud/refined/utility_skills.png remapped: res://asset/ui/character_hud/refined/utility_skills.png
Loading resource: res://.godot/imported/utility_skills.png-e935c36b9c25782b08130badde08c6fd.ctex remapped: res://.godot/imported/utility_skills.png-e935c36b9c25782b08130badde08c6fd.ctex
Completed load for: 'res://asset/ui/character_hud/refined/utility_skills.png' remapped 'res://asset/ui/character_hud/refined/utility_skills.png' at thread -1
Loading resource: res://asset/ui/character_hud/refined/move_action_icon.svg remapped: res://asset/ui/character_hud/refined/move_action_icon.svg
Loading resource: res://.godot/imported/move_action_icon.svg-af19ca37b6d05be571631606b6487b72.ctex remapped: res://.godot/imported/move_action_icon.svg-af19ca37b6d05be571631606b6487b72.ctex
Completed load for: 'res://asset/ui/character_hud/refined/move_action_icon.svg' remapped 'res://asset/ui/character_hud/refined/move_action_icon.svg' at thread -1
Completed load for: 'res://data/ui/elf_hud_theme_refined.tres' remapped 'res://data/ui/elf_hud_theme_refined.tres' at thread -1
Loading resource: res://data/ui/mage_hud_theme_refined.tres remapped: res://data/ui/mage_hud_theme_refined.tres
Loading resource: res://asset/ui/character_hud/generated/spell_icon_r06_c04.png remapped: res://asset/ui/character_hud/generated/spell_icon_r06_c04.png
Loading resource: res://.godot/imported/spell_icon_r06_c04.png-36ca0651b9450ac1e6e9e452d843fefc.ctex remapped: res://.godot/imported/spell_icon_r06_c04.png-36ca0651b9450ac1e6e9e452d843fefc.ctex
Completed load for: 'res://asset/ui/character_hud/generated/spell_icon_r06_c04.png' remapped 'res://asset/ui/character_hud/generated/spell_icon_r06_c04.png' at thread -1
Loading resource: res://asset/icone/boule de feu.png remapped: res://asset/icone/boule de feu.png
Loading resource: res://.godot/imported/boule de feu.png-7a49b079660dc4778bdae26ce0c91bb3.ctex remapped: res://.godot/imported/boule de feu.png-7a49b079660dc4778bdae26ce0c91bb3.ctex
Completed load for: 'res://asset/icone/boule de feu.png' remapped 'res://asset/icone/boule de feu.png' at thread -1
Loading resource: res://asset/ui/character_hud/generated/spell_icon_r08_c01.png remapped: res://asset/ui/character_hud/generated/spell_icon_r08_c01.png
Loading resource: res://.godot/imported/spell_icon_r08_c01.png-fe0753098237256b97ad7c0bdfde8c07.ctex remapped: res://.godot/imported/spell_icon_r08_c01.png-fe0753098237256b97ad7c0bdfde8c07.ctex
Completed load for: 'res://asset/ui/character_hud/generated/spell_icon_r08_c01.png' remapped 'res://asset/ui/character_hud/generated/spell_icon_r08_c01.png' at thread -1
Loading resource: res://asset/sorts/tempete_orageuse/tex_storm_lightning_cluster.png.png remapped: res://asset/sorts/tempete_orageuse/tex_storm_lightning_cluster.png.png
Loading resource: res://.godot/imported/tex_storm_lightning_cluster.png.png-1b00aaa2a4166b54e8b216d5afadf6e0.ctex remapped: res://.godot/imported/tex_storm_lightning_cluster.png.png-1b00aaa2a4166b54e8b216d5afadf6e0.ctex
Completed load for: 'res://asset/sorts/tempete_orageuse/tex_storm_lightning_cluster.png.png' remapped 'res://asset/sorts/tempete_orageuse/tex_storm_lightning_cluster.png.png' at thread -1
Loading resource: res://asset/ui/character_hud/generated/spell_icon_r06_c01.png remapped: res://asset/ui/character_hud/generated/spell_icon_r06_c01.png
Loading resource: res://.godot/imported/spell_icon_r06_c01.png-f2ceb0a35a4d74cfed109cb2478e6438.ctex remapped: res://.godot/imported/spell_icon_r06_c01.png-f2ceb0a35a4d74cfed109cb2478e6438.ctex
Completed load for: 'res://asset/ui/character_hud/generated/spell_icon_r06_c01.png' remapped 'res://asset/ui/character_hud/generated/spell_icon_r06_c01.png' at thread -1
Loading resource: res://asset/ui/character_hud/generated/spell_icon_r05_c03.png remapped: res://asset/ui/character_hud/generated/spell_icon_r05_c03.png
Loading resource: res://.godot/imported/spell_icon_r05_c03.png-f83219a566a5f13536252d0ef953d52d.ctex remapped: res://.godot/imported/spell_icon_r05_c03.png-f83219a566a5f13536252d0ef953d52d.ctex
Completed load for: 'res://asset/ui/character_hud/generated/spell_icon_r05_c03.png' remapped 'res://asset/ui/character_hud/generated/spell_icon_r05_c03.png' at thread -1
Completed load for: 'res://data/ui/mage_hud_theme_refined.tres' remapped 'res://data/ui/mage_hud_theme_refined.tres' at thread -1
Loading resource: res://data/ui/guardian_hud_theme_refined.tres remapped: res://data/ui/guardian_hud_theme_refined.tres
Loading resource: res://asset/ui/character_hud/generated/spell_icon_r07_c00.png remapped: res://asset/ui/character_hud/generated/spell_icon_r07_c00.png
Loading resource: res://.godot/imported/spell_icon_r07_c00.png-57556b15acc9ce71c3e9e303b7641f2b.ctex remapped: res://.godot/imported/spell_icon_r07_c00.png-57556b15acc9ce71c3e9e303b7641f2b.ctex
Completed load for: 'res://asset/ui/character_hud/generated/spell_icon_r07_c00.png' remapped 'res://asset/ui/character_hud/generated/spell_icon_r07_c00.png' at thread -1
Loading resource: res://asset/personnage/alliés/500.png remapped: res://asset/personnage/alliés/500.png
Loading resource: res://.godot/imported/500.png-a7b74a000323778c57eb9cbe96837795.ctex remapped: res://.godot/imported/500.png-a7b74a000323778c57eb9cbe96837795.ctex
Completed load for: 'res://asset/personnage/alliés/500.png' remapped 'res://asset/personnage/alliés/500.png' at thread -1
Loading resource: res://asset/icone/icone spell.png_11.png remapped: res://asset/icone/icone spell.png_11.png
Loading resource: res://.godot/imported/icone spell.png_11.png-9d489c654ab8ab3161e47f06aa6d6a92.ctex remapped: res://.godot/imported/icone spell.png_11.png-9d489c654ab8ab3161e47f06aa6d6a92.ctex
Completed load for: 'res://asset/icone/icone spell.png_11.png' remapped 'res://asset/icone/icone spell.png_11.png' at thread -1
Loading resource: res://asset/ui/character_hud/generated/spell_icon_r04_c04.png remapped: res://asset/ui/character_hud/generated/spell_icon_r04_c04.png
Loading resource: res://.godot/imported/spell_icon_r04_c04.png-f6edd0980d7e948e1ed8439a51708310.ctex remapped: res://.godot/imported/spell_icon_r04_c04.png-f6edd0980d7e948e1ed8439a51708310.ctex
Completed load for: 'res://asset/ui/character_hud/generated/spell_icon_r04_c04.png' remapped 'res://asset/ui/character_hud/generated/spell_icon_r04_c04.png' at thread -1
Loading resource: res://asset/ui/character_hud/generated/spell_icon_r03_c03.png remapped: res://asset/ui/character_hud/generated/spell_icon_r03_c03.png
Loading resource: res://.godot/imported/spell_icon_r03_c03.png-a0330a091e90502a71625fbff20220c1.ctex remapped: res://.godot/imported/spell_icon_r03_c03.png-a0330a091e90502a71625fbff20220c1.ctex
Completed load for: 'res://asset/ui/character_hud/generated/spell_icon_r03_c03.png' remapped 'res://asset/ui/character_hud/generated/spell_icon_r03_c03.png' at thread -1
Loading resource: res://asset/ui/character_hud/generated/spell_icon_r00_c05.png remapped: res://asset/ui/character_hud/generated/spell_icon_r00_c05.png
Loading resource: res://.godot/imported/spell_icon_r00_c05.png-2ad36b0435e12824014cfa3eec85e18b.ctex remapped: res://.godot/imported/spell_icon_r00_c05.png-2ad36b0435e12824014cfa3eec85e18b.ctex
Completed load for: 'res://asset/ui/character_hud/generated/spell_icon_r00_c05.png' remapped 'res://asset/ui/character_hud/generated/spell_icon_r00_c05.png' at thread -1
Loading resource: res://asset/ui/character_hud/generated/spell_icon_r08_c02.png remapped: res://asset/ui/character_hud/generated/spell_icon_r08_c02.png
Loading resource: res://.godot/imported/spell_icon_r08_c02.png-38e4cf0040cd0f3d87897950318d26fc.ctex remapped: res://.godot/imported/spell_icon_r08_c02.png-38e4cf0040cd0f3d87897950318d26fc.ctex
Completed load for: 'res://asset/ui/character_hud/generated/spell_icon_r08_c02.png' remapped 'res://asset/ui/character_hud/generated/spell_icon_r08_c02.png' at thread -1
Completed load for: 'res://data/ui/guardian_hud_theme_refined.tres' remapped 'res://data/ui/guardian_hud_theme_refined.tres' at thread -1
Loading resource: res://data/ui/warrior_hud_theme_refined.tres remapped: res://data/ui/warrior_hud_theme_refined.tres
Loading resource: res://asset/ui/character_hud/generated/spell_icon_r04_c02.png remapped: res://asset/ui/character_hud/generated/spell_icon_r04_c02.png
Loading resource: res://.godot/imported/spell_icon_r04_c02.png-fb93dc758145a72b8e0ffc73d07f7769.ctex remapped: res://.godot/imported/spell_icon_r04_c02.png-fb93dc758145a72b8e0ffc73d07f7769.ctex
Completed load for: 'res://asset/ui/character_hud/generated/spell_icon_r04_c02.png' remapped 'res://asset/ui/character_hud/generated/spell_icon_r04_c02.png' at thread -1
Loading resource: res://asset/personnage/alliés/495.png remapped: res://asset/personnage/alliés/495.png
Loading resource: res://.godot/imported/495.png-acb4a4d5463cbdef4feaf1fb33713d1d.ctex remapped: res://.godot/imported/495.png-acb4a4d5463cbdef4feaf1fb33713d1d.ctex
Completed load for: 'res://asset/personnage/alliés/495.png' remapped 'res://asset/personnage/alliés/495.png' at thread -1
Loading resource: res://asset/ui/character_hud/generated/spell_icon_r03_c02.png remapped: res://asset/ui/character_hud/generated/spell_icon_r03_c02.png
Loading resource: res://.godot/imported/spell_icon_r03_c02.png-ac39ddadbe5d9014e96d4fe19946c6ed.ctex remapped: res://.godot/imported/spell_icon_r03_c02.png-ac39ddadbe5d9014e96d4fe19946c6ed.ctex
Completed load for: 'res://asset/ui/character_hud/generated/spell_icon_r03_c02.png' remapped 'res://asset/ui/character_hud/generated/spell_icon_r03_c02.png' at thread -1
Loading resource: res://asset/ui/character_hud/generated/spell_icon_r09_c04.png remapped: res://asset/ui/character_hud/generated/spell_icon_r09_c04.png
Loading resource: res://.godot/imported/spell_icon_r09_c04.png-c6a1ab07f494d548b7901e1b7152b724.ctex remapped: res://.godot/imported/spell_icon_r09_c04.png-c6a1ab07f494d548b7901e1b7152b724.ctex
Completed load for: 'res://asset/ui/character_hud/generated/spell_icon_r09_c04.png' remapped 'res://asset/ui/character_hud/generated/spell_icon_r09_c04.png' at thread -1
Loading resource: res://asset/ui/character_hud/generated/spell_icon_r02_c05.png remapped: res://asset/ui/character_hud/generated/spell_icon_r02_c05.png
Loading resource: res://.godot/imported/spell_icon_r02_c05.png-94cc0ed88da35a7a2575688acf2a54be.ctex remapped: res://.godot/imported/spell_icon_r02_c05.png-94cc0ed88da35a7a2575688acf2a54be.ctex
Completed load for: 'res://asset/ui/character_hud/generated/spell_icon_r02_c05.png' remapped 'res://asset/ui/character_hud/generated/spell_icon_r02_c05.png' at thread -1
Loading resource: res://asset/ui/character_hud/generated/spell_icon_r03_c01.png remapped: res://asset/ui/character_hud/generated/spell_icon_r03_c01.png
Loading resource: res://.godot/imported/spell_icon_r03_c01.png-431bb972c6514be8b5622a05d57a23a6.ctex remapped: res://.godot/imported/spell_icon_r03_c01.png-431bb972c6514be8b5622a05d57a23a6.ctex
Completed load for: 'res://asset/ui/character_hud/generated/spell_icon_r03_c01.png' remapped 'res://asset/ui/character_hud/generated/spell_icon_r03_c01.png' at thread -1
Loading resource: res://asset/ui/character_hud/generated/spell_icon_r05_c04.png remapped: res://asset/ui/character_hud/generated/spell_icon_r05_c04.png
Loading resource: res://.godot/imported/spell_icon_r05_c04.png-7cf807372677866d762f12c919ba0f65.ctex remapped: res://.godot/imported/spell_icon_r05_c04.png-7cf807372677866d762f12c919ba0f65.ctex
Completed load for: 'res://asset/ui/character_hud/generated/spell_icon_r05_c04.png' remapped 'res://asset/ui/character_hud/generated/spell_icon_r05_c04.png' at thread -1
Loading resource: res://asset/ui/character_hud/generated/spell_icon_r02_c02.png remapped: res://asset/ui/character_hud/generated/spell_icon_r02_c02.png
Loading resource: res://.godot/imported/spell_icon_r02_c02.png-70429b6bb56dc757f82cc019feb9c358.ctex remapped: res://.godot/imported/spell_icon_r02_c02.png-70429b6bb56dc757f82cc019feb9c358.ctex
Completed load for: 'res://asset/ui/character_hud/generated/spell_icon_r02_c02.png' remapped 'res://asset/ui/character_hud/generated/spell_icon_r02_c02.png' at thread -1
Loading resource: res://asset/ui/character_hud/generated/spell_icon_r01_c05.png remapped: res://asset/ui/character_hud/generated/spell_icon_r01_c05.png
Loading resource: res://.godot/imported/spell_icon_r01_c05.png-f1345ed68b3f1809901602859b86870b.ctex remapped: res://.godot/imported/spell_icon_r01_c05.png-f1345ed68b3f1809901602859b86870b.ctex
Completed load for: 'res://asset/ui/character_hud/generated/spell_icon_r01_c05.png' remapped 'res://asset/ui/character_hud/generated/spell_icon_r01_c05.png' at thread -1
Completed load for: 'res://data/ui/warrior_hud_theme_refined.tres' remapped 'res://data/ui/warrior_hud_theme_refined.tres' at thread -1
Loading resource: res://data/ui/druid_hud_theme_refined.tres remapped: res://data/ui/druid_hud_theme_refined.tres
Loading resource: res://asset/ui/character_hud/generated/spell_icon_r01_c03.png remapped: res://asset/ui/character_hud/generated/spell_icon_r01_c03.png
Loading resource: res://.godot/imported/spell_icon_r01_c03.png-55c53d00acc48040fb666c0a5c3f780b.ctex remapped: res://.godot/imported/spell_icon_r01_c03.png-55c53d00acc48040fb666c0a5c3f780b.ctex
Completed load for: 'res://asset/ui/character_hud/generated/spell_icon_r01_c03.png' remapped 'res://asset/ui/character_hud/generated/spell_icon_r01_c03.png' at thread -1
Loading resource: res://asset/personnage/alliés/480.png remapped: res://asset/personnage/alliés/480.png
Loading resource: res://.godot/imported/480.png-9a70da0836eddd8330aef42f08bbbb3c.ctex remapped: res://.godot/imported/480.png-9a70da0836eddd8330aef42f08bbbb3c.ctex
Completed load for: 'res://asset/personnage/alliés/480.png' remapped 'res://asset/personnage/alliés/480.png' at thread -1
Loading resource: res://asset/ui/character_hud/generated/spell_icon_r02_c00.png remapped: res://asset/ui/character_hud/generated/spell_icon_r02_c00.png
Loading resource: res://.godot/imported/spell_icon_r02_c00.png-8d44f63266b1ec7cac08c6defe7d1699.ctex remapped: res://.godot/imported/spell_icon_r02_c00.png-8d44f63266b1ec7cac08c6defe7d1699.ctex
Completed load for: 'res://asset/ui/character_hud/generated/spell_icon_r02_c00.png' remapped 'res://asset/ui/character_hud/generated/spell_icon_r02_c00.png' at thread -1
Loading resource: res://asset/ui/character_hud/generated/spell_icon_r02_c04.png remapped: res://asset/ui/character_hud/generated/spell_icon_r02_c04.png
Loading resource: res://.godot/imported/spell_icon_r02_c04.png-a4b47b79a5e9a5a1a576ba2c3e87eed1.ctex remapped: res://.godot/imported/spell_icon_r02_c04.png-a4b47b79a5e9a5a1a576ba2c3e87eed1.ctex
Completed load for: 'res://asset/ui/character_hud/generated/spell_icon_r02_c04.png' remapped 'res://asset/ui/character_hud/generated/spell_icon_r02_c04.png' at thread -1
Loading resource: res://asset/ui/character_hud/generated/spell_icon_r07_c03.png remapped: res://asset/ui/character_hud/generated/spell_icon_r07_c03.png
Loading resource: res://.godot/imported/spell_icon_r07_c03.png-120f5fefb69bdc5b2fc766a2eec034ef.ctex remapped: res://.godot/imported/spell_icon_r07_c03.png-120f5fefb69bdc5b2fc766a2eec034ef.ctex
Completed load for: 'res://asset/ui/character_hud/generated/spell_icon_r07_c03.png' remapped 'res://asset/ui/character_hud/generated/spell_icon_r07_c03.png' at thread -1
Completed load for: 'res://data/ui/druid_hud_theme_refined.tres' remapped 'res://data/ui/druid_hud_theme_refined.tres' at thread -1
Loading resource: res://data/ui/assassin_hud_theme_refined.tres remapped: res://data/ui/assassin_hud_theme_refined.tres
Loading resource: res://asset/ui/character_hud/generated/spell_icon_r06_c00.png remapped: res://asset/ui/character_hud/generated/spell_icon_r06_c00.png
Loading resource: res://.godot/imported/spell_icon_r06_c00.png-6b25799e786ecabf3da031af264736a3.ctex remapped: res://.godot/imported/spell_icon_r06_c00.png-6b25799e786ecabf3da031af264736a3.ctex
Completed load for: 'res://asset/ui/character_hud/generated/spell_icon_r06_c00.png' remapped 'res://asset/ui/character_hud/generated/spell_icon_r06_c00.png' at thread -1
Loading resource: res://asset/personnage/alliés/493.png remapped: res://asset/personnage/alliés/493.png
Loading resource: res://.godot/imported/493.png-11c0b77266fb9ddc96301260025d01e2.ctex remapped: res://.godot/imported/493.png-11c0b77266fb9ddc96301260025d01e2.ctex
Completed load for: 'res://asset/personnage/alliés/493.png' remapped 'res://asset/personnage/alliés/493.png' at thread -1
Loading resource: res://asset/ui/character_hud/generated/spell_icon_r05_c05.png remapped: res://asset/ui/character_hud/generated/spell_icon_r05_c05.png
Loading resource: res://.godot/imported/spell_icon_r05_c05.png-52711dc3f8ccb1c43b7e1284ea4706c2.ctex remapped: res://.godot/imported/spell_icon_r05_c05.png-52711dc3f8ccb1c43b7e1284ea4706c2.ctex
Completed load for: 'res://asset/ui/character_hud/generated/spell_icon_r05_c05.png' remapped 'res://asset/ui/character_hud/generated/spell_icon_r05_c05.png' at thread -1
Completed load for: 'res://data/ui/assassin_hud_theme_refined.tres' remapped 'res://data/ui/assassin_hud_theme_refined.tres' at thread -1
Loading resource: res://data/ui/necromancer_hud_theme_refined.tres remapped: res://data/ui/necromancer_hud_theme_refined.tres
Loading resource: res://asset/ui/character_hud/generated/spell_icon_r05_c02.png remapped: res://asset/ui/character_hud/generated/spell_icon_r05_c02.png
Loading resource: res://.godot/imported/spell_icon_r05_c02.png-d646869031e38ef450eba984d9d2f10c.ctex remapped: res://.godot/imported/spell_icon_r05_c02.png-d646869031e38ef450eba984d9d2f10c.ctex
Completed load for: 'res://asset/ui/character_hud/generated/spell_icon_r05_c02.png' remapped 'res://asset/ui/character_hud/generated/spell_icon_r05_c02.png' at thread -1
Loading resource: res://asset/ui/character_hud/generated/spell_icon_r05_c00.png remapped: res://asset/ui/character_hud/generated/spell_icon_r05_c00.png
Loading resource: res://.godot/imported/spell_icon_r05_c00.png-71a3f98e47e37c6549e47d101db92361.ctex remapped: res://.godot/imported/spell_icon_r05_c00.png-71a3f98e47e37c6549e47d101db92361.ctex
Completed load for: 'res://asset/ui/character_hud/generated/spell_icon_r05_c00.png' remapped 'res://asset/ui/character_hud/generated/spell_icon_r05_c00.png' at thread -1
Loading resource: res://asset/ui/character_hud/generated/spell_icon_r06_c05.png remapped: res://asset/ui/character_hud/generated/spell_icon_r06_c05.png
Loading resource: res://.godot/imported/spell_icon_r06_c05.png-1340746aacdb254971c451d08e524f14.ctex remapped: res://.godot/imported/spell_icon_r06_c05.png-1340746aacdb254971c451d08e524f14.ctex
Completed load for: 'res://asset/ui/character_hud/generated/spell_icon_r06_c05.png' remapped 'res://asset/ui/character_hud/generated/spell_icon_r06_c05.png' at thread -1
Completed load for: 'res://data/ui/necromancer_hud_theme_refined.tres' remapped 'res://data/ui/necromancer_hud_theme_refined.tres' at thread -1
Loading resource: res://data/ui/hoplite_hud_theme_refined.tres remapped: res://data/ui/hoplite_hud_theme_refined.tres
Completed load for: 'res://data/ui/hoplite_hud_theme_refined.tres' remapped 'res://data/ui/hoplite_hud_theme_refined.tres' at thread -1
Completed load for: 'res://ui/run/persistent_run_ui.gd' remapped 'res://ui/run/persistent_run_ui.gd' at thread -1
Loading resource: res://ui/recraft_hud_v1/combat/combat_hud_recraft_v1.tscn remapped: res://ui/recraft_hud_v1/combat/combat_hud_recraft_v1.tscn
Loading resource: res://ui/recraft_hud_v1/combat/combat_hud_recraft_v1.gd remapped: res://ui/recraft_hud_v1/combat/combat_hud_recraft_v1.gd
Loading resource: res://ui/recraft_hud_v1/components/spell_slot/spell_slot_view.tscn remapped: res://ui/recraft_hud_v1/components/spell_slot/spell_slot_view.tscn
Loading resource: res://ui/recraft_hud_v1/components/spell_slot/spell_slot_view.gd remapped: res://ui/recraft_hud_v1/components/spell_slot/spell_slot_view.gd
Completed load for: 'res://ui/recraft_hud_v1/components/spell_slot/spell_slot_view.gd' remapped 'res://ui/recraft_hud_v1/components/spell_slot/spell_slot_view.gd' at thread -1
Loading resource: res://asset/ui/recraft_hud_v1/processed/spell_slot_base.png remapped: res://asset/ui/recraft_hud_v1/processed/spell_slot_base.png
Loading resource: res://.godot/imported/spell_slot_base.png-7af5c0a07ef92536bf0bf1de032b7af5.ctex remapped: res://.godot/imported/spell_slot_base.png-7af5c0a07ef92536bf0bf1de032b7af5.ctex
Completed load for: 'res://asset/ui/recraft_hud_v1/processed/spell_slot_base.png' remapped 'res://asset/ui/recraft_hud_v1/processed/spell_slot_base.png' at thread -1
Completed load for: 'res://ui/recraft_hud_v1/components/spell_slot/spell_slot_view.tscn' remapped 'res://ui/recraft_hud_v1/components/spell_slot/spell_slot_view.tscn' at thread -1
Loading resource: res://data/ui/elf_hud_theme.tres remapped: res://data/ui/elf_hud_theme.tres
Loading resource: res://asset/ui/character_hud/generated/elf_character_bar.png remapped: res://asset/ui/character_hud/generated/elf_character_bar.png
Loading resource: res://.godot/imported/elf_character_bar.png-d6e7c67357316d2a18756cf07400c944.ctex remapped: res://.godot/imported/elf_character_bar.png-d6e7c67357316d2a18756cf07400c944.ctex
Completed load for: 'res://asset/ui/character_hud/generated/elf_character_bar.png' remapped 'res://asset/ui/character_hud/generated/elf_character_bar.png' at thread -1
Loading resource: res://asset/ui/character_hud/generated/elf_hunter_emblem.png remapped: res://asset/ui/character_hud/generated/elf_hunter_emblem.png
Loading resource: res://.godot/imported/elf_hunter_emblem.png-6cb293839a138a26c213363ccc0d8a8e.ctex remapped: res://.godot/imported/elf_hunter_emblem.png-6cb293839a138a26c213363ccc0d8a8e.ctex
Completed load for: 'res://asset/ui/character_hud/generated/elf_hunter_emblem.png' remapped 'res://asset/ui/character_hud/generated/elf_hunter_emblem.png' at thread -1
Loading resource: res://asset/ui/character_hud/generated/spell_icon_r09_c01.png remapped: res://asset/ui/character_hud/generated/spell_icon_r09_c01.png
Loading resource: res://.godot/imported/spell_icon_r09_c01.png-70f8cc3400dd96807440f533208c72eb.ctex remapped: res://.godot/imported/spell_icon_r09_c01.png-70f8cc3400dd96807440f533208c72eb.ctex
Completed load for: 'res://asset/ui/character_hud/generated/spell_icon_r09_c01.png' remapped 'res://asset/ui/character_hud/generated/spell_icon_r09_c01.png' at thread -1
Loading resource: res://asset/ui/character_hud/generated/spell_icon_r02_c03.png remapped: res://asset/ui/character_hud/generated/spell_icon_r02_c03.png
Loading resource: res://.godot/imported/spell_icon_r02_c03.png-f3a24486da76d4e4881436b14173e7ed.ctex remapped: res://.godot/imported/spell_icon_r02_c03.png-f3a24486da76d4e4881436b14173e7ed.ctex
Completed load for: 'res://asset/ui/character_hud/generated/spell_icon_r02_c03.png' remapped 'res://asset/ui/character_hud/generated/spell_icon_r02_c03.png' at thread -1
Loading resource: res://asset/ui/character_hud/generated/spell_icon_r01_c04.png remapped: res://asset/ui/character_hud/generated/spell_icon_r01_c04.png
Loading resource: res://.godot/imported/spell_icon_r01_c04.png-14ab16d4d739152abfab2f11118c0d22.ctex remapped: res://.godot/imported/spell_icon_r01_c04.png-14ab16d4d739152abfab2f11118c0d22.ctex
Completed load for: 'res://asset/ui/character_hud/generated/spell_icon_r01_c04.png' remapped 'res://asset/ui/character_hud/generated/spell_icon_r01_c04.png' at thread -1
Loading resource: res://asset/ui/character_hud/generated/v2/spell_frame_archer.png remapped: res://asset/ui/character_hud/generated/v2/spell_frame_archer.png
Loading resource: res://.godot/imported/spell_frame_archer.png-d69b56d3c438fa186cf04e789299c629.ctex remapped: res://.godot/imported/spell_frame_archer.png-d69b56d3c438fa186cf04e789299c629.ctex
Completed load for: 'res://asset/ui/character_hud/generated/v2/spell_frame_archer.png' remapped 'res://asset/ui/character_hud/generated/v2/spell_frame_archer.png' at thread -1
Loading resource: res://asset/ui/character_hud/generated/v2/spell_frame_assassin.png remapped: res://asset/ui/character_hud/generated/v2/spell_frame_assassin.png
Loading resource: res://.godot/imported/spell_frame_assassin.png-ae44b34b1356f86d3b71a77942c7d78b.ctex remapped: res://.godot/imported/spell_frame_assassin.png-ae44b34b1356f86d3b71a77942c7d78b.ctex
Completed load for: 'res://asset/ui/character_hud/generated/v2/spell_frame_assassin.png' remapped 'res://asset/ui/character_hud/generated/v2/spell_frame_assassin.png' at thread -1
Loading resource: res://asset/ui/character_hud/generated/v2/spell_frame_mage.png remapped: res://asset/ui/character_hud/generated/v2/spell_frame_mage.png
Loading resource: res://.godot/imported/spell_frame_mage.png-cd158d080c033b53e68f9ad39b883408.ctex remapped: res://.godot/imported/spell_frame_mage.png-cd158d080c033b53e68f9ad39b883408.ctex
Completed load for: 'res://asset/ui/character_hud/generated/v2/spell_frame_mage.png' remapped 'res://asset/ui/character_hud/generated/v2/spell_frame_mage.png' at thread -1
Loading resource: res://asset/ui/character_hud/generated/v2/spell_frame_healer.png remapped: res://asset/ui/character_hud/generated/v2/spell_frame_healer.png
Loading resource: res://.godot/imported/spell_frame_healer.png-ad5063b001ebbf9020dd338d3d35e8c7.ctex remapped: res://.godot/imported/spell_frame_healer.png-ad5063b001ebbf9020dd338d3d35e8c7.ctex
Completed load for: 'res://asset/ui/character_hud/generated/v2/spell_frame_healer.png' remapped 'res://asset/ui/character_hud/generated/v2/spell_frame_healer.png' at thread -1
Loading resource: res://asset/ui/character_hud/generated/v2/gold_health_bar_frame.png remapped: res://asset/ui/character_hud/generated/v2/gold_health_bar_frame.png
Loading resource: res://.godot/imported/gold_health_bar_frame.png-c2dcf69d567d1789c0f5e321886d4793.ctex remapped: res://.godot/imported/gold_health_bar_frame.png-c2dcf69d567d1789c0f5e321886d4793.ctex
Completed load for: 'res://asset/ui/character_hud/generated/v2/gold_health_bar_frame.png' remapped 'res://asset/ui/character_hud/generated/v2/gold_health_bar_frame.png' at thread -1
Loading resource: res://asset/ui/character_hud/generated/v2/gold_end_turn_button.png remapped: res://asset/ui/character_hud/generated/v2/gold_end_turn_button.png
Loading resource: res://.godot/imported/gold_end_turn_button.png-b82d5203649a23b6429650e5f8f69cfd.ctex remapped: res://.godot/imported/gold_end_turn_button.png-b82d5203649a23b6429650e5f8f69cfd.ctex
Completed load for: 'res://asset/ui/character_hud/generated/v2/gold_end_turn_button.png' remapped 'res://asset/ui/character_hud/generated/v2/gold_end_turn_button.png' at thread -1
Completed load for: 'res://data/ui/elf_hud_theme.tres' remapped 'res://data/ui/elf_hud_theme.tres' at thread -1
Loading resource: res://data/ui/elf_hud_theme_clean.tres remapped: res://data/ui/elf_hud_theme_clean.tres
Loading resource: res://asset/ui/recraft_hud_v1/processed/portrait_frame.png remapped: res://asset/ui/recraft_hud_v1/processed/portrait_frame.png
Loading resource: res://.godot/imported/portrait_frame.png-275ed7ad7454553aa1be0a15fa83d3e4.ctex remapped: res://.godot/imported/portrait_frame.png-275ed7ad7454553aa1be0a15fa83d3e4.ctex
Completed load for: 'res://asset/ui/recraft_hud_v1/processed/portrait_frame.png' remapped 'res://asset/ui/recraft_hud_v1/processed/portrait_frame.png' at thread -1
Completed load for: 'res://data/ui/elf_hud_theme_clean.tres' remapped 'res://data/ui/elf_hud_theme_clean.tres' at thread -1
Loading resource: res://data/ui/combat_hud_layout_clean.tres remapped: res://data/ui/combat_hud_layout_clean.tres
Loading resource: res://ui/combat/combat_hud_layout_data.gd remapped: res://ui/combat/combat_hud_layout_data.gd
Completed load for: 'res://ui/combat/combat_hud_layout_data.gd' remapped 'res://ui/combat/combat_hud_layout_data.gd' at thread -1
Completed load for: 'res://data/ui/combat_hud_layout_clean.tres' remapped 'res://data/ui/combat_hud_layout_clean.tres' at thread -1
Completed load for: 'res://ui/recraft_hud_v1/combat/combat_hud_recraft_v1.gd' remapped 'res://ui/recraft_hud_v1/combat/combat_hud_recraft_v1.gd' at thread -1
Loading resource: res://ui/recraft_hud_v1/theme/recraft_hud_theme_v1.tres remapped: res://ui/recraft_hud_v1/theme/recraft_hud_theme_v1.tres
Completed load for: 'res://ui/recraft_hud_v1/theme/recraft_hud_theme_v1.tres' remapped 'res://ui/recraft_hud_v1/theme/recraft_hud_theme_v1.tres' at thread -1
Loading resource: res://ui/recraft_hud_v1/components/portrait/portrait_view.tscn remapped: res://ui/recraft_hud_v1/components/portrait/portrait_view.tscn
Loading resource: res://ui/characters/CharacterPreview3D.tscn remapped: res://ui/characters/CharacterPreview3D.tscn
Completed load for: 'res://ui/characters/CharacterPreview3D.tscn' remapped 'res://ui/characters/CharacterPreview3D.tscn' at thread -1
Completed load for: 'res://ui/recraft_hud_v1/components/portrait/portrait_view.tscn' remapped 'res://ui/recraft_hud_v1/components/portrait/portrait_view.tscn' at thread -1
Loading resource: res://ui/recraft_hud_v1/components/resource_bar/resource_bar_view.tscn remapped: res://ui/recraft_hud_v1/components/resource_bar/resource_bar_view.tscn
Loading resource: res://ui/recraft_hud_v1/components/resource_bar/resource_bar_view.gd remapped: res://ui/recraft_hud_v1/components/resource_bar/resource_bar_view.gd
Completed load for: 'res://ui/recraft_hud_v1/components/resource_bar/resource_bar_view.gd' remapped 'res://ui/recraft_hud_v1/components/resource_bar/resource_bar_view.gd' at thread -1
Loading resource: res://asset/ui/recraft_hud_v1/processed/resource_bar_frame.png remapped: res://asset/ui/recraft_hud_v1/processed/resource_bar_frame.png
Loading resource: res://.godot/imported/resource_bar_frame.png-6b9c04900579e0906008c18c5a944f5c.ctex remapped: res://.godot/imported/resource_bar_frame.png-6b9c04900579e0906008c18c5a944f5c.ctex
Completed load for: 'res://asset/ui/recraft_hud_v1/processed/resource_bar_frame.png' remapped 'res://asset/ui/recraft_hud_v1/processed/resource_bar_frame.png' at thread -1
Completed load for: 'res://ui/recraft_hud_v1/components/resource_bar/resource_bar_view.tscn' remapped 'res://ui/recraft_hud_v1/components/resource_bar/resource_bar_view.tscn' at thread -1
Loading resource: res://ui/recraft_hud_v1/components/resource_badge/resource_badge_view.tscn remapped: res://ui/recraft_hud_v1/components/resource_badge/resource_badge_view.tscn
Loading resource: res://ui/recraft_hud_v1/components/resource_badge/resource_badge_view.gd remapped: res://ui/recraft_hud_v1/components/resource_badge/resource_badge_view.gd
Completed load for: 'res://ui/recraft_hud_v1/components/resource_badge/resource_badge_view.gd' remapped 'res://ui/recraft_hud_v1/components/resource_badge/resource_badge_view.gd' at thread -1
Loading resource: res://asset/ui/recraft_hud_v1/processed/resource_badge_base.png remapped: res://asset/ui/recraft_hud_v1/processed/resource_badge_base.png
Loading resource: res://.godot/imported/resource_badge_base.png-d21fdcca5b9cb49eb69077e10e3ea4ed.ctex remapped: res://.godot/imported/resource_badge_base.png-d21fdcca5b9cb49eb69077e10e3ea4ed.ctex
Completed load for: 'res://asset/ui/recraft_hud_v1/processed/resource_badge_base.png' remapped 'res://asset/ui/recraft_hud_v1/processed/resource_badge_base.png' at thread -1
Completed load for: 'res://ui/recraft_hud_v1/components/resource_badge/resource_badge_view.tscn' remapped 'res://ui/recraft_hud_v1/components/resource_badge/resource_badge_view.tscn' at thread -1
Loading resource: res://ui/recraft_hud_v1/components/primary_button/primary_button_view.tscn remapped: res://ui/recraft_hud_v1/components/primary_button/primary_button_view.tscn
Loading resource: res://ui/recraft_hud_v1/components/primary_button/primary_button_view.gd remapped: res://ui/recraft_hud_v1/components/primary_button/primary_button_view.gd
Completed load for: 'res://ui/recraft_hud_v1/components/primary_button/primary_button_view.gd' remapped 'res://ui/recraft_hud_v1/components/primary_button/primary_button_view.gd' at thread -1
Loading resource: res://asset/ui/recraft_hud_v1/processed/primary_button_base.png remapped: res://asset/ui/recraft_hud_v1/processed/primary_button_base.png
Loading resource: res://.godot/imported/primary_button_base.png-7b3aada445d9703b1abedf79dcb7f566.ctex remapped: res://.godot/imported/primary_button_base.png-7b3aada445d9703b1abedf79dcb7f566.ctex
Completed load for: 'res://asset/ui/recraft_hud_v1/processed/primary_button_base.png' remapped 'res://asset/ui/recraft_hud_v1/processed/primary_button_base.png' at thread -1
Completed load for: 'res://ui/recraft_hud_v1/components/primary_button/primary_button_view.tscn' remapped 'res://ui/recraft_hud_v1/components/primary_button/primary_button_view.tscn' at thread -1
Loading resource: res://asset/ui/recraft_hud_v1/processed/spellbar_panel.png remapped: res://asset/ui/recraft_hud_v1/processed/spellbar_panel.png
Loading resource: res://.godot/imported/spellbar_panel.png-6996d17d747d50de07f906efb177e74e.ctex remapped: res://.godot/imported/spellbar_panel.png-6996d17d747d50de07f906efb177e74e.ctex
Completed load for: 'res://asset/ui/recraft_hud_v1/processed/spellbar_panel.png' remapped 'res://asset/ui/recraft_hud_v1/processed/spellbar_panel.png' at thread -1
Loading resource: res://ui/recraft_hud_v1/combat/layout_debug_overlay.gd remapped: res://ui/recraft_hud_v1/combat/layout_debug_overlay.gd
Completed load for: 'res://ui/recraft_hud_v1/combat/layout_debug_overlay.gd' remapped 'res://ui/recraft_hud_v1/combat/layout_debug_overlay.gd' at thread -1
Loading resource: res://ui/combat/turn_intro_banner.tscn remapped: res://ui/combat/turn_intro_banner.tscn
Completed load for: 'res://ui/combat/turn_intro_banner.tscn' remapped 'res://ui/combat/turn_intro_banner.tscn' at thread -1
Completed load for: 'res://ui/recraft_hud_v1/combat/combat_hud_recraft_v1.tscn' remapped 'res://ui/recraft_hud_v1/combat/combat_hud_recraft_v1.tscn' at thread -1
Loading resource: res://ui/progression/components/skill_tree_status_button.tscn remapped: res://ui/progression/components/skill_tree_status_button.tscn
Loading resource: res://ui/progression/components/skill_tree_tooltip_panel.tscn remapped: res://ui/progression/components/skill_tree_tooltip_panel.tscn
Loading resource: res://ui/progression/skin/dungeon_draft_skill_tree_skin.tres remapped: res://ui/progression/skin/dungeon_draft_skill_tree_skin.tres
Loading resource: res://data/ui/skill_tree_refined_config.tres remapped: res://data/ui/skill_tree_refined_config.tres
Loading resource: res://asset/ui/dungeon_draft/arbre_compétences/generated/lock_refined.png remapped: res://asset/ui/dungeon_draft/arbre_compétences/generated/lock_refined.png
Loading resource: res://.godot/imported/lock_refined.png-dbe3c3f8fd6fccdd66276ade19a76f33.ctex remapped: res://.godot/imported/lock_refined.png-dbe3c3f8fd6fccdd66276ade19a76f33.ctex
Completed load for: 'res://asset/ui/dungeon_draft/arbre_compétences/generated/lock_refined.png' remapped 'res://asset/ui/dungeon_draft/arbre_compétences/generated/lock_refined.png' at thread -1
Completed load for: 'res://data/ui/skill_tree_refined_config.tres' remapped 'res://data/ui/skill_tree_refined_config.tres' at thread -1
Loading resource: res://data/ui/skill_tree_icon_catalog_refined.tres remapped: res://data/ui/skill_tree_icon_catalog_refined.tres
Loading resource: res://asset/ui/dungeon_draft/arbre_compétences/generated/icons/upgrade.svg remapped: res://asset/ui/dungeon_draft/arbre_compétences/generated/icons/upgrade.svg
Loading resource: res://.godot/imported/upgrade.svg-e6d579b002587fea4f6b12654ad3ba8a.ctex remapped: res://.godot/imported/upgrade.svg-e6d579b002587fea4f6b12654ad3ba8a.ctex
Completed load for: 'res://asset/ui/dungeon_draft/arbre_compétences/generated/icons/upgrade.svg' remapped 'res://asset/ui/dungeon_draft/arbre_compétences/generated/icons/upgrade.svg' at thread -1
Loading resource: res://asset/ui/dungeon_draft/arbre_compétences/generated/icons/hidden.svg remapped: res://asset/ui/dungeon_draft/arbre_compétences/generated/icons/hidden.svg
Loading resource: res://.godot/imported/hidden.svg-95a6ec26f8ccd8a24307b1b7ae1c64bf.ctex remapped: res://.godot/imported/hidden.svg-95a6ec26f8ccd8a24307b1b7ae1c64bf.ctex
Completed load for: 'res://asset/ui/dungeon_draft/arbre_compétences/generated/icons/hidden.svg' remapped 'res://asset/ui/dungeon_draft/arbre_compétences/generated/icons/hidden.svg' at thread -1
Loading resource: res://asset/ui/dungeon_draft/arbre_compétences/generated/icons/damage.svg remapped: res://asset/ui/dungeon_draft/arbre_compétences/generated/icons/damage.svg
Loading resource: res://.godot/imported/damage.svg-81e16fd87e18f7b6d0062545ea196e8d.ctex remapped: res://.godot/imported/damage.svg-81e16fd87e18f7b6d0062545ea196e8d.ctex
Completed load for: 'res://asset/ui/dungeon_draft/arbre_compétences/generated/icons/damage.svg' remapped 'res://asset/ui/dungeon_draft/arbre_compétences/generated/icons/damage.svg' at thread -1
Loading resource: res://asset/ui/dungeon_draft/arbre_compétences/generated/icons/range.svg remapped: res://asset/ui/dungeon_draft/arbre_compétences/generated/icons/range.svg
Loading resource: res://.godot/imported/range.svg-edee5d46762c473162324e5601be4c95.ctex remapped: res://.godot/imported/range.svg-edee5d46762c473162324e5601be4c95.ctex
Completed load for: 'res://asset/ui/dungeon_draft/arbre_compétences/generated/icons/range.svg' remapped 'res://asset/ui/dungeon_draft/arbre_compétences/generated/icons/range.svg' at thread -1
Loading resource: res://asset/ui/dungeon_draft/arbre_compétences/generated/icons/push.svg remapped: res://asset/ui/dungeon_draft/arbre_compétences/generated/icons/push.svg
Loading resource: res://.godot/imported/push.svg-7e56f742c013aa3d7671adae148e8967.ctex remapped: res://.godot/imported/push.svg-7e56f742c013aa3d7671adae148e8967.ctex
Completed load for: 'res://asset/ui/dungeon_draft/arbre_compétences/generated/icons/push.svg' remapped 'res://asset/ui/dungeon_draft/arbre_compétences/generated/icons/push.svg' at thread -1
Loading resource: res://asset/ui/dungeon_draft/arbre_compétences/generated/icons/movement.svg remapped: res://asset/ui/dungeon_draft/arbre_compétences/generated/icons/movement.svg
Loading resource: res://.godot/imported/movement.svg-33afa9d21ea276122edde7f40b48a650.ctex remapped: res://.godot/imported/movement.svg-33afa9d21ea276122edde7f40b48a650.ctex
Completed load for: 'res://asset/ui/dungeon_draft/arbre_compétences/generated/icons/movement.svg' remapped 'res://asset/ui/dungeon_draft/arbre_compétences/generated/icons/movement.svg' at thread -1
Loading resource: res://asset/ui/dungeon_draft/arbre_compétences/generated/icons/bleed.svg remapped: res://asset/ui/dungeon_draft/arbre_compétences/generated/icons/bleed.svg
Loading resource: res://.godot/imported/bleed.svg-2bb37c88d682e77ac743a133c0351e8e.ctex remapped: res://.godot/imported/bleed.svg-2bb37c88d682e77ac743a133c0351e8e.ctex
Completed load for: 'res://asset/ui/dungeon_draft/arbre_compétences/generated/icons/bleed.svg' remapped 'res://asset/ui/dungeon_draft/arbre_compétences/generated/icons/bleed.svg' at thread -1
Loading resource: res://asset/ui/dungeon_draft/arbre_compétences/generated/icons/vulnerability.svg remapped: res://asset/ui/dungeon_draft/arbre_compétences/generated/icons/vulnerability.svg
Loading resource: res://.godot/imported/vulnerability.svg-45a981ca2bad35b059f415b76a8ccd5b.ctex remapped: res://.godot/imported/vulnerability.svg-45a981ca2bad35b059f415b76a8ccd5b.ctex
Completed load for: 'res://asset/ui/dungeon_draft/arbre_compétences/generated/icons/vulnerability.svg' remapped 'res://asset/ui/dungeon_draft/arbre_compétences/generated/icons/vulnerability.svg' at thread -1
Loading resource: res://asset/ui/dungeon_draft/arbre_compétences/generated/icons/collision.svg remapped: res://asset/ui/dungeon_draft/arbre_compétences/generated/icons/collision.svg
Loading resource: res://.godot/imported/collision.svg-cfeac4963bd1bcc1c0e5da1275651f86.ctex remapped: res://.godot/imported/collision.svg-cfeac4963bd1bcc1c0e5da1275651f86.ctex
Completed load for: 'res://asset/ui/dungeon_draft/arbre_compétences/generated/icons/collision.svg' remapped 'res://asset/ui/dungeon_draft/arbre_compétences/generated/icons/collision.svg' at thread -1
Loading resource: res://asset/ui/dungeon_draft/arbre_compétences/generated/icons/duration.svg remapped: res://asset/ui/dungeon_draft/arbre_compétences/generated/icons/duration.svg
Loading resource: res://.godot/imported/duration.svg-bd4735916d50f70f6ea3c63613b47d6e.ctex remapped: res://.godot/imported/duration.svg-bd4735916d50f70f6ea3c63613b47d6e.ctex
Completed load for: 'res://asset/ui/dungeon_draft/arbre_compétences/generated/icons/duration.svg' remapped 'res://asset/ui/dungeon_draft/arbre_compétences/generated/icons/duration.svg' at thread -1
Loading resource: res://asset/ui/dungeon_draft/arbre_compétences/generated/icons/pierce.svg remapped: res://asset/ui/dungeon_draft/arbre_compétences/generated/icons/pierce.svg
Loading resource: res://.godot/imported/pierce.svg-7e7339f71292c1df91bef5f7b67c2b02.ctex remapped: res://.godot/imported/pierce.svg-7e7339f71292c1df91bef5f7b67c2b02.ctex
Completed load for: 'res://asset/ui/dungeon_draft/arbre_compétences/generated/icons/pierce.svg' remapped 'res://asset/ui/dungeon_draft/arbre_compétences/generated/icons/pierce.svg' at thread -1
Loading resource: res://asset/ui/dungeon_draft/arbre_compétences/generated/icons/terrain.svg remapped: res://asset/ui/dungeon_draft/arbre_compétences/generated/icons/terrain.svg
Loading resource: res://.godot/imported/terrain.svg-507d7af43c750a821386642d1fdd4e37.ctex remapped: res://.godot/imported/terrain.svg-507d7af43c750a821386642d1fdd4e37.ctex
Completed load for: 'res://asset/ui/dungeon_draft/arbre_compétences/generated/icons/terrain.svg' remapped 'res://asset/ui/dungeon_draft/arbre_compétences/generated/icons/terrain.svg' at thread -1
Loading resource: res://asset/ui/dungeon_draft/arbre_compétences/generated/icons/heal.svg remapped: res://asset/ui/dungeon_draft/arbre_compétences/generated/icons/heal.svg
Loading resource: res://.godot/imported/heal.svg-8852c0d5dab1b6c8565b2bbf5a81cb8b.ctex remapped: res://.godot/imported/heal.svg-8852c0d5dab1b6c8565b2bbf5a81cb8b.ctex
Completed load for: 'res://asset/ui/dungeon_draft/arbre_compétences/generated/icons/heal.svg' remapped 'res://asset/ui/dungeon_draft/arbre_compétences/generated/icons/heal.svg' at thread -1
Loading resource: res://asset/ui/dungeon_draft/arbre_compétences/generated/icons/defense.svg remapped: res://asset/ui/dungeon_draft/arbre_compétences/generated/icons/defense.svg
Loading resource: res://.godot/imported/defense.svg-069dd7116d9595dd8300510c5ec95bf1.ctex remapped: res://.godot/imported/defense.svg-069dd7116d9595dd8300510c5ec95bf1.ctex
Completed load for: 'res://asset/ui/dungeon_draft/arbre_compétences/generated/icons/defense.svg' remapped 'res://asset/ui/dungeon_draft/arbre_compétences/generated/icons/defense.svg' at thread -1
Loading resource: res://asset/ui/dungeon_draft/arbre_compétences/generated/icons/state_check.svg remapped: res://asset/ui/dungeon_draft/arbre_compétences/generated/icons/state_check.svg
Loading resource: res://.godot/imported/state_check.svg-0ca856d722b0cf1a68254cbd035f72db.ctex remapped: res://.godot/imported/state_check.svg-0ca856d722b0cf1a68254cbd035f72db.ctex
Completed load for: 'res://asset/ui/dungeon_draft/arbre_compétences/generated/icons/state_check.svg' remapped 'res://asset/ui/dungeon_draft/arbre_compétences/generated/icons/state_check.svg' at thread -1
Loading resource: res://asset/ui/dungeon_draft/arbre_compétences/generated/icons/state_excluded.svg remapped: res://asset/ui/dungeon_draft/arbre_compétences/generated/icons/state_excluded.svg
Loading resource: res://.godot/imported/state_excluded.svg-60258fffe256cf148ed6b0d93db27eeb.ctex remapped: res://.godot/imported/state_excluded.svg-60258fffe256cf148ed6b0d93db27eeb.ctex
Completed load for: 'res://asset/ui/dungeon_draft/arbre_compétences/generated/icons/state_excluded.svg' remapped 'res://asset/ui/dungeon_draft/arbre_compétences/generated/icons/state_excluded.svg' at thread -1
Loading resource: res://asset/ui/dungeon_draft/arbre_compétences/generated/icons/state_pending.svg remapped: res://asset/ui/dungeon_draft/arbre_compétences/generated/icons/state_pending.svg
Loading resource: res://.godot/imported/state_pending.svg-9f3e7ec8df607cfde32fc70752ae64a4.ctex remapped: res://.godot/imported/state_pending.svg-9f3e7ec8df607cfde32fc70752ae64a4.ctex
Completed load for: 'res://asset/ui/dungeon_draft/arbre_compétences/generated/icons/state_pending.svg' remapped 'res://asset/ui/dungeon_draft/arbre_compétences/generated/icons/state_pending.svg' at thread -1
Loading resource: res://asset/ui/dungeon_draft/arbre_compétences/generated/icons/poison.svg remapped: res://asset/ui/dungeon_draft/arbre_compétences/generated/icons/poison.svg
Loading resource: res://.godot/imported/poison.svg-3b5754011a77217fa357aaef5ee5937d.ctex remapped: res://.godot/imported/poison.svg-3b5754011a77217fa357aaef5ee5937d.ctex
Completed load for: 'res://asset/ui/dungeon_draft/arbre_compétences/generated/icons/poison.svg' remapped 'res://asset/ui/dungeon_draft/arbre_compétences/generated/icons/poison.svg' at thread -1
Completed load for: 'res://data/ui/skill_tree_icon_catalog_refined.tres' remapped 'res://data/ui/skill_tree_icon_catalog_refined.tres' at thread -1
Completed load for: 'res://ui/progression/skin/dungeon_draft_skill_tree_skin.tres' remapped 'res://ui/progression/skin/dungeon_draft_skill_tree_skin.tres' at thread -1
Completed load for: 'res://ui/progression/components/skill_tree_tooltip_panel.tscn' remapped 'res://ui/progression/components/skill_tree_tooltip_panel.tscn' at thread -1
Completed load for: 'res://ui/progression/components/skill_tree_status_button.tscn' remapped 'res://ui/progression/components/skill_tree_status_button.tscn' at thread -1
Loading resource: res://ui/progression/screens/skill_tree_screen.tscn remapped: res://ui/progression/screens/skill_tree_screen.tscn
Loading resource: res://ui/progression/components/skill_tree_graph_view.tscn remapped: res://ui/progression/components/skill_tree_graph_view.tscn
Loading resource: res://ui/progression/skin/elf_archer_visual_map.tres remapped: res://ui/progression/skin/elf_archer_visual_map.tres
Completed load for: 'res://ui/progression/skin/elf_archer_visual_map.tres' remapped 'res://ui/progression/skin/elf_archer_visual_map.tres' at thread -1
Completed load for: 'res://ui/progression/components/skill_tree_graph_view.tscn' remapped 'res://ui/progression/components/skill_tree_graph_view.tscn' at thread -1
Loading resource: res://ui/progression/components/skill_tree_node_detail_panel.tscn remapped: res://ui/progression/components/skill_tree_node_detail_panel.tscn
Completed load for: 'res://ui/progression/components/skill_tree_node_detail_panel.tscn' remapped 'res://ui/progression/components/skill_tree_node_detail_panel.tscn' at thread -1
Completed load for: 'res://ui/progression/screens/skill_tree_screen.tscn' remapped 'res://ui/progression/screens/skill_tree_screen.tscn' at thread -1
Loading resource: res://ui/menus/dark_pause_menu.tscn remapped: res://ui/menus/dark_pause_menu.tscn
Loading resource: res://ui/themes/dark_pause_menu_theme.tres remapped: res://ui/themes/dark_pause_menu_theme.tres
Loading resource: res://asset/ui/dark_menu/generated/button_normal.png remapped: res://asset/ui/dark_menu/generated/button_normal.png
Loading resource: res://.godot/imported/button_normal.png-4bb5fa7e4095485eefaa689c3d19c500.ctex remapped: res://.godot/imported/button_normal.png-4bb5fa7e4095485eefaa689c3d19c500.ctex
Completed load for: 'res://asset/ui/dark_menu/generated/button_normal.png' remapped 'res://asset/ui/dark_menu/generated/button_normal.png' at thread -1
Loading resource: res://asset/ui/dark_menu/generated/button_hover.png remapped: res://asset/ui/dark_menu/generated/button_hover.png
Loading resource: res://.godot/imported/button_hover.png-8a337b237d0ef81004ac2c6b12c31865.ctex remapped: res://.godot/imported/button_hover.png-8a337b237d0ef81004ac2c6b12c31865.ctex
Completed load for: 'res://asset/ui/dark_menu/generated/button_hover.png' remapped 'res://asset/ui/dark_menu/generated/button_hover.png' at thread -1
Loading resource: res://asset/ui/dark_menu/generated/button_pressed.png remapped: res://asset/ui/dark_menu/generated/button_pressed.png
Loading resource: res://.godot/imported/button_pressed.png-e16840e1248e3ce4bf5e6571a90a0477.ctex remapped: res://.godot/imported/button_pressed.png-e16840e1248e3ce4bf5e6571a90a0477.ctex
Completed load for: 'res://asset/ui/dark_menu/generated/button_pressed.png' remapped 'res://asset/ui/dark_menu/generated/button_pressed.png' at thread -1
Completed load for: 'res://ui/themes/dark_pause_menu_theme.tres' remapped 'res://ui/themes/dark_pause_menu_theme.tres' at thread -1
Loading resource: res://asset/ui/dark_menu/generated/main_frame.png remapped: res://asset/ui/dark_menu/generated/main_frame.png
Loading resource: res://.godot/imported/main_frame.png-8a86c42d3d8e3b1d99f115d68c6d5f4c.ctex remapped: res://.godot/imported/main_frame.png-8a86c42d3d8e3b1d99f115d68c6d5f4c.ctex
Completed load for: 'res://asset/ui/dark_menu/generated/main_frame.png' remapped 'res://asset/ui/dark_menu/generated/main_frame.png' at thread -1
Loading resource: res://asset/ui/dark_menu/generated/title_header.png remapped: res://asset/ui/dark_menu/generated/title_header.png
Loading resource: res://.godot/imported/title_header.png-38519adc17b2661a49ac08a5729b35e3.ctex remapped: res://.godot/imported/title_header.png-38519adc17b2661a49ac08a5729b35e3.ctex
Completed load for: 'res://asset/ui/dark_menu/generated/title_header.png' remapped 'res://asset/ui/dark_menu/generated/title_header.png' at thread -1
Loading resource: res://asset/ui/dark_menu/generated/close_button.png remapped: res://asset/ui/dark_menu/generated/close_button.png
Loading resource: res://.godot/imported/close_button.png-a8d749bc78e98b3fd89e0ebf51b7f3bb.ctex remapped: res://.godot/imported/close_button.png-a8d749bc78e98b3fd89e0ebf51b7f3bb.ctex
Completed load for: 'res://asset/ui/dark_menu/generated/close_button.png' remapped 'res://asset/ui/dark_menu/generated/close_button.png' at thread -1
Loading resource: res://asset/ui/dark_menu/generated/bottom_section.png remapped: res://asset/ui/dark_menu/generated/bottom_section.png
Loading resource: res://.godot/imported/bottom_section.png-58cc2cd32cdc99b7a0177a8646f93cc3.ctex remapped: res://.godot/imported/bottom_section.png-58cc2cd32cdc99b7a0177a8646f93cc3.ctex
Completed load for: 'res://asset/ui/dark_menu/generated/bottom_section.png' remapped 'res://asset/ui/dark_menu/generated/bottom_section.png' at thread -1
Loading resource: res://ui/components/dark_menu_button.tscn remapped: res://ui/components/dark_menu_button.tscn
Completed load for: 'res://ui/components/dark_menu_button.tscn' remapped 'res://ui/components/dark_menu_button.tscn' at thread -1
Completed load for: 'res://ui/menus/dark_pause_menu.tscn' remapped 'res://ui/menus/dark_pause_menu.tscn' at thread -1
Completed load for: 'res://ui/run/PersistentRunUI.tscn' remapped 'res://ui/run/PersistentRunUI.tscn' at thread -1
Completed load for: 'res://core/game_manager.gd' remapped 'res://core/game_manager.gd' at thread -1
Loading resource: res://core/audio_manager.gd remapped: res://core/audio_manager.gd
Completed load for: 'res://core/audio_manager.gd' remapped 'res://core/audio_manager.gd' at thread -1
Loading resource: res://core/vfx_manager.gd remapped: res://core/vfx_manager.gd
Completed load for: 'res://core/vfx_manager.gd' remapped 'res://core/vfx_manager.gd' at thread -1
Accessibility: window 1 adapter activated.
Accessibility: window 1 adapter initial update completed.
Loading resource: res://addons/gut/gut_plugin.gd remapped: res://addons/gut/gut_plugin.gd
Loading resource: res://addons/gut/gui/GutBottomPanel.tscn remapped: res://addons/gut/gui/GutBottomPanel.tscn
Loading resource: res://addons/gut/gui/GutBottomPanel.gd remapped: res://addons/gut/gui/GutBottomPanel.gd
Loading resource: res://addons/gut/GutScene.tscn remapped: res://addons/gut/GutScene.tscn
Loading resource: res://addons/gut/GutScene.gd remapped: res://addons/gut/GutScene.gd
Completed load for: 'res://addons/gut/GutScene.gd' remapped 'res://addons/gut/GutScene.gd' at thread -1
Loading resource: res://addons/gut/gui/NormalGui.tscn remapped: res://addons/gut/gui/NormalGui.tscn
Loading resource: res://addons/gut/gui/GutSceneTheme.tres remapped: res://addons/gut/gui/GutSceneTheme.tres
Loading resource: res://addons/gut/fonts/AnonymousPro-Regular.ttf remapped: res://addons/gut/fonts/AnonymousPro-Regular.ttf
Loading resource: res://.godot/imported/AnonymousPro-Regular.ttf-856c843fd6f89964d2ca8d8ff1724f13.fontdata remapped: res://.godot/imported/AnonymousPro-Regular.ttf-856c843fd6f89964d2ca8d8ff1724f13.fontdata
Completed load for: 'res://addons/gut/fonts/AnonymousPro-Regular.ttf' remapped 'res://addons/gut/fonts/AnonymousPro-Regular.ttf' at thread -1
Completed load for: 'res://addons/gut/gui/GutSceneTheme.tres' remapped 'res://addons/gut/gui/GutSceneTheme.tres' at thread -1
Loading resource: res://addons/gut/gui/gut_gui.gd remapped: res://addons/gut/gui/gut_gui.gd
Completed load for: 'res://addons/gut/gui/gut_gui.gd' remapped 'res://addons/gut/gui/gut_gui.gd' at thread -1
Loading resource: res://addons/gut/fonts/CourierPrime-Regular.ttf remapped: res://addons/gut/fonts/CourierPrime-Regular.ttf
Loading resource: res://.godot/imported/CourierPrime-Regular.ttf-3babe7e4a7a588dfc9a84c14b4f1fe23.fontdata remapped: res://.godot/imported/CourierPrime-Regular.ttf-3babe7e4a7a588dfc9a84c14b4f1fe23.fontdata
Completed load for: 'res://addons/gut/fonts/CourierPrime-Regular.ttf' remapped 'res://addons/gut/fonts/CourierPrime-Regular.ttf' at thread -1
Loading resource: res://addons/gut/gui/ResizeHandle.tscn remapped: res://addons/gut/gui/ResizeHandle.tscn
Loading resource: res://addons/gut/gui/ResizeHandle.gd remapped: res://addons/gut/gui/ResizeHandle.gd
Completed load for: 'res://addons/gut/gui/ResizeHandle.gd' remapped 'res://addons/gut/gui/ResizeHandle.gd' at thread -1
Completed load for: 'res://addons/gut/gui/ResizeHandle.tscn' remapped 'res://addons/gut/gui/ResizeHandle.tscn' at thread -1
Completed load for: 'res://addons/gut/gui/NormalGui.tscn' remapped 'res://addons/gut/gui/NormalGui.tscn' at thread -1
Loading resource: res://addons/gut/gui/MinGui.tscn remapped: res://addons/gut/gui/MinGui.tscn
Completed load for: 'res://addons/gut/gui/MinGui.tscn' remapped 'res://addons/gut/gui/MinGui.tscn' at thread -1
Completed load for: 'res://addons/gut/GutScene.tscn' remapped 'res://addons/gut/GutScene.tscn' at thread -1
Loading resource: res://addons/gut/lazy_loader.gd remapped: res://addons/gut/lazy_loader.gd
Loading resource: res://addons/gut/thing_counter.gd remapped: res://addons/gut/thing_counter.gd
Completed load for: 'res://addons/gut/thing_counter.gd' remapped 'res://addons/gut/thing_counter.gd' at thread -1
Loading resource: res://addons/gut/warnings_manager.gd remapped: res://addons/gut/warnings_manager.gd
Completed load for: 'res://addons/gut/warnings_manager.gd' remapped 'res://addons/gut/warnings_manager.gd' at thread -1
Completed load for: 'res://addons/gut/lazy_loader.gd' remapped 'res://addons/gut/lazy_loader.gd' at thread -1
Loading resource: res://addons/gut/version_numbers.gd remapped: res://addons/gut/version_numbers.gd
Completed load for: 'res://addons/gut/version_numbers.gd' remapped 'res://addons/gut/version_numbers.gd' at thread -1
Loading resource: res://addons/gut/gui/editor_globals.gd remapped: res://addons/gut/gui/editor_globals.gd
Loading resource: res://addons/gut/gui/gut_user_preferences.gd remapped: res://addons/gut/gui/gut_user_preferences.gd
Completed load for: 'res://addons/gut/gui/gut_user_preferences.gd' remapped 'res://addons/gut/gui/gut_user_preferences.gd' at thread -1
Completed load for: 'res://addons/gut/gui/editor_globals.gd' remapped 'res://addons/gut/gui/editor_globals.gd' at thread -1
Loading resource: res://addons/gut/gui/RunExternally.tscn remapped: res://addons/gut/gui/RunExternally.tscn
Loading resource: res://addons/gut/gui/RunExternally.gd remapped: res://addons/gut/gui/RunExternally.gd
Completed load for: 'res://addons/gut/gui/RunExternally.gd' remapped 'res://addons/gut/gui/RunExternally.gd' at thread -1
Completed load for: 'res://addons/gut/gui/RunExternally.tscn' remapped 'res://addons/gut/gui/RunExternally.tscn' at thread -1
Loading resource: res://addons/gut/gut_fonts.gd remapped: res://addons/gut/gut_fonts.gd
Completed load for: 'res://addons/gut/gut_fonts.gd' remapped 'res://addons/gut/gut_fonts.gd' at thread -1
Loading resource: res://addons/gut/strutils.gd remapped: res://addons/gut/strutils.gd
Completed load for: 'res://addons/gut/strutils.gd' remapped 'res://addons/gut/strutils.gd' at thread -1
Loading resource: res://addons/gut/inner_class_registry.gd remapped: res://addons/gut/inner_class_registry.gd
Completed load for: 'res://addons/gut/inner_class_registry.gd' remapped 'res://addons/gut/inner_class_registry.gd' at thread -1
Loading resource: res://addons/gut/dynamic_gdscript.gd remapped: res://addons/gut/dynamic_gdscript.gd
Completed load for: 'res://addons/gut/dynamic_gdscript.gd' remapped 'res://addons/gut/dynamic_gdscript.gd' at thread -1
Completed load for: 'res://addons/gut/gui/GutBottomPanel.gd' remapped 'res://addons/gut/gui/GutBottomPanel.gd' at thread -1
Loading resource: res://addons/gut/gui/RunAtCursor.tscn remapped: res://addons/gut/gui/RunAtCursor.tscn
Loading resource: res://addons/gut/gui/RunAtCursor.gd remapped: res://addons/gut/gui/RunAtCursor.gd
Completed load for: 'res://addons/gut/gui/RunAtCursor.gd' remapped 'res://addons/gut/gui/RunAtCursor.gd' at thread -1
Loading resource: res://addons/gut/gui/arrow.png remapped: res://addons/gut/gui/arrow.png
Loading resource: res://.godot/imported/arrow.png-2b5b2d838b5b3467cf300ac2da1630d9.ctex remapped: res://.godot/imported/arrow.png-2b5b2d838b5b3467cf300ac2da1630d9.ctex
Completed load for: 'res://addons/gut/gui/arrow.png' remapped 'res://addons/gut/gui/arrow.png' at thread -1
Completed load for: 'res://addons/gut/gui/RunAtCursor.tscn' remapped 'res://addons/gut/gui/RunAtCursor.tscn' at thread -1
Loading resource: res://addons/gut/gui/play.png remapped: res://addons/gut/gui/play.png
Loading resource: res://.godot/imported/play.png-5c90e88e8136487a183a099d67a7de24.ctex remapped: res://.godot/imported/play.png-5c90e88e8136487a183a099d67a7de24.ctex
Completed load for: 'res://addons/gut/gui/play.png' remapped 'res://addons/gut/gui/play.png' at thread -1
Loading resource: res://addons/gut/icon.png remapped: res://addons/gut/icon.png
Loading resource: res://.godot/imported/icon.png-91b084043b8aaf2f1c906e7b9fa92969.ctex remapped: res://.godot/imported/icon.png-91b084043b8aaf2f1c906e7b9fa92969.ctex
Completed load for: 'res://addons/gut/icon.png' remapped 'res://addons/gut/icon.png' at thread -1
Loading resource: res://addons/gut/gui/RunResults.tscn remapped: res://addons/gut/gui/RunResults.tscn
Loading resource: res://addons/gut/gui/RunResults.gd remapped: res://addons/gut/gui/RunResults.gd
Completed load for: 'res://addons/gut/gui/RunResults.gd' remapped 'res://addons/gut/gui/RunResults.gd' at thread -1
Loading resource: res://addons/gut/gui/ResultsTree.tscn remapped: res://addons/gut/gui/ResultsTree.tscn
Loading resource: res://addons/gut/gui/ResultsTree.gd remapped: res://addons/gut/gui/ResultsTree.gd
Completed load for: 'res://addons/gut/gui/ResultsTree.gd' remapped 'res://addons/gut/gui/ResultsTree.gd' at thread -1
Completed load for: 'res://addons/gut/gui/ResultsTree.tscn' remapped 'res://addons/gut/gui/ResultsTree.tscn' at thread -1
Completed load for: 'res://addons/gut/gui/RunResults.tscn' remapped 'res://addons/gut/gui/RunResults.tscn' at thread -1
Loading resource: res://addons/gut/images/HSplitContainer.svg remapped: res://addons/gut/images/HSplitContainer.svg
Loading resource: res://.godot/imported/HSplitContainer.svg-81e594d94ee80e4176e099672ef6025b.editor.ctex remapped: res://.godot/imported/HSplitContainer.svg-81e594d94ee80e4176e099672ef6025b.editor.ctex
Completed load for: 'res://addons/gut/images/HSplitContainer.svg' remapped 'res://addons/gut/images/HSplitContainer.svg' at thread -1
Loading resource: res://addons/gut/gui/OutputText.tscn remapped: res://addons/gut/gui/OutputText.tscn
Loading resource: res://addons/gut/gui/OutputText.gd remapped: res://addons/gut/gui/OutputText.gd
Completed load for: 'res://addons/gut/gui/OutputText.gd' remapped 'res://addons/gut/gui/OutputText.gd' at thread -1
Completed load for: 'res://addons/gut/gui/OutputText.tscn' remapped 'res://addons/gut/gui/OutputText.tscn' at thread -1
Loading resource: res://addons/gut/images/VSplitContainer.svg remapped: res://addons/gut/images/VSplitContainer.svg
Loading resource: res://.godot/imported/VSplitContainer.svg-6cec29fefa7e65d6ff7c2fdb9a1bb9ab.editor.ctex remapped: res://.godot/imported/VSplitContainer.svg-6cec29fefa7e65d6ff7c2fdb9a1bb9ab.editor.ctex
Completed load for: 'res://addons/gut/images/VSplitContainer.svg' remapped 'res://addons/gut/images/VSplitContainer.svg' at thread -1
Loading resource: res://addons/gut/gui/ShortcutDialog.tscn remapped: res://addons/gut/gui/ShortcutDialog.tscn
Loading resource: res://addons/gut/gui/ShortcutDialog.gd remapped: res://addons/gut/gui/ShortcutDialog.gd
Completed load for: 'res://addons/gut/gui/ShortcutDialog.gd' remapped 'res://addons/gut/gui/ShortcutDialog.gd' at thread -1
Loading resource: res://addons/gut/gui/ShortcutButton.tscn remapped: res://addons/gut/gui/ShortcutButton.tscn
Loading resource: res://addons/gut/gui/ShortcutButton.gd remapped: res://addons/gut/gui/ShortcutButton.gd
Completed load for: 'res://addons/gut/gui/ShortcutButton.gd' remapped 'res://addons/gut/gui/ShortcutButton.gd' at thread -1
Completed load for: 'res://addons/gut/gui/ShortcutButton.tscn' remapped 'res://addons/gut/gui/ShortcutButton.tscn' at thread -1
Completed load for: 'res://addons/gut/gui/ShortcutDialog.tscn' remapped 'res://addons/gut/gui/ShortcutDialog.tscn' at thread -1
Loading resource: res://addons/gut/gui/ShellOutOptions.tscn remapped: res://addons/gut/gui/ShellOutOptions.tscn
Loading resource: res://addons/gut/gui/ShellOutOptions.gd remapped: res://addons/gut/gui/ShellOutOptions.gd
Completed load for: 'res://addons/gut/gui/ShellOutOptions.gd' remapped 'res://addons/gut/gui/ShellOutOptions.gd' at thread -1
Completed load for: 'res://addons/gut/gui/ShellOutOptions.tscn' remapped 'res://addons/gut/gui/ShellOutOptions.tscn' at thread -1
Completed load for: 'res://addons/gut/gui/GutBottomPanel.tscn' remapped 'res://addons/gut/gui/GutBottomPanel.tscn' at thread -1
Completed load for: 'res://addons/gut/gut_plugin.gd' remapped 'res://addons/gut/gut_plugin.gd' at thread -1
Loading resource: res://addons/meshy-godot-plugin/meshy_plugin.gd remapped: res://addons/meshy-godot-plugin/meshy_plugin.gd
Loading resource: res://addons/meshy-godot-plugin/main_panel.tscn remapped: res://addons/meshy-godot-plugin/main_panel.tscn
Loading resource: res://addons/meshy-godot-plugin/main_scripts.gd remapped: res://addons/meshy-godot-plugin/main_scripts.gd
Completed load for: 'res://addons/meshy-godot-plugin/main_scripts.gd' remapped 'res://addons/meshy-godot-plugin/main_scripts.gd' at thread -1
Completed load for: 'res://addons/meshy-godot-plugin/main_panel.tscn' remapped 'res://addons/meshy-godot-plugin/main_panel.tscn' at thread -1
Loading resource: res://addons/meshy-godot-plugin/Meshy_Icon_36.png remapped: res://addons/meshy-godot-plugin/Meshy_Icon_36.png
Loading resource: res://.godot/imported/Meshy_Icon_36.png-45bf9fe5e79948bd21fa2b9d42bb6f48.ctex remapped: res://.godot/imported/Meshy_Icon_36.png-45bf9fe5e79948bd21fa2b9d42bb6f48.ctex
Completed load for: 'res://addons/meshy-godot-plugin/Meshy_Icon_36.png' remapped 'res://addons/meshy-godot-plugin/Meshy_Icon_36.png' at thread -1
Completed load for: 'res://addons/meshy-godot-plugin/meshy_plugin.gd' remapped 'res://addons/meshy-godot-plugin/meshy_plugin.gd' at thread -1
Loading resource: res://addons/godot_ai_workbench/commands/workbench_batch_ops.gd remapped: res://addons/godot_ai_workbench/commands/workbench_batch_ops.gd
Generated 'res://addons/godot_ai_workbench/plugin.cfg' preview in 368 usec
Generated 'res://addons/gut/double_templates/double_data_template.txt' preview in 473 usec
Generated 'res://addons/gut/double_templates/function_template.txt' preview in 609 usec
Generated 'res://addons/gut/double_templates/init_template.txt' preview in 437 usec
Generated 'res://addons/gut/double_templates/script_template.txt' preview in 398 usec
Generated 'res://addons/gut/double_templates/singleton_template.txt' preview in 484 usec
Completed load for: 'res://addons/godot_ai_workbench/commands/workbench_batch_ops.gd' remapped 'res://addons/godot_ai_workbench/commands/workbench_batch_ops.gd' at thread -1
Loading resource: res://addons/godot_ai_workbench/commands/workbench_debug_ops.gd remapped: res://addons/godot_ai_workbench/commands/workbench_debug_ops.gd
Generated 'res://addons/gut/fonts/OFL.txt' preview in 401 usec
Generated 'res://addons/gut/gui/about.tscn' preview in 61 usec
Generated 'res://addons/gut/gui/check_for_update.tscn' preview in 47 usec
Generated 'res://addons/gut/gui/EditorRadioButton.tres' preview in 272 usec
Generated 'res://addons/gut/gui/GutBottomPanel.tscn' preview in 37 usec
Generated 'res://addons/gut/gui/GutControl.tscn' preview in 35 usec
Generated 'res://addons/gut/gui/GutLogo.tscn' preview in 32 usec
Generated 'res://addons/gut/gui/GutRunner.tscn' preview in 42 usec
Generated 'res://addons/gut/gui/GutSceneTheme.tres' preview in 264 usec
Generated 'res://addons/gut/gui/MinGui.tscn' preview in 37 usec
Generated 'res://addons/gut/gui/NormalGui.tscn' preview in 30 usec
Generated 'res://addons/gut/gui/OutputText.tscn' preview in 36 usec
Completed load for: 'res://addons/godot_ai_workbench/commands/workbench_debug_ops.gd' remapped 'res://addons/godot_ai_workbench/commands/workbench_debug_ops.gd' at thread -1
Loading resource: res://addons/godot_ai_workbench/commands/workbench_dispatch_hub.gd remapped: res://addons/godot_ai_workbench/commands/workbench_dispatch_hub.gd
Generated 'res://addons/gut/gui/ResizeHandle.tscn' preview in 36 usec
Generated 'res://addons/gut/gui/ResultsTree.tscn' preview in 34 usec
Generated 'res://addons/gut/gui/RunAtCursor.tscn' preview in 43 usec
Generated 'res://addons/gut/gui/RunExternally.tscn' preview in 35 usec
Generated 'res://addons/gut/gui/RunResults.tscn' preview in 37 usec
Generated 'res://addons/gut/gui/run_from_editor.tscn' preview in 50 usec
Generated 'res://addons/gut/gui/Settings.tscn' preview in 31 usec
Generated 'res://addons/gut/gui/ShellOutOptions.tscn' preview in 34 usec
Generated 'res://addons/gut/gui/ShortcutButton.tscn' preview in 36 usec
Generated 'res://addons/gut/gui/ShortcutDialog.tscn' preview in 34 usec
Completed load for: 'res://addons/godot_ai_workbench/commands/workbench_dispatch_hub.gd' remapped 'res://addons/godot_ai_workbench/commands/workbench_dispatch_hub.gd' at thread -1
Generated 'res://addons/gut/gui/update_required.tscn' preview in 36 usec
Loading resource: res://addons/godot_ai_workbench/commands/workbench_domain_behavior_ops.gd remapped: res://addons/godot_ai_workbench/commands/workbench_domain_behavior_ops.gd
Generated 'res://addons/gut/GutScene.tscn' preview in 45 usec
Generated 'res://addons/gut/gut_loader_the_scene.tscn' preview in 45 usec
Generated 'res://addons/gut/LICENSE.md' preview in 399 usec
Completed load for: 'res://addons/godot_ai_workbench/commands/workbench_domain_behavior_ops.gd' remapped 'res://addons/godot_ai_workbench/commands/workbench_domain_behavior_ops.gd' at thread -1
Loading resource: res://addons/godot_ai_workbench/commands/workbench_domain_ops.gd remapped: res://addons/godot_ai_workbench/commands/workbench_domain_ops.gd
Generated 'res://addons/gut/plugin.cfg' preview in 362 usec
Generated 'res://addons/gut/UserFileViewer.tscn' preview in 61 usec
Generated 'res://addons/gut/versions.json' preview in 368 usec
Generated 'res://addons/meshy-godot-plugin/main_panel.tscn' preview in 41 usec
Generated 'res://addons/meshy-godot-plugin/plugin.cfg' preview in 533 usec
Generated 'res://addons/meshy-godot-plugin/README.md' preview in 382 usec
Generated 'res://artifacts/hud_clean_v1/assets_manifest.json' preview in 495 usec
Generated 'res://artifacts/hud_clean_v1/gut_full_run.txt' preview in 420 usec
Generated 'res://artifacts/hud_clean_v2/gut_hud_targeted.txt' preview in 428 usec
Generated 'res://artifacts/hud_refined/assets_manifest_refined.json' preview in 426 usec
Generated 'res://artifacts/hud_refined/gut_hud_targeted.txt' preview in 371 usec
Loading resource: res://artifacts/hud_refined_characters/captures/hud_refined_druid_turn_banner_1920x1080.png remapped: res://artifacts/hud_refined_characters/captures/hud_refined_druid_turn_banner_1920x1080.png
Loading resource: res://.godot/imported/hud_refined_druid_turn_banner_1920x1080.png-bde5b8997625974840f7170eada0aad9.ctex remapped: res://.godot/imported/hud_refined_druid_turn_banner_1920x1080.png-bde5b8997625974840f7170eada0aad9.ctex
Completed load for: 'res://addons/godot_ai_workbench/commands/workbench_domain_ops.gd' remapped 'res://addons/godot_ai_workbench/commands/workbench_domain_ops.gd' at thread -1
Loading resource: res://addons/godot_ai_workbench/commands/workbench_domain_resource_ops.gd remapped: res://addons/godot_ai_workbench/commands/workbench_domain_resource_ops.gd
Completed load for: 'res://artifacts/hud_refined_characters/captures/hud_refined_druid_turn_banner_1920x1080.png' remapped 'res://artifacts/hud_refined_characters/captures/hud_refined_druid_turn_banner_1920x1080.png' at thread -1
Generated 'res://artifacts/hud_refined_characters/captures/hud_refined_druid_turn_banner_1920x1080.png' preview in 28952 usec
Completed load for: 'res://addons/godot_ai_workbench/commands/workbench_domain_resource_ops.gd' remapped 'res://addons/godot_ai_workbench/commands/workbench_domain_resource_ops.gd' at thread -1
Loading resource: res://addons/godot_ai_workbench/commands/workbench_domain_ui_ops.gd remapped: res://addons/godot_ai_workbench/commands/workbench_domain_ui_ops.gd
Loading resource: res://artifacts/hud_refined_characters/captures/hud_refined_elf_selected_1280x720.png remapped: res://artifacts/hud_refined_characters/captures/hud_refined_elf_selected_1280x720.png
Loading resource: res://.godot/imported/hud_refined_elf_selected_1280x720.png-c31e16d5e7b0ff8d2c84d46ec0832336.ctex remapped: res://.godot/imported/hud_refined_elf_selected_1280x720.png-c31e16d5e7b0ff8d2c84d46ec0832336.ctex
Completed load for: 'res://artifacts/hud_refined_characters/captures/hud_refined_elf_selected_1280x720.png' remapped 'res://artifacts/hud_refined_characters/captures/hud_refined_elf_selected_1280x720.png' at thread -1
Completed load for: 'res://addons/godot_ai_workbench/commands/workbench_domain_ui_ops.gd' remapped 'res://addons/godot_ai_workbench/commands/workbench_domain_ui_ops.gd' at thread -1
Loading resource: res://addons/godot_ai_workbench/commands/workbench_domain_utility_ops.gd remapped: res://addons/godot_ai_workbench/commands/workbench_domain_utility_ops.gd
Generated 'res://artifacts/hud_refined_characters/captures/hud_refined_elf_selected_1280x720.png' preview in 19112 usec
Loading resource: res://artifacts/hud_refined_characters/captures/hud_refined_elf_selected_1920x1080.png remapped: res://artifacts/hud_refined_characters/captures/hud_refined_elf_selected_1920x1080.png
Loading resource: res://.godot/imported/hud_refined_elf_selected_1920x1080.png-41143a61566b93bd504b64aee8afdd5b.ctex remapped: res://.godot/imported/hud_refined_elf_selected_1920x1080.png-41143a61566b93bd504b64aee8afdd5b.ctex
Completed load for: 'res://artifacts/hud_refined_characters/captures/hud_refined_elf_selected_1920x1080.png' remapped 'res://artifacts/hud_refined_characters/captures/hud_refined_elf_selected_1920x1080.png' at thread -1
Completed load for: 'res://addons/godot_ai_workbench/commands/workbench_domain_utility_ops.gd' remapped 'res://addons/godot_ai_workbench/commands/workbench_domain_utility_ops.gd' at thread -1
Loading resource: res://addons/godot_ai_workbench/commands/workbench_domain_world_ops.gd remapped: res://addons/godot_ai_workbench/commands/workbench_domain_world_ops.gd
Generated 'res://artifacts/hud_refined_characters/captures/hud_refined_elf_selected_1920x1080.png' preview in 24520 usec
Loading resource: res://artifacts/hud_refined_characters/captures/hud_refined_elf_selected_2560x1440.png remapped: res://artifacts/hud_refined_characters/captures/hud_refined_elf_selected_2560x1440.png
Loading resource: res://.godot/imported/hud_refined_elf_selected_2560x1440.png-100b1d25c2c3cc492e281e66cdc59e81.ctex remapped: res://.godot/imported/hud_refined_elf_selected_2560x1440.png-100b1d25c2c3cc492e281e66cdc59e81.ctex
Completed load for: 'res://artifacts/hud_refined_characters/captures/hud_refined_elf_selected_2560x1440.png' remapped 'res://artifacts/hud_refined_characters/captures/hud_refined_elf_selected_2560x1440.png' at thread -1
Completed load for: 'res://addons/godot_ai_workbench/commands/workbench_domain_world_ops.gd' remapped 'res://addons/godot_ai_workbench/commands/workbench_domain_world_ops.gd' at thread -1
Loading resource: res://addons/godot_ai_workbench/commands/workbench_editor_camera_ops.gd remapped: res://addons/godot_ai_workbench/commands/workbench_editor_camera_ops.gd
Completed load for: 'res://addons/godot_ai_workbench/commands/workbench_editor_camera_ops.gd' remapped 'res://addons/godot_ai_workbench/commands/workbench_editor_camera_ops.gd' at thread -1
Loading resource: res://addons/godot_ai_workbench/commands/workbench_editor_ops.gd remapped: res://addons/godot_ai_workbench/commands/workbench_editor_ops.gd
Generated 'res://artifacts/hud_refined_characters/captures/hud_refined_elf_selected_2560x1440.png' preview in 36617 usec
Loading resource: res://artifacts/hud_refined_characters/captures/hud_refined_elf_turn_banner_1920x1080.png remapped: res://artifacts/hud_refined_characters/captures/hud_refined_elf_turn_banner_1920x1080.png
Loading resource: res://.godot/imported/hud_refined_elf_turn_banner_1920x1080.png-8277f5bcd13388e585516491588bf527.ctex remapped: res://.godot/imported/hud_refined_elf_turn_banner_1920x1080.png-8277f5bcd13388e585516491588bf527.ctex
Completed load for: 'res://artifacts/hud_refined_characters/captures/hud_refined_elf_turn_banner_1920x1080.png' remapped 'res://artifacts/hud_refined_characters/captures/hud_refined_elf_turn_banner_1920x1080.png' at thread -1
Completed load for: 'res://addons/godot_ai_workbench/commands/workbench_editor_ops.gd' remapped 'res://addons/godot_ai_workbench/commands/workbench_editor_ops.gd' at thread -1
Loading resource: res://addons/godot_ai_workbench/commands/workbench_node_ops.gd remapped: res://addons/godot_ai_workbench/commands/workbench_node_ops.gd
Generated 'res://artifacts/hud_refined_characters/captures/hud_refined_elf_turn_banner_1920x1080.png' preview in 27674 usec
Loading resource: res://artifacts/hud_refined_characters/captures/hud_refined_guardian_selected_1920x1080.png remapped: res://artifacts/hud_refined_characters/captures/hud_refined_guardian_selected_1920x1080.png
Loading resource: res://.godot/imported/hud_refined_guardian_selected_1920x1080.png-14a7bef878372ce7a55ed20609264d34.ctex remapped: res://.godot/imported/hud_refined_guardian_selected_1920x1080.png-14a7bef878372ce7a55ed20609264d34.ctex
Completed load for: 'res://addons/godot_ai_workbench/commands/workbench_node_ops.gd' remapped 'res://addons/godot_ai_workbench/commands/workbench_node_ops.gd' at thread -1
Loading resource: res://addons/godot_ai_workbench/commands/workbench_resource_ops.gd remapped: res://addons/godot_ai_workbench/commands/workbench_resource_ops.gd
Completed load for: 'res://artifacts/hud_refined_characters/captures/hud_refined_guardian_selected_1920x1080.png' remapped 'res://artifacts/hud_refined_characters/captures/hud_refined_guardian_selected_1920x1080.png' at thread -1
Generated 'res://artifacts/hud_refined_characters/captures/hud_refined_guardian_selected_1920x1080.png' preview in 26155 usec
Loading resource: res://artifacts/hud_refined_characters/captures/hud_refined_guardian_turn_banner_1920x1080.png remapped: res://artifacts/hud_refined_characters/captures/hud_refined_guardian_turn_banner_1920x1080.png
Loading resource: res://.godot/imported/hud_refined_guardian_turn_banner_1920x1080.png-caee81a992813dcb2fbd411718eb0e3d.ctex remapped: res://.godot/imported/hud_refined_guardian_turn_banner_1920x1080.png-caee81a992813dcb2fbd411718eb0e3d.ctex
Completed load for: 'res://addons/godot_ai_workbench/commands/workbench_resource_ops.gd' remapped 'res://addons/godot_ai_workbench/commands/workbench_resource_ops.gd' at thread -1
Loading resource: res://addons/godot_ai_workbench/commands/workbench_runtime_ops.gd remapped: res://addons/godot_ai_workbench/commands/workbench_runtime_ops.gd
Completed load for: 'res://artifacts/hud_refined_characters/captures/hud_refined_guardian_turn_banner_1920x1080.png' remapped 'res://artifacts/hud_refined_characters/captures/hud_refined_guardian_turn_banner_1920x1080.png' at thread -1
Generated 'res://artifacts/hud_refined_characters/captures/hud_refined_guardian_turn_banner_1920x1080.png' preview in 28108 usec
Loading resource: res://artifacts/hud_refined_characters/captures/hud_refined_hoplite_selected_1920x1080.png remapped: res://artifacts/hud_refined_characters/captures/hud_refined_hoplite_selected_1920x1080.png
Loading resource: res://.godot/imported/hud_refined_hoplite_selected_1920x1080.png-3f52745b8e53a41a07661d2fa4a67a92.ctex remapped: res://.godot/imported/hud_refined_hoplite_selected_1920x1080.png-3f52745b8e53a41a07661d2fa4a67a92.ctex
Completed load for: 'res://artifacts/hud_refined_characters/captures/hud_refined_hoplite_selected_1920x1080.png' remapped 'res://artifacts/hud_refined_characters/captures/hud_refined_hoplite_selected_1920x1080.png' at thread -1
Completed load for: 'res://addons/godot_ai_workbench/commands/workbench_runtime_ops.gd' remapped 'res://addons/godot_ai_workbench/commands/workbench_runtime_ops.gd' at thread -1
Loading resource: res://addons/godot_ai_workbench/commands/workbench_scene_edit_ops.gd remapped: res://addons/godot_ai_workbench/commands/workbench_scene_edit_ops.gd
Generated 'res://artifacts/hud_refined_characters/captures/hud_refined_hoplite_selected_1920x1080.png' preview in 24933 usec
Loading resource: res://artifacts/hud_refined_characters/captures/hud_refined_hoplite_turn_banner_1920x1080.png remapped: res://artifacts/hud_refined_characters/captures/hud_refined_hoplite_turn_banner_1920x1080.png
Loading resource: res://.godot/imported/hud_refined_hoplite_turn_banner_1920x1080.png-71612f4c1ea8eab9c67d1bd4797882ae.ctex remapped: res://.godot/imported/hud_refined_hoplite_turn_banner_1920x1080.png-71612f4c1ea8eab9c67d1bd4797882ae.ctex
Completed load for: 'res://artifacts/hud_refined_characters/captures/hud_refined_hoplite_turn_banner_1920x1080.png' remapped 'res://artifacts/hud_refined_characters/captures/hud_refined_hoplite_turn_banner_1920x1080.png' at thread -1
Completed load for: 'res://addons/godot_ai_workbench/commands/workbench_scene_edit_ops.gd' remapped 'res://addons/godot_ai_workbench/commands/workbench_scene_edit_ops.gd' at thread -1
Loading resource: res://addons/godot_ai_workbench/commands/workbench_scene_ops.gd remapped: res://addons/godot_ai_workbench/commands/workbench_scene_ops.gd
Generated 'res://artifacts/hud_refined_characters/captures/hud_refined_hoplite_turn_banner_1920x1080.png' preview in 28344 usec
Loading resource: res://artifacts/hud_refined_characters/captures/hud_refined_mage_selected_1920x1080.png remapped: res://artifacts/hud_refined_characters/captures/hud_refined_mage_selected_1920x1080.png
Loading resource: res://.godot/imported/hud_refined_mage_selected_1920x1080.png-1cc8f8e23f831a752ece98fedf63fcab.ctex remapped: res://.godot/imported/hud_refined_mage_selected_1920x1080.png-1cc8f8e23f831a752ece98fedf63fcab.ctex
Completed load for: 'res://addons/godot_ai_workbench/commands/workbench_scene_ops.gd' remapped 'res://addons/godot_ai_workbench/commands/workbench_scene_ops.gd' at thread -1
Loading resource: res://addons/godot_ai_workbench/commands/workbench_script_ops.gd remapped: res://addons/godot_ai_workbench/commands/workbench_script_ops.gd
Completed load for: 'res://artifacts/hud_refined_characters/captures/hud_refined_mage_selected_1920x1080.png' remapped 'res://artifacts/hud_refined_characters/captures/hud_refined_mage_selected_1920x1080.png' at thread -1
Completed load for: 'res://addons/godot_ai_workbench/commands/workbench_script_ops.gd' remapped 'res://addons/godot_ai_workbench/commands/workbench_script_ops.gd' at thread -1
Loading resource: res://addons/godot_ai_workbench/commands/workbench_settings_ops.gd remapped: res://addons/godot_ai_workbench/commands/workbench_settings_ops.gd
Generated 'res://artifacts/hud_refined_characters/captures/hud_refined_mage_selected_1920x1080.png' preview in 26567 usec
Loading resource: res://artifacts/hud_refined_characters/captures/hud_refined_mage_turn_banner_1920x1080.png remapped: res://artifacts/hud_refined_characters/captures/hud_refined_mage_turn_banner_1920x1080.png
Loading resource: res://.godot/imported/hud_refined_mage_turn_banner_1920x1080.png-0b5f1cc496621869cb9e0912a10b8c7f.ctex remapped: res://.godot/imported/hud_refined_mage_turn_banner_1920x1080.png-0b5f1cc496621869cb9e0912a10b8c7f.ctex
Completed load for: 'res://artifacts/hud_refined_characters/captures/hud_refined_mage_turn_banner_1920x1080.png' remapped 'res://artifacts/hud_refined_characters/captures/hud_refined_mage_turn_banner_1920x1080.png' at thread -1
Completed load for: 'res://addons/godot_ai_workbench/commands/workbench_settings_ops.gd' remapped 'res://addons/godot_ai_workbench/commands/workbench_settings_ops.gd' at thread -1
Loading resource: res://addons/godot_ai_workbench/debug/workbench_debug_probe.gd remapped: res://addons/godot_ai_workbench/debug/workbench_debug_probe.gd
Generated 'res://artifacts/hud_refined_characters/captures/hud_refined_mage_turn_banner_1920x1080.png' preview in 28766 usec
Loading resource: res://artifacts/hud_refined_characters/captures/hud_refined_necromancer_selected_1920x1080.png remapped: res://artifacts/hud_refined_characters/captures/hud_refined_necromancer_selected_1920x1080.png
Loading resource: res://.godot/imported/hud_refined_necromancer_selected_1920x1080.png-e9826dc00ddaaeba1910bad851a4506c.ctex remapped: res://.godot/imported/hud_refined_necromancer_selected_1920x1080.png-e9826dc00ddaaeba1910bad851a4506c.ctex
Completed load for: 'res://addons/godot_ai_workbench/debug/workbench_debug_probe.gd' remapped 'res://addons/godot_ai_workbench/debug/workbench_debug_probe.gd' at thread -1
Completed load for: 'res://artifacts/hud_refined_characters/captures/hud_refined_necromancer_selected_1920x1080.png' remapped 'res://artifacts/hud_refined_characters/captures/hud_refined_necromancer_selected_1920x1080.png' at thread -1
Loading resource: res://addons/godot_ai_workbench/panel/workbench_panel.gd remapped: res://addons/godot_ai_workbench/panel/workbench_panel.gd
Generated 'res://artifacts/hud_refined_characters/captures/hud_refined_necromancer_selected_1920x1080.png' preview in 27255 usec
Loading resource: res://artifacts/hud_refined_characters/captures/hud_refined_necromancer_turn_banner_1920x1080.png remapped: res://artifacts/hud_refined_characters/captures/hud_refined_necromancer_turn_banner_1920x1080.png
Loading resource: res://.godot/imported/hud_refined_necromancer_turn_banner_1920x1080.png-77d690569a2a4e8e796880f4e5c857fd.ctex remapped: res://.godot/imported/hud_refined_necromancer_turn_banner_1920x1080.png-77d690569a2a4e8e796880f4e5c857fd.ctex
Completed load for: 'res://artifacts/hud_refined_characters/captures/hud_refined_necromancer_turn_banner_1920x1080.png' remapped 'res://artifacts/hud_refined_characters/captures/hud_refined_necromancer_turn_banner_1920x1080.png' at thread -1
Generated 'res://artifacts/hud_refined_characters/captures/hud_refined_necromancer_turn_banner_1920x1080.png' preview in 28833 usec
Loading resource: res://artifacts/hud_refined_characters/captures/hud_refined_system_dock_1920x1080.png remapped: res://artifacts/hud_refined_characters/captures/hud_refined_system_dock_1920x1080.png
Loading resource: res://.godot/imported/hud_refined_system_dock_1920x1080.png-ab96354ef0bb185b618a7cbc00530302.ctex remapped: res://.godot/imported/hud_refined_system_dock_1920x1080.png-ab96354ef0bb185b618a7cbc00530302.ctex
Completed load for: 'res://addons/godot_ai_workbench/panel/workbench_panel.gd' remapped 'res://addons/godot_ai_workbench/panel/workbench_panel.gd' at thread -1
Loading resource: res://addons/godot_ai_workbench/runtime/workbench_runtime_probe.gd remapped: res://addons/godot_ai_workbench/runtime/workbench_runtime_probe.gd
Completed load for: 'res://artifacts/hud_refined_characters/captures/hud_refined_system_dock_1920x1080.png' remapped 'res://artifacts/hud_refined_characters/captures/hud_refined_system_dock_1920x1080.png' at thread -1
Generated 'res://artifacts/hud_refined_characters/captures/hud_refined_system_dock_1920x1080.png' preview in 25005 usec
Loading resource: res://artifacts/hud_refined_characters/captures/hud_refined_warrior_selected_1920x1080.png remapped: res://artifacts/hud_refined_characters/captures/hud_refined_warrior_selected_1920x1080.png
Loading resource: res://.godot/imported/hud_refined_warrior_selected_1920x1080.png-31f4ef90fd2d5c87185d4cb3e2bcca56.ctex remapped: res://.godot/imported/hud_refined_warrior_selected_1920x1080.png-31f4ef90fd2d5c87185d4cb3e2bcca56.ctex
Completed load for: 'res://artifacts/hud_refined_characters/captures/hud_refined_warrior_selected_1920x1080.png' remapped 'res://artifacts/hud_refined_characters/captures/hud_refined_warrior_selected_1920x1080.png' at thread -1
Generated 'res://artifacts/hud_refined_characters/captures/hud_refined_warrior_selected_1920x1080.png' preview in 26031 usec
Loading resource: res://artifacts/hud_refined_characters/captures/hud_refined_warrior_turn_banner_1920x1080.png remapped: res://artifacts/hud_refined_characters/captures/hud_refined_warrior_turn_banner_1920x1080.png
Loading resource: res://.godot/imported/hud_refined_warrior_turn_banner_1920x1080.png-9b19e9832736a0ca6cd98fbfc1c48b07.ctex remapped: res://.godot/imported/hud_refined_warrior_turn_banner_1920x1080.png-9b19e9832736a0ca6cd98fbfc1c48b07.ctex
Completed load for: 'res://artifacts/hud_refined_characters/captures/hud_refined_warrior_turn_banner_1920x1080.png' remapped 'res://artifacts/hud_refined_characters/captures/hud_refined_warrior_turn_banner_1920x1080.png' at thread -1
Generated 'res://artifacts/hud_refined_characters/captures/hud_refined_warrior_turn_banner_1920x1080.png' preview in 29789 usec
Generated 'res://artifacts/hud_refined_characters/capture_run.log' preview in 453 usec
Loading resource: res://artifacts/hud_refined_polish/captures/hud_refined_before_after_polish.png remapped: res://artifacts/hud_refined_polish/captures/hud_refined_before_after_polish.png
Loading resource: res://.godot/imported/hud_refined_before_after_polish.png-d9e6328d5e89e4eb0d88800097945744.ctex remapped: res://.godot/imported/hud_refined_before_after_polish.png-d9e6328d5e89e4eb0d88800097945744.ctex
Completed load for: 'res://artifacts/hud_refined_polish/captures/hud_refined_before_after_polish.png' remapped 'res://artifacts/hud_refined_polish/captures/hud_refined_before_after_polish.png' at thread -1
Completed load for: 'res://addons/godot_ai_workbench/runtime/workbench_runtime_probe.gd' remapped 'res://addons/godot_ai_workbench/runtime/workbench_runtime_probe.gd' at thread -1
Loading resource: res://addons/godot_ai_workbench/services/workbench_output_probe.gd remapped: res://addons/godot_ai_workbench/services/workbench_output_probe.gd
Generated 'res://artifacts/hud_refined_polish/captures/hud_refined_before_after_polish.png' preview in 18952 usec
Loading resource: res://artifacts/hud_refined_polish/captures/hud_refined_polish_1280x720.png remapped: res://artifacts/hud_refined_polish/captures/hud_refined_polish_1280x720.png
Loading resource: res://.godot/imported/hud_refined_polish_1280x720.png-cd988de4c7c076bfa2cf1e9fd666ca42.ctex remapped: res://.godot/imported/hud_refined_polish_1280x720.png-cd988de4c7c076bfa2cf1e9fd666ca42.ctex
Completed load for: 'res://artifacts/hud_refined_polish/captures/hud_refined_polish_1280x720.png' remapped 'res://artifacts/hud_refined_polish/captures/hud_refined_polish_1280x720.png' at thread -1
Generated 'res://artifacts/hud_refined_polish/captures/hud_refined_polish_1280x720.png' preview in 20412 usec
Loading resource: res://artifacts/hud_refined_polish/captures/hud_refined_polish_1920x1080.png remapped: res://artifacts/hud_refined_polish/captures/hud_refined_polish_1920x1080.png
Loading resource: res://.godot/imported/hud_refined_polish_1920x1080.png-c064edb16292d83bf76fe2c13f68c009.ctex remapped: res://.godot/imported/hud_refined_polish_1920x1080.png-c064edb16292d83bf76fe2c13f68c009.ctex
Completed load for: 'res://addons/godot_ai_workbench/services/workbench_output_probe.gd' remapped 'res://addons/godot_ai_workbench/services/workbench_output_probe.gd' at thread -1
Loading resource: res://addons/godot_ai_workbench/services/workbench_script_resource.gd remapped: res://addons/godot_ai_workbench/services/workbench_script_resource.gd
Completed load for: 'res://addons/godot_ai_workbench/services/workbench_script_resource.gd' remapped 'res://addons/godot_ai_workbench/services/workbench_script_resource.gd' at thread -1
Loading resource: res://addons/godot_ai_workbench/services/workbench_variant_codec.gd remapped: res://addons/godot_ai_workbench/services/workbench_variant_codec.gd
Completed load for: 'res://artifacts/hud_refined_polish/captures/hud_refined_polish_1920x1080.png' remapped 'res://artifacts/hud_refined_polish/captures/hud_refined_polish_1920x1080.png' at thread -1
Completed load for: 'res://addons/godot_ai_workbench/services/workbench_variant_codec.gd' remapped 'res://addons/godot_ai_workbench/services/workbench_variant_codec.gd' at thread -1
Generated 'res://artifacts/hud_refined_polish/captures/hud_refined_polish_1920x1080.png' preview in 26547 usec
Loading resource: res://addons/godot_ai_workbench/transport/workbench_bridge_client.gd remapped: res://addons/godot_ai_workbench/transport/workbench_bridge_client.gd
Loading resource: res://artifacts/hud_refined_polish/captures/hud_refined_polish_2560x1440.png remapped: res://artifacts/hud_refined_polish/captures/hud_refined_polish_2560x1440.png
Loading resource: res://.godot/imported/hud_refined_polish_2560x1440.png-473110e58d153d2968fcdff32312cd83.ctex remapped: res://.godot/imported/hud_refined_polish_2560x1440.png-473110e58d153d2968fcdff32312cd83.ctex
Completed load for: 'res://addons/godot_ai_workbench/transport/workbench_bridge_client.gd' remapped 'res://addons/godot_ai_workbench/transport/workbench_bridge_client.gd' at thread -1
Loading resource: res://addons/godot_ai_workbench/plugin.gd remapped: res://addons/godot_ai_workbench/plugin.gd
Completed load for: 'res://addons/godot_ai_workbench/plugin.gd' remapped 'res://addons/godot_ai_workbench/plugin.gd' at thread -1
Loading resource: res://addons/gut/cli/change_project_warnings.gd remapped: res://addons/gut/cli/change_project_warnings.gd
Completed load for: 'res://addons/gut/cli/change_project_warnings.gd' remapped 'res://addons/gut/cli/change_project_warnings.gd' at thread -1
Loading resource: res://addons/gut/cli/gut_cli.gd remapped: res://addons/gut/cli/gut_cli.gd
Completed load for: 'res://artifacts/hud_refined_polish/captures/hud_refined_polish_2560x1440.png' remapped 'res://artifacts/hud_refined_polish/captures/hud_refined_polish_2560x1440.png' at thread -1
Completed load for: 'res://addons/gut/cli/gut_cli.gd' remapped 'res://addons/gut/cli/gut_cli.gd' at thread -1
Loading resource: res://addons/gut/cli/optparse.gd remapped: res://addons/gut/cli/optparse.gd
Generated 'res://artifacts/hud_refined_polish/captures/hud_refined_polish_2560x1440.png' preview in 36454 usec
Loading resource: res://artifacts/hud_refined_polish/captures/hud_refined_polish_blurred_reduced.png remapped: res://artifacts/hud_refined_polish/captures/hud_refined_polish_blurred_reduced.png
Loading resource: res://.godot/imported/hud_refined_polish_blurred_reduced.png-30df8197442a1fab20dbbdeddd941d5c.ctex remapped: res://.godot/imported/hud_refined_polish_blurred_reduced.png-30df8197442a1fab20dbbdeddd941d5c.ctex
Completed load for: 'res://artifacts/hud_refined_polish/captures/hud_refined_polish_blurred_reduced.png' remapped 'res://artifacts/hud_refined_polish/captures/hud_refined_polish_blurred_reduced.png' at thread -1
Completed load for: 'res://addons/gut/cli/optparse.gd' remapped 'res://addons/gut/cli/optparse.gd' at thread -1
Loading resource: res://addons/gut/gui/about.gd remapped: res://addons/gut/gui/about.gd
Generated 'res://artifacts/hud_refined_polish/captures/hud_refined_polish_blurred_reduced.png' preview in 13480 usec
Loading resource: res://artifacts/hud_refined_polish/captures/hud_refined_polish_cooldown.png remapped: res://artifacts/hud_refined_polish/captures/hud_refined_polish_cooldown.png
Loading resource: res://.godot/imported/hud_refined_polish_cooldown.png-ae8d8ecdd05a1a5d3e0c6fcee92ef70e.ctex remapped: res://.godot/imported/hud_refined_polish_cooldown.png-ae8d8ecdd05a1a5d3e0c6fcee92ef70e.ctex
Completed load for: 'res://addons/gut/gui/about.gd' remapped 'res://addons/gut/gui/about.gd' at thread -1
Loading resource: res://addons/gut/gui/check_for_update.gd remapped: res://addons/gut/gui/check_for_update.gd
Completed load for: 'res://artifacts/hud_refined_polish/captures/hud_refined_polish_cooldown.png' remapped 'res://artifacts/hud_refined_polish/captures/hud_refined_polish_cooldown.png' at thread -1
Completed load for: 'res://addons/gut/gui/check_for_update.gd' remapped 'res://addons/gut/gui/check_for_update.gd' at thread -1
Loading resource: res://addons/gut/gui/GutControl.gd remapped: res://addons/gut/gui/GutControl.gd
Completed load for: 'res://addons/gut/gui/GutControl.gd' remapped 'res://addons/gut/gui/GutControl.gd' at thread -1
Loading resource: res://addons/gut/gui/GutRunner.gd remapped: res://addons/gut/gui/GutRunner.gd
Generated 'res://artifacts/hud_refined_polish/captures/hud_refined_polish_cooldown.png' preview in 24267 usec
Loading resource: res://artifacts/hud_refined_polish/captures/hud_refined_polish_grayscale.png remapped: res://artifacts/hud_refined_polish/captures/hud_refined_polish_grayscale.png
Loading resource: res://.godot/imported/hud_refined_polish_grayscale.png-21cc3da91d6b981c41d6868df1f03e4c.ctex remapped: res://.godot/imported/hud_refined_polish_grayscale.png-21cc3da91d6b981c41d6868df1f03e4c.ctex
Completed load for: 'res://artifacts/hud_refined_polish/captures/hud_refined_polish_grayscale.png' remapped 'res://artifacts/hud_refined_polish/captures/hud_refined_polish_grayscale.png' at thread -1
Completed load for: 'res://addons/gut/gui/GutRunner.gd' remapped 'res://addons/gut/gui/GutRunner.gd' at thread -1
Loading resource: res://addons/gut/gui/gut_config_gui.gd remapped: res://addons/gut/gui/gut_config_gui.gd
Generated 'res://artifacts/hud_refined_polish/captures/hud_refined_polish_grayscale.png' preview in 20578 usec
Loading resource: res://artifacts/hud_refined_polish/captures/hud_refined_polish_low_health.png remapped: res://artifacts/hud_refined_polish/captures/hud_refined_polish_low_health.png
Loading resource: res://.godot/imported/hud_refined_polish_low_health.png-dec41a27430057642d695f7cacafe85d.ctex remapped: res://.godot/imported/hud_refined_polish_low_health.png-dec41a27430057642d695f7cacafe85d.ctex
Completed load for: 'res://addons/gut/gui/gut_config_gui.gd' remapped 'res://addons/gut/gui/gut_config_gui.gd' at thread -1
Loading resource: res://addons/gut/gui/gut_dock.gd remapped: res://addons/gut/gui/gut_dock.gd
Completed load for: 'res://addons/gut/gui/gut_dock.gd' remapped 'res://addons/gut/gui/gut_dock.gd' at thread -1
Loading resource: res://addons/gut/gui/gut_logo.gd remapped: res://addons/gut/gui/gut_logo.gd
Completed load for: 'res://artifacts/hud_refined_polish/captures/hud_refined_polish_low_health.png' remapped 'res://artifacts/hud_refined_polish/captures/hud_refined_polish_low_health.png' at thread -1
Completed load for: 'res://addons/gut/gui/gut_logo.gd' remapped 'res://addons/gut/gui/gut_logo.gd' at thread -1
Loading resource: res://addons/gut/gui/option_maker.gd remapped: res://addons/gut/gui/option_maker.gd
Completed load for: 'res://addons/gut/gui/option_maker.gd' remapped 'res://addons/gut/gui/option_maker.gd' at thread -1
Loading resource: res://addons/gut/gui/panel_controls.gd remapped: res://addons/gut/gui/panel_controls.gd
Generated 'res://artifacts/hud_refined_polish/captures/hud_refined_polish_low_health.png' preview in 24143 usec
Loading resource: res://artifacts/hud_refined_polish/captures/hud_refined_polish_move_selected.png remapped: res://artifacts/hud_refined_polish/captures/hud_refined_polish_move_selected.png
Loading resource: res://.godot/imported/hud_refined_polish_move_selected.png-b9a87a3bbffb41c09d3d5ee92d120eb1.ctex remapped: res://.godot/imported/hud_refined_polish_move_selected.png-b9a87a3bbffb41c09d3d5ee92d120eb1.ctex
Completed load for: 'res://addons/gut/gui/panel_controls.gd' remapped 'res://addons/gut/gui/panel_controls.gd' at thread -1
Loading resource: res://addons/gut/gui/run_from_editor.gd remapped: res://addons/gut/gui/run_from_editor.gd
Completed load for: 'res://addons/gut/gui/run_from_editor.gd' remapped 'res://addons/gut/gui/run_from_editor.gd' at thread -1
Loading resource: res://addons/gut/gui/update_required.gd remapped: res://addons/gut/gui/update_required.gd
Completed load for: 'res://addons/gut/gui/update_required.gd' remapped 'res://addons/gut/gui/update_required.gd' at thread -1
Loading resource: res://addons/gut/autofree.gd remapped: res://addons/gut/autofree.gd
Completed load for: 'res://artifacts/hud_refined_polish/captures/hud_refined_polish_move_selected.png' remapped 'res://artifacts/hud_refined_polish/captures/hud_refined_polish_move_selected.png' at thread -1
Completed load for: 'res://addons/gut/autofree.gd' remapped 'res://addons/gut/autofree.gd' at thread -1
Loading resource: res://addons/gut/awaiter.gd remapped: res://addons/gut/awaiter.gd
Generated 'res://artifacts/hud_refined_polish/captures/hud_refined_polish_move_selected.png' preview in 25163 usec
Loading resource: res://artifacts/hud_refined_polish/captures/hud_refined_polish_preview_energy.png remapped: res://artifacts/hud_refined_polish/captures/hud_refined_polish_preview_energy.png
Loading resource: res://.godot/imported/hud_refined_polish_preview_energy.png-cb5b592ae89b4e196e44ef2b8b45ab7c.ctex remapped: res://.godot/imported/hud_refined_polish_preview_energy.png-cb5b592ae89b4e196e44ef2b8b45ab7c.ctex
Completed load for: 'res://addons/gut/awaiter.gd' remapped 'res://addons/gut/awaiter.gd' at thread -1
Loading resource: res://addons/gut/collected_script.gd remapped: res://addons/gut/collected_script.gd
Completed load for: 'res://addons/gut/collected_script.gd' remapped 'res://addons/gut/collected_script.gd' at thread -1
Loading resource: res://addons/gut/collected_test.gd remapped: res://addons/gut/collected_test.gd
Completed load for: 'res://artifacts/hud_refined_polish/captures/hud_refined_polish_preview_energy.png' remapped 'res://artifacts/hud_refined_polish/captures/hud_refined_polish_preview_energy.png' at thread -1
Completed load for: 'res://addons/gut/collected_test.gd' remapped 'res://addons/gut/collected_test.gd' at thread -1
Loading resource: res://addons/gut/comparator.gd remapped: res://addons/gut/comparator.gd
Generated 'res://artifacts/hud_refined_polish/captures/hud_refined_polish_preview_energy.png' preview in 24594 usec
Loading resource: res://artifacts/hud_refined_polish/captures/hud_refined_polish_spell_selected.png remapped: res://artifacts/hud_refined_polish/captures/hud_refined_polish_spell_selected.png
Loading resource: res://.godot/imported/hud_refined_polish_spell_selected.png-bc349ab7f4aad386c8786094ff334cfb.ctex remapped: res://.godot/imported/hud_refined_polish_spell_selected.png-bc349ab7f4aad386c8786094ff334cfb.ctex
Completed load for: 'res://addons/gut/comparator.gd' remapped 'res://addons/gut/comparator.gd' at thread -1
Loading resource: res://addons/gut/compare_result.gd remapped: res://addons/gut/compare_result.gd
Completed load for: 'res://addons/gut/compare_result.gd' remapped 'res://addons/gut/compare_result.gd' at thread -1
Loading resource: res://addons/gut/diff_formatter.gd remapped: res://addons/gut/diff_formatter.gd
Completed load for: 'res://artifacts/hud_refined_polish/captures/hud_refined_polish_spell_selected.png' remapped 'res://artifacts/hud_refined_polish/captures/hud_refined_polish_spell_selected.png' at thread -1
Completed load for: 'res://addons/gut/diff_formatter.gd' remapped 'res://addons/gut/diff_formatter.gd' at thread -1
Loading resource: res://addons/gut/diff_tool.gd remapped: res://addons/gut/diff_tool.gd
Generated 'res://artifacts/hud_refined_polish/captures/hud_refined_polish_spell_selected.png' preview in 24070 usec
Completed load for: 'res://addons/gut/diff_tool.gd' remapped 'res://addons/gut/diff_tool.gd' at thread -1
Loading resource: res://addons/gut/doubler.gd remapped: res://addons/gut/doubler.gd
Loading resource: res://artifacts/hud_refined_polish/captures/hud_refined_polish_spell_unavailable.png remapped: res://artifacts/hud_refined_polish/captures/hud_refined_polish_spell_unavailable.png
Loading resource: res://.godot/imported/hud_refined_polish_spell_unavailable.png-6c2f26f3b65afa0d53d8a63858abe102.ctex remapped: res://.godot/imported/hud_refined_polish_spell_unavailable.png-6c2f26f3b65afa0d53d8a63858abe102.ctex
Completed load for: 'res://artifacts/hud_refined_polish/captures/hud_refined_polish_spell_unavailable.png' remapped 'res://artifacts/hud_refined_polish/captures/hud_refined_polish_spell_unavailable.png' at thread -1
Completed load for: 'res://addons/gut/doubler.gd' remapped 'res://addons/gut/doubler.gd' at thread -1
Loading resource: res://addons/gut/double_tools.gd remapped: res://addons/gut/double_tools.gd
Completed load for: 'res://addons/gut/double_tools.gd' remapped 'res://addons/gut/double_tools.gd' at thread -1
Loading resource: res://addons/gut/editor_caret_context_notifier.gd remapped: res://addons/gut/editor_caret_context_notifier.gd
Generated 'res://artifacts/hud_refined_polish/captures/hud_refined_polish_spell_unavailable.png' preview in 23141 usec
Loading resource: res://artifacts/hud_refined_polish/captures/hud_refined_polish_unaffordable.png remapped: res://artifacts/hud_refined_polish/captures/hud_refined_polish_unaffordable.png
Loading resource: res://.godot/imported/hud_refined_polish_unaffordable.png-240a68d74eb37ba2bb2a7f6d6e550587.ctex remapped: res://.godot/imported/hud_refined_polish_unaffordable.png-240a68d74eb37ba2bb2a7f6d6e550587.ctex
Completed load for: 'res://addons/gut/editor_caret_context_notifier.gd' remapped 'res://addons/gut/editor_caret_context_notifier.gd' at thread -1
Loading resource: res://addons/gut/get_editor_interface.gd remapped: res://addons/gut/get_editor_interface.gd
Completed load for: 'res://addons/gut/get_editor_interface.gd' remapped 'res://addons/gut/get_editor_interface.gd' at thread -1
Loading resource: res://addons/gut/godot_singletons.gd remapped: res://addons/gut/godot_singletons.gd
Completed load for: 'res://addons/gut/godot_singletons.gd' remapped 'res://addons/gut/godot_singletons.gd' at thread -1
Loading resource: res://addons/gut/gut.gd remapped: res://addons/gut/gut.gd
Completed load for: 'res://artifacts/hud_refined_polish/captures/hud_refined_polish_unaffordable.png' remapped 'res://artifacts/hud_refined_polish/captures/hud_refined_polish_unaffordable.png' at thread -1
Generated 'res://artifacts/hud_refined_polish/captures/hud_refined_polish_unaffordable.png' preview in 23647 usec
Loading resource: res://artifacts/hud_refined_polish/captures/hud_refined_polish_utility_dock.png remapped: res://artifacts/hud_refined_polish/captures/hud_refined_polish_utility_dock.png
Loading resource: res://.godot/imported/hud_refined_polish_utility_dock.png-bd5375bb59e25d1476482885f2e191bf.ctex remapped: res://.godot/imported/hud_refined_polish_utility_dock.png-bd5375bb59e25d1476482885f2e191bf.ctex
Completed load for: 'res://artifacts/hud_refined_polish/captures/hud_refined_polish_utility_dock.png' remapped 'res://artifacts/hud_refined_polish/captures/hud_refined_polish_utility_dock.png' at thread -1
Completed load for: 'res://addons/gut/gut.gd' remapped 'res://addons/gut/gut.gd' at thread -1
Loading resource: res://addons/gut/gut_cmdln.gd remapped: res://addons/gut/gut_cmdln.gd
Completed load for: 'res://addons/gut/gut_cmdln.gd' remapped 'res://addons/gut/gut_cmdln.gd' at thread -1
Loading resource: res://addons/gut/gut_config.gd remapped: res://addons/gut/gut_config.gd
Generated 'res://artifacts/hud_refined_polish/captures/hud_refined_polish_utility_dock.png' preview in 23759 usec
Loading resource: res://artifacts/hud_refined_polish/captures/hud_refined_polish_without_energy.png remapped: res://artifacts/hud_refined_polish/captures/hud_refined_polish_without_energy.png
Loading resource: res://.godot/imported/hud_refined_polish_without_energy.png-277e04360c930a57513fd9d607714892.ctex remapped: res://.godot/imported/hud_refined_polish_without_energy.png-277e04360c930a57513fd9d607714892.ctex
Completed load for: 'res://addons/gut/gut_config.gd' remapped 'res://addons/gut/gut_config.gd' at thread -1
Loading resource: res://addons/gut/gut_constants.gd remapped: res://addons/gut/gut_constants.gd
Completed load for: 'res://artifacts/hud_refined_polish/captures/hud_refined_polish_without_energy.png' remapped 'res://artifacts/hud_refined_polish/captures/hud_refined_polish_without_energy.png' at thread -1
Completed load for: 'res://addons/gut/gut_constants.gd' remapped 'res://addons/gut/gut_constants.gd' at thread -1
Loading resource: res://addons/gut/gut_loader.gd remapped: res://addons/gut/gut_loader.gd
Completed load for: 'res://addons/gut/gut_loader.gd' remapped 'res://addons/gut/gut_loader.gd' at thread -1
Loading resource: res://addons/gut/gut_menu.gd remapped: res://addons/gut/gut_menu.gd
Completed load for: 'res://addons/gut/gut_menu.gd' remapped 'res://addons/gut/gut_menu.gd' at thread -1
Loading resource: res://addons/gut/gut_vscode_debugger.gd remapped: res://addons/gut/gut_vscode_debugger.gd
Completed load for: 'res://addons/gut/gut_vscode_debugger.gd' remapped 'res://addons/gut/gut_vscode_debugger.gd' at thread -1
Loading resource: res://addons/gut/input_factory.gd remapped: res://addons/gut/input_factory.gd
Generated 'res://artifacts/hud_refined_polish/captures/hud_refined_polish_without_energy.png' preview in 25263 usec
Completed load for: 'res://addons/gut/input_factory.gd' remapped 'res://addons/gut/input_factory.gd' at thread -1
Loading resource: res://addons/gut/input_sender.gd remapped: res://addons/gut/input_sender.gd
Generated 'res://artifacts/hud_refined_polish/gut_hud_targeted.txt' preview in 388 usec
Loading resource: res://artifacts/hud_v2/elf_hud_1280x720.png remapped: res://artifacts/hud_v2/elf_hud_1280x720.png
Loading resource: res://.godot/imported/elf_hud_1280x720.png-10083302a94976b3f9dda0fc09dca753.ctex remapped: res://.godot/imported/elf_hud_1280x720.png-10083302a94976b3f9dda0fc09dca753.ctex
Completed load for: 'res://artifacts/hud_v2/elf_hud_1280x720.png' remapped 'res://artifacts/hud_v2/elf_hud_1280x720.png' at thread -1
Completed load for: 'res://addons/gut/input_sender.gd' remapped 'res://addons/gut/input_sender.gd' at thread -1
Loading resource: res://addons/gut/junit_xml_export.gd remapped: res://addons/gut/junit_xml_export.gd
Generated 'res://artifacts/hud_v2/elf_hud_1280x720.png' preview in 31425 usec
Completed load for: 'res://addons/gut/junit_xml_export.gd' remapped 'res://addons/gut/junit_xml_export.gd' at thread -1
Loading resource: res://addons/gut/logger.gd remapped: res://addons/gut/logger.gd
Loading resource: res://artifacts/hud_v2/elf_hud_1920x1080.png remapped: res://artifacts/hud_v2/elf_hud_1920x1080.png
Loading resource: res://.godot/imported/elf_hud_1920x1080.png-4b649590706cd3bd258637051094573d.ctex remapped: res://.godot/imported/elf_hud_1920x1080.png-4b649590706cd3bd258637051094573d.ctex
Completed load for: 'res://addons/gut/logger.gd' remapped 'res://addons/gut/logger.gd' at thread -1
Loading resource: res://addons/gut/method_maker.gd remapped: res://addons/gut/method_maker.gd
Completed load for: 'res://addons/gut/method_maker.gd' remapped 'res://addons/gut/method_maker.gd' at thread -1
Loading resource: res://addons/gut/one_to_many.gd remapped: res://addons/gut/one_to_many.gd
Completed load for: 'res://addons/gut/one_to_many.gd' remapped 'res://addons/gut/one_to_many.gd' at thread -1
Loading resource: res://addons/gut/orphan_counter.gd remapped: res://addons/gut/orphan_counter.gd
Completed load for: 'res://addons/gut/orphan_counter.gd' remapped 'res://addons/gut/orphan_counter.gd' at thread -1
Loading resource: res://addons/gut/parameter_factory.gd remapped: res://addons/gut/parameter_factory.gd
Completed load for: 'res://addons/gut/parameter_factory.gd' remapped 'res://addons/gut/parameter_factory.gd' at thread -1
Loading resource: res://addons/gut/parameter_handler.gd remapped: res://addons/gut/parameter_handler.gd
Completed load for: 'res://artifacts/hud_v2/elf_hud_1920x1080.png' remapped 'res://artifacts/hud_v2/elf_hud_1920x1080.png' at thread -1
Completed load for: 'res://addons/gut/parameter_handler.gd' remapped 'res://addons/gut/parameter_handler.gd' at thread -1
Loading resource: res://addons/gut/printers.gd remapped: res://addons/gut/printers.gd
Completed load for: 'res://addons/gut/printers.gd' remapped 'res://addons/gut/printers.gd' at thread -1
Loading resource: res://addons/gut/result_exporter.gd remapped: res://addons/gut/result_exporter.gd
Completed load for: 'res://addons/gut/result_exporter.gd' remapped 'res://addons/gut/result_exporter.gd' at thread -1
Loading resource: res://addons/gut/script_parser.gd remapped: res://addons/gut/script_parser.gd
Generated 'res://artifacts/hud_v2/elf_hud_1920x1080.png' preview in 63068 usec
Loading resource: res://artifacts/hud_v2/elf_hud_2560x1440.png remapped: res://artifacts/hud_v2/elf_hud_2560x1440.png
Loading resource: res://.godot/imported/elf_hud_2560x1440.png-14a223847d3fe8c5492325cfdca426c1.ctex remapped: res://.godot/imported/elf_hud_2560x1440.png-14a223847d3fe8c5492325cfdca426c1.ctex
Completed load for: 'res://addons/gut/script_parser.gd' remapped 'res://addons/gut/script_parser.gd' at thread -1
Loading resource: res://addons/gut/signal_watcher.gd remapped: res://addons/gut/signal_watcher.gd
Completed load for: 'res://addons/gut/signal_watcher.gd' remapped 'res://addons/gut/signal_watcher.gd' at thread -1
Loading resource: res://addons/gut/singleton_parser.gd remapped: res://addons/gut/singleton_parser.gd
Completed load for: 'res://addons/gut/singleton_parser.gd' remapped 'res://addons/gut/singleton_parser.gd' at thread -1
Loading resource: res://addons/gut/spy.gd remapped: res://addons/gut/spy.gd
Completed load for: 'res://addons/gut/spy.gd' remapped 'res://addons/gut/spy.gd' at thread -1
Loading resource: res://addons/gut/stubber.gd remapped: res://addons/gut/stubber.gd
Completed load for: 'res://addons/gut/stubber.gd' remapped 'res://addons/gut/stubber.gd' at thread -1
Loading resource: res://addons/gut/stubs.gd remapped: res://addons/gut/stubs.gd
Completed load for: 'res://addons/gut/stubs.gd' remapped 'res://addons/gut/stubs.gd' at thread -1
Loading resource: res://addons/gut/stub_params.gd remapped: res://addons/gut/stub_params.gd
Completed load for: 'res://addons/gut/stub_params.gd' remapped 'res://addons/gut/stub_params.gd' at thread -1
Loading resource: res://addons/gut/summary.gd remapped: res://addons/gut/summary.gd
Completed load for: 'res://artifacts/hud_v2/elf_hud_2560x1440.png' remapped 'res://artifacts/hud_v2/elf_hud_2560x1440.png' at thread -1
Completed load for: 'res://addons/gut/summary.gd' remapped 'res://addons/gut/summary.gd' at thread -1
Loading resource: res://addons/gut/test.gd remapped: res://addons/gut/test.gd
Generated 'res://artifacts/hud_v2/elf_hud_2560x1440.png' preview in 108472 usec
Loading resource: res://artifacts/hud_v2/elf_turn_banner_1920x1080.png remapped: res://artifacts/hud_v2/elf_turn_banner_1920x1080.png
Loading resource: res://.godot/imported/elf_turn_banner_1920x1080.png-54c6b0ae7c0c23874898ccbb65ab5096.ctex remapped: res://.godot/imported/elf_turn_banner_1920x1080.png-54c6b0ae7c0c23874898ccbb65ab5096.ctex
Completed load for: 'res://artifacts/hud_v2/elf_turn_banner_1920x1080.png' remapped 'res://artifacts/hud_v2/elf_turn_banner_1920x1080.png' at thread -1
Generated 'res://artifacts/hud_v2/elf_turn_banner_1920x1080.png' preview in 59196 usec
Loading resource: res://artifacts/skill_tree_refined/captures/skill_tree_after_blurred_reduced.png remapped: res://artifacts/skill_tree_refined/captures/skill_tree_after_blurred_reduced.png
Loading resource: res://.godot/imported/skill_tree_after_blurred_reduced.png-78d839d0eb7f18d218ebca0e7d5c7dd9.ctex remapped: res://.godot/imported/skill_tree_after_blurred_reduced.png-78d839d0eb7f18d218ebca0e7d5c7dd9.ctex
Completed load for: 'res://addons/gut/test.gd' remapped 'res://addons/gut/test.gd' at thread -1
Loading resource: res://addons/gut/test_collector.gd remapped: res://addons/gut/test_collector.gd
Completed load for: 'res://artifacts/skill_tree_refined/captures/skill_tree_after_blurred_reduced.png' remapped 'res://artifacts/skill_tree_refined/captures/skill_tree_after_blurred_reduced.png' at thread -1
Generated 'res://artifacts/skill_tree_refined/captures/skill_tree_after_blurred_reduced.png' preview in 14289 usec
Completed load for: 'res://addons/gut/test_collector.gd' remapped 'res://addons/gut/test_collector.gd' at thread -1
Loading resource: res://addons/gut/update_detector.gd remapped: res://addons/gut/update_detector.gd
Loading resource: res://artifacts/skill_tree_refined/captures/skill_tree_after_elf_archer_1280x720.png remapped: res://artifacts/skill_tree_refined/captures/skill_tree_after_elf_archer_1280x720.png
Loading resource: res://.godot/imported/skill_tree_after_elf_archer_1280x720.png-8b7b618b234a8837742bc1fc9f3b375c.ctex remapped: res://.godot/imported/skill_tree_after_elf_archer_1280x720.png-8b7b618b234a8837742bc1fc9f3b375c.ctex
Completed load for: 'res://artifacts/skill_tree_refined/captures/skill_tree_after_elf_archer_1280x720.png' remapped 'res://artifacts/skill_tree_refined/captures/skill_tree_after_elf_archer_1280x720.png' at thread -1
Completed load for: 'res://addons/gut/update_detector.gd' remapped 'res://addons/gut/update_detector.gd' at thread -1
Loading resource: res://addons/gut/UserFileViewer.gd remapped: res://addons/gut/UserFileViewer.gd
Completed load for: 'res://addons/gut/UserFileViewer.gd' remapped 'res://addons/gut/UserFileViewer.gd' at thread -1
Loading resource: res://addons/gut/version_conversion.gd remapped: res://addons/gut/version_conversion.gd
Completed load for: 'res://addons/gut/version_conversion.gd' remapped 'res://addons/gut/version_conversion.gd' at thread -1
Generated 'res://artifacts/skill_tree_refined/captures/skill_tree_after_elf_archer_1280x720.png' preview in 28681 usec
Loading resource: res://asset/sorts/elfe_arc_magique/elf_magic_arrow_impact.gd remapped: res://asset/sorts/elfe_arc_magique/elf_magic_arrow_impact.gd
Completed load for: 'res://asset/sorts/elfe_arc_magique/elf_magic_arrow_impact.gd' remapped 'res://asset/sorts/elfe_arc_magique/elf_magic_arrow_impact.gd' at thread -1
Loading resource: res://asset/sorts/elfe_arc_magique/elf_magic_arrow_projectile.gd remapped: res://asset/sorts/elfe_arc_magique/elf_magic_arrow_projectile.gd
Loading resource: res://artifacts/skill_tree_refined/captures/skill_tree_after_elf_archer_2560x1440.png remapped: res://artifacts/skill_tree_refined/captures/skill_tree_after_elf_archer_2560x1440.png
Loading resource: res://.godot/imported/skill_tree_after_elf_archer_2560x1440.png-746f741a9b0a5ed1f0d82dc8c929ac10.ctex remapped: res://.godot/imported/skill_tree_after_elf_archer_2560x1440.png-746f741a9b0a5ed1f0d82dc8c929ac10.ctex
Completed load for: 'res://asset/sorts/elfe_arc_magique/elf_magic_arrow_projectile.gd' remapped 'res://asset/sorts/elfe_arc_magique/elf_magic_arrow_projectile.gd' at thread -1
Loading resource: res://asset/sorts/elfe_arc_magique/elf_magic_bow_charge.gd remapped: res://asset/sorts/elfe_arc_magique/elf_magic_bow_charge.gd
Completed load for: 'res://asset/sorts/elfe_arc_magique/elf_magic_bow_charge.gd' remapped 'res://asset/sorts/elfe_arc_magique/elf_magic_bow_charge.gd' at thread -1
Loading resource: res://asset/sorts/elfe_ronce/elf_magic_ronce_impact (1).gd remapped: res://asset/sorts/elfe_ronce/elf_magic_ronce_impact (1).gd
Completed load for: 'res://asset/sorts/elfe_ronce/elf_magic_ronce_impact (1).gd' remapped 'res://asset/sorts/elfe_ronce/elf_magic_ronce_impact (1).gd' at thread -1
Loading resource: res://asset/sorts/tempete_orageuse/tempete_orageuse_vfx.gd remapped: res://asset/sorts/tempete_orageuse/tempete_orageuse_vfx.gd
Completed load for: 'res://asset/sorts/tempete_orageuse/tempete_orageuse_vfx.gd' remapped 'res://asset/sorts/tempete_orageuse/tempete_orageuse_vfx.gd' at thread -1
Loading resource: res://asset/sorts/tempete_orageuse/tempete_orageuse_vfx_preview.gd remapped: res://asset/sorts/tempete_orageuse/tempete_orageuse_vfx_preview.gd
Loading resource: res://asset/sorts/tempete_orageuse/tempete_orageuse_vfx.tscn remapped: res://asset/sorts/tempete_orageuse/tempete_orageuse_vfx.tscn
Loading resource: res://asset/sorts/tempete_orageuse/tex_storm_ground_impact.png.png remapped: res://asset/sorts/tempete_orageuse/tex_storm_ground_impact.png.png
Loading resource: res://.godot/imported/tex_storm_ground_impact.png.png-905ceb3d1f64614a544a6ffa3b2804c3.ctex remapped: res://.godot/imported/tex_storm_ground_impact.png.png-905ceb3d1f64614a544a6ffa3b2804c3.ctex
Completed load for: 'res://asset/sorts/tempete_orageuse/tex_storm_ground_impact.png.png' remapped 'res://asset/sorts/tempete_orageuse/tex_storm_ground_impact.png.png' at thread -1
Loading resource: res://asset/sorts/tempete_orageuse/tex_storm_cloud.png.png remapped: res://asset/sorts/tempete_orageuse/tex_storm_cloud.png.png
Loading resource: res://.godot/imported/tex_storm_cloud.png.png-9946e39b31f1557ff61902abf0088e87.ctex remapped: res://.godot/imported/tex_storm_cloud.png.png-9946e39b31f1557ff61902abf0088e87.ctex
Completed load for: 'res://artifacts/skill_tree_refined/captures/skill_tree_after_elf_archer_2560x1440.png' remapped 'res://artifacts/skill_tree_refined/captures/skill_tree_after_elf_archer_2560x1440.png' at thread -1
Completed load for: 'res://asset/sorts/tempete_orageuse/tex_storm_cloud.png.png' remapped 'res://asset/sorts/tempete_orageuse/tex_storm_cloud.png.png' at thread -1
Completed load for: 'res://asset/sorts/tempete_orageuse/tempete_orageuse_vfx.tscn' remapped 'res://asset/sorts/tempete_orageuse/tempete_orageuse_vfx.tscn' at thread -1
Completed load for: 'res://asset/sorts/tempete_orageuse/tempete_orageuse_vfx_preview.gd' remapped 'res://asset/sorts/tempete_orageuse/tempete_orageuse_vfx_preview.gd' at thread -1
Generated 'res://artifacts/skill_tree_refined/captures/skill_tree_after_elf_archer_2560x1440.png' preview in 56092 usec
Loading resource: res://artifacts/skill_tree_refined/captures/skill_tree_after_elf_archer_acquired_1920x1080.png remapped: res://artifacts/skill_tree_refined/captures/skill_tree_after_elf_archer_acquired_1920x1080.png
Loading resource: res://.godot/imported/skill_tree_after_elf_archer_acquired_1920x1080.png-ed4ff409ec55d277f0fc32ea853c3f60.ctex remapped: res://.godot/imported/skill_tree_after_elf_archer_acquired_1920x1080.png-ed4ff409ec55d277f0fc32ea853c3f60.ctex
Completed load for: 'res://artifacts/skill_tree_refined/captures/skill_tree_after_elf_archer_acquired_1920x1080.png' remapped 'res://artifacts/skill_tree_refined/captures/skill_tree_after_elf_archer_acquired_1920x1080.png' at thread -1
Generated 'res://artifacts/skill_tree_refined/captures/skill_tree_after_elf_archer_acquired_1920x1080.png' preview in 40275 usec
Loading resource: res://battle/iso/drapeau_vfx.gd remapped: res://battle/iso/drapeau_vfx.gd
Completed load for: 'res://battle/iso/drapeau_vfx.gd' remapped 'res://battle/iso/drapeau_vfx.gd' at thread -1
Loading resource: res://battle/iso/forest_map_calibration.gd remapped: res://battle/iso/forest_map_calibration.gd
Loading resource: res://artifacts/skill_tree_refined/captures/skill_tree_after_elf_archer_available_1920x1080.png remapped: res://artifacts/skill_tree_refined/captures/skill_tree_after_elf_archer_available_1920x1080.png
Loading resource: res://.godot/imported/skill_tree_after_elf_archer_available_1920x1080.png-7172a2c3455c97dd0ab8847d02af1664.ctex remapped: res://.godot/imported/skill_tree_after_elf_archer_available_1920x1080.png-7172a2c3455c97dd0ab8847d02af1664.ctex
Completed load for: 'res://battle/iso/forest_map_calibration.gd' remapped 'res://battle/iso/forest_map_calibration.gd' at thread -1
Loading resource: res://battle/iso/iso_map_lab.gd remapped: res://battle/iso/iso_map_lab.gd
Completed load for: 'res://artifacts/skill_tree_refined/captures/skill_tree_after_elf_archer_available_1920x1080.png' remapped 'res://artifacts/skill_tree_refined/captures/skill_tree_after_elf_archer_available_1920x1080.png' at thread -1
Completed load for: 'res://battle/iso/iso_map_lab.gd' remapped 'res://battle/iso/iso_map_lab.gd' at thread -1
Loading resource: res://battle/iso/iso_projection.gd remapped: res://battle/iso/iso_projection.gd
Completed load for: 'res://battle/iso/iso_projection.gd' remapped 'res://battle/iso/iso_projection.gd' at thread -1
Loading resource: res://battle/iso/iso_unit_placeholder.gd remapped: res://battle/iso/iso_unit_placeholder.gd
Generated 'res://artifacts/skill_tree_refined/captures/skill_tree_after_elf_archer_available_1920x1080.png' preview in 42687 usec
Completed load for: 'res://battle/iso/iso_unit_placeholder.gd' remapped 'res://battle/iso/iso_unit_placeholder.gd' at thread -1
Loading resource: res://battle/vfx/boule_de_feu_vfx2.gd remapped: res://battle/vfx/boule_de_feu_vfx2.gd
Loading resource: res://artifacts/skill_tree_refined/captures/skill_tree_after_elf_archer_exclusive_1920x1080.png remapped: res://artifacts/skill_tree_refined/captures/skill_tree_after_elf_archer_exclusive_1920x1080.png
Loading resource: res://.godot/imported/skill_tree_after_elf_archer_exclusive_1920x1080.png-e177a63c11bf7a6325ecc633eb20b71f.ctex remapped: res://.godot/imported/skill_tree_after_elf_archer_exclusive_1920x1080.png-e177a63c11bf7a6325ecc633eb20b71f.ctex
Completed load for: 'res://battle/vfx/boule_de_feu_vfx2.gd' remapped 'res://battle/vfx/boule_de_feu_vfx2.gd' at thread -1
Loading resource: res://battle/vfx/marque_vfx.gd remapped: res://battle/vfx/marque_vfx.gd
Loading resource: res://asset/vfx/marque_icon.png remapped: res://asset/vfx/marque_icon.png
Loading resource: res://.godot/imported/marque_icon.png-b92e0871c38145229ebc613ebbfe8d6a.ctex remapped: res://.godot/imported/marque_icon.png-b92e0871c38145229ebc613ebbfe8d6a.ctex
Completed load for: 'res://asset/vfx/marque_icon.png' remapped 'res://asset/vfx/marque_icon.png' at thread -1
Completed load for: 'res://battle/vfx/marque_vfx.gd' remapped 'res://battle/vfx/marque_vfx.gd' at thread -1
Loading resource: res://battle/battle.gd remapped: res://battle/battle.gd
Completed load for: 'res://artifacts/skill_tree_refined/captures/skill_tree_after_elf_archer_exclusive_1920x1080.png' remapped 'res://artifacts/skill_tree_refined/captures/skill_tree_after_elf_archer_exclusive_1920x1080.png' at thread -1
Generated 'res://artifacts/skill_tree_refined/captures/skill_tree_after_elf_archer_exclusive_1920x1080.png' preview in 41965 usec
Loading resource: res://artifacts/skill_tree_refined/captures/skill_tree_after_elf_archer_locked_1920x1080.png remapped: res://artifacts/skill_tree_refined/captures/skill_tree_after_elf_archer_locked_1920x1080.png
Loading resource: res://.godot/imported/skill_tree_after_elf_archer_locked_1920x1080.png-5021389901f085df0b4b0d216d5fbce4.ctex remapped: res://.godot/imported/skill_tree_after_elf_archer_locked_1920x1080.png-5021389901f085df0b4b0d216d5fbce4.ctex
Loading resource: res://battle/unit_view.tscn remapped: res://battle/unit_view.tscn
Loading resource: res://battle/unit_view.gd remapped: res://battle/unit_view.gd
Completed load for: 'res://artifacts/skill_tree_refined/captures/skill_tree_after_elf_archer_locked_1920x1080.png' remapped 'res://artifacts/skill_tree_refined/captures/skill_tree_after_elf_archer_locked_1920x1080.png' at thread -1
Completed load for: 'res://battle/unit_view.gd' remapped 'res://battle/unit_view.gd' at thread -1
Completed load for: 'res://battle/unit_view.tscn' remapped 'res://battle/unit_view.tscn' at thread -1
Generated 'res://artifacts/skill_tree_refined/captures/skill_tree_after_elf_archer_locked_1920x1080.png' preview in 41373 usec
Loading resource: res://artifacts/skill_tree_refined/captures/skill_tree_after_elf_archer_max_1920x1080.png remapped: res://artifacts/skill_tree_refined/captures/skill_tree_after_elf_archer_max_1920x1080.png
Loading resource: res://.godot/imported/skill_tree_after_elf_archer_max_1920x1080.png-66ec4fb8284da9ea3222d2d0513bf122.ctex remapped: res://.godot/imported/skill_tree_after_elf_archer_max_1920x1080.png-66ec4fb8284da9ea3222d2d0513bf122.ctex
Completed load for: 'res://artifacts/skill_tree_refined/captures/skill_tree_after_elf_archer_max_1920x1080.png' remapped 'res://artifacts/skill_tree_refined/captures/skill_tree_after_elf_archer_max_1920x1080.png' at thread -1
Generated 'res://artifacts/skill_tree_refined/captures/skill_tree_after_elf_archer_max_1920x1080.png' preview in 40172 usec
Loading resource: res://artifacts/skill_tree_refined/captures/skill_tree_after_elf_archer_specialization_1920x1080.png remapped: res://artifacts/skill_tree_refined/captures/skill_tree_after_elf_archer_specialization_1920x1080.png
Loading resource: res://.godot/imported/skill_tree_after_elf_archer_specialization_1920x1080.png-0533b7e9661157696b5c30872a7ba7ed.ctex remapped: res://.godot/imported/skill_tree_after_elf_archer_specialization_1920x1080.png-0533b7e9661157696b5c30872a7ba7ed.ctex
Completed load for: 'res://artifacts/skill_tree_refined/captures/skill_tree_after_elf_archer_specialization_1920x1080.png' remapped 'res://artifacts/skill_tree_refined/captures/skill_tree_after_elf_archer_specialization_1920x1080.png' at thread -1
Generated 'res://artifacts/skill_tree_refined/captures/skill_tree_after_elf_archer_specialization_1920x1080.png' preview in 43317 usec
Loading resource: res://artifacts/skill_tree_refined/captures/skill_tree_after_elf_assassin_1920x1080.png remapped: res://artifacts/skill_tree_refined/captures/skill_tree_after_elf_assassin_1920x1080.png
Loading resource: res://.godot/imported/skill_tree_after_elf_assassin_1920x1080.png-f8f1d3fbea7d3c7d97a81f6464c241b4.ctex remapped: res://.godot/imported/skill_tree_after_elf_assassin_1920x1080.png-f8f1d3fbea7d3c7d97a81f6464c241b4.ctex
Completed load for: 'res://battle/battle.gd' remapped 'res://battle/battle.gd' at thread -1
Loading resource: res://battle/floating_text.gd remapped: res://battle/floating_text.gd
Completed load for: 'res://battle/floating_text.gd' remapped 'res://battle/floating_text.gd' at thread -1
Loading resource: res://battle/floating_text_spawner.gd remapped: res://battle/floating_text_spawner.gd
Loading resource: res://battle/floating_text.tscn remapped: res://battle/floating_text.tscn
Completed load for: 'res://battle/floating_text.tscn' remapped 'res://battle/floating_text.tscn' at thread -1
Completed load for: 'res://battle/floating_text_spawner.gd' remapped 'res://battle/floating_text_spawner.gd' at thread -1
Loading resource: res://battle/grid_view.gd remapped: res://battle/grid_view.gd
Completed load for: 'res://artifacts/skill_tree_refined/captures/skill_tree_after_elf_assassin_1920x1080.png' remapped 'res://artifacts/skill_tree_refined/captures/skill_tree_after_elf_assassin_1920x1080.png' at thread -1
Completed load for: 'res://battle/grid_view.gd' remapped 'res://battle/grid_view.gd' at thread -1
Loading resource: res://characters/elf/elf_iso_unit_view.gd remapped: res://characters/elf/elf_iso_unit_view.gd
Generated 'res://artifacts/skill_tree_refined/captures/skill_tree_after_elf_assassin_1920x1080.png' preview in 39761 usec
Loading resource: res://artifacts/skill_tree_refined/captures/skill_tree_after_elf_healer_1920x1080.png remapped: res://artifacts/skill_tree_refined/captures/skill_tree_after_elf_healer_1920x1080.png
Loading resource: res://asset/sorts/elfe_arc_magique/elf_magic_bow_charge.tscn remapped: res://asset/sorts/elfe_arc_magique/elf_magic_bow_charge.tscn
Loading resource: res://.godot/imported/skill_tree_after_elf_healer_1920x1080.png-8e56d58b8e3f99d4e0416ff12ce768d1.ctex remapped: res://.godot/imported/skill_tree_after_elf_healer_1920x1080.png-8e56d58b8e3f99d4e0416ff12ce768d1.ctex
Loading resource: res://asset/sorts/elfe_arc_magique/Meshy_AI_14c3045b0900c06574f6024efd69c66673616be737a9e7d89fb95c8a4c3b20e9.png remapped: res://asset/sorts/elfe_arc_magique/Meshy_AI_14c3045b0900c06574f6024efd69c66673616be737a9e7d89fb95c8a4c3b20e9.png
Loading resource: res://.godot/imported/Meshy_AI_14c3045b0900c06574f6024efd69c66673616be737a9e7d89fb95c8a4c3b20e9.png-36f67f38bba6be80cf75371e68d64409.ctex remapped: res://.godot/imported/Meshy_AI_14c3045b0900c06574f6024efd69c66673616be737a9e7d89fb95c8a4c3b20e9.png-36f67f38bba6be80cf75371e68d64409.ctex
Completed load for: 'res://asset/sorts/elfe_arc_magique/Meshy_AI_14c3045b0900c06574f6024efd69c66673616be737a9e7d89fb95c8a4c3b20e9.png' remapped 'res://asset/sorts/elfe_arc_magique/Meshy_AI_14c3045b0900c06574f6024efd69c66673616be737a9e7d89fb95c8a4c3b20e9.png' at thread -1
Completed load for: 'res://asset/sorts/elfe_arc_magique/elf_magic_bow_charge.tscn' remapped 'res://asset/sorts/elfe_arc_magique/elf_magic_bow_charge.tscn' at thread -1
Completed load for: 'res://artifacts/skill_tree_refined/captures/skill_tree_after_elf_healer_1920x1080.png' remapped 'res://artifacts/skill_tree_refined/captures/skill_tree_after_elf_healer_1920x1080.png' at thread -1
Loading resource: res://assets/characters/elf/animations/elf_bow_shot_animation.tres remapped: res://assets/characters/elf/animations/elf_bow_shot_animation.tres
Generated 'res://artifacts/skill_tree_refined/captures/skill_tree_after_elf_healer_1920x1080.png' preview in 46084 usec
Completed load for: 'res://assets/characters/elf/animations/elf_bow_shot_animation.tres' remapped 'res://assets/characters/elf/animations/elf_bow_shot_animation.tres' at thread -1
Loading resource: res://artifacts/skill_tree_refined/captures/skill_tree_after_elf_mage_1920x1080.png remapped: res://artifacts/skill_tree_refined/captures/skill_tree_after_elf_mage_1920x1080.png
Loading resource: res://.godot/imported/skill_tree_after_elf_mage_1920x1080.png-0a6cabff75641e0e51aa254db598a4bb.ctex remapped: res://.godot/imported/skill_tree_after_elf_mage_1920x1080.png-0a6cabff75641e0e51aa254db598a4bb.ctex
Completed load for: 'res://characters/elf/elf_iso_unit_view.gd' remapped 'res://characters/elf/elf_iso_unit_view.gd' at thread -1
Completed load for: 'res://artifacts/skill_tree_refined/captures/skill_tree_after_elf_mage_1920x1080.png' remapped 'res://artifacts/skill_tree_refined/captures/skill_tree_after_elf_mage_1920x1080.png' at thread -1
Generated 'res://artifacts/skill_tree_refined/captures/skill_tree_after_elf_mage_1920x1080.png' preview in 43003 usec
Loading resource: res://artifacts/skill_tree_refined/captures/skill_tree_after_guardian_undefined_1920x1080.png remapped: res://artifacts/skill_tree_refined/captures/skill_tree_after_guardian_undefined_1920x1080.png
Loading resource: res://.godot/imported/skill_tree_after_guardian_undefined_1920x1080.png-82283705ec7588beb10850a09a27a657.ctex remapped: res://.godot/imported/skill_tree_after_guardian_undefined_1920x1080.png-82283705ec7588beb10850a09a27a657.ctex
Completed load for: 'res://artifacts/skill_tree_refined/captures/skill_tree_after_guardian_undefined_1920x1080.png' remapped 'res://artifacts/skill_tree_refined/captures/skill_tree_after_guardian_undefined_1920x1080.png' at thread -1
Generated 'res://artifacts/skill_tree_refined/captures/skill_tree_after_guardian_undefined_1920x1080.png' preview in 40856 usec
Loading resource: res://characters/mage/mage_iso_unit_view.gd remapped: res://characters/mage/mage_iso_unit_view.gd
Loading resource: res://artifacts/skill_tree_refined/captures/skill_tree_after_mage_branches_1920x1080.png remapped: res://artifacts/skill_tree_refined/captures/skill_tree_after_mage_branches_1920x1080.png
Loading resource: res://.godot/imported/skill_tree_after_mage_branches_1920x1080.png-cac5c0f87cd35d340038f0f74b22387a.ctex remapped: res://.godot/imported/skill_tree_after_mage_branches_1920x1080.png-cac5c0f87cd35d340038f0f74b22387a.ctex
Completed load for: 'res://characters/mage/mage_iso_unit_view.gd' remapped 'res://characters/mage/mage_iso_unit_view.gd' at thread -1
Loading resource: res://core/ai/boss_persephone.gd remapped: res://core/ai/boss_persephone.gd
Completed load for: 'res://artifacts/skill_tree_refined/captures/skill_tree_after_mage_branches_1920x1080.png' remapped 'res://artifacts/skill_tree_refined/captures/skill_tree_after_mage_branches_1920x1080.png' at thread -1
Completed load for: 'res://core/ai/boss_persephone.gd' remapped 'res://core/ai/boss_persephone.gd' at thread -1
Loading resource: res://core/ai/boss_roi_gobelin.gd remapped: res://core/ai/boss_roi_gobelin.gd
Generated 'res://artifacts/skill_tree_refined/captures/skill_tree_after_mage_branches_1920x1080.png' preview in 44748 usec
Completed load for: 'res://core/ai/boss_roi_gobelin.gd' remapped 'res://core/ai/boss_roi_gobelin.gd' at thread -1
Loading resource: res://core/ai/enemy_behavior_aggressive.gd remapped: res://core/ai/enemy_behavior_aggressive.gd
Loading resource: res://artifacts/skill_tree_refined/captures/skill_tree_before_1920x1080.png remapped: res://artifacts/skill_tree_refined/captures/skill_tree_before_1920x1080.png
Loading resource: res://.godot/imported/skill_tree_before_1920x1080.png-714e21ec57dbe8a7b0c8c5fecdcb501b.ctex remapped: res://.godot/imported/skill_tree_before_1920x1080.png-714e21ec57dbe8a7b0c8c5fecdcb501b.ctex
Completed load for: 'res://core/ai/enemy_behavior_aggressive.gd' remapped 'res://core/ai/enemy_behavior_aggressive.gd' at thread -1
Loading resource: res://core/ai/enemy_behavior_disruptor.gd remapped: res://core/ai/enemy_behavior_disruptor.gd
Completed load for: 'res://core/ai/enemy_behavior_disruptor.gd' remapped 'res://core/ai/enemy_behavior_disruptor.gd' at thread -1
Loading resource: res://core/ai/enemy_behavior_hazard_placer.gd remapped: res://core/ai/enemy_behavior_hazard_placer.gd
Completed load for: 'res://core/ai/enemy_behavior_hazard_placer.gd' remapped 'res://core/ai/enemy_behavior_hazard_placer.gd' at thread -1
Loading resource: res://core/ai/enemy_behavior_kiter.gd remapped: res://core/ai/enemy_behavior_kiter.gd
Completed load for: 'res://core/ai/enemy_behavior_kiter.gd' remapped 'res://core/ai/enemy_behavior_kiter.gd' at thread -1
Loading resource: res://core/ai/enemy_behavior_spell_user.gd remapped: res://core/ai/enemy_behavior_spell_user.gd
Completed load for: 'res://core/ai/enemy_behavior_spell_user.gd' remapped 'res://core/ai/enemy_behavior_spell_user.gd' at thread -1
Loading resource: res://core/ai/enemy_behavior_support.gd remapped: res://core/ai/enemy_behavior_support.gd
Completed load for: 'res://core/ai/enemy_behavior_support.gd' remapped 'res://core/ai/enemy_behavior_support.gd' at thread -1
Loading resource: res://core/spell_mods/spell_mod_additional_push.gd remapped: res://core/spell_mods/spell_mod_additional_push.gd
Completed load for: 'res://core/spell_mods/spell_mod_additional_push.gd' remapped 'res://core/spell_mods/spell_mod_additional_push.gd' at thread -1
Loading resource: res://core/spell_mods/spell_mod_additional_shield.gd remapped: res://core/spell_mods/spell_mod_additional_shield.gd
Completed load for: 'res://artifacts/skill_tree_refined/captures/skill_tree_before_1920x1080.png' remapped 'res://artifacts/skill_tree_refined/captures/skill_tree_before_1920x1080.png' at thread -1
Completed load for: 'res://core/spell_mods/spell_mod_additional_shield.gd' remapped 'res://core/spell_mods/spell_mod_additional_shield.gd' at thread -1
Loading resource: res://core/spell_mods/spell_mod_aligned_secondary_target.gd remapped: res://core/spell_mods/spell_mod_aligned_secondary_target.gd
Completed load for: 'res://core/spell_mods/spell_mod_aligned_secondary_target.gd' remapped 'res://core/spell_mods/spell_mod_aligned_secondary_target.gd' at thread -1
Loading resource: res://core/spell_mods/spell_mod_apply_status.gd remapped: res://core/spell_mods/spell_mod_apply_status.gd
Completed load for: 'res://core/spell_mods/spell_mod_apply_status.gd' remapped 'res://core/spell_mods/spell_mod_apply_status.gd' at thread -1
Loading resource: res://core/spell_mods/spell_mod_backstab_damage_bonus.gd remapped: res://core/spell_mods/spell_mod_backstab_damage_bonus.gd
Generated 'res://artifacts/skill_tree_refined/captures/skill_tree_before_1920x1080.png' preview in 58015 usec
Loading resource: res://artifacts/skill_tree_refined/captures/skill_tree_before_after_comparison.png remapped: res://artifacts/skill_tree_refined/captures/skill_tree_before_after_comparison.png
Loading resource: res://.godot/imported/skill_tree_before_after_comparison.png-1d21edfc434a0e064d6fb6d616adef98.ctex remapped: res://.godot/imported/skill_tree_before_after_comparison.png-1d21edfc434a0e064d6fb6d616adef98.ctex
Completed load for: 'res://core/spell_mods/spell_mod_backstab_damage_bonus.gd' remapped 'res://core/spell_mods/spell_mod_backstab_damage_bonus.gd' at thread -1
Loading resource: res://core/spell_mods/spell_mod_central_cell_damage_bonus.gd remapped: res://core/spell_mods/spell_mod_central_cell_damage_bonus.gd
Completed load for: 'res://core/spell_mods/spell_mod_central_cell_damage_bonus.gd' remapped 'res://core/spell_mods/spell_mod_central_cell_damage_bonus.gd' at thread -1
Loading resource: res://core/spell_mods/spell_mod_collision_damage.gd remapped: res://core/spell_mods/spell_mod_collision_damage.gd
Completed load for: 'res://core/spell_mods/spell_mod_collision_damage.gd' remapped 'res://core/spell_mods/spell_mod_collision_damage.gd' at thread -1
Loading resource: res://core/spell_mods/spell_mod_damage_bonus_at_min_range.gd remapped: res://core/spell_mods/spell_mod_damage_bonus_at_min_range.gd
Completed load for: 'res://artifacts/skill_tree_refined/captures/skill_tree_before_after_comparison.png' remapped 'res://artifacts/skill_tree_refined/captures/skill_tree_before_after_comparison.png' at thread -1
Completed load for: 'res://core/spell_mods/spell_mod_damage_bonus_at_min_range.gd' remapped 'res://core/spell_mods/spell_mod_damage_bonus_at_min_range.gd' at thread -1
Loading resource: res://core/spell_mods/spell_mod_exact_push_distance.gd remapped: res://core/spell_mods/spell_mod_exact_push_distance.gd
Completed load for: 'res://core/spell_mods/spell_mod_exact_push_distance.gd' remapped 'res://core/spell_mods/spell_mod_exact_push_distance.gd' at thread -1
Loading resource: res://core/spell_mods/spell_mod_heal_bonus.gd remapped: res://core/spell_mods/spell_mod_heal_bonus.gd
Generated 'res://artifacts/skill_tree_refined/captures/skill_tree_before_after_comparison.png' preview in 33629 usec
Completed load for: 'res://core/spell_mods/spell_mod_heal_bonus.gd' remapped 'res://core/spell_mods/spell_mod_heal_bonus.gd' at thread -1
Loading resource: res://core/spell_mods/spell_mod_next_turn_movement.gd remapped: res://core/spell_mods/spell_mod_next_turn_movement.gd
Loading resource: res://artifacts/skill_tree_refined/captures/skill_tree_capture_contact_sheet.png remapped: res://artifacts/skill_tree_refined/captures/skill_tree_capture_contact_sheet.png
Loading resource: res://.godot/imported/skill_tree_capture_contact_sheet.png-32cf3fa134dbb34ba2a8bc884a86c727.ctex remapped: res://.godot/imported/skill_tree_capture_contact_sheet.png-32cf3fa134dbb34ba2a8bc884a86c727.ctex
Completed load for: 'res://core/spell_mods/spell_mod_next_turn_movement.gd' remapped 'res://core/spell_mods/spell_mod_next_turn_movement.gd' at thread -1
Loading resource: res://core/spell_mods/spell_mod_range_bonus.gd remapped: res://core/spell_mods/spell_mod_range_bonus.gd
Completed load for: 'res://core/spell_mods/spell_mod_range_bonus.gd' remapped 'res://core/spell_mods/spell_mod_range_bonus.gd' at thread -1
Loading resource: res://core/spell_mods/spell_mod_status_on_push.gd remapped: res://core/spell_mods/spell_mod_status_on_push.gd
Completed load for: 'res://core/spell_mods/spell_mod_status_on_push.gd' remapped 'res://core/spell_mods/spell_mod_status_on_push.gd' at thread -1
Loading resource: res://core/spell_mods/spell_mod_terrain_on_affected_cells.gd remapped: res://core/spell_mods/spell_mod_terrain_on_affected_cells.gd
Completed load for: 'res://core/spell_mods/spell_mod_terrain_on_affected_cells.gd' remapped 'res://core/spell_mods/spell_mod_terrain_on_affected_cells.gd' at thread -1
Loading resource: res://data/boss_malus/boss_malus_data.gd remapped: res://data/boss_malus/boss_malus_data.gd
Completed load for: 'res://data/boss_malus/boss_malus_data.gd' remapped 'res://data/boss_malus/boss_malus_data.gd' at thread -1
Loading resource: res://data/equipment/equipment_data.gd remapped: res://data/equipment/equipment_data.gd
Completed load for: 'res://data/equipment/equipment_data.gd' remapped 'res://data/equipment/equipment_data.gd' at thread -1
Loading resource: res://data/events/run_event_data.gd remapped: res://data/events/run_event_data.gd
Completed load for: 'res://data/events/run_event_data.gd' remapped 'res://data/events/run_event_data.gd' at thread -1
Loading resource: res://data/relics/relic_data.gd remapped: res://data/relics/relic_data.gd
Completed load for: 'res://data/relics/relic_data.gd' remapped 'res://data/relics/relic_data.gd' at thread -1
Loading resource: res://data/run_nodes/run_node_data.gd remapped: res://data/run_nodes/run_node_data.gd
Completed load for: 'res://data/run_nodes/run_node_data.gd' remapped 'res://data/run_nodes/run_node_data.gd' at thread -1
Loading resource: res://test/support/factory.gd remapped: res://test/support/factory.gd
Completed load for: 'res://test/support/factory.gd' remapped 'res://test/support/factory.gd' at thread -1
Loading resource: res://test/unit/test_ap_costs.gd remapped: res://test/unit/test_ap_costs.gd
Completed load for: 'res://artifacts/skill_tree_refined/captures/skill_tree_capture_contact_sheet.png' remapped 'res://artifacts/skill_tree_refined/captures/skill_tree_capture_contact_sheet.png' at thread -1
Completed load for: 'res://test/unit/test_ap_costs.gd' remapped 'res://test/unit/test_ap_costs.gd' at thread -1
Loading resource: res://test/unit/test_awakening.gd remapped: res://test/unit/test_awakening.gd
Generated 'res://artifacts/skill_tree_refined/captures/skill_tree_capture_contact_sheet.png' preview in 93066 usec
Loading resource: res://asset/Background/drapeau.png remapped: res://asset/Background/drapeau.png
Loading resource: res://.godot/imported/drapeau.png-64ed2460fb2fe222788d28499debaaf6.ctex remapped: res://.godot/imported/drapeau.png-64ed2460fb2fe222788d28499debaaf6.ctex
Completed load for: 'res://asset/Background/drapeau.png' remapped 'res://asset/Background/drapeau.png' at thread -1
Completed load for: 'res://test/unit/test_awakening.gd' remapped 'res://test/unit/test_awakening.gd' at thread -1
Loading resource: res://test/unit/test_can_afford.gd remapped: res://test/unit/test_can_afford.gd
Generated 'res://asset/Background/drapeau.png' preview in 12084 usec
Loading resource: res://asset/Background/drapeau.webp remapped: res://asset/Background/drapeau.webp
Loading resource: res://.godot/imported/drapeau.webp-6bf3735c709ab7968836829858c5c996.ctex remapped: res://.godot/imported/drapeau.webp-6bf3735c709ab7968836829858c5c996.ctex
Completed load for: 'res://asset/Background/drapeau.webp' remapped 'res://asset/Background/drapeau.webp' at thread -1
Completed load for: 'res://test/unit/test_can_afford.gd' remapped 'res://test/unit/test_can_afford.gd' at thread -1
Loading resource: res://test/unit/test_character_progression_foundation.gd remapped: res://test/unit/test_character_progression_foundation.gd
Generated 'res://asset/Background/drapeau.webp' preview in 18002 usec
Loading resource: res://asset/Background/Dungeon background cartoon 2d 1.jpg remapped: res://asset/Background/Dungeon background cartoon 2d 1.jpg
Loading resource: res://.godot/imported/Dungeon background cartoon 2d 1.jpg-fa9a72532beb53766c8613001f06f6ad.ctex remapped: res://.godot/imported/Dungeon background cartoon 2d 1.jpg-fa9a72532beb53766c8613001f06f6ad.ctex
Completed load for: 'res://test/unit/test_character_progression_foundation.gd' remapped 'res://test/unit/test_character_progression_foundation.gd' at thread -1
Loading resource: res://test/unit/test_collision_chain.gd remapped: res://test/unit/test_collision_chain.gd
Completed load for: 'res://asset/Background/Dungeon background cartoon 2d 1.jpg' remapped 'res://asset/Background/Dungeon background cartoon 2d 1.jpg' at thread -1
Completed load for: 'res://test/unit/test_collision_chain.gd' remapped 'res://test/unit/test_collision_chain.gd' at thread -1
Loading resource: res://test/unit/test_dark_pause_menu.gd remapped: res://test/unit/test_dark_pause_menu.gd
Loading resource: res://data/runs/fixed_trio_prototype_run.tres remapped: res://data/runs/fixed_trio_prototype_run.tres
Loading resource: res://data/rooms/bible/le_gue.tres remapped: res://data/rooms/bible/le_gue.tres
Loading resource: res://data/rooms/maps/battle_salle1_iso.tscn remapped: res://data/rooms/maps/battle_salle1_iso.tscn
Loading resource: res://battle/iso/forest_room_01_background.tscn remapped: res://battle/iso/forest_room_01_background.tscn
Loading resource: res://asset/map/iso/forest_room_01_source.png remapped: res://asset/map/iso/forest_room_01_source.png
Loading resource: res://.godot/imported/forest_room_01_source.png-e0948f69771893ddeb5e577fc2f28f04.ctex remapped: res://.godot/imported/forest_room_01_source.png-e0948f69771893ddeb5e577fc2f28f04.ctex
Generated 'res://asset/Background/Dungeon background cartoon 2d 1.jpg' preview in 60996 usec
Loading resource: res://asset/Background/Dungeon background cartoon 2d-8.jpg remapped: res://asset/Background/Dungeon background cartoon 2d-8.jpg
Loading resource: res://.godot/imported/Dungeon background cartoon 2d-8.jpg-e148516f620132fe85484390b7092ef7.ctex remapped: res://.godot/imported/Dungeon background cartoon 2d-8.jpg-e148516f620132fe85484390b7092ef7.ctex
Completed load for: 'res://asset/map/iso/forest_room_01_source.png' remapped 'res://asset/map/iso/forest_room_01_source.png' at thread -1
Completed load for: 'res://battle/iso/forest_room_01_background.tscn' remapped 'res://battle/iso/forest_room_01_background.tscn' at thread -1
Loading resource: res://debug/DebugOverlay.tscn remapped: res://debug/DebugOverlay.tscn
Completed load for: 'res://debug/DebugOverlay.tscn' remapped 'res://debug/DebugOverlay.tscn' at thread -1
Loading resource: res://asset/musique/Dungeon Draft_ First Footfalls.mp3 remapped: res://asset/musique/Dungeon Draft_ First Footfalls.mp3
Loading resource: res://.godot/imported/Dungeon Draft_ First Footfalls.mp3-a0c09fb1930dbd3c7ebb6e6cddd58ee5.mp3str remapped: res://.godot/imported/Dungeon Draft_ First Footfalls.mp3-a0c09fb1930dbd3c7ebb6e6cddd58ee5.mp3str
Completed load for: 'res://asset/musique/Dungeon Draft_ First Footfalls.mp3' remapped 'res://asset/musique/Dungeon Draft_ First Footfalls.mp3' at thread -1
Completed load for: 'res://data/rooms/maps/battle_salle1_iso.tscn' remapped 'res://data/rooms/maps/battle_salle1_iso.tscn' at thread -1
Loading resource: res://data/units/ennemie/run_pyromage_gobelin.tres remapped: res://data/units/ennemie/run_pyromage_gobelin.tres
Loading resource: res://data/spells/gobelin/braise_gobeline.tres remapped: res://data/spells/gobelin/braise_gobeline.tres
Loading resource: res://data/terrain/lave.tres remapped: res://data/terrain/lave.tres
Completed load for: 'res://data/terrain/lave.tres' remapped 'res://data/terrain/lave.tres' at thread -1
Completed load for: 'res://data/spells/gobelin/braise_gobeline.tres' remapped 'res://data/spells/gobelin/braise_gobeline.tres' at thread -1
Loading resource: res://asset/personnage/ennemi/pyromagev4.png remapped: res://asset/personnage/ennemi/pyromagev4.png
Loading resource: res://.godot/imported/pyromagev4.png-c7174c668155ac5e7d7ca559699fd74f.ctex remapped: res://.godot/imported/pyromagev4.png-c7174c668155ac5e7d7ca559699fd74f.ctex
Completed load for: 'res://asset/personnage/ennemi/pyromagev4.png' remapped 'res://asset/personnage/ennemi/pyromagev4.png' at thread -1
Loading resource: res://data/ai_behaviors/pyromage_poseur_de_feu.tres remapped: res://data/ai_behaviors/pyromage_poseur_de_feu.tres
Completed load for: 'res://data/ai_behaviors/pyromage_poseur_de_feu.tres' remapped 'res://data/ai_behaviors/pyromage_poseur_de_feu.tres' at thread -1
Completed load for: 'res://data/units/ennemie/run_pyromage_gobelin.tres' remapped 'res://data/units/ennemie/run_pyromage_gobelin.tres' at thread -1
Loading resource: res://data/units/ennemie/GobTestUnitData_v2.tres remapped: res://data/units/ennemie/GobTestUnitData_v2.tres
Completed load for: 'res://asset/Background/Dungeon background cartoon 2d-8.jpg' remapped 'res://asset/Background/Dungeon background cartoon 2d-8.jpg' at thread -1
Loading resource: res://asset/GobTest_idle_v2.png remapped: res://asset/GobTest_idle_v2.png
Loading resource: res://.godot/imported/GobTest_idle_v2.png-147d75e6646630254eca075a0a63049d.ctex remapped: res://.godot/imported/GobTest_idle_v2.png-147d75e6646630254eca075a0a63049d.ctex
Generated 'res://asset/Background/Dungeon background cartoon 2d-8.jpg' preview in 72359 usec
Completed load for: 'res://asset/GobTest_idle_v2.png' remapped 'res://asset/GobTest_idle_v2.png' at thread -1
Loading resource: res://asset/GobTest_walk_v2.png remapped: res://asset/GobTest_walk_v2.png
Loading resource: res://.godot/imported/GobTest_walk_v2.png-51f492a6e1d027919f222159761bf08a.ctex remapped: res://.godot/imported/GobTest_walk_v2.png-51f492a6e1d027919f222159761bf08a.ctex
Loading resource: res://asset/Background/fantasy-dungeons_dragons-536932.png remapped: res://asset/Background/fantasy-dungeons_dragons-536932.png
Loading resource: res://.godot/imported/fantasy-dungeons_dragons-536932.png-c99c44a31459d2479897952f5cd35bf1.ctex remapped: res://.godot/imported/fantasy-dungeons_dragons-536932.png-c99c44a31459d2479897952f5cd35bf1.ctex
Completed load for: 'res://asset/GobTest_walk_v2.png' remapped 'res://asset/GobTest_walk_v2.png' at thread -1
Loading resource: res://asset/GobTest_attack_v2.png remapped: res://asset/GobTest_attack_v2.png
Loading resource: res://.godot/imported/GobTest_attack_v2.png-d64a76ab8673f085e75b0a72126a79d1.ctex remapped: res://.godot/imported/GobTest_attack_v2.png-d64a76ab8673f085e75b0a72126a79d1.ctex
Completed load for: 'res://asset/Background/fantasy-dungeons_dragons-536932.png' remapped 'res://asset/Background/fantasy-dungeons_dragons-536932.png' at thread -1
Generated 'res://asset/Background/fantasy-dungeons_dragons-536932.png' preview in 79006 usec
Loading resource: res://asset/Background/feuille_basique-removebg-preview.png remapped: res://asset/Background/feuille_basique-removebg-preview.png
Completed load for: 'res://asset/GobTest_attack_v2.png' remapped 'res://asset/GobTest_attack_v2.png' at thread -1
Loading resource: res://.godot/imported/feuille_basique-removebg-preview.png-1f2f8422f59284967d16ff4706aab07f.ctex remapped: res://.godot/imported/feuille_basique-removebg-preview.png-1f2f8422f59284967d16ff4706aab07f.ctex
Loading resource: res://asset/GobTest_death_v2.png remapped: res://asset/GobTest_death_v2.png
Loading resource: res://.godot/imported/GobTest_death_v2.png-292491353ebd93a0ddc2e1d968239747.ctex remapped: res://.godot/imported/GobTest_death_v2.png-292491353ebd93a0ddc2e1d968239747.ctex
Completed load for: 'res://asset/Background/feuille_basique-removebg-preview.png' remapped 'res://asset/Background/feuille_basique-removebg-preview.png' at thread -1
Generated 'res://asset/Background/feuille_basique-removebg-preview.png' preview in 27318 usec
Loading resource: res://asset/Background/fog.png remapped: res://asset/Background/fog.png
Loading resource: res://.godot/imported/fog.png-64f122b80779d6e1adceb51b9f4d90ec.ctex remapped: res://.godot/imported/fog.png-64f122b80779d6e1adceb51b9f4d90ec.ctex
Completed load for: 'res://asset/Background/fog.png' remapped 'res://asset/Background/fog.png' at thread -1
Completed load for: 'res://asset/GobTest_death_v2.png' remapped 'res://asset/GobTest_death_v2.png' at thread -1
Loading resource: res://data/spells/gobelin/mêlée_gobelin.tres remapped: res://data/spells/gobelin/mêlée_gobelin.tres
Generated 'res://asset/Background/fog.png' preview in 20500 usec
Completed load for: 'res://data/spells/gobelin/mêlée_gobelin.tres' remapped 'res://data/spells/gobelin/mêlée_gobelin.tres' at thread -1
Loading resource: res://asset/Background/fond terrain.webp remapped: res://asset/Background/fond terrain.webp
Loading resource: res://.godot/imported/fond terrain.webp-154410d31e4a5dcfaa67693b97637eb5.ctex remapped: res://.godot/imported/fond terrain.webp-154410d31e4a5dcfaa67693b97637eb5.ctex
Completed load for: 'res://data/units/ennemie/GobTestUnitData_v2.tres' remapped 'res://data/units/ennemie/GobTestUnitData_v2.tres' at thread -1
Loading resource: res://data/units/ennemie/run_eclaireur_gobelin.tres remapped: res://data/units/ennemie/run_eclaireur_gobelin.tres
Loading resource: res://asset/Orc.png remapped: res://asset/Orc.png
Loading resource: res://.godot/imported/Orc.png-7ec8df8fc8191d220abe819f11ce4a42.ctex remapped: res://.godot/imported/Orc.png-7ec8df8fc8191d220abe819f11ce4a42.ctex
Completed load for: 'res://asset/Orc.png' remapped 'res://asset/Orc.png' at thread -1
Completed load for: 'res://data/units/ennemie/run_eclaireur_gobelin.tres' remapped 'res://data/units/ennemie/run_eclaireur_gobelin.tres' at thread -1
Completed load for: 'res://data/rooms/bible/le_gue.tres' remapped 'res://data/rooms/bible/le_gue.tres' at thread -1
Loading resource: res://data/rooms/bible/la_forge.tres remapped: res://data/rooms/bible/la_forge.tres
Loading resource: res://data/rooms/maps/battle_salle2.tscn remapped: res://data/rooms/maps/battle_salle2.tscn
Loading resource: res://data/rooms/tile_set.tres remapped: res://data/rooms/tile_set.tres
Loading resource: res://asset/map/tilemap_packed.png remapped: res://asset/map/tilemap_packed.png
Loading resource: res://.godot/imported/tilemap_packed.png-8520b2087728e14cdf6d70e0c1cfad1f.ctex remapped: res://.godot/imported/tilemap_packed.png-8520b2087728e14cdf6d70e0c1cfad1f.ctex
Completed load for: 'res://asset/map/tilemap_packed.png' remapped 'res://asset/map/tilemap_packed.png' at thread -1
Loading resource: res://asset/map/tilemap_packed (2).png remapped: res://asset/map/tilemap_packed (2).png
Loading resource: res://.godot/imported/tilemap_packed (2).png-1510af1dffd1b70be7e8456f7ddd5cd3.ctex remapped: res://.godot/imported/tilemap_packed (2).png-1510af1dffd1b70be7e8456f7ddd5cd3.ctex
Completed load for: 'res://asset/map/tilemap_packed (2).png' remapped 'res://asset/map/tilemap_packed (2).png' at thread -1
Completed load for: 'res://asset/Background/fond terrain.webp' remapped 'res://asset/Background/fond terrain.webp' at thread -1
Completed load for: 'res://data/rooms/tile_set.tres' remapped 'res://data/rooms/tile_set.tres' at thread -1
Loading resource: res://asset/musique/Dungeon Draft Tactics.mp3 remapped: res://asset/musique/Dungeon Draft Tactics.mp3
Loading resource: res://.godot/imported/Dungeon Draft Tactics.mp3-beb09cd3f8d831fcddfad74f05ec3159.mp3str remapped: res://.godot/imported/Dungeon Draft Tactics.mp3-beb09cd3f8d831fcddfad74f05ec3159.mp3str
Completed load for: 'res://asset/musique/Dungeon Draft Tactics.mp3' remapped 'res://asset/musique/Dungeon Draft Tactics.mp3' at thread -1
Generated 'res://asset/Background/fond terrain.webp' preview in 51365 usec
Completed load for: 'res://data/rooms/maps/battle_salle2.tscn' remapped 'res://data/rooms/maps/battle_salle2.tscn' at thread -1
Loading resource: res://data/units/ennemie/run_brute_gobelin.tres remapped: res://data/units/ennemie/run_brute_gobelin.tres
Loading resource: res://asset/personnage/ennemi/goebleinscenario.png remapped: res://asset/personnage/ennemi/goebleinscenario.png
Loading resource: res://.godot/imported/goebleinscenario.png-9756bb3f4333e34e29fa4652f55ab0df.ctex remapped: res://.godot/imported/goebleinscenario.png-9756bb3f4333e34e29fa4652f55ab0df.ctex
Loading resource: res://asset/Background/Generated_ The word _COLOCNESS_ as an epic heroic fantasy gam....png remapped: res://asset/Background/Generated_ The word _COLOCNESS_ as an epic heroic fantasy gam....png
Loading resource: res://.godot/imported/Generated_ The word _COLOCNESS_ as an epic heroic fantasy gam....png-28def9eb6fcab867adb2750f9776ffe7.ctex remapped: res://.godot/imported/Generated_ The word _COLOCNESS_ as an epic heroic fantasy gam....png-28def9eb6fcab867adb2750f9776ffe7.ctex
Completed load for: 'res://asset/personnage/ennemi/goebleinscenario.png' remapped 'res://asset/personnage/ennemi/goebleinscenario.png' at thread -1
Completed load for: 'res://data/units/ennemie/run_brute_gobelin.tres' remapped 'res://data/units/ennemie/run_brute_gobelin.tres' at thread -1
Loading resource: res://data/units/ennemie/run_porte_bouclier_gobelin.tres remapped: res://data/units/ennemie/run_porte_bouclier_gobelin.tres
Completed load for: 'res://data/units/ennemie/run_porte_bouclier_gobelin.tres' remapped 'res://data/units/ennemie/run_porte_bouclier_gobelin.tres' at thread -1
Completed load for: 'res://data/rooms/bible/la_forge.tres' remapped 'res://data/rooms/bible/la_forge.tres' at thread -1
Loading resource: res://data/rooms/bible/elite_brute.tres remapped: res://data/rooms/bible/elite_brute.tres
Loading resource: res://data/units/ennemie/elite_brute_gobelin.tres remapped: res://data/units/ennemie/elite_brute_gobelin.tres
Completed load for: 'res://data/units/ennemie/elite_brute_gobelin.tres' remapped 'res://data/units/ennemie/elite_brute_gobelin.tres' at thread -1
Loading resource: res://data/units/ennemie/elite_pyromage_gobelin.tres remapped: res://data/units/ennemie/elite_pyromage_gobelin.tres
Loading resource: res://data/spells/draft/etincelle.tres remapped: res://data/spells/draft/etincelle.tres
Loading resource: res://data/terrain/feu.tres remapped: res://data/terrain/feu.tres
Loading resource: res://data/status/core/brulure.tres remapped: res://data/status/core/brulure.tres
Completed load for: 'res://data/status/core/brulure.tres' remapped 'res://data/status/core/brulure.tres' at thread -1
Completed load for: 'res://data/terrain/feu.tres' remapped 'res://data/terrain/feu.tres' at thread -1
Completed load for: 'res://data/spells/draft/etincelle.tres' remapped 'res://data/spells/draft/etincelle.tres' at thread -1
Completed load for: 'res://data/units/ennemie/elite_pyromage_gobelin.tres' remapped 'res://data/units/ennemie/elite_pyromage_gobelin.tres' at thread -1
Completed load for: 'res://data/rooms/bible/elite_brute.tres' remapped 'res://data/rooms/bible/elite_brute.tres' at thread -1
Loading resource: res://data/rooms/terrain_2.tres remapped: res://data/rooms/terrain_2.tres
Loading resource: res://data/rooms/maps/battle_salle_montagne_iso_v2.tscn remapped: res://data/rooms/maps/battle_salle_montagne_iso_v2.tscn
Loading resource: res://battle/iso/mountain_room_01_background.tscn remapped: res://battle/iso/mountain_room_01_background.tscn
Loading resource: res://asset/Background/montagne 2.webp remapped: res://asset/Background/montagne 2.webp
Loading resource: res://.godot/imported/montagne 2.webp-96843f2ade4fee3fbf610e55aaa24141.ctex remapped: res://.godot/imported/montagne 2.webp-96843f2ade4fee3fbf610e55aaa24141.ctex
Completed load for: 'res://asset/Background/montagne 2.webp' remapped 'res://asset/Background/montagne 2.webp' at thread -1
Completed load for: 'res://battle/iso/mountain_room_01_background.tscn' remapped 'res://battle/iso/mountain_room_01_background.tscn' at thread -1
Loading resource: res://data/rooms/tile_set_iso_terrain.tres remapped: res://data/rooms/tile_set_iso_terrain.tres
Completed load for: 'res://asset/Background/Generated_ The word _COLOCNESS_ as an epic heroic fantasy gam....png' remapped 'res://asset/Background/Generated_ The word _COLOCNESS_ as an epic heroic fantasy gam....png' at thread -1
Loading resource: res://data/rooms/iso_terrain_markers.png remapped: res://data/rooms/iso_terrain_markers.png
Loading resource: res://.godot/imported/iso_terrain_markers.png-9b3fc6dc73d1ec092ccb336254e68f4e.ctex remapped: res://.godot/imported/iso_terrain_markers.png-9b3fc6dc73d1ec092ccb336254e68f4e.ctex
Completed load for: 'res://data/rooms/iso_terrain_markers.png' remapped 'res://data/rooms/iso_terrain_markers.png' at thread -1
Completed load for: 'res://data/rooms/tile_set_iso_terrain.tres' remapped 'res://data/rooms/tile_set_iso_terrain.tres' at thread -1
Loading resource: res://data/rooms/tile_set_iso_decor.tres remapped: res://data/rooms/tile_set_iso_decor.tres
Loading resource: res://battle/iso/drapeau.tscn remapped: res://battle/iso/drapeau.tscn
Loading resource: res://asset/Background/drapeau.png remapped: res://asset/Background/drapeau.png
Loading resource: res://.godot/imported/drapeau.png-64ed2460fb2fe222788d28499debaaf6.ctex remapped: res://.godot/imported/drapeau.png-64ed2460fb2fe222788d28499debaaf6.ctex
Completed load for: 'res://asset/Background/drapeau.png' remapped 'res://asset/Background/drapeau.png' at thread -1
Loading resource: res://asset/shaders/environment/drapeau_vent.gdshader remapped: res://asset/shaders/environment/drapeau_vent.gdshader
Completed load for: 'res://asset/shaders/environment/drapeau_vent.gdshader' remapped 'res://asset/shaders/environment/drapeau_vent.gdshader' at thread -1
Completed load for: 'res://battle/iso/drapeau.tscn' remapped 'res://battle/iso/drapeau.tscn' at thread -1
Completed load for: 'res://data/rooms/tile_set_iso_decor.tres' remapped 'res://data/rooms/tile_set_iso_decor.tres' at thread -1
Loading resource: res://ui/Particles/lumiere_diffuse.tscn remapped: res://ui/Particles/lumiere_diffuse.tscn
Loading resource: res://asset/shaders/environment/lumiere_diffuse.gdshader remapped: res://asset/shaders/environment/lumiere_diffuse.gdshader
Completed load for: 'res://asset/shaders/environment/lumiere_diffuse.gdshader' remapped 'res://asset/shaders/environment/lumiere_diffuse.gdshader' at thread -1
Loading resource: res://ui/Particles/lumiere_diffuse.gd remapped: res://ui/Particles/lumiere_diffuse.gd
Completed load for: 'res://ui/Particles/lumiere_diffuse.gd' remapped 'res://ui/Particles/lumiere_diffuse.gd' at thread -1
Completed load for: 'res://ui/Particles/lumiere_diffuse.tscn' remapped 'res://ui/Particles/lumiere_diffuse.tscn' at thread -1
Loading resource: res://ui/Particles/brume_vallee.tscn remapped: res://ui/Particles/brume_vallee.tscn
Loading resource: res://asset/shaders/environment/brume_vallee.gdshader remapped: res://asset/shaders/environment/brume_vallee.gdshader
Completed load for: 'res://asset/shaders/environment/brume_vallee.gdshader' remapped 'res://asset/shaders/environment/brume_vallee.gdshader' at thread -1
Loading resource: res://ui/Particles/brume_vallee.gd remapped: res://ui/Particles/brume_vallee.gd
Completed load for: 'res://ui/Particles/brume_vallee.gd' remapped 'res://ui/Particles/brume_vallee.gd' at thread -1
Completed load for: 'res://ui/Particles/brume_vallee.tscn' remapped 'res://ui/Particles/brume_vallee.tscn' at thread -1
Completed load for: 'res://data/rooms/maps/battle_salle_montagne_iso_v2.tscn' remapped 'res://data/rooms/maps/battle_salle_montagne_iso_v2.tscn' at thread -1
Loading resource: res://data/units/ennemie/GobTestUnitData.tres remapped: res://data/units/ennemie/GobTestUnitData.tres
Loading resource: res://asset/GobTest_idle.png remapped: res://asset/GobTest_idle.png
Loading resource: res://.godot/imported/GobTest_idle.png-56b77720aa0c311b1865dedcacbf686c.ctex remapped: res://.godot/imported/GobTest_idle.png-56b77720aa0c311b1865dedcacbf686c.ctex
Generated 'res://asset/Background/Generated_ The word _COLOCNESS_ as an epic heroic fantasy gam....png' preview in 188391 usec
Generated 'res://asset/Background/montagne 2.webp' preview in 21572 usec
Loading resource: res://asset/Background/pic center.png remapped: res://asset/Background/pic center.png
Loading resource: res://.godot/imported/pic center.png-6ef756ba0172275e306d4ba993f0a263.ctex remapped: res://.godot/imported/pic center.png-6ef756ba0172275e306d4ba993f0a263.ctex
Completed load for: 'res://asset/GobTest_idle.png' remapped 'res://asset/GobTest_idle.png' at thread -1
Completed load for: 'res://asset/Background/pic center.png' remapped 'res://asset/Background/pic center.png' at thread -1
Completed load for: 'res://data/units/ennemie/GobTestUnitData.tres' remapped 'res://data/units/ennemie/GobTestUnitData.tres' at thread -1
Completed load for: 'res://data/rooms/terrain_2.tres' remapped 'res://data/rooms/terrain_2.tres' at thread -1
Completed load for: 'res://data/runs/fixed_trio_prototype_run.tres' remapped 'res://data/runs/fixed_trio_prototype_run.tres' at thread -1
Generated 'res://asset/Background/pic center.png' preview in 29970 usec
SCRIPT ERROR: Parse Error: Cannot infer the type of "path" variable because the value doesn't have a set type.
Loading resource: res://asset/Background/rocher escalier.png remapped: res://asset/Background/rocher escalier.png
   at: GDScript::reload (res://test/unit/test_dark_pause_menu.gd:54)
SCRIPT ERROR: Parse Error: Cannot infer the type of "path" variable because the value doesn't have a set type.
   at: GDScript::reload (res://test/unit/test_dark_pause_menu.gd:62)
SCRIPT ERROR: Parse Error: Cannot infer the type of "path" variable because the value doesn't have a set type.
   at: GDScript::reload (res://test/unit/test_dark_pause_menu.gd:74)
SCRIPT ERROR: Parse Error: Cannot infer the type of "path" variable because the value doesn't have a set type.
   at: GDScript::reload (res://test/unit/test_dark_pause_menu.gd:95)
Loading resource: res://.godot/imported/rocher escalier.png-bf70936d356490b4a6f8cfddcbf04c33.ctex remapped: res://.godot/imported/rocher escalier.png-bf70936d356490b4a6f8cfddcbf04c33.ctex
ERROR: Failed to load script "res://test/unit/test_dark_pause_menu.gd" with error "Parse error".
   at: load (modules/gdscript/gdscript_resource_format.cpp:46)
Completed load for: 'res://test/unit/test_dark_pause_menu.gd' remapped 'res://test/unit/test_dark_pause_menu.gd' at thread -1
Completed load for: 'res://asset/Background/rocher escalier.png' remapped 'res://asset/Background/rocher escalier.png' at thread -1
Generated 'res://asset/Background/rocher escalier.png' preview in 32360 usec
Loading resource: res://asset/Background/smoke1.png remapped: res://asset/Background/smoke1.png
Loading resource: res://.godot/imported/smoke1.png-10efba36c62ee9d83c0004c3e8c5f114.ctex remapped: res://.godot/imported/smoke1.png-10efba36c62ee9d83c0004c3e8c5f114.ctex
Completed load for: 'res://asset/Background/smoke1.png' remapped 'res://asset/Background/smoke1.png' at thread -1
Generated 'res://asset/Background/smoke1.png' preview in 23530 usec
Loading resource: res://test/unit/test_elf_archer_skill_tree.gd remapped: res://test/unit/test_elf_archer_skill_tree.gd
Loading resource: res://asset/Background/smoke2.png remapped: res://asset/Background/smoke2.png
Loading resource: res://.godot/imported/smoke2.png-5645e6631cb29029c50d186ef3d7634e.ctex remapped: res://.godot/imported/smoke2.png-5645e6631cb29029c50d186ef3d7634e.ctex
Completed load for: 'res://asset/Background/smoke2.png' remapped 'res://asset/Background/smoke2.png' at thread -1
Generated 'res://asset/Background/smoke2.png' preview in 30075 usec
Loading resource: res://asset/Background/terrain caverne v2.png remapped: res://asset/Background/terrain caverne v2.png
Loading resource: res://.godot/imported/terrain caverne v2.png-03e7265bc29453609df6d98051ec1320.ctex remapped: res://.godot/imported/terrain caverne v2.png-03e7265bc29453609df6d98051ec1320.ctex
Completed load for: 'res://test/unit/test_elf_archer_skill_tree.gd' remapped 'res://test/unit/test_elf_archer_skill_tree.gd' at thread -1
Loading resource: res://test/unit/test_elf_character_hud_v1.gd remapped: res://test/unit/test_elf_character_hud_v1.gd
Completed load for: 'res://asset/Background/terrain caverne v2.png' remapped 'res://asset/Background/terrain caverne v2.png' at thread -1
Loading resource: res://data/units/alliés/elfe.tres remapped: res://data/units/alliés/elfe.tres
Loading resource: res://data/characters/elf/spells/precise_shot.tres remapped: res://data/characters/elf/spells/precise_shot.tres
Loading resource: res://asset/sorts/elfe_arc_magique/elf_magic_arrow_projectile.tscn remapped: res://asset/sorts/elfe_arc_magique/elf_magic_arrow_projectile.tscn
Loading resource: res://asset/sorts/elfe_arc_magique/Meshy_AI_fa41a3267447c0eff9de1c960eec9ecfc15bffa2d3ff2d4c633f568a57b44b19 (1).png remapped: res://asset/sorts/elfe_arc_magique/Meshy_AI_fa41a3267447c0eff9de1c960eec9ecfc15bffa2d3ff2d4c633f568a57b44b19 (1).png
Loading resource: res://.godot/imported/Meshy_AI_fa41a3267447c0eff9de1c960eec9ecfc15bffa2d3ff2d4c633f568a57b44b19 (1).png-a21c64c906e2e45e9755bd697e015196.ctex remapped: res://.godot/imported/Meshy_AI_fa41a3267447c0eff9de1c960eec9ecfc15bffa2d3ff2d4c633f568a57b44b19 (1).png-a21c64c906e2e45e9755bd697e015196.ctex
Generated 'res://asset/Background/terrain caverne v2.png' preview in 53982 usec
Completed load for: 'res://asset/sorts/elfe_arc_magique/Meshy_AI_fa41a3267447c0eff9de1c960eec9ecfc15bffa2d3ff2d4c633f568a57b44b19 (1).png' remapped 'res://asset/sorts/elfe_arc_magique/Meshy_AI_fa41a3267447c0eff9de1c960eec9ecfc15bffa2d3ff2d4c633f568a57b44b19 (1).png' at thread -1
Loading resource: res://asset/sorts/elfe_arc_magique/elf_magic_arrow_impact.tscn remapped: res://asset/sorts/elfe_arc_magique/elf_magic_arrow_impact.tscn
Loading resource: res://asset/sorts/elfe_arc_magique/Meshy_AI_58e7958069a2b17a3131699f250e88716204d958abe9618c90aed37df322a7a3.png remapped: res://asset/sorts/elfe_arc_magique/Meshy_AI_58e7958069a2b17a3131699f250e88716204d958abe9618c90aed37df322a7a3.png
Loading resource: res://.godot/imported/Meshy_AI_58e7958069a2b17a3131699f250e88716204d958abe9618c90aed37df322a7a3.png-267d62c46670f4d40da3e2fcea092051.ctex remapped: res://.godot/imported/Meshy_AI_58e7958069a2b17a3131699f250e88716204d958abe9618c90aed37df322a7a3.png-267d62c46670f4d40da3e2fcea092051.ctex
Loading resource: res://asset/Background/terrain caverne.png remapped: res://asset/Background/terrain caverne.png
Loading resource: res://.godot/imported/terrain caverne.png-96ab0f0032e3b4a63cac5b989737c775.ctex remapped: res://.godot/imported/terrain caverne.png-96ab0f0032e3b4a63cac5b989737c775.ctex
Completed load for: 'res://asset/sorts/elfe_arc_magique/Meshy_AI_58e7958069a2b17a3131699f250e88716204d958abe9618c90aed37df322a7a3.png' remapped 'res://asset/sorts/elfe_arc_magique/Meshy_AI_58e7958069a2b17a3131699f250e88716204d958abe9618c90aed37df322a7a3.png' at thread -1
Completed load for: 'res://asset/sorts/elfe_arc_magique/elf_magic_arrow_impact.tscn' remapped 'res://asset/sorts/elfe_arc_magique/elf_magic_arrow_impact.tscn' at thread -1
Completed load for: 'res://asset/sorts/elfe_arc_magique/elf_magic_arrow_projectile.tscn' remapped 'res://asset/sorts/elfe_arc_magique/elf_magic_arrow_projectile.tscn' at thread -1
Completed load for: 'res://data/characters/elf/spells/precise_shot.tres' remapped 'res://data/characters/elf/spells/precise_shot.tres' at thread -1
Loading resource: res://data/characters/elf/spells/sneak_strike.tres remapped: res://data/characters/elf/spells/sneak_strike.tres
Completed load for: 'res://data/characters/elf/spells/sneak_strike.tres' remapped 'res://data/characters/elf/spells/sneak_strike.tres' at thread -1
Loading resource: res://data/characters/elf/spells/fireball.tres remapped: res://data/characters/elf/spells/fireball.tres
Loading resource: res://data/terrain/lave.tres remapped: res://data/terrain/lave.tres
Completed load for: 'res://data/terrain/lave.tres' remapped 'res://data/terrain/lave.tres' at thread -1
Loading resource: res://asset/bruitage sort/FIREIgn_Essence prend feu 3 (ID 1342)_LaSonotheque.fr.mp3 remapped: res://asset/bruitage sort/FIREIgn_Essence prend feu 3 (ID 1342)_LaSonotheque.fr.mp3
Loading resource: res://.godot/imported/FIREIgn_Essence prend feu 3 (ID 1342)_LaSonotheque.fr.mp3-2d3011aad6112122c3bca576046fb9ea.mp3str remapped: res://.godot/imported/FIREIgn_Essence prend feu 3 (ID 1342)_LaSonotheque.fr.mp3-2d3011aad6112122c3bca576046fb9ea.mp3str
Completed load for: 'res://asset/Background/terrain caverne.png' remapped 'res://asset/Background/terrain caverne.png' at thread -1
Completed load for: 'res://asset/bruitage sort/FIREIgn_Essence prend feu 3 (ID 1342)_LaSonotheque.fr.mp3' remapped 'res://asset/bruitage sort/FIREIgn_Essence prend feu 3 (ID 1342)_LaSonotheque.fr.mp3' at thread -1
Loading resource: res://battle/vfx/boule_de_feu_vfx2.tscn remapped: res://battle/vfx/boule_de_feu_vfx2.tscn
Loading resource: res://asset/shaders/spells/boule_de_feu.gdshader remapped: res://asset/shaders/spells/boule_de_feu.gdshader
Completed load for: 'res://asset/shaders/spells/boule_de_feu.gdshader' remapped 'res://asset/shaders/spells/boule_de_feu.gdshader' at thread -1
Completed load for: 'res://battle/vfx/boule_de_feu_vfx2.tscn' remapped 'res://battle/vfx/boule_de_feu_vfx2.tscn' at thread -1
Completed load for: 'res://data/characters/elf/spells/fireball.tres' remapped 'res://data/characters/elf/spells/fireball.tres' at thread -1
Loading resource: res://asset/Soldier.png remapped: res://asset/Soldier.png
Loading resource: res://.godot/imported/Soldier.png-b96c15a315da2cffb28f422d144077a7.ctex remapped: res://.godot/imported/Soldier.png-b96c15a315da2cffb28f422d144077a7.ctex
Completed load for: 'res://asset/Soldier.png' remapped 'res://asset/Soldier.png' at thread -1
Loading resource: res://data/characters/elf/spells/sylvan_heal.tres remapped: res://data/characters/elf/spells/sylvan_heal.tres
Completed load for: 'res://data/characters/elf/spells/sylvan_heal.tres' remapped 'res://data/characters/elf/spells/sylvan_heal.tres' at thread -1
Loading resource: res://characters/elf/ElfVisual3D.tscn remapped: res://characters/elf/ElfVisual3D.tscn
Loading resource: res://assets/characters/elf/elf_character_v01.glb remapped: res://assets/characters/elf/elf_character_v01.glb
Loading resource: res://.godot/imported/elf_character_v01.glb-b5e8d1cf73176260f54b315a4bbb70e9.scn remapped: res://.godot/imported/elf_character_v01.glb-b5e8d1cf73176260f54b315a4bbb70e9.scn
Loading resource: res://assets/characters/elf/elf_character_v01_texture_0.png remapped: res://assets/characters/elf/elf_character_v01_texture_0.png
Loading resource: res://.godot/imported/elf_character_v01_texture_0.png-e8ce6527c2310297e5ce12a893d9b2f1.s3tc.ctex remapped: res://.godot/imported/elf_character_v01_texture_0.png-e8ce6527c2310297e5ce12a893d9b2f1.s3tc.ctex
Generated 'res://asset/Background/terrain caverne.png' preview in 55547 usec
Loading resource: res://asset/Background/test test.png remapped: res://asset/Background/test test.png
Loading resource: res://.godot/imported/test test.png-7421f5154e72419fa75b7553b8cb6ffe.ctex remapped: res://.godot/imported/test test.png-7421f5154e72419fa75b7553b8cb6ffe.ctex
Completed load for: 'res://assets/characters/elf/elf_character_v01_texture_0.png' remapped 'res://assets/characters/elf/elf_character_v01_texture_0.png' at thread -1
Completed load for: 'res://assets/characters/elf/elf_character_v01.glb' remapped 'res://assets/characters/elf/elf_character_v01.glb' at thread -1
Completed load for: 'res://characters/elf/ElfVisual3D.tscn' remapped 'res://characters/elf/ElfVisual3D.tscn' at thread -1
Loading resource: res://characters/elf/ElfIsoUnitView.tscn remapped: res://characters/elf/ElfIsoUnitView.tscn
Completed load for: 'res://characters/elf/ElfIsoUnitView.tscn' remapped 'res://characters/elf/ElfIsoUnitView.tscn' at thread -1
Loading resource: res://data/characters/elf/disciplines/archer.tres remapped: res://data/characters/elf/disciplines/archer.tres
Loading resource: res://data/characters/elf/disciplines/archer_rank_1.tres remapped: res://data/characters/elf/disciplines/archer_rank_1.tres
Completed load for: 'res://data/characters/elf/disciplines/archer_rank_1.tres' remapped 'res://data/characters/elf/disciplines/archer_rank_1.tres' at thread -1
Loading resource: res://data/characters/elf/disciplines/archer_rank_2.tres remapped: res://data/characters/elf/disciplines/archer_rank_2.tres
Loading resource: res://data/characters/elf/upgrades/eagle_eye.tres remapped: res://data/characters/elf/upgrades/eagle_eye.tres
Loading resource: res://data/characters/elf/modifiers/eagle_eye.tres remapped: res://data/characters/elf/modifiers/eagle_eye.tres
Completed load for: 'res://data/characters/elf/modifiers/eagle_eye.tres' remapped 'res://data/characters/elf/modifiers/eagle_eye.tres' at thread -1
Completed load for: 'res://data/characters/elf/upgrades/eagle_eye.tres' remapped 'res://data/characters/elf/upgrades/eagle_eye.tres' at thread -1
Loading resource: res://data/characters/elf/upgrades/repel_arrow.tres remapped: res://data/characters/elf/upgrades/repel_arrow.tres
Loading resource: res://data/characters/elf/modifiers/repel_arrow.tres remapped: res://data/characters/elf/modifiers/repel_arrow.tres
Completed load for: 'res://data/characters/elf/modifiers/repel_arrow.tres' remapped 'res://data/characters/elf/modifiers/repel_arrow.tres' at thread -1
Completed load for: 'res://data/characters/elf/upgrades/repel_arrow.tres' remapped 'res://data/characters/elf/upgrades/repel_arrow.tres' at thread -1
Completed load for: 'res://data/characters/elf/disciplines/archer_rank_2.tres' remapped 'res://data/characters/elf/disciplines/archer_rank_2.tres' at thread -1
Loading resource: res://data/characters/elf/disciplines/archer_rank_3.tres remapped: res://data/characters/elf/disciplines/archer_rank_3.tres
Loading resource: res://data/characters/elf/upgrades/long_range.tres remapped: res://data/characters/elf/upgrades/long_range.tres
Loading resource: res://data/characters/elf/modifiers/long_range.tres remapped: res://data/characters/elf/modifiers/long_range.tres
Completed load for: 'res://data/characters/elf/modifiers/long_range.tres' remapped 'res://data/characters/elf/modifiers/long_range.tres' at thread -1
Completed load for: 'res://data/characters/elf/upgrades/long_range.tres' remapped 'res://data/characters/elf/upgrades/long_range.tres' at thread -1
Loading resource: res://data/characters/elf/upgrades/piercing_shot.tres remapped: res://data/characters/elf/upgrades/piercing_shot.tres
Loading resource: res://data/characters/elf/modifiers/piercing_shot.tres remapped: res://data/characters/elf/modifiers/piercing_shot.tres
Loading resource: res://data/status/progression/physical_breach_1.tres remapped: res://data/status/progression/physical_breach_1.tres
Completed load for: 'res://data/status/progression/physical_breach_1.tres' remapped 'res://data/status/progression/physical_breach_1.tres' at thread -1
Completed load for: 'res://data/characters/elf/modifiers/piercing_shot.tres' remapped 'res://data/characters/elf/modifiers/piercing_shot.tres' at thread -1
Completed load for: 'res://data/characters/elf/upgrades/piercing_shot.tres' remapped 'res://data/characters/elf/upgrades/piercing_shot.tres' at thread -1
Loading resource: res://data/characters/elf/upgrades/hindering_arrow.tres remapped: res://data/characters/elf/upgrades/hindering_arrow.tres
Loading resource: res://data/characters/elf/modifiers/hindering_arrow.tres remapped: res://data/characters/elf/modifiers/hindering_arrow.tres
Completed load for: 'res://data/characters/elf/modifiers/hindering_arrow.tres' remapped 'res://data/characters/elf/modifiers/hindering_arrow.tres' at thread -1
Completed load for: 'res://data/characters/elf/upgrades/hindering_arrow.tres' remapped 'res://data/characters/elf/upgrades/hindering_arrow.tres' at thread -1
Loading resource: res://data/characters/elf/upgrades/impact_bolt.tres remapped: res://data/characters/elf/upgrades/impact_bolt.tres
Loading resource: res://data/characters/elf/modifiers/impact_bolt.tres remapped: res://data/characters/elf/modifiers/impact_bolt.tres
Completed load for: 'res://data/characters/elf/modifiers/impact_bolt.tres' remapped 'res://data/characters/elf/modifiers/impact_bolt.tres' at thread -1
Completed load for: 'res://data/characters/elf/upgrades/impact_bolt.tres' remapped 'res://data/characters/elf/upgrades/impact_bolt.tres' at thread -1
Completed load for: 'res://data/characters/elf/disciplines/archer_rank_3.tres' remapped 'res://data/characters/elf/disciplines/archer_rank_3.tres' at thread -1
Completed load for: 'res://asset/Background/test test.png' remapped 'res://asset/Background/test test.png' at thread -1
Loading resource: res://data/characters/elf/disciplines/archer_rank_4.tres remapped: res://data/characters/elf/disciplines/archer_rank_4.tres
Loading resource: res://data/characters/elf/upgrades/perfect_sight.tres remapped: res://data/characters/elf/upgrades/perfect_sight.tres
Loading resource: res://data/characters/elf/modifiers/perfect_sight.tres remapped: res://data/characters/elf/modifiers/perfect_sight.tres
Completed load for: 'res://data/characters/elf/modifiers/perfect_sight.tres' remapped 'res://data/characters/elf/modifiers/perfect_sight.tres' at thread -1
Completed load for: 'res://data/characters/elf/upgrades/perfect_sight.tres' remapped 'res://data/characters/elf/upgrades/perfect_sight.tres' at thread -1
Loading resource: res://data/characters/elf/upgrades/stabilization.tres remapped: res://data/characters/elf/upgrades/stabilization.tres
Loading resource: res://data/characters/elf/modifiers/stabilization.tres remapped: res://data/characters/elf/modifiers/stabilization.tres
Completed load for: 'res://data/characters/elf/modifiers/stabilization.tres' remapped 'res://data/characters/elf/modifiers/stabilization.tres' at thread -1
Completed load for: 'res://data/characters/elf/upgrades/stabilization.tres' remapped 'res://data/characters/elf/upgrades/stabilization.tres' at thread -1
Loading resource: res://data/characters/elf/upgrades/barbed_tip.tres remapped: res://data/characters/elf/upgrades/barbed_tip.tres
Loading resource: res://data/characters/elf/modifiers/barbed_tip.tres remapped: res://data/characters/elf/modifiers/barbed_tip.tres
Loading resource: res://data/status/progression/bleeding_2_for_2.tres remapped: res://data/status/progression/bleeding_2_for_2.tres
Completed load for: 'res://data/status/progression/bleeding_2_for_2.tres' remapped 'res://data/status/progression/bleeding_2_for_2.tres' at thread -1
Completed load for: 'res://data/characters/elf/modifiers/barbed_tip.tres' remapped 'res://data/characters/elf/modifiers/barbed_tip.tres' at thread -1
Completed load for: 'res://data/characters/elf/upgrades/barbed_tip.tres' remapped 'res://data/characters/elf/upgrades/barbed_tip.tres' at thread -1
Loading resource: res://data/characters/elf/upgrades/open_breach.tres remapped: res://data/characters/elf/upgrades/open_breach.tres
Loading resource: res://data/characters/elf/modifiers/open_breach.tres remapped: res://data/characters/elf/modifiers/open_breach.tres
Loading resource: res://data/status/progression/physical_breach_2.tres remapped: res://data/status/progression/physical_breach_2.tres
Completed load for: 'res://data/status/progression/physical_breach_2.tres' remapped 'res://data/status/progression/physical_breach_2.tres' at thread -1
Completed load for: 'res://data/characters/elf/modifiers/open_breach.tres' remapped 'res://data/characters/elf/modifiers/open_breach.tres' at thread -1
Completed load for: 'res://data/characters/elf/upgrades/open_breach.tres' remapped 'res://data/characters/elf/upgrades/open_breach.tres' at thread -1
Loading resource: res://data/characters/elf/upgrades/pin_arrow.tres remapped: res://data/characters/elf/upgrades/pin_arrow.tres
Loading resource: res://data/characters/elf/modifiers/pin_arrow.tres remapped: res://data/characters/elf/modifiers/pin_arrow.tres
Completed load for: 'res://data/characters/elf/modifiers/pin_arrow.tres' remapped 'res://data/characters/elf/modifiers/pin_arrow.tres' at thread -1
Completed load for: 'res://data/characters/elf/upgrades/pin_arrow.tres' remapped 'res://data/characters/elf/upgrades/pin_arrow.tres' at thread -1
Loading resource: res://data/characters/elf/upgrades/tactical_retreat.tres remapped: res://data/characters/elf/upgrades/tactical_retreat.tres
Loading resource: res://data/characters/elf/modifiers/tactical_retreat.tres remapped: res://data/characters/elf/modifiers/tactical_retreat.tres
Completed load for: 'res://data/characters/elf/modifiers/tactical_retreat.tres' remapped 'res://data/characters/elf/modifiers/tactical_retreat.tres' at thread -1
Completed load for: 'res://data/characters/elf/upgrades/tactical_retreat.tres' remapped 'res://data/characters/elf/upgrades/tactical_retreat.tres' at thread -1
Loading resource: res://data/characters/elf/upgrades/siege_bolt.tres remapped: res://data/characters/elf/upgrades/siege_bolt.tres
Loading resource: res://data/characters/elf/modifiers/siege_bolt.tres remapped: res://data/characters/elf/modifiers/siege_bolt.tres
Completed load for: 'res://data/characters/elf/modifiers/siege_bolt.tres' remapped 'res://data/characters/elf/modifiers/siege_bolt.tres' at thread -1
Completed load for: 'res://data/characters/elf/upgrades/siege_bolt.tres' remapped 'res://data/characters/elf/upgrades/siege_bolt.tres' at thread -1
Loading resource: res://data/characters/elf/upgrades/shatter.tres remapped: res://data/characters/elf/upgrades/shatter.tres
Loading resource: res://data/characters/elf/modifiers/shatter.tres remapped: res://data/characters/elf/modifiers/shatter.tres
Completed load for: 'res://data/characters/elf/modifiers/shatter.tres' remapped 'res://data/characters/elf/modifiers/shatter.tres' at thread -1
Completed load for: 'res://data/characters/elf/upgrades/shatter.tres' remapped 'res://data/characters/elf/upgrades/shatter.tres' at thread -1
Completed load for: 'res://data/characters/elf/disciplines/archer_rank_4.tres' remapped 'res://data/characters/elf/disciplines/archer_rank_4.tres' at thread -1
Loading resource: res://data/characters/elf/disciplines/archer_rank_5.tres remapped: res://data/characters/elf/disciplines/archer_rank_5.tres
Loading resource: res://data/characters/elf/upgrades/perfect_shot.tres remapped: res://data/characters/elf/upgrades/perfect_shot.tres
Loading resource: res://data/characters/elf/modifiers/perfect_shot_damage.tres remapped: res://data/characters/elf/modifiers/perfect_shot_damage.tres
Completed load for: 'res://data/characters/elf/modifiers/perfect_shot_damage.tres' remapped 'res://data/characters/elf/modifiers/perfect_shot_damage.tres' at thread -1
Loading resource: res://data/characters/elf/modifiers/perfect_shot_range.tres remapped: res://data/characters/elf/modifiers/perfect_shot_range.tres
Completed load for: 'res://data/characters/elf/modifiers/perfect_shot_range.tres' remapped 'res://data/characters/elf/modifiers/perfect_shot_range.tres' at thread -1
Completed load for: 'res://data/characters/elf/upgrades/perfect_shot.tres' remapped 'res://data/characters/elf/upgrades/perfect_shot.tres' at thread -1
Generated 'res://asset/Background/test test.png' preview in 102651 usec
Loading resource: res://data/characters/elf/upgrades/transpiercing_bolt.tres remapped: res://data/characters/elf/upgrades/transpiercing_bolt.tres
Loading resource: res://data/characters/elf/modifiers/transpiercing_bolt.tres remapped: res://data/characters/elf/modifiers/transpiercing_bolt.tres
Loading resource: res://asset/Background/Village background cartoon 2d-6.jpg remapped: res://asset/Background/Village background cartoon 2d-6.jpg
Loading resource: res://.godot/imported/Village background cartoon 2d-6.jpg-4a929d250f9645f001d1b1ed5cd97332.ctex remapped: res://.godot/imported/Village background cartoon 2d-6.jpg-4a929d250f9645f001d1b1ed5cd97332.ctex
Completed load for: 'res://data/characters/elf/modifiers/transpiercing_bolt.tres' remapped 'res://data/characters/elf/modifiers/transpiercing_bolt.tres' at thread -1
Completed load for: 'res://data/characters/elf/upgrades/transpiercing_bolt.tres' remapped 'res://data/characters/elf/upgrades/transpiercing_bolt.tres' at thread -1
Loading resource: res://data/characters/elf/upgrades/siege_arrow.tres remapped: res://data/characters/elf/upgrades/siege_arrow.tres
Loading resource: res://data/characters/elf/modifiers/siege_arrow_push.tres remapped: res://data/characters/elf/modifiers/siege_arrow_push.tres
Completed load for: 'res://data/characters/elf/modifiers/siege_arrow_push.tres' remapped 'res://data/characters/elf/modifiers/siege_arrow_push.tres' at thread -1
Loading resource: res://data/characters/elf/modifiers/siege_arrow_collision.tres remapped: res://data/characters/elf/modifiers/siege_arrow_collision.tres
Completed load for: 'res://data/characters/elf/modifiers/siege_arrow_collision.tres' remapped 'res://data/characters/elf/modifiers/siege_arrow_collision.tres' at thread -1
Completed load for: 'res://data/characters/elf/upgrades/siege_arrow.tres' remapped 'res://data/characters/elf/upgrades/siege_arrow.tres' at thread -1
Loading resource: res://data/characters/elf/upgrades/stopping_arrow.tres remapped: res://data/characters/elf/upgrades/stopping_arrow.tres
Loading resource: res://data/characters/elf/modifiers/stopping_arrow_movement.tres remapped: res://data/characters/elf/modifiers/stopping_arrow_movement.tres
Completed load for: 'res://data/characters/elf/modifiers/stopping_arrow_movement.tres' remapped 'res://data/characters/elf/modifiers/stopping_arrow_movement.tres' at thread -1
Loading resource: res://data/characters/elf/modifiers/stopping_arrow_collision.tres remapped: res://data/characters/elf/modifiers/stopping_arrow_collision.tres
Completed load for: 'res://data/characters/elf/modifiers/stopping_arrow_collision.tres' remapped 'res://data/characters/elf/modifiers/stopping_arrow_collision.tres' at thread -1
Completed load for: 'res://data/characters/elf/upgrades/stopping_arrow.tres' remapped 'res://data/characters/elf/upgrades/stopping_arrow.tres' at thread -1
Completed load for: 'res://data/characters/elf/disciplines/archer_rank_5.tres' remapped 'res://data/characters/elf/disciplines/archer_rank_5.tres' at thread -1
Completed load for: 'res://data/characters/elf/disciplines/archer.tres' remapped 'res://data/characters/elf/disciplines/archer.tres' at thread -1
Loading resource: res://data/characters/elf/disciplines/assassin.tres remapped: res://data/characters/elf/disciplines/assassin.tres
Loading resource: res://data/characters/elf/disciplines/assassin_rank_1.tres remapped: res://data/characters/elf/disciplines/assassin_rank_1.tres
Completed load for: 'res://data/characters/elf/disciplines/assassin_rank_1.tres' remapped 'res://data/characters/elf/disciplines/assassin_rank_1.tres' at thread -1
Loading resource: res://data/characters/elf/disciplines/assassin_rank_2.tres remapped: res://data/characters/elf/disciplines/assassin_rank_2.tres
Loading resource: res://data/characters/elf/upgrades/backstab.tres remapped: res://data/characters/elf/upgrades/backstab.tres
Loading resource: res://data/characters/elf/modifiers/backstab.tres remapped: res://data/characters/elf/modifiers/backstab.tres
Completed load for: 'res://data/characters/elf/modifiers/backstab.tres' remapped 'res://data/characters/elf/modifiers/backstab.tres' at thread -1
Completed load for: 'res://data/characters/elf/upgrades/backstab.tres' remapped 'res://data/characters/elf/upgrades/backstab.tres' at thread -1
Loading resource: res://data/characters/elf/upgrades/venomous_blade.tres remapped: res://data/characters/elf/upgrades/venomous_blade.tres
Completed load for: 'res://data/characters/elf/upgrades/venomous_blade.tres' remapped 'res://data/characters/elf/upgrades/venomous_blade.tres' at thread -1
Completed load for: 'res://data/characters/elf/disciplines/assassin_rank_2.tres' remapped 'res://data/characters/elf/disciplines/assassin_rank_2.tres' at thread -1
Completed load for: 'res://data/characters/elf/disciplines/assassin.tres' remapped 'res://data/characters/elf/disciplines/assassin.tres' at thread -1
Loading resource: res://data/characters/elf/disciplines/mage.tres remapped: res://data/characters/elf/disciplines/mage.tres
Loading resource: res://data/characters/elf/disciplines/mage_rank_1.tres remapped: res://data/characters/elf/disciplines/mage_rank_1.tres
Completed load for: 'res://data/characters/elf/disciplines/mage_rank_1.tres' remapped 'res://data/characters/elf/disciplines/mage_rank_1.tres' at thread -1
Loading resource: res://data/characters/elf/disciplines/mage_rank_2.tres remapped: res://data/characters/elf/disciplines/mage_rank_2.tres
Loading resource: res://data/characters/elf/upgrades/incandescent_core.tres remapped: res://data/characters/elf/upgrades/incandescent_core.tres
Loading resource: res://data/characters/elf/modifiers/incandescent_core.tres remapped: res://data/characters/elf/modifiers/incandescent_core.tres
Completed load for: 'res://data/characters/elf/modifiers/incandescent_core.tres' remapped 'res://data/characters/elf/modifiers/incandescent_core.tres' at thread -1
Completed load for: 'res://data/characters/elf/upgrades/incandescent_core.tres' remapped 'res://data/characters/elf/upgrades/incandescent_core.tres' at thread -1
Loading resource: res://data/characters/elf/upgrades/persistent_embers.tres remapped: res://data/characters/elf/upgrades/persistent_embers.tres
Loading resource: res://data/characters/elf/modifiers/persistent_embers.tres remapped: res://data/characters/elf/modifiers/persistent_embers.tres
Loading resource: res://data/terrain/feu.tres remapped: res://data/terrain/feu.tres
Loading resource: res://data/status/core/brulure.tres remapped: res://data/status/core/brulure.tres
Completed load for: 'res://data/status/core/brulure.tres' remapped 'res://data/status/core/brulure.tres' at thread -1
Completed load for: 'res://data/terrain/feu.tres' remapped 'res://data/terrain/feu.tres' at thread -1
Completed load for: 'res://data/characters/elf/modifiers/persistent_embers.tres' remapped 'res://data/characters/elf/modifiers/persistent_embers.tres' at thread -1
Completed load for: 'res://data/characters/elf/upgrades/persistent_embers.tres' remapped 'res://data/characters/elf/upgrades/persistent_embers.tres' at thread -1
Completed load for: 'res://data/characters/elf/disciplines/mage_rank_2.tres' remapped 'res://data/characters/elf/disciplines/mage_rank_2.tres' at thread -1
Completed load for: 'res://data/characters/elf/disciplines/mage.tres' remapped 'res://data/characters/elf/disciplines/mage.tres' at thread -1
Loading resource: res://data/characters/elf/disciplines/healer.tres remapped: res://data/characters/elf/disciplines/healer.tres
Loading resource: res://data/characters/elf/disciplines/healer_rank_1.tres remapped: res://data/characters/elf/disciplines/healer_rank_1.tres
Completed load for: 'res://data/characters/elf/disciplines/healer_rank_1.tres' remapped 'res://data/characters/elf/disciplines/healer_rank_1.tres' at thread -1
Completed load for: 'res://asset/Background/Village background cartoon 2d-6.jpg' remapped 'res://asset/Background/Village background cartoon 2d-6.jpg' at thread -1
Loading resource: res://data/characters/elf/disciplines/healer_rank_2.tres remapped: res://data/characters/elf/disciplines/healer_rank_2.tres
Loading resource: res://data/characters/elf/upgrades/abundant_sap.tres remapped: res://data/characters/elf/upgrades/abundant_sap.tres
Loading resource: res://data/characters/elf/modifiers/abundant_sap.tres remapped: res://data/characters/elf/modifiers/abundant_sap.tres
Completed load for: 'res://data/characters/elf/modifiers/abundant_sap.tres' remapped 'res://data/characters/elf/modifiers/abundant_sap.tres' at thread -1
Completed load for: 'res://data/characters/elf/upgrades/abundant_sap.tres' remapped 'res://data/characters/elf/upgrades/abundant_sap.tres' at thread -1
Loading resource: res://data/characters/elf/upgrades/protective_bark.tres remapped: res://data/characters/elf/upgrades/protective_bark.tres
Loading resource: res://data/characters/elf/modifiers/protective_bark.tres remapped: res://data/characters/elf/modifiers/protective_bark.tres
Completed load for: 'res://data/characters/elf/modifiers/protective_bark.tres' remapped 'res://data/characters/elf/modifiers/protective_bark.tres' at thread -1
Completed load for: 'res://data/characters/elf/upgrades/protective_bark.tres' remapped 'res://data/characters/elf/upgrades/protective_bark.tres' at thread -1
Completed load for: 'res://data/characters/elf/disciplines/healer_rank_2.tres' remapped 'res://data/characters/elf/disciplines/healer_rank_2.tres' at thread -1
Completed load for: 'res://data/characters/elf/disciplines/healer.tres' remapped 'res://data/characters/elf/disciplines/healer.tres' at thread -1
Completed load for: 'res://data/units/alliés/elfe.tres' remapped 'res://data/units/alliés/elfe.tres' at thread -1
Loading resource: res://data/units/alliés/mage.tres remapped: res://data/units/alliés/mage.tres
Loading resource: res://data/spells/Mage/boule_de_feu.tres remapped: res://data/spells/Mage/boule_de_feu.tres
Completed load for: 'res://data/spells/Mage/boule_de_feu.tres' remapped 'res://data/spells/Mage/boule_de_feu.tres' at thread -1
Loading resource: res://data/spells/mur_de_glace.tres remapped: res://data/spells/mur_de_glace.tres
Loading resource: res://data/terrain/glace.tres remapped: res://data/terrain/glace.tres
Completed load for: 'res://data/terrain/glace.tres' remapped 'res://data/terrain/glace.tres' at thread -1
Completed load for: 'res://data/spells/mur_de_glace.tres' remapped 'res://data/spells/mur_de_glace.tres' at thread -1
Loading resource: res://data/spells/Mage/tempete_orageuse.tres remapped: res://data/spells/Mage/tempete_orageuse.tres
Completed load for: 'res://data/spells/Mage/tempete_orageuse.tres' remapped 'res://data/spells/Mage/tempete_orageuse.tres' at thread -1
Loading resource: res://characters/mage/MageIsoUnitView.tscn remapped: res://characters/mage/MageIsoUnitView.tscn
Loading resource: res://characters/mage/MageVisual3D.tscn remapped: res://characters/mage/MageVisual3D.tscn
Loading resource: res://assets/characters/mage/mage_godot_baseline.glb remapped: res://assets/characters/mage/mage_godot_baseline.glb
Loading resource: res://.godot/imported/mage_godot_baseline.glb-bf70288b033040c16f389b871d4cb84d.scn remapped: res://.godot/imported/mage_godot_baseline.glb-bf70288b033040c16f389b871d4cb84d.scn
Loading resource: res://assets/characters/mage/mage_godot_baseline_texture_0.png remapped: res://assets/characters/mage/mage_godot_baseline_texture_0.png
Loading resource: res://.godot/imported/mage_godot_baseline_texture_0.png-78b513a31161fbd74edc69bb48f083e0.s3tc.ctex remapped: res://.godot/imported/mage_godot_baseline_texture_0.png-78b513a31161fbd74edc69bb48f083e0.s3tc.ctex
Completed load for: 'res://assets/characters/mage/mage_godot_baseline_texture_0.png' remapped 'res://assets/characters/mage/mage_godot_baseline_texture_0.png' at thread -1
Completed load for: 'res://assets/characters/mage/mage_godot_baseline.glb' remapped 'res://assets/characters/mage/mage_godot_baseline.glb' at thread -1
Completed load for: 'res://characters/mage/MageVisual3D.tscn' remapped 'res://characters/mage/MageVisual3D.tscn' at thread -1
Completed load for: 'res://characters/mage/MageIsoUnitView.tscn' remapped 'res://characters/mage/MageIsoUnitView.tscn' at thread -1
Loading resource: res://data/spells/Mage/onde_sismique.tres remapped: res://data/spells/Mage/onde_sismique.tres
Completed load for: 'res://data/spells/Mage/onde_sismique.tres' remapped 'res://data/spells/Mage/onde_sismique.tres' at thread -1
Loading resource: res://data/characters/mage/disciplines/fire.tres remapped: res://data/characters/mage/disciplines/fire.tres
Generated 'res://asset/Background/Village background cartoon 2d-6.jpg' preview in 97041 usec
Completed load for: 'res://data/characters/mage/disciplines/fire.tres' remapped 'res://data/characters/mage/disciplines/fire.tres' at thread -1
Loading resource: res://data/characters/mage/disciplines/ice.tres remapped: res://data/characters/mage/disciplines/ice.tres
Completed load for: 'res://data/characters/mage/disciplines/ice.tres' remapped 'res://data/characters/mage/disciplines/ice.tres' at thread -1
Loading resource: res://data/characters/mage/disciplines/lightning.tres remapped: res://data/characters/mage/disciplines/lightning.tres
Completed load for: 'res://data/characters/mage/disciplines/lightning.tres' remapped 'res://data/characters/mage/disciplines/lightning.tres' at thread -1
Loading resource: res://data/characters/mage/disciplines/earth.tres remapped: res://data/characters/mage/disciplines/earth.tres
Completed load for: 'res://data/characters/mage/disciplines/earth.tres' remapped 'res://data/characters/mage/disciplines/earth.tres' at thread -1
Completed load for: 'res://data/units/alliés/mage.tres' remapped 'res://data/units/alliés/mage.tres' at thread -1
Completed load for: 'res://test/unit/test_elf_character_hud_v1.gd' remapped 'res://test/unit/test_elf_character_hud_v1.gd' at thread -1
Generated 'res://asset/bruitage sort/FIREIgn_Essence prend feu 3 (ID 1342)_LaSonotheque.fr.mp3' preview in 180338 usec
Loading resource: res://test/unit/test_elf_mage_progression_slice.gd remapped: res://test/unit/test_elf_mage_progression_slice.gd
Loading resource: res://asset/bruitage sort/MUSCPerc_Triangle 3 (ID 1689)_LaSonotheque.fr.mp3 remapped: res://asset/bruitage sort/MUSCPerc_Triangle 3 (ID 1689)_LaSonotheque.fr.mp3
Loading resource: res://.godot/imported/MUSCPerc_Triangle 3 (ID 1689)_LaSonotheque.fr.mp3-f1d88b64f5367df0379e63a892e4aa34.mp3str remapped: res://.godot/imported/MUSCPerc_Triangle 3 (ID 1689)_LaSonotheque.fr.mp3-f1d88b64f5367df0379e63a892e4aa34.mp3str
Completed load for: 'res://asset/bruitage sort/MUSCPerc_Triangle 3 (ID 1689)_LaSonotheque.fr.mp3' remapped 'res://asset/bruitage sort/MUSCPerc_Triangle 3 (ID 1689)_LaSonotheque.fr.mp3' at thread -1
Generated 'res://asset/bruitage sort/MUSCPerc_Triangle 3 (ID 1689)_LaSonotheque.fr.mp3' preview in 19218 usec
Loading resource: res://asset/icone/asset_8VAgXsXBQ1LGVT1K6HNc6a2R_fait moi un spritesheet contenant des sauts et la course avec cette image_img2img_1781891564.png remapped: res://asset/icone/asset_8VAgXsXBQ1LGVT1K6HNc6a2R_fait moi un spritesheet contenant des sauts et la course avec cette image_img2img_1781891564.png
Loading resource: res://.godot/imported/asset_8VAgXsXBQ1LGVT1K6HNc6a2R_fait moi un spritesheet contenant des sauts et la course avec cette image_img2img_1781891564.png-43b70b0f9a1bb496be94cab67381bde4.ctex remapped: res://.godot/imported/asset_8VAgXsXBQ1LGVT1K6HNc6a2R_fait moi un spritesheet contenant des sauts et la course avec cette image_img2img_1781891564.png-43b70b0f9a1bb496be94cab67381bde4.ctex
Completed load for: 'res://asset/icone/asset_8VAgXsXBQ1LGVT1K6HNc6a2R_fait moi un spritesheet contenant des sauts et la course avec cette image_img2img_1781891564.png' remapped 'res://asset/icone/asset_8VAgXsXBQ1LGVT1K6HNc6a2R_fait moi un spritesheet contenant des sauts et la course avec cette image_img2img_1781891564.png' at thread -1
Generated 'res://asset/icone/asset_8VAgXsXBQ1LGVT1K6HNc6a2R_fait moi un spritesheet contenant des sauts et la course avec cette image_img2img_1781891564.png' preview in 13275 usec
Generated 'res://asset/icone/boule de feu.png' preview in 12252 usec
Loading resource: res://asset/icone/icone spell.png_1.png remapped: res://asset/icone/icone spell.png_1.png
Loading resource: res://.godot/imported/icone spell.png_1.png-76f7e91a0610df9214011ceca084cd73.ctex remapped: res://.godot/imported/icone spell.png_1.png-76f7e91a0610df9214011ceca084cd73.ctex
Completed load for: 'res://asset/icone/icone spell.png_1.png' remapped 'res://asset/icone/icone spell.png_1.png' at thread -1
Generated 'res://asset/icone/icone spell.png_1.png' preview in 21360 usec
Loading resource: res://asset/icone/icone spell.png_2.png remapped: res://asset/icone/icone spell.png_2.png
Completed load for: 'res://test/unit/test_elf_mage_progression_slice.gd' remapped 'res://test/unit/test_elf_mage_progression_slice.gd' at thread -1
Loading resource: res://test/unit/test_elf_multiple_progression_queue.gd remapped: res://test/unit/test_elf_multiple_progression_queue.gd
Loading resource: res://.godot/imported/icone spell.png_2.png-85e65263812dce20c4b5529374cf2885.ctex remapped: res://.godot/imported/icone spell.png_2.png-85e65263812dce20c4b5529374cf2885.ctex
Completed load for: 'res://asset/icone/icone spell.png_2.png' remapped 'res://asset/icone/icone spell.png_2.png' at thread -1
Generated 'res://asset/icone/icone spell.png_2.png' preview in 15491 usec
Loading resource: res://asset/icone/icone spell.png_3.png remapped: res://asset/icone/icone spell.png_3.png
Loading resource: res://.godot/imported/icone spell.png_3.png-98fd242b58e25607c3e52097fd01a187.ctex remapped: res://.godot/imported/icone spell.png_3.png-98fd242b58e25607c3e52097fd01a187.ctex
Completed load for: 'res://asset/icone/icone spell.png_3.png' remapped 'res://asset/icone/icone spell.png_3.png' at thread -1
Generated 'res://asset/icone/icone spell.png_3.png' preview in 11681 usec
Loading resource: res://asset/icone/icone spell.png_4.png remapped: res://asset/icone/icone spell.png_4.png
Loading resource: res://.godot/imported/icone spell.png_4.png-df363f0f00bddecb458d4b75d9e4d7f5.ctex remapped: res://.godot/imported/icone spell.png_4.png-df363f0f00bddecb458d4b75d9e4d7f5.ctex
Completed load for: 'res://asset/icone/icone spell.png_4.png' remapped 'res://asset/icone/icone spell.png_4.png' at thread -1
Completed load for: 'res://test/unit/test_elf_multiple_progression_queue.gd' remapped 'res://test/unit/test_elf_multiple_progression_queue.gd' at thread -1
Loading resource: res://test/unit/test_elf_precise_shot_bow_vfx.gd remapped: res://test/unit/test_elf_precise_shot_bow_vfx.gd
Generated 'res://asset/icone/icone spell.png_4.png' preview in 12870 usec
Loading resource: res://asset/icone/icone spell.png_5.png remapped: res://asset/icone/icone spell.png_5.png
Loading resource: res://.godot/imported/icone spell.png_5.png-67ebff6755dcf03b0ead6bd79383f14a.ctex remapped: res://.godot/imported/icone spell.png_5.png-67ebff6755dcf03b0ead6bd79383f14a.ctex
Completed load for: 'res://asset/icone/icone spell.png_5.png' remapped 'res://asset/icone/icone spell.png_5.png' at thread -1
Completed load for: 'res://test/unit/test_elf_precise_shot_bow_vfx.gd' remapped 'res://test/unit/test_elf_precise_shot_bow_vfx.gd' at thread -1
Loading resource: res://test/unit/test_elf_prototype_flow.gd remapped: res://test/unit/test_elf_prototype_flow.gd
Generated 'res://asset/icone/icone spell.png_5.png' preview in 15066 usec
Loading resource: res://asset/icone/icone spell.png_6.png remapped: res://asset/icone/icone spell.png_6.png
Loading resource: res://.godot/imported/icone spell.png_6.png-abd32df2ed9022db3f5d64527aa4e40a.ctex remapped: res://.godot/imported/icone spell.png_6.png-abd32df2ed9022db3f5d64527aa4e40a.ctex
Completed load for: 'res://asset/icone/icone spell.png_6.png' remapped 'res://asset/icone/icone spell.png_6.png' at thread -1
Generated 'res://asset/icone/icone spell.png_6.png' preview in 8472 usec
Loading resource: res://asset/icone/icone spell.png_7.png remapped: res://asset/icone/icone spell.png_7.png
Loading resource: res://.godot/imported/icone spell.png_7.png-79674051403f0f804280fc50a16b37eb.ctex remapped: res://.godot/imported/icone spell.png_7.png-79674051403f0f804280fc50a16b37eb.ctex
Completed load for: 'res://asset/icone/icone spell.png_7.png' remapped 'res://asset/icone/icone spell.png_7.png' at thread -1
Generated 'res://asset/icone/icone spell.png_7.png' preview in 9743 usec
Loading resource: res://asset/icone/icone spell.png_8.png remapped: res://asset/icone/icone spell.png_8.png
Loading resource: res://.godot/imported/icone spell.png_8.png-8956a69985a23a48d16f335e2a5d6c32.ctex remapped: res://.godot/imported/icone spell.png_8.png-8956a69985a23a48d16f335e2a5d6c32.ctex
Completed load for: 'res://asset/icone/icone spell.png_8.png' remapped 'res://asset/icone/icone spell.png_8.png' at thread -1
Completed load for: 'res://test/unit/test_elf_prototype_flow.gd' remapped 'res://test/unit/test_elf_prototype_flow.gd' at thread -1
Loading resource: res://test/unit/test_elf_rank_two_disciplines.gd remapped: res://test/unit/test_elf_rank_two_disciplines.gd
Generated 'res://asset/icone/icone spell.png_8.png' preview in 8778 usec
Loading resource: res://asset/icone/icone spell.png_9.png remapped: res://asset/icone/icone spell.png_9.png
Loading resource: res://.godot/imported/icone spell.png_9.png-56798e723e4c957d68702a7caeb5090e.ctex remapped: res://.godot/imported/icone spell.png_9.png-56798e723e4c957d68702a7caeb5090e.ctex
Completed load for: 'res://asset/icone/icone spell.png_9.png' remapped 'res://asset/icone/icone spell.png_9.png' at thread -1
Generated 'res://asset/icone/icone spell.png_9.png' preview in 10670 usec
Loading resource: res://asset/icone/icone spell.png_10.png remapped: res://asset/icone/icone spell.png_10.png
Loading resource: res://.godot/imported/icone spell.png_10.png-e7019a2f87cadcfa52c5164a99642196.ctex remapped: res://.godot/imported/icone spell.png_10.png-e7019a2f87cadcfa52c5164a99642196.ctex
Completed load for: 'res://asset/icone/icone spell.png_10.png' remapped 'res://asset/icone/icone spell.png_10.png' at thread -1
Generated 'res://asset/icone/icone spell.png_10.png' preview in 9917 usec
Generated 'res://asset/icone/icone spell.png_11.png' preview in 9646 usec
Loading resource: res://asset/icone/icone spell.png_12.png remapped: res://asset/icone/icone spell.png_12.png
Loading resource: res://.godot/imported/icone spell.png_12.png-f1abcddb9836d0e4ff8ef61bad946df3.ctex remapped: res://.godot/imported/icone spell.png_12.png-f1abcddb9836d0e4ff8ef61bad946df3.ctex
Completed load for: 'res://asset/icone/icone spell.png_12.png' remapped 'res://asset/icone/icone spell.png_12.png' at thread -1
Generated 'res://asset/icone/icone spell.png_12.png' preview in 13530 usec
Loading resource: res://asset/icone/icone spell.png_13.png remapped: res://asset/icone/icone spell.png_13.png
Loading resource: res://.godot/imported/icone spell.png_13.png-f94ad8012872d1da4b0d38b418f9fb92.ctex remapped: res://.godot/imported/icone spell.png_13.png-f94ad8012872d1da4b0d38b418f9fb92.ctex
Completed load for: 'res://asset/icone/icone spell.png_13.png' remapped 'res://asset/icone/icone spell.png_13.png' at thread -1
Generated 'res://asset/icone/icone spell.png_13.png' preview in 11249 usec
Loading resource: res://asset/icone/icone spell.png_14.png remapped: res://asset/icone/icone spell.png_14.png
Loading resource: res://.godot/imported/icone spell.png_14.png-68ab2f05a79b02641735d60b29fef80b.ctex remapped: res://.godot/imported/icone spell.png_14.png-68ab2f05a79b02641735d60b29fef80b.ctex
Completed load for: 'res://asset/icone/icone spell.png_14.png' remapped 'res://asset/icone/icone spell.png_14.png' at thread -1
Completed load for: 'res://test/unit/test_elf_rank_two_disciplines.gd' remapped 'res://test/unit/test_elf_rank_two_disciplines.gd' at thread -1
Loading resource: res://test/unit/test_energy_gauge_awakening.gd remapped: res://test/unit/test_energy_gauge_awakening.gd
Generated 'res://asset/icone/icone spell.png_14.png' preview in 11876 usec
Loading resource: res://asset/icone/icone spell.png_15.png remapped: res://asset/icone/icone spell.png_15.png
Loading resource: res://.godot/imported/icone spell.png_15.png-b15aba6deef43ae330f17eb4bd32b2b6.ctex remapped: res://.godot/imported/icone spell.png_15.png-b15aba6deef43ae330f17eb4bd32b2b6.ctex
Completed load for: 'res://asset/icone/icone spell.png_15.png' remapped 'res://asset/icone/icone spell.png_15.png' at thread -1
Completed load for: 'res://test/unit/test_energy_gauge_awakening.gd' remapped 'res://test/unit/test_energy_gauge_awakening.gd' at thread -1
Loading resource: res://test/unit/test_energy_gauge_gain.gd remapped: res://test/unit/test_energy_gauge_gain.gd
Generated 'res://asset/icone/icone spell.png_15.png' preview in 14200 usec
Loading resource: res://asset/icone/icone spell.png_16.png remapped: res://asset/icone/icone spell.png_16.png
Loading resource: res://.godot/imported/icone spell.png_16.png-77f7150cff72509fd49f31cec4646195.ctex remapped: res://.godot/imported/icone spell.png_16.png-77f7150cff72509fd49f31cec4646195.ctex
Completed load for: 'res://asset/icone/icone spell.png_16.png' remapped 'res://asset/icone/icone spell.png_16.png' at thread -1
Generated 'res://asset/icone/icone spell.png_16.png' preview in 12712 usec
Loading resource: res://asset/icone/icone spell.png_17.png remapped: res://asset/icone/icone spell.png_17.png
Loading resource: res://.godot/imported/icone spell.png_17.png-cd8110cd963941268441227fbb952612.ctex remapped: res://.godot/imported/icone spell.png_17.png-cd8110cd963941268441227fbb952612.ctex
Completed load for: 'res://asset/icone/icone spell.png_17.png' remapped 'res://asset/icone/icone spell.png_17.png' at thread -1
Completed load for: 'res://test/unit/test_energy_gauge_gain.gd' remapped 'res://test/unit/test_energy_gauge_gain.gd' at thread -1
Loading resource: res://test/unit/test_fixed_trio_mage_contract.gd remapped: res://test/unit/test_fixed_trio_mage_contract.gd
Generated 'res://asset/icone/icone spell.png_17.png' preview in 13844 usec
Loading resource: res://asset/icone/icone spell.png_18.png remapped: res://asset/icone/icone spell.png_18.png
Loading resource: res://.godot/imported/icone spell.png_18.png-6e95169319f7b5bbae26c68236848e0c.ctex remapped: res://.godot/imported/icone spell.png_18.png-6e95169319f7b5bbae26c68236848e0c.ctex
Completed load for: 'res://asset/icone/icone spell.png_18.png' remapped 'res://asset/icone/icone spell.png_18.png' at thread -1
Generated 'res://asset/icone/icone spell.png_18.png' preview in 30165 usec
Loading resource: res://asset/icone/icone spell.png_19.png remapped: res://asset/icone/icone spell.png_19.png
Loading resource: res://.godot/imported/icone spell.png_19.png-9d98a20ed45484a22e8d000312d58ac0.ctex remapped: res://.godot/imported/icone spell.png_19.png-9d98a20ed45484a22e8d000312d58ac0.ctex
Completed load for: 'res://asset/icone/icone spell.png_19.png' remapped 'res://asset/icone/icone spell.png_19.png' at thread -1
Completed load for: 'res://test/unit/test_fixed_trio_mage_contract.gd' remapped 'res://test/unit/test_fixed_trio_mage_contract.gd' at thread -1
Loading resource: res://test/unit/test_fixed_trio_mage_lifecycle.gd remapped: res://test/unit/test_fixed_trio_mage_lifecycle.gd
Generated 'res://asset/icone/icone spell.png_19.png' preview in 9442 usec
Loading resource: res://asset/icone/icone spell.png_20.png remapped: res://asset/icone/icone spell.png_20.png
Loading resource: res://.godot/imported/icone spell.png_20.png-dda8af28f41fb1b549958783ea0c72e8.ctex remapped: res://.godot/imported/icone spell.png_20.png-dda8af28f41fb1b549958783ea0c72e8.ctex
Completed load for: 'res://asset/icone/icone spell.png_20.png' remapped 'res://asset/icone/icone spell.png_20.png' at thread -1
Completed load for: 'res://test/unit/test_fixed_trio_mage_lifecycle.gd' remapped 'res://test/unit/test_fixed_trio_mage_lifecycle.gd' at thread -1
Loading resource: res://test/unit/test_force_multiplier.gd remapped: res://test/unit/test_force_multiplier.gd
Generated 'res://asset/icone/icone spell.png_20.png' preview in 26678 usec
Completed load for: 'res://test/unit/test_force_multiplier.gd' remapped 'res://test/unit/test_force_multiplier.gd' at thread -1
Loading resource: res://test/unit/test_forest_room_iso.gd remapped: res://test/unit/test_forest_room_iso.gd
Loading resource: res://asset/icone/icone spell.png_21.png remapped: res://asset/icone/icone spell.png_21.png
Loading resource: res://.godot/imported/icone spell.png_21.png-e7902476721b452dbb2a3cd93f30ebf3.ctex remapped: res://.godot/imported/icone spell.png_21.png-e7902476721b452dbb2a3cd93f30ebf3.ctex
Completed load for: 'res://asset/icone/icone spell.png_21.png' remapped 'res://asset/icone/icone spell.png_21.png' at thread -1
Generated 'res://asset/icone/icone spell.png_21.png' preview in 10234 usec
Completed load for: 'res://test/unit/test_forest_room_iso.gd' remapped 'res://test/unit/test_forest_room_iso.gd' at thread -1
Loading resource: res://asset/icone/icone spell.png_22.png remapped: res://asset/icone/icone spell.png_22.png
Loading resource: res://test/unit/test_gain_table.gd remapped: res://test/unit/test_gain_table.gd
Loading resource: res://.godot/imported/icone spell.png_22.png-91f4dec9935092bbe59bc3c04d07f7bc.ctex remapped: res://.godot/imported/icone spell.png_22.png-91f4dec9935092bbe59bc3c04d07f7bc.ctex
Completed load for: 'res://asset/icone/icone spell.png_22.png' remapped 'res://asset/icone/icone spell.png_22.png' at thread -1
Generated 'res://asset/icone/icone spell.png_22.png' preview in 10393 usec
Loading resource: res://asset/icone/icone spell.png_23.png remapped: res://asset/icone/icone spell.png_23.png
Loading resource: res://.godot/imported/icone spell.png_23.png-b28b230fbe3400af8c668ab950664728.ctex remapped: res://.godot/imported/icone spell.png_23.png-b28b230fbe3400af8c668ab950664728.ctex
Completed load for: 'res://asset/icone/icone spell.png_23.png' remapped 'res://asset/icone/icone spell.png_23.png' at thread -1
Completed load for: 'res://test/unit/test_gain_table.gd' remapped 'res://test/unit/test_gain_table.gd' at thread -1
Loading resource: res://test/unit/test_iso_grid_view.gd remapped: res://test/unit/test_iso_grid_view.gd
Generated 'res://asset/icone/icone spell.png_23.png' preview in 8865 usec
Loading resource: res://asset/icone/icone spell.png_24.png remapped: res://asset/icone/icone spell.png_24.png
Loading resource: res://.godot/imported/icone spell.png_24.png-35df86dd13a2aaa8bfc5bc25f022a356.ctex remapped: res://.godot/imported/icone spell.png_24.png-35df86dd13a2aaa8bfc5bc25f022a356.ctex
Completed load for: 'res://test/unit/test_iso_grid_view.gd' remapped 'res://test/unit/test_iso_grid_view.gd' at thread -1
Loading resource: res://test/unit/test_iso_projection.gd remapped: res://test/unit/test_iso_projection.gd
Completed load for: 'res://asset/icone/icone spell.png_24.png' remapped 'res://asset/icone/icone spell.png_24.png' at thread -1
Completed load for: 'res://test/unit/test_iso_projection.gd' remapped 'res://test/unit/test_iso_projection.gd' at thread -1
Loading resource: res://test/unit/test_log_definitions.gd remapped: res://test/unit/test_log_definitions.gd
Generated 'res://asset/icone/icone spell.png_24.png' preview in 10238 usec
Loading resource: res://asset/icone/icone spell.png_25.png remapped: res://asset/icone/icone spell.png_25.png
Completed load for: 'res://test/unit/test_log_definitions.gd' remapped 'res://test/unit/test_log_definitions.gd' at thread -1
Loading resource: res://test/unit/test_mage_elemental_foundation.gd remapped: res://test/unit/test_mage_elemental_foundation.gd
Loading resource: res://.godot/imported/icone spell.png_25.png-0a1961e4e726a0093c5c2f3f788953f9.ctex remapped: res://.godot/imported/icone spell.png_25.png-0a1961e4e726a0093c5c2f3f788953f9.ctex
Completed load for: 'res://asset/icone/icone spell.png_25.png' remapped 'res://asset/icone/icone spell.png_25.png' at thread -1
Generated 'res://asset/icone/icone spell.png_25.png' preview in 37984 usec
Loading resource: res://asset/icone/icone spell.png_26.png remapped: res://asset/icone/icone spell.png_26.png
Loading resource: res://.godot/imported/icone spell.png_26.png-933ad17fe543453715c2a4c4a4de5201.ctex remapped: res://.godot/imported/icone spell.png_26.png-933ad17fe543453715c2a4c4a4de5201.ctex
Completed load for: 'res://asset/icone/icone spell.png_26.png' remapped 'res://asset/icone/icone spell.png_26.png' at thread -1
Generated 'res://asset/icone/icone spell.png_26.png' preview in 23185 usec
Completed load for: 'res://test/unit/test_mage_elemental_foundation.gd' remapped 'res://test/unit/test_mage_elemental_foundation.gd' at thread -1
Loading resource: res://test/unit/test_mage_seismic_wave.gd remapped: res://test/unit/test_mage_seismic_wave.gd
Loading resource: res://asset/icone/icone spell.png_27.png remapped: res://asset/icone/icone spell.png_27.png
Loading resource: res://.godot/imported/icone spell.png_27.png-3f68ea40ca7679aa64b19a1732de9792.ctex remapped: res://.godot/imported/icone spell.png_27.png-3f68ea40ca7679aa64b19a1732de9792.ctex
Completed load for: 'res://asset/icone/icone spell.png_27.png' remapped 'res://asset/icone/icone spell.png_27.png' at thread -1
Generated 'res://asset/icone/icone spell.png_27.png' preview in 10485 usec
Loading resource: res://asset/icone/icone spell.png_28.png remapped: res://asset/icone/icone spell.png_28.png
Loading resource: res://.godot/imported/icone spell.png_28.png-313c4fd86a71d0fe520158b193837ffa.ctex remapped: res://.godot/imported/icone spell.png_28.png-313c4fd86a71d0fe520158b193837ffa.ctex
Completed load for: 'res://asset/icone/icone spell.png_28.png' remapped 'res://asset/icone/icone spell.png_28.png' at thread -1
Completed load for: 'res://test/unit/test_mage_seismic_wave.gd' remapped 'res://test/unit/test_mage_seismic_wave.gd' at thread -1
Loading resource: res://test/unit/test_mage_thunderstorm_gameplay.gd remapped: res://test/unit/test_mage_thunderstorm_gameplay.gd
Generated 'res://asset/icone/icone spell.png_28.png' preview in 10043 usec
Loading resource: res://asset/icone/icone spell.png_29.png remapped: res://asset/icone/icone spell.png_29.png
Loading resource: res://.godot/imported/icone spell.png_29.png-a95b4419e48aba485d05894f659ccc53.ctex remapped: res://.godot/imported/icone spell.png_29.png-a95b4419e48aba485d05894f659ccc53.ctex
Completed load for: 'res://asset/icone/icone spell.png_29.png' remapped 'res://asset/icone/icone spell.png_29.png' at thread -1
Generated 'res://asset/icone/icone spell.png_29.png' preview in 10020 usec
Loading resource: res://asset/icone/icone spell.png_30.png remapped: res://asset/icone/icone spell.png_30.png
Loading resource: res://.godot/imported/icone spell.png_30.png-2b490db58c49f790e3b59f082ff72519.ctex remapped: res://.godot/imported/icone spell.png_30.png-2b490db58c49f790e3b59f082ff72519.ctex
Completed load for: 'res://asset/icone/icone spell.png_30.png' remapped 'res://asset/icone/icone spell.png_30.png' at thread -1
Generated 'res://asset/icone/icone spell.png_30.png' preview in 9219 usec
Loading resource: res://asset/icone/icone spell.png_31.png remapped: res://asset/icone/icone spell.png_31.png
Loading resource: res://.godot/imported/icone spell.png_31.png-ec88a26dec74d2d8079e01b4cd552d93.ctex remapped: res://.godot/imported/icone spell.png_31.png-ec88a26dec74d2d8079e01b4cd552d93.ctex
Completed load for: 'res://asset/icone/icone spell.png_31.png' remapped 'res://asset/icone/icone spell.png_31.png' at thread -1
Completed load for: 'res://test/unit/test_mage_thunderstorm_gameplay.gd' remapped 'res://test/unit/test_mage_thunderstorm_gameplay.gd' at thread -1
Loading resource: res://test/unit/test_mage_thunderstorm_visual_calibration.gd remapped: res://test/unit/test_mage_thunderstorm_visual_calibration.gd
Generated 'res://asset/icone/icone spell.png_31.png' preview in 9376 usec
Loading resource: res://asset/icone/icone spell.png_32.png remapped: res://asset/icone/icone spell.png_32.png
Loading resource: res://.godot/imported/icone spell.png_32.png-ae791259517810b9c619ee23a1825c32.ctex remapped: res://.godot/imported/icone spell.png_32.png-ae791259517810b9c619ee23a1825c32.ctex
Completed load for: 'res://asset/icone/icone spell.png_32.png' remapped 'res://asset/icone/icone spell.png_32.png' at thread -1
Completed load for: 'res://test/unit/test_mage_thunderstorm_visual_calibration.gd' remapped 'res://test/unit/test_mage_thunderstorm_visual_calibration.gd' at thread -1
Loading resource: res://test/unit/test_mage_visual_profile.gd remapped: res://test/unit/test_mage_visual_profile.gd
Generated 'res://asset/icone/icone spell.png_32.png' preview in 12254 usec
Loading resource: res://asset/icone/icone spell.png_33.png remapped: res://asset/icone/icone spell.png_33.png
Loading resource: res://.godot/imported/icone spell.png_33.png-497f4fa6c3fb351357454036d682f396.ctex remapped: res://.godot/imported/icone spell.png_33.png-497f4fa6c3fb351357454036d682f396.ctex
Completed load for: 'res://asset/icone/icone spell.png_33.png' remapped 'res://asset/icone/icone spell.png_33.png' at thread -1
Generated 'res://asset/icone/icone spell.png_33.png' preview in 8609 usec
Loading resource: res://asset/icone/icone spell.png_34.png remapped: res://asset/icone/icone spell.png_34.png
Loading resource: res://.godot/imported/icone spell.png_34.png-9fdbe74b985be0e6f92d06a3f117634f.ctex remapped: res://.godot/imported/icone spell.png_34.png-9fdbe74b985be0e6f92d06a3f117634f.ctex
Completed load for: 'res://asset/icone/icone spell.png_34.png' remapped 'res://asset/icone/icone spell.png_34.png' at thread -1
Generated 'res://asset/icone/icone spell.png_34.png' preview in 9474 usec
Loading resource: res://asset/icone/icone spell.png_35.png remapped: res://asset/icone/icone spell.png_35.png
Loading resource: res://.godot/imported/icone spell.png_35.png-fb9918baea1d791fca1bdf481b5e9c08.ctex remapped: res://.godot/imported/icone spell.png_35.png-fb9918baea1d791fca1bdf481b5e9c08.ctex
Completed load for: 'res://asset/icone/icone spell.png_35.png' remapped 'res://asset/icone/icone spell.png_35.png' at thread -1
Completed load for: 'res://test/unit/test_mage_visual_profile.gd' remapped 'res://test/unit/test_mage_visual_profile.gd' at thread -1
Loading resource: res://test/unit/test_party_presentation_screen.gd remapped: res://test/unit/test_party_presentation_screen.gd
Loading resource: res://ui/party/PartyPresentationScreen.tscn remapped: res://ui/party/PartyPresentationScreen.tscn
Loading resource: res://ui/party/party_presentation_screen.gd remapped: res://ui/party/party_presentation_screen.gd
Generated 'res://asset/icone/icone spell.png_35.png' preview in 9267 usec
Loading resource: res://asset/icone/icone spell.png_36.png remapped: res://asset/icone/icone spell.png_36.png
Loading resource: res://ui/party/CharacterPresentationCard.tscn remapped: res://ui/party/CharacterPresentationCard.tscn
Loading resource: res://.godot/imported/icone spell.png_36.png-2e5e2ad12c069dd8b49b8ee97b348bae.ctex remapped: res://.godot/imported/icone spell.png_36.png-2e5e2ad12c069dd8b49b8ee97b348bae.ctex
Loading resource: res://ui/party/character_presentation_card.gd remapped: res://ui/party/character_presentation_card.gd
Completed load for: 'res://asset/icone/icone spell.png_36.png' remapped 'res://asset/icone/icone spell.png_36.png' at thread -1
Completed load for: 'res://ui/party/character_presentation_card.gd' remapped 'res://ui/party/character_presentation_card.gd' at thread -1
Completed load for: 'res://ui/party/CharacterPresentationCard.tscn' remapped 'res://ui/party/CharacterPresentationCard.tscn' at thread -1
Generated 'res://asset/icone/icone spell.png_36.png' preview in 10276 usec
Loading resource: res://asset/icone/icone spell.png_37.png remapped: res://asset/icone/icone spell.png_37.png
Loading resource: res://.godot/imported/icone spell.png_37.png-7252ef47136d80accde80814620a1e09.ctex remapped: res://.godot/imported/icone spell.png_37.png-7252ef47136d80accde80814620a1e09.ctex
Completed load for: 'res://ui/party/party_presentation_screen.gd' remapped 'res://ui/party/party_presentation_screen.gd' at thread -1
Completed load for: 'res://asset/icone/icone spell.png_37.png' remapped 'res://asset/icone/icone spell.png_37.png' at thread -1
Loading resource: res://data/runs/fixed_trio_prototype_run.tres remapped: res://data/runs/fixed_trio_prototype_run.tres
Loading resource: res://data/rooms/bible/le_gue.tres remapped: res://data/rooms/bible/le_gue.tres
Loading resource: res://data/rooms/maps/battle_salle1_iso.tscn remapped: res://data/rooms/maps/battle_salle1_iso.tscn
Loading resource: res://battle/iso/forest_room_01_background.tscn remapped: res://battle/iso/forest_room_01_background.tscn
Loading resource: res://asset/map/iso/forest_room_01_source.png remapped: res://asset/map/iso/forest_room_01_source.png
Loading resource: res://.godot/imported/forest_room_01_source.png-e0948f69771893ddeb5e577fc2f28f04.ctex remapped: res://.godot/imported/forest_room_01_source.png-e0948f69771893ddeb5e577fc2f28f04.ctex
Generated 'res://asset/icone/icone spell.png_37.png' preview in 9507 usec
Loading resource: res://asset/icone/icone spell.png_38.png remapped: res://asset/icone/icone spell.png_38.png
Loading resource: res://.godot/imported/icone spell.png_38.png-8d53113d6669f7453c6c446798a0d662.ctex remapped: res://.godot/imported/icone spell.png_38.png-8d53113d6669f7453c6c446798a0d662.ctex
Completed load for: 'res://asset/icone/icone spell.png_38.png' remapped 'res://asset/icone/icone spell.png_38.png' at thread -1
Completed load for: 'res://asset/map/iso/forest_room_01_source.png' remapped 'res://asset/map/iso/forest_room_01_source.png' at thread -1
Completed load for: 'res://battle/iso/forest_room_01_background.tscn' remapped 'res://battle/iso/forest_room_01_background.tscn' at thread -1
Loading resource: res://debug/DebugOverlay.tscn remapped: res://debug/DebugOverlay.tscn
Completed load for: 'res://debug/DebugOverlay.tscn' remapped 'res://debug/DebugOverlay.tscn' at thread -1
Loading resource: res://asset/musique/Dungeon Draft_ First Footfalls.mp3 remapped: res://asset/musique/Dungeon Draft_ First Footfalls.mp3
Loading resource: res://.godot/imported/Dungeon Draft_ First Footfalls.mp3-a0c09fb1930dbd3c7ebb6e6cddd58ee5.mp3str remapped: res://.godot/imported/Dungeon Draft_ First Footfalls.mp3-a0c09fb1930dbd3c7ebb6e6cddd58ee5.mp3str
Completed load for: 'res://asset/musique/Dungeon Draft_ First Footfalls.mp3' remapped 'res://asset/musique/Dungeon Draft_ First Footfalls.mp3' at thread -1
Completed load for: 'res://data/rooms/maps/battle_salle1_iso.tscn' remapped 'res://data/rooms/maps/battle_salle1_iso.tscn' at thread -1
Loading resource: res://data/units/ennemie/run_pyromage_gobelin.tres remapped: res://data/units/ennemie/run_pyromage_gobelin.tres
Loading resource: res://data/spells/gobelin/braise_gobeline.tres remapped: res://data/spells/gobelin/braise_gobeline.tres
Completed load for: 'res://data/spells/gobelin/braise_gobeline.tres' remapped 'res://data/spells/gobelin/braise_gobeline.tres' at thread -1
Loading resource: res://asset/personnage/ennemi/pyromagev4.png remapped: res://asset/personnage/ennemi/pyromagev4.png
Loading resource: res://.godot/imported/pyromagev4.png-c7174c668155ac5e7d7ca559699fd74f.ctex remapped: res://.godot/imported/pyromagev4.png-c7174c668155ac5e7d7ca559699fd74f.ctex
Generated 'res://asset/icone/icone spell.png_38.png' preview in 41306 usec
Loading resource: res://asset/icone/icone spell.png_39.png remapped: res://asset/icone/icone spell.png_39.png
Loading resource: res://.godot/imported/icone spell.png_39.png-5d823e69589633e5e7746ee840a4b775.ctex remapped: res://.godot/imported/icone spell.png_39.png-5d823e69589633e5e7746ee840a4b775.ctex
Completed load for: 'res://asset/icone/icone spell.png_39.png' remapped 'res://asset/icone/icone spell.png_39.png' at thread -1
Completed load for: 'res://asset/personnage/ennemi/pyromagev4.png' remapped 'res://asset/personnage/ennemi/pyromagev4.png' at thread -1
Loading resource: res://data/ai_behaviors/pyromage_poseur_de_feu.tres remapped: res://data/ai_behaviors/pyromage_poseur_de_feu.tres
Completed load for: 'res://data/ai_behaviors/pyromage_poseur_de_feu.tres' remapped 'res://data/ai_behaviors/pyromage_poseur_de_feu.tres' at thread -1
Generated 'res://asset/icone/icone spell.png_39.png' preview in 9384 usec
Completed load for: 'res://data/units/ennemie/run_pyromage_gobelin.tres' remapped 'res://data/units/ennemie/run_pyromage_gobelin.tres' at thread -1
Loading resource: res://data/units/ennemie/GobTestUnitData_v2.tres remapped: res://data/units/ennemie/GobTestUnitData_v2.tres
Loading resource: res://asset/icone/icone spell.png_40.png remapped: res://asset/icone/icone spell.png_40.png
Loading resource: res://asset/GobTest_idle_v2.png remapped: res://asset/GobTest_idle_v2.png
Loading resource: res://.godot/imported/icone spell.png_40.png-bf00751a9d6ad18eefb55bbd0cd6d562.ctex remapped: res://.godot/imported/icone spell.png_40.png-bf00751a9d6ad18eefb55bbd0cd6d562.ctex
Loading resource: res://.godot/imported/GobTest_idle_v2.png-147d75e6646630254eca075a0a63049d.ctex remapped: res://.godot/imported/GobTest_idle_v2.png-147d75e6646630254eca075a0a63049d.ctex
Completed load for: 'res://asset/icone/icone spell.png_40.png' remapped 'res://asset/icone/icone spell.png_40.png' at thread -1
Generated 'res://asset/icone/icone spell.png_40.png' preview in 15416 usec
Loading resource: res://asset/icone/icone spell.png_41.png remapped: res://asset/icone/icone spell.png_41.png
Loading resource: res://.godot/imported/icone spell.png_41.png-477b37164a14682074f67dc520d6c6c3.ctex remapped: res://.godot/imported/icone spell.png_41.png-477b37164a14682074f67dc520d6c6c3.ctex
Completed load for: 'res://asset/icone/icone spell.png_41.png' remapped 'res://asset/icone/icone spell.png_41.png' at thread -1
Completed load for: 'res://asset/GobTest_idle_v2.png' remapped 'res://asset/GobTest_idle_v2.png' at thread -1
Generated 'res://asset/icone/icone spell.png_41.png' preview in 10251 usec
Loading resource: res://asset/GobTest_walk_v2.png remapped: res://asset/GobTest_walk_v2.png
Loading resource: res://.godot/imported/GobTest_walk_v2.png-51f492a6e1d027919f222159761bf08a.ctex remapped: res://.godot/imported/GobTest_walk_v2.png-51f492a6e1d027919f222159761bf08a.ctex
Loading resource: res://asset/icone/icone spell.png_42.png remapped: res://asset/icone/icone spell.png_42.png
Loading resource: res://.godot/imported/icone spell.png_42.png-f9fce98edf3f77366fac745608f65965.ctex remapped: res://.godot/imported/icone spell.png_42.png-f9fce98edf3f77366fac745608f65965.ctex
Completed load for: 'res://asset/icone/icone spell.png_42.png' remapped 'res://asset/icone/icone spell.png_42.png' at thread -1
Generated 'res://asset/icone/icone spell.png_42.png' preview in 27022 usec
Loading resource: res://asset/icone/icone spell.png_43.png remapped: res://asset/icone/icone spell.png_43.png
Loading resource: res://.godot/imported/icone spell.png_43.png-5856a041939e5dc5110ae018cead2e5b.ctex remapped: res://.godot/imported/icone spell.png_43.png-5856a041939e5dc5110ae018cead2e5b.ctex
Completed load for: 'res://asset/icone/icone spell.png_43.png' remapped 'res://asset/icone/icone spell.png_43.png' at thread -1
Completed load for: 'res://asset/GobTest_walk_v2.png' remapped 'res://asset/GobTest_walk_v2.png' at thread -1
Loading resource: res://asset/GobTest_attack_v2.png remapped: res://asset/GobTest_attack_v2.png
Loading resource: res://.godot/imported/GobTest_attack_v2.png-d64a76ab8673f085e75b0a72126a79d1.ctex remapped: res://.godot/imported/GobTest_attack_v2.png-d64a76ab8673f085e75b0a72126a79d1.ctex
Generated 'res://asset/icone/icone spell.png_43.png' preview in 23409 usec
Loading resource: res://asset/icone/icone spell.png_44.png remapped: res://asset/icone/icone spell.png_44.png
Loading resource: res://.godot/imported/icone spell.png_44.png-96da69cea454222fc4bf69a24d4e2231.ctex remapped: res://.godot/imported/icone spell.png_44.png-96da69cea454222fc4bf69a24d4e2231.ctex
Completed load for: 'res://asset/icone/icone spell.png_44.png' remapped 'res://asset/icone/icone spell.png_44.png' at thread -1
Generated 'res://asset/icone/icone spell.png_44.png' preview in 8974 usec
Loading resource: res://asset/icone/icone spell.png_45.png remapped: res://asset/icone/icone spell.png_45.png
Loading resource: res://.godot/imported/icone spell.png_45.png-3850183c6515f10a662a37def2b71f42.ctex remapped: res://.godot/imported/icone spell.png_45.png-3850183c6515f10a662a37def2b71f42.ctex
Completed load for: 'res://asset/icone/icone spell.png_45.png' remapped 'res://asset/icone/icone spell.png_45.png' at thread -1
Generated 'res://asset/icone/icone spell.png_45.png' preview in 9206 usec
Loading resource: res://asset/icone/icone spell.png_46.png remapped: res://asset/icone/icone spell.png_46.png
Loading resource: res://.godot/imported/icone spell.png_46.png-0f8bc600606c56d3586c64fe0ddef180.ctex remapped: res://.godot/imported/icone spell.png_46.png-0f8bc600606c56d3586c64fe0ddef180.ctex
Completed load for: 'res://asset/icone/icone spell.png_46.png' remapped 'res://asset/icone/icone spell.png_46.png' at thread -1
Completed load for: 'res://asset/GobTest_attack_v2.png' remapped 'res://asset/GobTest_attack_v2.png' at thread -1
Loading resource: res://asset/GobTest_death_v2.png remapped: res://asset/GobTest_death_v2.png
Loading resource: res://.godot/imported/GobTest_death_v2.png-292491353ebd93a0ddc2e1d968239747.ctex remapped: res://.godot/imported/GobTest_death_v2.png-292491353ebd93a0ddc2e1d968239747.ctex
Generated 'res://asset/icone/icone spell.png_46.png' preview in 8770 usec
Loading resource: res://asset/icone/icone spell.png_47.png remapped: res://asset/icone/icone spell.png_47.png
Loading resource: res://.godot/imported/icone spell.png_47.png-aaeb40952d473ebaa873c391965c9758.ctex remapped: res://.godot/imported/icone spell.png_47.png-aaeb40952d473ebaa873c391965c9758.ctex
Completed load for: 'res://asset/icone/icone spell.png_47.png' remapped 'res://asset/icone/icone spell.png_47.png' at thread -1
Generated 'res://asset/icone/icone spell.png_47.png' preview in 37223 usec
Completed load for: 'res://asset/GobTest_death_v2.png' remapped 'res://asset/GobTest_death_v2.png' at thread -1
Loading resource: res://data/spells/gobelin/mêlée_gobelin.tres remapped: res://data/spells/gobelin/mêlée_gobelin.tres
Loading resource: res://asset/icone/icone spell.png_48.png remapped: res://asset/icone/icone spell.png_48.png
Loading resource: res://.godot/imported/icone spell.png_48.png-57f4cc7cecaa92f267af2049fa187df8.ctex remapped: res://.godot/imported/icone spell.png_48.png-57f4cc7cecaa92f267af2049fa187df8.ctex
Completed load for: 'res://data/spells/gobelin/mêlée_gobelin.tres' remapped 'res://data/spells/gobelin/mêlée_gobelin.tres' at thread -1
Completed load for: 'res://data/units/ennemie/GobTestUnitData_v2.tres' remapped 'res://data/units/ennemie/GobTestUnitData_v2.tres' at thread -1
Loading resource: res://data/units/ennemie/run_eclaireur_gobelin.tres remapped: res://data/units/ennemie/run_eclaireur_gobelin.tres
Loading resource: res://asset/Orc.png remapped: res://asset/Orc.png
Loading resource: res://.godot/imported/Orc.png-7ec8df8fc8191d220abe819f11ce4a42.ctex remapped: res://.godot/imported/Orc.png-7ec8df8fc8191d220abe819f11ce4a42.ctex
Completed load for: 'res://asset/icone/icone spell.png_48.png' remapped 'res://asset/icone/icone spell.png_48.png' at thread -1
Completed load for: 'res://asset/Orc.png' remapped 'res://asset/Orc.png' at thread -1
Completed load for: 'res://data/units/ennemie/run_eclaireur_gobelin.tres' remapped 'res://data/units/ennemie/run_eclaireur_gobelin.tres' at thread -1
Completed load for: 'res://data/rooms/bible/le_gue.tres' remapped 'res://data/rooms/bible/le_gue.tres' at thread -1
Loading resource: res://data/rooms/bible/la_forge.tres remapped: res://data/rooms/bible/la_forge.tres
Loading resource: res://data/rooms/maps/battle_salle2.tscn remapped: res://data/rooms/maps/battle_salle2.tscn
Loading resource: res://data/rooms/tile_set.tres remapped: res://data/rooms/tile_set.tres
Loading resource: res://asset/map/tilemap_packed.png remapped: res://asset/map/tilemap_packed.png
Loading resource: res://.godot/imported/tilemap_packed.png-8520b2087728e14cdf6d70e0c1cfad1f.ctex remapped: res://.godot/imported/tilemap_packed.png-8520b2087728e14cdf6d70e0c1cfad1f.ctex
Completed load for: 'res://asset/map/tilemap_packed.png' remapped 'res://asset/map/tilemap_packed.png' at thread -1
Loading resource: res://asset/map/tilemap_packed (2).png remapped: res://asset/map/tilemap_packed (2).png
Loading resource: res://.godot/imported/tilemap_packed (2).png-1510af1dffd1b70be7e8456f7ddd5cd3.ctex remapped: res://.godot/imported/tilemap_packed (2).png-1510af1dffd1b70be7e8456f7ddd5cd3.ctex
Completed load for: 'res://asset/map/tilemap_packed (2).png' remapped 'res://asset/map/tilemap_packed (2).png' at thread -1
Loading resource: res://asset/Background/fond terrain.webp remapped: res://asset/Background/fond terrain.webp
Loading resource: res://.godot/imported/fond terrain.webp-154410d31e4a5dcfaa67693b97637eb5.ctex remapped: res://.godot/imported/fond terrain.webp-154410d31e4a5dcfaa67693b97637eb5.ctex
Completed load for: 'res://asset/Background/fond terrain.webp' remapped 'res://asset/Background/fond terrain.webp' at thread -1
Generated 'res://asset/icone/icone spell.png_48.png' preview in 40815 usec
Loading resource: res://asset/icone/icone spell.png_49.png remapped: res://asset/icone/icone spell.png_49.png
Loading resource: res://.godot/imported/icone spell.png_49.png-501f6c40e14eceab40f450ff847166aa.ctex remapped: res://.godot/imported/icone spell.png_49.png-501f6c40e14eceab40f450ff847166aa.ctex
Completed load for: 'res://asset/icone/icone spell.png_49.png' remapped 'res://asset/icone/icone spell.png_49.png' at thread -1
Completed load for: 'res://data/rooms/tile_set.tres' remapped 'res://data/rooms/tile_set.tres' at thread -1
Loading resource: res://asset/musique/Dungeon Draft Tactics.mp3 remapped: res://asset/musique/Dungeon Draft Tactics.mp3
Loading resource: res://.godot/imported/Dungeon Draft Tactics.mp3-beb09cd3f8d831fcddfad74f05ec3159.mp3str remapped: res://.godot/imported/Dungeon Draft Tactics.mp3-beb09cd3f8d831fcddfad74f05ec3159.mp3str
Completed load for: 'res://asset/musique/Dungeon Draft Tactics.mp3' remapped 'res://asset/musique/Dungeon Draft Tactics.mp3' at thread -1
Completed load for: 'res://data/rooms/maps/battle_salle2.tscn' remapped 'res://data/rooms/maps/battle_salle2.tscn' at thread -1
Loading resource: res://data/units/ennemie/run_brute_gobelin.tres remapped: res://data/units/ennemie/run_brute_gobelin.tres
Loading resource: res://asset/personnage/ennemi/goebleinscenario.png remapped: res://asset/personnage/ennemi/goebleinscenario.png
Loading resource: res://.godot/imported/goebleinscenario.png-9756bb3f4333e34e29fa4652f55ab0df.ctex remapped: res://.godot/imported/goebleinscenario.png-9756bb3f4333e34e29fa4652f55ab0df.ctex
Generated 'res://asset/icone/icone spell.png_49.png' preview in 17838 usec
Loading resource: res://asset/icone/icone spell.png_50.png remapped: res://asset/icone/icone spell.png_50.png
Loading resource: res://.godot/imported/icone spell.png_50.png-368fd24919a5d05043499da2edc9bcb6.ctex remapped: res://.godot/imported/icone spell.png_50.png-368fd24919a5d05043499da2edc9bcb6.ctex
Completed load for: 'res://asset/icone/icone spell.png_50.png' remapped 'res://asset/icone/icone spell.png_50.png' at thread -1
Generated 'res://asset/icone/icone spell.png_50.png' preview in 9908 usec
Loading resource: res://asset/icone/icone spell.png_51.png remapped: res://asset/icone/icone spell.png_51.png
Loading resource: res://.godot/imported/icone spell.png_51.png-fbf902aaf5fcdcea2f57b3771307980f.ctex remapped: res://.godot/imported/icone spell.png_51.png-fbf902aaf5fcdcea2f57b3771307980f.ctex
Completed load for: 'res://asset/icone/icone spell.png_51.png' remapped 'res://asset/icone/icone spell.png_51.png' at thread -1
Generated 'res://asset/icone/icone spell.png_51.png' preview in 11191 usec
Loading resource: res://asset/icone/icone spell.png_52.png remapped: res://asset/icone/icone spell.png_52.png
Loading resource: res://.godot/imported/icone spell.png_52.png-dbd808cd014ced2234c91d596a40065a.ctex remapped: res://.godot/imported/icone spell.png_52.png-dbd808cd014ced2234c91d596a40065a.ctex
Completed load for: 'res://asset/icone/icone spell.png_52.png' remapped 'res://asset/icone/icone spell.png_52.png' at thread -1
Generated 'res://asset/icone/icone spell.png_52.png' preview in 10604 usec
Loading resource: res://asset/icone/icone spell.png_53.png remapped: res://asset/icone/icone spell.png_53.png
Loading resource: res://.godot/imported/icone spell.png_53.png-8747fb5d6c4f0e01d60fb597b2ba1916.ctex remapped: res://.godot/imported/icone spell.png_53.png-8747fb5d6c4f0e01d60fb597b2ba1916.ctex
Completed load for: 'res://asset/icone/icone spell.png_53.png' remapped 'res://asset/icone/icone spell.png_53.png' at thread -1
Generated 'res://asset/icone/icone spell.png_53.png' preview in 10633 usec
Loading resource: res://asset/icone/icone spell.png_54.png remapped: res://asset/icone/icone spell.png_54.png
Loading resource: res://.godot/imported/icone spell.png_54.png-c2b6df9322a3a2300ad8b0e9250ec824.ctex remapped: res://.godot/imported/icone spell.png_54.png-c2b6df9322a3a2300ad8b0e9250ec824.ctex
Completed load for: 'res://asset/icone/icone spell.png_54.png' remapped 'res://asset/icone/icone spell.png_54.png' at thread -1
Generated 'res://asset/icone/icone spell.png_54.png' preview in 10160 usec
Loading resource: res://asset/icone/icone spell.png_55.png remapped: res://asset/icone/icone spell.png_55.png
Loading resource: res://.godot/imported/icone spell.png_55.png-9aec0f8f08cc1694ad09089c37c44c7a.ctex remapped: res://.godot/imported/icone spell.png_55.png-9aec0f8f08cc1694ad09089c37c44c7a.ctex
Completed load for: 'res://asset/icone/icone spell.png_55.png' remapped 'res://asset/icone/icone spell.png_55.png' at thread -1
Completed load for: 'res://asset/personnage/ennemi/goebleinscenario.png' remapped 'res://asset/personnage/ennemi/goebleinscenario.png' at thread -1
Completed load for: 'res://data/units/ennemie/run_brute_gobelin.tres' remapped 'res://data/units/ennemie/run_brute_gobelin.tres' at thread -1
Loading resource: res://data/units/ennemie/run_porte_bouclier_gobelin.tres remapped: res://data/units/ennemie/run_porte_bouclier_gobelin.tres
Completed load for: 'res://data/units/ennemie/run_porte_bouclier_gobelin.tres' remapped 'res://data/units/ennemie/run_porte_bouclier_gobelin.tres' at thread -1
Completed load for: 'res://data/rooms/bible/la_forge.tres' remapped 'res://data/rooms/bible/la_forge.tres' at thread -1
Loading resource: res://data/rooms/bible/elite_brute.tres remapped: res://data/rooms/bible/elite_brute.tres
Loading resource: res://data/units/ennemie/elite_brute_gobelin.tres remapped: res://data/units/ennemie/elite_brute_gobelin.tres
Completed load for: 'res://data/units/ennemie/elite_brute_gobelin.tres' remapped 'res://data/units/ennemie/elite_brute_gobelin.tres' at thread -1
Loading resource: res://data/units/ennemie/elite_pyromage_gobelin.tres remapped: res://data/units/ennemie/elite_pyromage_gobelin.tres
Loading resource: res://data/spells/draft/etincelle.tres remapped: res://data/spells/draft/etincelle.tres
Completed load for: 'res://data/spells/draft/etincelle.tres' remapped 'res://data/spells/draft/etincelle.tres' at thread -1
Completed load for: 'res://data/units/ennemie/elite_pyromage_gobelin.tres' remapped 'res://data/units/ennemie/elite_pyromage_gobelin.tres' at thread -1
Completed load for: 'res://data/rooms/bible/elite_brute.tres' remapped 'res://data/rooms/bible/elite_brute.tres' at thread -1
Loading resource: res://data/rooms/terrain_2.tres remapped: res://data/rooms/terrain_2.tres
Loading resource: res://data/rooms/maps/battle_salle_montagne_iso_v2.tscn remapped: res://data/rooms/maps/battle_salle_montagne_iso_v2.tscn
Loading resource: res://battle/iso/mountain_room_01_background.tscn remapped: res://battle/iso/mountain_room_01_background.tscn
Loading resource: res://asset/Background/montagne 2.webp remapped: res://asset/Background/montagne 2.webp
Loading resource: res://.godot/imported/montagne 2.webp-96843f2ade4fee3fbf610e55aaa24141.ctex remapped: res://.godot/imported/montagne 2.webp-96843f2ade4fee3fbf610e55aaa24141.ctex
Generated 'res://asset/icone/icone spell.png_55.png' preview in 24978 usec
Loading resource: res://asset/icone/icone spell.png_56.png remapped: res://asset/icone/icone spell.png_56.png
Loading resource: res://.godot/imported/icone spell.png_56.png-45977b5a4a94e6fda9a8dcededbdeb50.ctex remapped: res://.godot/imported/icone spell.png_56.png-45977b5a4a94e6fda9a8dcededbdeb50.ctex
Completed load for: 'res://asset/icone/icone spell.png_56.png' remapped 'res://asset/icone/icone spell.png_56.png' at thread -1
Completed load for: 'res://asset/Background/montagne 2.webp' remapped 'res://asset/Background/montagne 2.webp' at thread -1
Completed load for: 'res://battle/iso/mountain_room_01_background.tscn' remapped 'res://battle/iso/mountain_room_01_background.tscn' at thread -1
Loading resource: res://data/rooms/tile_set_iso_terrain.tres remapped: res://data/rooms/tile_set_iso_terrain.tres
Loading resource: res://data/rooms/iso_terrain_markers.png remapped: res://data/rooms/iso_terrain_markers.png
Loading resource: res://.godot/imported/iso_terrain_markers.png-9b3fc6dc73d1ec092ccb336254e68f4e.ctex remapped: res://.godot/imported/iso_terrain_markers.png-9b3fc6dc73d1ec092ccb336254e68f4e.ctex
Completed load for: 'res://data/rooms/iso_terrain_markers.png' remapped 'res://data/rooms/iso_terrain_markers.png' at thread -1
Completed load for: 'res://data/rooms/tile_set_iso_terrain.tres' remapped 'res://data/rooms/tile_set_iso_terrain.tres' at thread -1
Loading resource: res://data/rooms/tile_set_iso_decor.tres remapped: res://data/rooms/tile_set_iso_decor.tres
Loading resource: res://battle/iso/drapeau.tscn remapped: res://battle/iso/drapeau.tscn
Loading resource: res://asset/Background/drapeau.png remapped: res://asset/Background/drapeau.png
Loading resource: res://.godot/imported/drapeau.png-64ed2460fb2fe222788d28499debaaf6.ctex remapped: res://.godot/imported/drapeau.png-64ed2460fb2fe222788d28499debaaf6.ctex
Generated 'res://asset/icone/icone spell.png_56.png' preview in 14009 usec
Completed load for: 'res://asset/Background/drapeau.png' remapped 'res://asset/Background/drapeau.png' at thread -1
Loading resource: res://asset/shaders/environment/drapeau_vent.gdshader remapped: res://asset/shaders/environment/drapeau_vent.gdshader
Completed load for: 'res://asset/shaders/environment/drapeau_vent.gdshader' remapped 'res://asset/shaders/environment/drapeau_vent.gdshader' at thread -1
Completed load for: 'res://battle/iso/drapeau.tscn' remapped 'res://battle/iso/drapeau.tscn' at thread -1
Loading resource: res://asset/icone/icone spell.png_57.png remapped: res://asset/icone/icone spell.png_57.png
Completed load for: 'res://data/rooms/tile_set_iso_decor.tres' remapped 'res://data/rooms/tile_set_iso_decor.tres' at thread -1
Loading resource: res://ui/Particles/lumiere_diffuse.tscn remapped: res://ui/Particles/lumiere_diffuse.tscn
Loading resource: res://.godot/imported/icone spell.png_57.png-97a05c268489d02a9f38bc1bcf600263.ctex remapped: res://.godot/imported/icone spell.png_57.png-97a05c268489d02a9f38bc1bcf600263.ctex
Loading resource: res://asset/shaders/environment/lumiere_diffuse.gdshader remapped: res://asset/shaders/environment/lumiere_diffuse.gdshader
Completed load for: 'res://asset/shaders/environment/lumiere_diffuse.gdshader' remapped 'res://asset/shaders/environment/lumiere_diffuse.gdshader' at thread -1
Completed load for: 'res://ui/Particles/lumiere_diffuse.tscn' remapped 'res://ui/Particles/lumiere_diffuse.tscn' at thread -1
Loading resource: res://ui/Particles/brume_vallee.tscn remapped: res://ui/Particles/brume_vallee.tscn
Loading resource: res://asset/shaders/environment/brume_vallee.gdshader remapped: res://asset/shaders/environment/brume_vallee.gdshader
Completed load for: 'res://asset/shaders/environment/brume_vallee.gdshader' remapped 'res://asset/shaders/environment/brume_vallee.gdshader' at thread -1
Completed load for: 'res://asset/icone/icone spell.png_57.png' remapped 'res://asset/icone/icone spell.png_57.png' at thread -1
Completed load for: 'res://ui/Particles/brume_vallee.tscn' remapped 'res://ui/Particles/brume_vallee.tscn' at thread -1
Completed load for: 'res://data/rooms/maps/battle_salle_montagne_iso_v2.tscn' remapped 'res://data/rooms/maps/battle_salle_montagne_iso_v2.tscn' at thread -1
Loading resource: res://data/units/ennemie/GobTestUnitData.tres remapped: res://data/units/ennemie/GobTestUnitData.tres
Loading resource: res://asset/GobTest_idle.png remapped: res://asset/GobTest_idle.png
Loading resource: res://.godot/imported/GobTest_idle.png-56b77720aa0c311b1865dedcacbf686c.ctex remapped: res://.godot/imported/GobTest_idle.png-56b77720aa0c311b1865dedcacbf686c.ctex
Generated 'res://asset/icone/icone spell.png_57.png' preview in 17443 usec
Loading resource: res://asset/icone/icone spell.png_58.png remapped: res://asset/icone/icone spell.png_58.png
Loading resource: res://.godot/imported/icone spell.png_58.png-edd188ac6ae19ae89698d33c77efd7ab.ctex remapped: res://.godot/imported/icone spell.png_58.png-edd188ac6ae19ae89698d33c77efd7ab.ctex
Completed load for: 'res://asset/icone/icone spell.png_58.png' remapped 'res://asset/icone/icone spell.png_58.png' at thread -1
Generated 'res://asset/icone/icone spell.png_58.png' preview in 9468 usec
Loading resource: res://asset/icone/icone spell.png_59.png remapped: res://asset/icone/icone spell.png_59.png
Loading resource: res://.godot/imported/icone spell.png_59.png-3ea07b10a7ead57efc1132b6098424d1.ctex remapped: res://.godot/imported/icone spell.png_59.png-3ea07b10a7ead57efc1132b6098424d1.ctex
Completed load for: 'res://asset/icone/icone spell.png_59.png' remapped 'res://asset/icone/icone spell.png_59.png' at thread -1
Completed load for: 'res://asset/GobTest_idle.png' remapped 'res://asset/GobTest_idle.png' at thread -1
Completed load for: 'res://data/units/ennemie/GobTestUnitData.tres' remapped 'res://data/units/ennemie/GobTestUnitData.tres' at thread -1
Completed load for: 'res://data/rooms/terrain_2.tres' remapped 'res://data/rooms/terrain_2.tres' at thread -1
Completed load for: 'res://data/runs/fixed_trio_prototype_run.tres' remapped 'res://data/runs/fixed_trio_prototype_run.tres' at thread -1
Loading resource: res://data/units/alliés/Gardien.tres remapped: res://data/units/alliés/Gardien.tres
Loading resource: res://data/energy/foi.tres remapped: res://data/energy/foi.tres
Loading resource: res://data/traits/threshold_identity.tres remapped: res://data/traits/threshold_identity.tres
Loading resource: res://traits/trait_threshold.gd remapped: res://traits/trait_threshold.gd
Generated 'res://asset/icone/icone spell.png_59.png' preview in 10083 usec
Loading resource: res://asset/icone/icone spell.png_60.png remapped: res://asset/icone/icone spell.png_60.png
Loading resource: res://.godot/imported/icone spell.png_60.png-3acc830d023dfb6bdee69b7cff655a7b.ctex remapped: res://.godot/imported/icone spell.png_60.png-3acc830d023dfb6bdee69b7cff655a7b.ctex
Completed load for: 'res://asset/icone/icone spell.png_60.png' remapped 'res://asset/icone/icone spell.png_60.png' at thread -1
Completed load for: 'res://traits/trait_threshold.gd' remapped 'res://traits/trait_threshold.gd' at thread -1
Completed load for: 'res://data/traits/threshold_identity.tres' remapped 'res://data/traits/threshold_identity.tres' at thread -1
Completed load for: 'res://data/energy/foi.tres' remapped 'res://data/energy/foi.tres' at thread -1
Loading resource: res://data/spells/Gardien/rempart.tres remapped: res://data/spells/Gardien/rempart.tres
Completed load for: 'res://data/spells/Gardien/rempart.tres' remapped 'res://data/spells/Gardien/rempart.tres' at thread -1
Loading resource: res://data/spells/Gardien/garde.tres remapped: res://data/spells/Gardien/garde.tres
Loading resource: res://data/status/core/protégé.tres remapped: res://data/status/core/protégé.tres
Completed load for: 'res://data/status/core/protégé.tres' remapped 'res://data/status/core/protégé.tres' at thread -1
Loading resource: res://asset/bruitage sort/MUSCPerc_Triangle 3 (ID 1689)_LaSonotheque.fr.mp3 remapped: res://asset/bruitage sort/MUSCPerc_Triangle 3 (ID 1689)_LaSonotheque.fr.mp3
Loading resource: res://.godot/imported/MUSCPerc_Triangle 3 (ID 1689)_LaSonotheque.fr.mp3-f1d88b64f5367df0379e63a892e4aa34.mp3str remapped: res://.godot/imported/MUSCPerc_Triangle 3 (ID 1689)_LaSonotheque.fr.mp3-f1d88b64f5367df0379e63a892e4aa34.mp3str
Completed load for: 'res://asset/bruitage sort/MUSCPerc_Triangle 3 (ID 1689)_LaSonotheque.fr.mp3' remapped 'res://asset/bruitage sort/MUSCPerc_Triangle 3 (ID 1689)_LaSonotheque.fr.mp3' at thread -1
Completed load for: 'res://data/spells/Gardien/garde.tres' remapped 'res://data/spells/Gardien/garde.tres' at thread -1
Loading resource: res://data/spells/Gardien/frappe_de_bouclier.tres remapped: res://data/spells/Gardien/frappe_de_bouclier.tres
Completed load for: 'res://data/spells/Gardien/frappe_de_bouclier.tres' remapped 'res://data/spells/Gardien/frappe_de_bouclier.tres' at thread -1
Loading resource: res://data/traits/chassis_gardien.tres remapped: res://data/traits/chassis_gardien.tres
Loading resource: res://traits/trait_chassis_gardien.gd remapped: res://traits/trait_chassis_gardien.gd
Completed load for: 'res://traits/trait_chassis_gardien.gd' remapped 'res://traits/trait_chassis_gardien.gd' at thread -1
Completed load for: 'res://data/traits/chassis_gardien.tres' remapped 'res://data/traits/chassis_gardien.tres' at thread -1
Loading resource: res://data/spells/Gardien/provocation.tres remapped: res://data/spells/Gardien/provocation.tres
Completed load for: 'res://data/spells/Gardien/provocation.tres' remapped 'res://data/spells/Gardien/provocation.tres' at thread -1
Loading resource: res://data/spells/Gardien/bastion.tres remapped: res://data/spells/Gardien/bastion.tres
Loading resource: res://data/terrain/sanctuaire.tres remapped: res://data/terrain/sanctuaire.tres
Generated 'res://asset/icone/icone spell.png_60.png' preview in 31124 usec
Completed load for: 'res://data/terrain/sanctuaire.tres' remapped 'res://data/terrain/sanctuaire.tres' at thread -1
Completed load for: 'res://data/spells/Gardien/bastion.tres' remapped 'res://data/spells/Gardien/bastion.tres' at thread -1
Completed load for: 'res://data/units/alliés/Gardien.tres' remapped 'res://data/units/alliés/Gardien.tres' at thread -1
Loading resource: res://asset/icone/icone spell.png_61.png remapped: res://asset/icone/icone spell.png_61.png
Completed load for: 'res://ui/party/PartyPresentationScreen.tscn' remapped 'res://ui/party/PartyPresentationScreen.tscn' at thread -1
Loading resource: res://.godot/imported/icone spell.png_61.png-d712195659de55dda7c12b228c1be5c2.ctex remapped: res://.godot/imported/icone spell.png_61.png-d712195659de55dda7c12b228c1be5c2.ctex
Completed load for: 'res://asset/icone/icone spell.png_61.png' remapped 'res://asset/icone/icone spell.png_61.png' at thread -1
Generated 'res://asset/icone/icone spell.png_61.png' preview in 9485 usec
Loading resource: res://asset/icone/icone spell.png_62.png remapped: res://asset/icone/icone spell.png_62.png
Loading resource: res://.godot/imported/icone spell.png_62.png-f4d8650c57e7b8862fb253d37b031dfe.ctex remapped: res://.godot/imported/icone spell.png_62.png-f4d8650c57e7b8862fb253d37b031dfe.ctex
Completed load for: 'res://asset/icone/icone spell.png_62.png' remapped 'res://asset/icone/icone spell.png_62.png' at thread -1
Completed load for: 'res://test/unit/test_party_presentation_screen.gd' remapped 'res://test/unit/test_party_presentation_screen.gd' at thread -1
Generated 'res://asset/icone/icone spell.png_62.png' preview in 8463 usec
Loading resource: res://asset/icone/icone spell.png_63.png remapped: res://asset/icone/icone spell.png_63.png
Loading resource: res://.godot/imported/icone spell.png_63.png-7d7437667308a5af60e38d66b21f733f.ctex remapped: res://.godot/imported/icone spell.png_63.png-7d7437667308a5af60e38d66b21f733f.ctex
Completed load for: 'res://asset/icone/icone spell.png_63.png' remapped 'res://asset/icone/icone spell.png_63.png' at thread -1
Generated 'res://asset/icone/icone spell.png_63.png' preview in 9581 usec
Loading resource: res://asset/icone/icone spell.png_64.png remapped: res://asset/icone/icone spell.png_64.png
Loading resource: res://.godot/imported/icone spell.png_64.png-f4b7a07af0c952251dbdf02f6dbb3ad3.ctex remapped: res://.godot/imported/icone spell.png_64.png-f4b7a07af0c952251dbdf02f6dbb3ad3.ctex
Completed load for: 'res://asset/icone/icone spell.png_64.png' remapped 'res://asset/icone/icone spell.png_64.png' at thread -1
Generated 'res://asset/icone/icone spell.png_64.png' preview in 8388 usec
Loading resource: res://asset/icone/icone spell.png_65.png remapped: res://asset/icone/icone spell.png_65.png
Loading resource: res://.godot/imported/icone spell.png_65.png-6eee241b834828609a0bdc35cc832c69.ctex remapped: res://.godot/imported/icone spell.png_65.png-6eee241b834828609a0bdc35cc832c69.ctex
Completed load for: 'res://asset/icone/icone spell.png_65.png' remapped 'res://asset/icone/icone spell.png_65.png' at thread -1
Generated 'res://asset/icone/icone spell.png_65.png' preview in 9304 usec
Loading resource: res://test/unit/test_persistent_run_combat_hud.gd remapped: res://test/unit/test_persistent_run_combat_hud.gd
Loading resource: res://asset/icone/icone spell.png_66.png remapped: res://asset/icone/icone spell.png_66.png
Loading resource: res://.godot/imported/icone spell.png_66.png-65087b23a3b4076e4d3d7eb7f2f2e5ef.ctex remapped: res://.godot/imported/icone spell.png_66.png-65087b23a3b4076e4d3d7eb7f2f2e5ef.ctex
Completed load for: 'res://asset/icone/icone spell.png_66.png' remapped 'res://asset/icone/icone spell.png_66.png' at thread -1
Generated 'res://asset/icone/icone spell.png_66.png' preview in 9120 usec
Loading resource: res://asset/icone/icone spell.png_67.png remapped: res://asset/icone/icone spell.png_67.png
Loading resource: res://.godot/imported/icone spell.png_67.png-724378c6b214800ac6a72ce171e02d24.ctex remapped: res://.godot/imported/icone spell.png_67.png-724378c6b214800ac6a72ce171e02d24.ctex
Completed load for: 'res://asset/icone/icone spell.png_67.png' remapped 'res://asset/icone/icone spell.png_67.png' at thread -1
Generated 'res://asset/icone/icone spell.png_67.png' preview in 9711 usec
Loading resource: res://asset/icone/icone spell.png_68.png remapped: res://asset/icone/icone spell.png_68.png
Loading resource: res://.godot/imported/icone spell.png_68.png-f5b7ceb296b82873cfff717adbd2f192.ctex remapped: res://.godot/imported/icone spell.png_68.png-f5b7ceb296b82873cfff717adbd2f192.ctex
Completed load for: 'res://asset/icone/icone spell.png_68.png' remapped 'res://asset/icone/icone spell.png_68.png' at thread -1
Generated 'res://asset/icone/icone spell.png_68.png' preview in 10831 usec
Loading resource: res://asset/icone/icone spell.png_69.png remapped: res://asset/icone/icone spell.png_69.png
Loading resource: res://.godot/imported/icone spell.png_69.png-157c6550a8f2e976f9bb9f210f2d2915.ctex remapped: res://.godot/imported/icone spell.png_69.png-157c6550a8f2e976f9bb9f210f2d2915.ctex
Completed load for: 'res://test/unit/test_persistent_run_combat_hud.gd' remapped 'res://test/unit/test_persistent_run_combat_hud.gd' at thread -1
Completed load for: 'res://asset/icone/icone spell.png_69.png' remapped 'res://asset/icone/icone spell.png_69.png' at thread -1
Loading resource: res://test/unit/test_progression_lifecycle.gd remapped: res://test/unit/test_progression_lifecycle.gd
Generated 'res://asset/icone/icone spell.png_69.png' preview in 9745 usec
Loading resource: res://asset/icone/icone spell.png_70.png remapped: res://asset/icone/icone spell.png_70.png
Loading resource: res://.godot/imported/icone spell.png_70.png-a763220fd9d512227b8060b4bcf9ce33.ctex remapped: res://.godot/imported/icone spell.png_70.png-a763220fd9d512227b8060b4bcf9ce33.ctex
Completed load for: 'res://asset/icone/icone spell.png_70.png' remapped 'res://asset/icone/icone spell.png_70.png' at thread -1
Generated 'res://asset/icone/icone spell.png_70.png' preview in 9027 usec
Loading resource: res://asset/icone/icone spell.png_71.png remapped: res://asset/icone/icone spell.png_71.png
Loading resource: res://.godot/imported/icone spell.png_71.png-540f0176b743284cf924518814ca0e6c.ctex remapped: res://.godot/imported/icone spell.png_71.png-540f0176b743284cf924518814ca0e6c.ctex
Completed load for: 'res://asset/icone/icone spell.png_71.png' remapped 'res://asset/icone/icone spell.png_71.png' at thread -1
Generated 'res://asset/icone/icone spell.png_71.png' preview in 9327 usec
Loading resource: res://asset/icone/icone spell.png_72.png remapped: res://asset/icone/icone spell.png_72.png
Loading resource: res://.godot/imported/icone spell.png_72.png-b5dc1c33117daf583e8cfee62f456ba2.ctex remapped: res://.godot/imported/icone spell.png_72.png-b5dc1c33117daf583e8cfee62f456ba2.ctex
Completed load for: 'res://asset/icone/icone spell.png_72.png' remapped 'res://asset/icone/icone spell.png_72.png' at thread -1
Completed load for: 'res://test/unit/test_progression_lifecycle.gd' remapped 'res://test/unit/test_progression_lifecycle.gd' at thread -1
Loading resource: res://test/unit/test_recraft_combat_hud_v1.gd remapped: res://test/unit/test_recraft_combat_hud_v1.gd
Generated 'res://asset/icone/icone spell.png_72.png' preview in 8975 usec
Loading resource: res://asset/icone/icone spell.png_73.png remapped: res://asset/icone/icone spell.png_73.png
Loading resource: res://.godot/imported/icone spell.png_73.png-9143307ccb260c22af0e10d782cc74bf.ctex remapped: res://.godot/imported/icone spell.png_73.png-9143307ccb260c22af0e10d782cc74bf.ctex
Completed load for: 'res://asset/icone/icone spell.png_73.png' remapped 'res://asset/icone/icone spell.png_73.png' at thread -1
Generated 'res://asset/icone/icone spell.png_73.png' preview in 10097 usec
Loading resource: res://asset/icone/icone spell.png_74.png remapped: res://asset/icone/icone spell.png_74.png
Loading resource: res://.godot/imported/icone spell.png_74.png-65565cae60fba9768fae562aba62d9a7.ctex remapped: res://.godot/imported/icone spell.png_74.png-65565cae60fba9768fae562aba62d9a7.ctex
Completed load for: 'res://asset/icone/icone spell.png_74.png' remapped 'res://asset/icone/icone spell.png_74.png' at thread -1
Generated 'res://asset/icone/icone spell.png_74.png' preview in 10117 usec
Loading resource: res://asset/icone/icone spell.png_75.png remapped: res://asset/icone/icone spell.png_75.png
Loading resource: res://.godot/imported/icone spell.png_75.png-c36ab75105b50907de0636bd0af4e924.ctex remapped: res://.godot/imported/icone spell.png_75.png-c36ab75105b50907de0636bd0af4e924.ctex
Completed load for: 'res://asset/icone/icone spell.png_75.png' remapped 'res://asset/icone/icone spell.png_75.png' at thread -1
Completed load for: 'res://test/unit/test_recraft_combat_hud_v1.gd' remapped 'res://test/unit/test_recraft_combat_hud_v1.gd' at thread -1
Loading resource: res://test/unit/test_refined_character_hud_themes.gd remapped: res://test/unit/test_refined_character_hud_themes.gd
Generated 'res://asset/icone/icone spell.png_75.png' preview in 14496 usec
Loading resource: res://asset/icone/icone spell.png_76.png remapped: res://asset/icone/icone spell.png_76.png
Loading resource: res://.godot/imported/icone spell.png_76.png-4871b27c6c7b34fa3ce5fe4c0becf093.ctex remapped: res://.godot/imported/icone spell.png_76.png-4871b27c6c7b34fa3ce5fe4c0becf093.ctex
Completed load for: 'res://asset/icone/icone spell.png_76.png' remapped 'res://asset/icone/icone spell.png_76.png' at thread -1
Generated 'res://asset/icone/icone spell.png_76.png' preview in 11595 usec
Loading resource: res://asset/icone/icone spell.png_77.png remapped: res://asset/icone/icone spell.png_77.png
Loading resource: res://.godot/imported/icone spell.png_77.png-9452bec191ac1479877ee4156ab45606.ctex remapped: res://.godot/imported/icone spell.png_77.png-9452bec191ac1479877ee4156ab45606.ctex
Completed load for: 'res://asset/icone/icone spell.png_77.png' remapped 'res://asset/icone/icone spell.png_77.png' at thread -1
Completed load for: 'res://test/unit/test_refined_character_hud_themes.gd' remapped 'res://test/unit/test_refined_character_hud_themes.gd' at thread -1
Loading resource: res://test/unit/test_skill_tree_consultation_ui.gd remapped: res://test/unit/test_skill_tree_consultation_ui.gd
Generated 'res://asset/icone/icone spell.png_77.png' preview in 11506 usec
Loading resource: res://asset/icone/icone spell.png_78.png remapped: res://asset/icone/icone spell.png_78.png
Loading resource: res://.godot/imported/icone spell.png_78.png-5d0efd57ef2720892960d6e90367c30c.ctex remapped: res://.godot/imported/icone spell.png_78.png-5d0efd57ef2720892960d6e90367c30c.ctex
Completed load for: 'res://asset/icone/icone spell.png_78.png' remapped 'res://asset/icone/icone spell.png_78.png' at thread -1
Loading resource: res://ui/progression/lab/skill_tree_graybox_lab.tscn remapped: res://ui/progression/lab/skill_tree_graybox_lab.tscn
Loading resource: res://ui/progression/lab/skill_tree_graybox_lab.gd remapped: res://ui/progression/lab/skill_tree_graybox_lab.gd
Generated 'res://asset/icone/icone spell.png_78.png' preview in 16361 usec
Loading resource: res://asset/icone/icone spell.png_79.png remapped: res://asset/icone/icone spell.png_79.png
Loading resource: res://.godot/imported/icone spell.png_79.png-30cd4c0eac6a4122d38f9a6cb3184fe0.ctex remapped: res://.godot/imported/icone spell.png_79.png-30cd4c0eac6a4122d38f9a6cb3184fe0.ctex
Completed load for: 'res://asset/icone/icone spell.png_79.png' remapped 'res://asset/icone/icone spell.png_79.png' at thread -1
Generated 'res://asset/icone/icone spell.png_79.png' preview in 13764 usec
Loading resource: res://asset/icone/icone spell.png_80.png remapped: res://asset/icone/icone spell.png_80.png
Loading resource: res://.godot/imported/icone spell.png_80.png-6669c3217f7ba515b03e9c95742c389a.ctex remapped: res://.godot/imported/icone spell.png_80.png-6669c3217f7ba515b03e9c95742c389a.ctex
Completed load for: 'res://asset/icone/icone spell.png_80.png' remapped 'res://asset/icone/icone spell.png_80.png' at thread -1
Completed load for: 'res://ui/progression/lab/skill_tree_graybox_lab.gd' remapped 'res://ui/progression/lab/skill_tree_graybox_lab.gd' at thread -1
Completed load for: 'res://ui/progression/lab/skill_tree_graybox_lab.tscn' remapped 'res://ui/progression/lab/skill_tree_graybox_lab.tscn' at thread -1
Generated 'res://asset/icone/icone spell.png_80.png' preview in 13028 usec
Loading resource: res://asset/icone/icone spell.png_81.png remapped: res://asset/icone/icone spell.png_81.png
Loading resource: res://.godot/imported/icone spell.png_81.png-73d7cb3f7085aa8ccab3bc2baf38020f.ctex remapped: res://.godot/imported/icone spell.png_81.png-73d7cb3f7085aa8ccab3bc2baf38020f.ctex
Completed load for: 'res://asset/icone/icone spell.png_81.png' remapped 'res://asset/icone/icone spell.png_81.png' at thread -1
Generated 'res://asset/icone/icone spell.png_81.png' preview in 11099 usec
Loading resource: res://asset/icone/icone spell.png_82.png remapped: res://asset/icone/icone spell.png_82.png
Loading resource: res://.godot/imported/icone spell.png_82.png-0ef4e3a56d21f64f30b69207e6b57fd6.ctex remapped: res://.godot/imported/icone spell.png_82.png-0ef4e3a56d21f64f30b69207e6b57fd6.ctex
Completed load for: 'res://asset/icone/icone spell.png_82.png' remapped 'res://asset/icone/icone spell.png_82.png' at thread -1
Generated 'res://asset/icone/icone spell.png_82.png' preview in 12861 usec
Loading resource: res://asset/icone/icone spell.png_83.png remapped: res://asset/icone/icone spell.png_83.png
Loading resource: res://.godot/imported/icone spell.png_83.png-8626969bf67c56b77b54db3006e336fb.ctex remapped: res://.godot/imported/icone spell.png_83.png-8626969bf67c56b77b54db3006e336fb.ctex
Completed load for: 'res://asset/icone/icone spell.png_83.png' remapped 'res://asset/icone/icone spell.png_83.png' at thread -1
Generated 'res://asset/icone/icone spell.png_83.png' preview in 12096 usec
Loading resource: res://asset/icone/icone spell.png_84.png remapped: res://asset/icone/icone spell.png_84.png
Loading resource: res://.godot/imported/icone spell.png_84.png-a5696f64c74adf889663157fe94ca62f.ctex remapped: res://.godot/imported/icone spell.png_84.png-a5696f64c74adf889663157fe94ca62f.ctex
Completed load for: 'res://asset/icone/icone spell.png_84.png' remapped 'res://asset/icone/icone spell.png_84.png' at thread -1
Generated 'res://asset/icone/icone spell.png_84.png' preview in 11027 usec
Loading resource: res://asset/icone/icone spell.png_85.png remapped: res://asset/icone/icone spell.png_85.png
Loading resource: res://.godot/imported/icone spell.png_85.png-1f9e39d832c3807e50a1c4e58794d2dd.ctex remapped: res://.godot/imported/icone spell.png_85.png-1f9e39d832c3807e50a1c4e58794d2dd.ctex
Completed load for: 'res://asset/icone/icone spell.png_85.png' remapped 'res://asset/icone/icone spell.png_85.png' at thread -1
Completed load for: 'res://test/unit/test_skill_tree_consultation_ui.gd' remapped 'res://test/unit/test_skill_tree_consultation_ui.gd' at thread -1
Loading resource: res://test/unit/test_skill_tree_refined_multi_character.gd remapped: res://test/unit/test_skill_tree_refined_multi_character.gd
Generated 'res://asset/icone/icone spell.png_85.png' preview in 13857 usec
Loading resource: res://asset/icone/icone spell.png_86.png remapped: res://asset/icone/icone spell.png_86.png
Loading resource: res://.godot/imported/icone spell.png_86.png-9395a00fbbd3dd7d8c444db5a1018f62.ctex remapped: res://.godot/imported/icone spell.png_86.png-9395a00fbbd3dd7d8c444db5a1018f62.ctex
Completed load for: 'res://asset/icone/icone spell.png_86.png' remapped 'res://asset/icone/icone spell.png_86.png' at thread -1
Generated 'res://asset/icone/icone spell.png_86.png' preview in 22160 usec
Loading resource: res://asset/icone/icone spell.png_87.png remapped: res://asset/icone/icone spell.png_87.png
Loading resource: res://.godot/imported/icone spell.png_87.png-94ec0df710bf64343fdc3e0ee4c4accf.ctex remapped: res://.godot/imported/icone spell.png_87.png-94ec0df710bf64343fdc3e0ee4c4accf.ctex
Completed load for: 'res://asset/icone/icone spell.png_87.png' remapped 'res://asset/icone/icone spell.png_87.png' at thread -1
Completed load for: 'res://test/unit/test_skill_tree_refined_multi_character.gd' remapped 'res://test/unit/test_skill_tree_refined_multi_character.gd' at thread -1
Loading resource: res://test/unit/test_skill_tree_resolver.gd remapped: res://test/unit/test_skill_tree_resolver.gd
Generated 'res://asset/icone/icone spell.png_87.png' preview in 20167 usec
Loading resource: res://asset/icone/icone spell.png_88.png remapped: res://asset/icone/icone spell.png_88.png
Loading resource: res://.godot/imported/icone spell.png_88.png-a5b5c34774b7cd18597188687485445c.ctex remapped: res://.godot/imported/icone spell.png_88.png-a5b5c34774b7cd18597188687485445c.ctex
Completed load for: 'res://asset/icone/icone spell.png_88.png' remapped 'res://asset/icone/icone spell.png_88.png' at thread -1
Generated 'res://asset/icone/icone spell.png_88.png' preview in 18276 usec
Loading resource: res://asset/icone/icone spell.png_89.png remapped: res://asset/icone/icone spell.png_89.png
Loading resource: res://.godot/imported/icone spell.png_89.png-0d2dc6b5c488a8f4f0b7a76e071194df.ctex remapped: res://.godot/imported/icone spell.png_89.png-0d2dc6b5c488a8f4f0b7a76e071194df.ctex
Completed load for: 'res://asset/icone/icone spell.png_89.png' remapped 'res://asset/icone/icone spell.png_89.png' at thread -1
Generated 'res://asset/icone/icone spell.png_89.png' preview in 13374 usec
Loading resource: res://asset/icone/icone spell.png_90.png remapped: res://asset/icone/icone spell.png_90.png
Loading resource: res://.godot/imported/icone spell.png_90.png-b7984303963ef806ae6187d2f988f9bb.ctex remapped: res://.godot/imported/icone spell.png_90.png-b7984303963ef806ae6187d2f988f9bb.ctex
Completed load for: 'res://asset/icone/icone spell.png_90.png' remapped 'res://asset/icone/icone spell.png_90.png' at thread -1
Generated 'res://asset/icone/icone spell.png_90.png' preview in 14920 usec
Loading resource: res://asset/icone/icone spell.png_91.png remapped: res://asset/icone/icone spell.png_91.png
Loading resource: res://.godot/imported/icone spell.png_91.png-ae707942455a59b490dc63697958accf.ctex remapped: res://.godot/imported/icone spell.png_91.png-ae707942455a59b490dc63697958accf.ctex
Completed load for: 'res://asset/icone/icone spell.png_91.png' remapped 'res://asset/icone/icone spell.png_91.png' at thread -1
Completed load for: 'res://test/unit/test_skill_tree_resolver.gd' remapped 'res://test/unit/test_skill_tree_resolver.gd' at thread -1
Loading resource: res://test/unit/test_skill_tree_skin_ui.gd remapped: res://test/unit/test_skill_tree_skin_ui.gd
Generated 'res://asset/icone/icone spell.png_91.png' preview in 11864 usec
Loading resource: res://asset/icone/icone spell.png_92.png remapped: res://asset/icone/icone spell.png_92.png
Loading resource: res://.godot/imported/icone spell.png_92.png-e1d30cc58987c241a8f2a801594431c0.ctex remapped: res://.godot/imported/icone spell.png_92.png-e1d30cc58987c241a8f2a801594431c0.ctex
Completed load for: 'res://asset/icone/icone spell.png_92.png' remapped 'res://asset/icone/icone spell.png_92.png' at thread -1
Generated 'res://asset/icone/icone spell.png_92.png' preview in 11400 usec
Loading resource: res://asset/icone/icone spell.png_93.png remapped: res://asset/icone/icone spell.png_93.png
Loading resource: res://.godot/imported/icone spell.png_93.png-9e1c271e28e8535521490d507a940947.ctex remapped: res://.godot/imported/icone spell.png_93.png-9e1c271e28e8535521490d507a940947.ctex
Completed load for: 'res://asset/icone/icone spell.png_93.png' remapped 'res://asset/icone/icone spell.png_93.png' at thread -1
Generated 'res://asset/icone/icone spell.png_93.png' preview in 11899 usec
Loading resource: res://asset/icone/icone spell.png_94.png remapped: res://asset/icone/icone spell.png_94.png
Loading resource: res://.godot/imported/icone spell.png_94.png-663bb278dcc6864d7719487d0984a3e9.ctex remapped: res://.godot/imported/icone spell.png_94.png-663bb278dcc6864d7719487d0984a3e9.ctex
Completed load for: 'res://asset/icone/icone spell.png_94.png' remapped 'res://asset/icone/icone spell.png_94.png' at thread -1
Generated 'res://asset/icone/icone spell.png_94.png' preview in 9792 usec
Loading resource: res://asset/icone/icone spell.png_95.png remapped: res://asset/icone/icone spell.png_95.png
Loading resource: res://.godot/imported/icone spell.png_95.png-7d0124f1a92538d503da8499613fabc1.ctex remapped: res://.godot/imported/icone spell.png_95.png-7d0124f1a92538d503da8499613fabc1.ctex
Completed load for: 'res://test/unit/test_skill_tree_skin_ui.gd' remapped 'res://test/unit/test_skill_tree_skin_ui.gd' at thread -1
Loading resource: res://test/unit/test_spell_modifier.gd remapped: res://test/unit/test_spell_modifier.gd
Completed load for: 'res://asset/icone/icone spell.png_95.png' remapped 'res://asset/icone/icone spell.png_95.png' at thread -1
Generated 'res://asset/icone/icone spell.png_95.png' preview in 48430 usec
Loading resource: res://asset/icone/icone spell.png_96.png remapped: res://asset/icone/icone spell.png_96.png
Completed load for: 'res://test/unit/test_spell_modifier.gd' remapped 'res://test/unit/test_spell_modifier.gd' at thread -1
Loading resource: res://test/unit/test_three_character_party_construction.gd remapped: res://test/unit/test_three_character_party_construction.gd
Loading resource: res://.godot/imported/icone spell.png_96.png-6584c9c4144c3278927573dbd39227ef.ctex remapped: res://.godot/imported/icone spell.png_96.png-6584c9c4144c3278927573dbd39227ef.ctex
Completed load for: 'res://asset/icone/icone spell.png_96.png' remapped 'res://asset/icone/icone spell.png_96.png' at thread -1
Generated 'res://asset/icone/icone spell.png_96.png' preview in 67601 usec
Loading resource: res://asset/icone/icone spell.png_97.png remapped: res://asset/icone/icone spell.png_97.png
Loading resource: res://.godot/imported/icone spell.png_97.png-c77f2e038ed055205b39503111f6fa07.ctex remapped: res://.godot/imported/icone spell.png_97.png-c77f2e038ed055205b39503111f6fa07.ctex
Completed load for: 'res://asset/icone/icone spell.png_97.png' remapped 'res://asset/icone/icone spell.png_97.png' at thread -1
Completed load for: 'res://test/unit/test_three_character_party_construction.gd' remapped 'res://test/unit/test_three_character_party_construction.gd' at thread -1
Loading resource: res://test/unit/test_three_character_party_hud.gd remapped: res://test/unit/test_three_character_party_hud.gd
Generated 'res://asset/icone/icone spell.png_97.png' preview in 10373 usec
Loading resource: res://asset/icone/icone spell.png_98.png remapped: res://asset/icone/icone spell.png_98.png
Loading resource: res://.godot/imported/icone spell.png_98.png-6cd2e671c030238a43df87b9bc3d43de.ctex remapped: res://.godot/imported/icone spell.png_98.png-6cd2e671c030238a43df87b9bc3d43de.ctex
Completed load for: 'res://asset/icone/icone spell.png_98.png' remapped 'res://asset/icone/icone spell.png_98.png' at thread -1
Generated 'res://asset/icone/icone spell.png_98.png' preview in 8517 usec
Loading resource: res://asset/icone/test.png remapped: res://asset/icone/test.png
Loading resource: res://.godot/imported/test.png-75164c94dc9de707ef4647269d6d2939.ctex remapped: res://.godot/imported/test.png-75164c94dc9de707ef4647269d6d2939.ctex
Completed load for: 'res://asset/icone/test.png' remapped 'res://asset/icone/test.png' at thread -1
Generated 'res://asset/icone/test.png' preview in 9785 usec
Completed load for: 'res://test/unit/test_three_character_party_hud.gd' remapped 'res://test/unit/test_three_character_party_hud.gd' at thread -1
Loading resource: res://test/unit/test_three_character_party_lifecycle.gd remapped: res://test/unit/test_three_character_party_lifecycle.gd
Generated 'res://asset/map/iso/forest_room_01_source.png' preview in 22885 usec
Loading resource: res://asset/map/Dungeon Draft Tactics.mp3 remapped: res://asset/map/Dungeon Draft Tactics.mp3
Loading resource: res://.godot/imported/Dungeon Draft Tactics.mp3-53853404c913454f5497b4461850132a.mp3str remapped: res://.godot/imported/Dungeon Draft Tactics.mp3-53853404c913454f5497b4461850132a.mp3str
Completed load for: 'res://test/unit/test_three_character_party_lifecycle.gd' remapped 'res://test/unit/test_three_character_party_lifecycle.gd' at thread -1
Loading resource: res://test/unit/test_three_character_party_progression.gd remapped: res://test/unit/test_three_character_party_progression.gd
Completed load for: 'res://asset/map/Dungeon Draft Tactics.mp3' remapped 'res://asset/map/Dungeon Draft Tactics.mp3' at thread -1
Completed load for: 'res://test/unit/test_three_character_party_progression.gd' remapped 'res://test/unit/test_three_character_party_progression.gd' at thread -1
Loading resource: res://test/unit/test_three_character_party_progression_queue.gd remapped: res://test/unit/test_three_character_party_progression_queue.gd
Completed load for: 'res://test/unit/test_three_character_party_progression_queue.gd' remapped 'res://test/unit/test_three_character_party_progression_queue.gd' at thread -1
Loading resource: res://tests/characters/elf/elf_animation_validation.gd remapped: res://tests/characters/elf/elf_animation_validation.gd
Completed load for: 'res://tests/characters/elf/elf_animation_validation.gd' remapped 'res://tests/characters/elf/elf_animation_validation.gd' at thread -1
Loading resource: res://tests/characters/elf/elf_in_game_preview.gd remapped: res://tests/characters/elf/elf_in_game_preview.gd
Completed load for: 'res://tests/characters/elf/elf_in_game_preview.gd' remapped 'res://tests/characters/elf/elf_in_game_preview.gd' at thread -1
Loading resource: res://tests/characters/elf/elf_salle1_gameplay_integration.gd remapped: res://tests/characters/elf/elf_salle1_gameplay_integration.gd
Completed load for: 'res://tests/characters/elf/elf_salle1_gameplay_integration.gd' remapped 'res://tests/characters/elf/elf_salle1_gameplay_integration.gd' at thread -1
Loading resource: res://tests/characters/elf/elf_visual_component_validation.gd remapped: res://tests/characters/elf/elf_visual_component_validation.gd
Generated 'res://asset/map/Dungeon Draft Tactics.mp3' preview in 325718 usec
Loading resource: res://asset/map/rem_0014.png remapped: res://asset/map/rem_0014.png
Loading resource: res://.godot/imported/rem_0014.png-1b832545f78300957d564dbd7e3153ba.ctex remapped: res://.godot/imported/rem_0014.png-1b832545f78300957d564dbd7e3153ba.ctex
Completed load for: 'res://asset/map/rem_0014.png' remapped 'res://asset/map/rem_0014.png' at thread -1
Completed load for: 'res://tests/characters/elf/elf_visual_component_validation.gd' remapped 'res://tests/characters/elf/elf_visual_component_validation.gd' at thread -1
Loading resource: res://tools/ui/normalize_recraft_hud.gd remapped: res://tools/ui/normalize_recraft_hud.gd
Completed load for: 'res://tools/ui/normalize_recraft_hud.gd' remapped 'res://tools/ui/normalize_recraft_hud.gd' at thread -1
Loading resource: res://tools/capture_clean_hud.gd remapped: res://tools/capture_clean_hud.gd
Loading resource: res://ui/recraft_hud_v1/preview/elf_hud_clean_preview.tscn remapped: res://ui/recraft_hud_v1/preview/elf_hud_clean_preview.tscn
Loading resource: res://ui/recraft_hud_v1/preview/elf_hud_clean_preview.gd remapped: res://ui/recraft_hud_v1/preview/elf_hud_clean_preview.gd
Generated 'res://asset/map/rem_0014.png' preview in 41483 usec
Loading resource: res://asset/map/test_tileset_asphodel.png remapped: res://asset/map/test_tileset_asphodel.png
Loading resource: res://.godot/imported/test_tileset_asphodel.png-2ba0423f995bd1ee3f0d446aa63a536a.ctex remapped: res://.godot/imported/test_tileset_asphodel.png-2ba0423f995bd1ee3f0d446aa63a536a.ctex
Completed load for: 'res://asset/map/test_tileset_asphodel.png' remapped 'res://asset/map/test_tileset_asphodel.png' at thread -1
Completed load for: 'res://ui/recraft_hud_v1/preview/elf_hud_clean_preview.gd' remapped 'res://ui/recraft_hud_v1/preview/elf_hud_clean_preview.gd' at thread -1
Completed load for: 'res://ui/recraft_hud_v1/preview/elf_hud_clean_preview.tscn' remapped 'res://ui/recraft_hud_v1/preview/elf_hud_clean_preview.tscn' at thread -1
Completed load for: 'res://tools/capture_clean_hud.gd' remapped 'res://tools/capture_clean_hud.gd' at thread -1
Loading resource: res://tools/capture_refined_character_huds.gd remapped: res://tools/capture_refined_character_huds.gd
Generated 'res://asset/map/test_tileset_asphodel.png' preview in 22742 usec
Completed load for: 'res://tools/capture_refined_character_huds.gd' remapped 'res://tools/capture_refined_character_huds.gd' at thread -1
Loading resource: res://tools/capture_skill_tree_refined.gd remapped: res://tools/capture_skill_tree_refined.gd
Generated 'res://asset/map/tilemap_packed (2).png' preview in 10115 usec
Generated 'res://asset/map/tilemap_packed.png' preview in 11962 usec
Loading resource: res://asset/musique/Dungeon Draft Oath.mp3 remapped: res://asset/musique/Dungeon Draft Oath.mp3
Loading resource: res://.godot/imported/Dungeon Draft Oath.mp3-73bb7a8bb69947e61ece3a1dec9f929a.mp3str remapped: res://.godot/imported/Dungeon Draft Oath.mp3-73bb7a8bb69947e61ece3a1dec9f929a.mp3str
Completed load for: 'res://tools/capture_skill_tree_refined.gd' remapped 'res://tools/capture_skill_tree_refined.gd' at thread -1
Loading resource: res://traits/relique_marteau_jugement.gd remapped: res://traits/relique_marteau_jugement.gd
Completed load for: 'res://asset/musique/Dungeon Draft Oath.mp3' remapped 'res://asset/musique/Dungeon Draft Oath.mp3' at thread -1
Completed load for: 'res://traits/relique_marteau_jugement.gd' remapped 'res://traits/relique_marteau_jugement.gd' at thread -1
Loading resource: res://traits/trait_bloodthirst.gd remapped: res://traits/trait_bloodthirst.gd
Completed load for: 'res://traits/trait_bloodthirst.gd' remapped 'res://traits/trait_bloodthirst.gd' at thread -1
Loading resource: res://traits/trait_bonus_fervor_on_generation.gd remapped: res://traits/trait_bonus_fervor_on_generation.gd
Completed load for: 'res://traits/trait_bonus_fervor_on_generation.gd' remapped 'res://traits/trait_bonus_fervor_on_generation.gd' at thread -1
Loading resource: res://traits/trait_chassis_assassin.gd remapped: res://traits/trait_chassis_assassin.gd
Completed load for: 'res://traits/trait_chassis_assassin.gd' remapped 'res://traits/trait_chassis_assassin.gd' at thread -1
Loading resource: res://traits/trait_chassis_guerrier.gd remapped: res://traits/trait_chassis_guerrier.gd
Completed load for: 'res://traits/trait_chassis_guerrier.gd' remapped 'res://traits/trait_chassis_guerrier.gd' at thread -1
Loading resource: res://traits/trait_chassis_healer.gd remapped: res://traits/trait_chassis_healer.gd
Completed load for: 'res://traits/trait_chassis_healer.gd' remapped 'res://traits/trait_chassis_healer.gd' at thread -1
Loading resource: res://traits/trait_elan_on_turn_start.gd remapped: res://traits/trait_elan_on_turn_start.gd
Completed load for: 'res://traits/trait_elan_on_turn_start.gd' remapped 'res://traits/trait_elan_on_turn_start.gd' at thread -1
Loading resource: res://traits/trait_energy_on_generator.gd remapped: res://traits/trait_energy_on_generator.gd
Completed load for: 'res://traits/trait_energy_on_generator.gd' remapped 'res://traits/trait_energy_on_generator.gd' at thread -1
Loading resource: res://traits/trait_gen_rage_on_hit.gd remapped: res://traits/trait_gen_rage_on_hit.gd
Completed load for: 'res://traits/trait_gen_rage_on_hit.gd' remapped 'res://traits/trait_gen_rage_on_hit.gd' at thread -1
Loading resource: res://traits/trait_hardened_front.gd remapped: res://traits/trait_hardened_front.gd
Completed load for: 'res://traits/trait_hardened_front.gd' remapped 'res://traits/trait_hardened_front.gd' at thread -1
Loading resource: res://traits/trait_heal_on_awakening.gd remapped: res://traits/trait_heal_on_awakening.gd
Completed load for: 'res://traits/trait_heal_on_awakening.gd' remapped 'res://traits/trait_heal_on_awakening.gd' at thread -1
Loading resource: res://traits/trait_heal_on_energy_spent.gd remapped: res://traits/trait_heal_on_energy_spent.gd
Completed load for: 'res://traits/trait_heal_on_energy_spent.gd' remapped 'res://traits/trait_heal_on_energy_spent.gd' at thread -1
Loading resource: res://traits/trait_second_nature.gd remapped: res://traits/trait_second_nature.gd
Completed load for: 'res://traits/trait_second_nature.gd' remapped 'res://traits/trait_second_nature.gd' at thread -1
Loading resource: res://traits/trait_shield_on_damage_dealt.gd remapped: res://traits/trait_shield_on_damage_dealt.gd
Completed load for: 'res://traits/trait_shield_on_damage_dealt.gd' remapped 'res://traits/trait_shield_on_damage_dealt.gd' at thread -1
Loading resource: res://traits/trait_spell_modifier.gd remapped: res://traits/trait_spell_modifier.gd
Completed load for: 'res://traits/trait_spell_modifier.gd' remapped 'res://traits/trait_spell_modifier.gd' at thread -1
Loading resource: res://traits/trait_stat_bonus.gd remapped: res://traits/trait_stat_bonus.gd
Completed load for: 'res://traits/trait_stat_bonus.gd' remapped 'res://traits/trait_stat_bonus.gd' at thread -1
Loading resource: res://traits/trait_stigmata.gd remapped: res://traits/trait_stigmata.gd
Completed load for: 'res://traits/trait_stigmata.gd' remapped 'res://traits/trait_stigmata.gd' at thread -1
Loading resource: res://traits/trait_vengeance.gd remapped: res://traits/trait_vengeance.gd
Completed load for: 'res://traits/trait_vengeance.gd' remapped 'res://traits/trait_vengeance.gd' at thread -1
Loading resource: res://ui/Particles/fumee_shader.gd remapped: res://ui/Particles/fumee_shader.gd
Completed load for: 'res://ui/Particles/fumee_shader.gd' remapped 'res://ui/Particles/fumee_shader.gd' at thread -1
Loading resource: res://ui/Particles/rayons_lumiere.gd remapped: res://ui/Particles/rayons_lumiere.gd
Completed load for: 'res://ui/Particles/rayons_lumiere.gd' remapped 'res://ui/Particles/rayons_lumiere.gd' at thread -1
Loading resource: res://ui/theme/dd_ui_metrics.gd remapped: res://ui/theme/dd_ui_metrics.gd
Completed load for: 'res://ui/theme/dd_ui_metrics.gd' remapped 'res://ui/theme/dd_ui_metrics.gd' at thread -1
Loading resource: res://ui/theme/dd_ui_palette.gd remapped: res://ui/theme/dd_ui_palette.gd
Completed load for: 'res://ui/theme/dd_ui_palette.gd' remapped 'res://ui/theme/dd_ui_palette.gd' at thread -1
Loading resource: res://ui/fondu.gd remapped: res://ui/fondu.gd
Completed load for: 'res://ui/fondu.gd' remapped 'res://ui/fondu.gd' at thread -1
Loading resource: res://ui/inspect_panel.gd remapped: res://ui/inspect_panel.gd
Completed load for: 'res://ui/inspect_panel.gd' remapped 'res://ui/inspect_panel.gd' at thread -1
Loading resource: res://ui/player_combat_log.gd remapped: res://ui/player_combat_log.gd
Completed load for: 'res://ui/player_combat_log.gd' remapped 'res://ui/player_combat_log.gd' at thread -1
Loading resource: res://ui/reward_screen.gd remapped: res://ui/reward_screen.gd
Completed load for: 'res://ui/reward_screen.gd' remapped 'res://ui/reward_screen.gd' at thread -1
Loading resource: res://ui/run_draft_screen.gd remapped: res://ui/run_draft_screen.gd
Completed load for: 'res://ui/run_draft_screen.gd' remapped 'res://ui/run_draft_screen.gd' at thread -1
Loading resource: res://ui/run_result_screen.gd remapped: res://ui/run_result_screen.gd
Completed load for: 'res://ui/run_result_screen.gd' remapped 'res://ui/run_result_screen.gd' at thread -1
Loading resource: res://ui/titre_ecran.gd remapped: res://ui/titre_ecran.gd
Loading resource: res://data/runs/run_default.tres remapped: res://data/runs/run_default.tres
Loading resource: res://data/rooms/bible/catacombes.tres remapped: res://data/rooms/bible/catacombes.tres
Loading resource: res://data/rooms/maps/battle_salle3.tscn remapped: res://data/rooms/maps/battle_salle3.tscn
Completed load for: 'res://data/rooms/maps/battle_salle3.tscn' remapped 'res://data/rooms/maps/battle_salle3.tscn' at thread -1
Loading resource: res://data/units/ennemie/run_archer_gobelin.tres remapped: res://data/units/ennemie/run_archer_gobelin.tres
Loading resource: res://data/spells/enemies/fleche.tres remapped: res://data/spells/enemies/fleche.tres
Completed load for: 'res://data/spells/enemies/fleche.tres' remapped 'res://data/spells/enemies/fleche.tres' at thread -1
Loading resource: res://data/ai_behaviors/archer_kiter.tres remapped: res://data/ai_behaviors/archer_kiter.tres
Completed load for: 'res://data/ai_behaviors/archer_kiter.tres' remapped 'res://data/ai_behaviors/archer_kiter.tres' at thread -1
Completed load for: 'res://data/units/ennemie/run_archer_gobelin.tres' remapped 'res://data/units/ennemie/run_archer_gobelin.tres' at thread -1
Loading resource: res://data/units/ennemie/run_hurleur_gobelin.tres remapped: res://data/units/ennemie/run_hurleur_gobelin.tres
Loading resource: res://data/spells/gobelin/hurlement_drainant.tres remapped: res://data/spells/gobelin/hurlement_drainant.tres
Completed load for: 'res://data/spells/gobelin/hurlement_drainant.tres' remapped 'res://data/spells/gobelin/hurlement_drainant.tres' at thread -1
Loading resource: res://data/ai_behaviors/hurleur_drain.tres remapped: res://data/ai_behaviors/hurleur_drain.tres
Loading resource: res://data/spells/enemies/tir_hurleur.tres remapped: res://data/spells/enemies/tir_hurleur.tres
Completed load for: 'res://data/spells/enemies/tir_hurleur.tres' remapped 'res://data/spells/enemies/tir_hurleur.tres' at thread -1
Completed load for: 'res://data/ai_behaviors/hurleur_drain.tres' remapped 'res://data/ai_behaviors/hurleur_drain.tres' at thread -1
Completed load for: 'res://data/units/ennemie/run_hurleur_gobelin.tres' remapped 'res://data/units/ennemie/run_hurleur_gobelin.tres' at thread -1
Loading resource: res://data/units/ennemie/run_lieur_gobelin.tres remapped: res://data/units/ennemie/run_lieur_gobelin.tres
Loading resource: res://data/spells/enemies/entrave.tres remapped: res://data/spells/enemies/entrave.tres
Loading resource: res://data/status/core/enracine.tres remapped: res://data/status/core/enracine.tres
Completed load for: 'res://data/status/core/enracine.tres' remapped 'res://data/status/core/enracine.tres' at thread -1
Completed load for: 'res://data/spells/enemies/entrave.tres' remapped 'res://data/spells/enemies/entrave.tres' at thread -1
Loading resource: res://data/ai_behaviors/lieur_entrave.tres remapped: res://data/ai_behaviors/lieur_entrave.tres
Completed load for: 'res://data/ai_behaviors/lieur_entrave.tres' remapped 'res://data/ai_behaviors/lieur_entrave.tres' at thread -1
Completed load for: 'res://data/units/ennemie/run_lieur_gobelin.tres' remapped 'res://data/units/ennemie/run_lieur_gobelin.tres' at thread -1
Completed load for: 'res://data/rooms/bible/catacombes.tres' remapped 'res://data/rooms/bible/catacombes.tres' at thread -1
Loading resource: res://data/rooms/bible/boss_meduse.tres remapped: res://data/rooms/bible/boss_meduse.tres
Loading resource: res://data/units/boss/meduse.tres remapped: res://data/units/boss/meduse.tres
Loading resource: res://asset/persephone.png remapped: res://asset/persephone.png
Loading resource: res://.godot/imported/persephone.png-24a759b62f21b77916735b172f7acd3d.ctex remapped: res://.godot/imported/persephone.png-24a759b62f21b77916735b172f7acd3d.ctex
Completed load for: 'res://asset/persephone.png' remapped 'res://asset/persephone.png' at thread -1
Loading resource: res://data/spells/boss/regard_petrifiant.tres remapped: res://data/spells/boss/regard_petrifiant.tres
Loading resource: res://data/status/core/petrifie.tres remapped: res://data/status/core/petrifie.tres
Completed load for: 'res://data/status/core/petrifie.tres' remapped 'res://data/status/core/petrifie.tres' at thread -1
Loading resource: res://data/terrain/regard.tres remapped: res://data/terrain/regard.tres
Completed load for: 'res://data/terrain/regard.tres' remapped 'res://data/terrain/regard.tres' at thread -1
Completed load for: 'res://data/spells/boss/regard_petrifiant.tres' remapped 'res://data/spells/boss/regard_petrifiant.tres' at thread -1
Loading resource: res://data/spells/boss/morsure_serpent.tres remapped: res://data/spells/boss/morsure_serpent.tres
Completed load for: 'res://data/spells/boss/morsure_serpent.tres' remapped 'res://data/spells/boss/morsure_serpent.tres' at thread -1
Completed load for: 'res://data/units/boss/meduse.tres' remapped 'res://data/units/boss/meduse.tres' at thread -1
Loading resource: res://data/units/ennemie/serpent_meduse.tres remapped: res://data/units/ennemie/serpent_meduse.tres
Completed load for: 'res://data/units/ennemie/serpent_meduse.tres' remapped 'res://data/units/ennemie/serpent_meduse.tres' at thread -1
Completed load for: 'res://data/rooms/bible/boss_meduse.tres' remapped 'res://data/rooms/bible/boss_meduse.tres' at thread -1
Loading resource: res://data/rewards/célérité.tres remapped: res://data/rewards/célérité.tres
Completed load for: 'res://data/rewards/célérité.tres' remapped 'res://data/rewards/célérité.tres' at thread -1
Loading resource: res://data/rewards/force.tres remapped: res://data/rewards/force.tres
Completed load for: 'res://data/rewards/force.tres' remapped 'res://data/rewards/force.tres' at thread -1
Loading resource: res://data/rewards/repos_equipe.tres remapped: res://data/rewards/repos_equipe.tres
Completed load for: 'res://data/rewards/repos_equipe.tres' remapped 'res://data/rewards/repos_equipe.tres' at thread -1
Loading resource: res://data/rewards/reward_calice_de_rage.tres remapped: res://data/rewards/reward_calice_de_rage.tres
Loading resource: res://data/traits/relique_calice_de_rage.tres remapped: res://data/traits/relique_calice_de_rage.tres
Completed load for: 'res://data/traits/relique_calice_de_rage.tres' remapped 'res://data/traits/relique_calice_de_rage.tres' at thread -1
Completed load for: 'res://data/rewards/reward_calice_de_rage.tres' remapped 'res://data/rewards/reward_calice_de_rage.tres' at thread -1
Loading resource: res://data/rewards/reward_coeur_de_braise.tres remapped: res://data/rewards/reward_coeur_de_braise.tres
Loading resource: res://data/traits/relique_coeur_de_braise.tres remapped: res://data/traits/relique_coeur_de_braise.tres
Completed load for: 'res://data/traits/relique_coeur_de_braise.tres' remapped 'res://data/traits/relique_coeur_de_braise.tres' at thread -1
Completed load for: 'res://data/rewards/reward_coeur_de_braise.tres' remapped 'res://data/rewards/reward_coeur_de_braise.tres' at thread -1
Loading resource: res://data/rewards/reward_elan_brut.tres remapped: res://data/rewards/reward_elan_brut.tres
Loading resource: res://data/traits/relique_elan_brut.tres remapped: res://data/traits/relique_elan_brut.tres
Completed load for: 'res://data/traits/relique_elan_brut.tres' remapped 'res://data/traits/relique_elan_brut.tres' at thread -1
Completed load for: 'res://data/rewards/reward_elan_brut.tres' remapped 'res://data/rewards/reward_elan_brut.tres' at thread -1
Loading resource: res://data/rewards/reward_etincelle_ame.tres remapped: res://data/rewards/reward_etincelle_ame.tres
Loading resource: res://data/traits/relique_etincelle_ame.tres remapped: res://data/traits/relique_etincelle_ame.tres
Completed load for: 'res://data/traits/relique_etincelle_ame.tres' remapped 'res://data/traits/relique_etincelle_ame.tres' at thread -1
Completed load for: 'res://data/rewards/reward_etincelle_ame.tres' remapped 'res://data/rewards/reward_etincelle_ame.tres' at thread -1
Loading resource: res://data/rewards/reward_gardien_de_fer.tres remapped: res://data/rewards/reward_gardien_de_fer.tres
Loading resource: res://data/traits/relique_gardien_de_fer.tres remapped: res://data/traits/relique_gardien_de_fer.tres
Completed load for: 'res://data/traits/relique_gardien_de_fer.tres' remapped 'res://data/traits/relique_gardien_de_fer.tres' at thread -1
Completed load for: 'res://data/rewards/reward_gardien_de_fer.tres' remapped 'res://data/rewards/reward_gardien_de_fer.tres' at thread -1
Loading resource: res://data/rewards/reward_lame_d_elan.tres remapped: res://data/rewards/reward_lame_d_elan.tres
Loading resource: res://data/traits/relique_lame_d_elan.tres remapped: res://data/traits/relique_lame_d_elan.tres
Completed load for: 'res://data/traits/relique_lame_d_elan.tres' remapped 'res://data/traits/relique_lame_d_elan.tres' at thread -1
Completed load for: 'res://data/rewards/reward_lame_d_elan.tres' remapped 'res://data/rewards/reward_lame_d_elan.tres' at thread -1
Loading resource: res://data/rewards/reward_marteau_jugement.tres remapped: res://data/rewards/reward_marteau_jugement.tres
Loading resource: res://data/traits/relique_marteau_jugement.tres remapped: res://data/traits/relique_marteau_jugement.tres
Completed load for: 'res://data/traits/relique_marteau_jugement.tres' remapped 'res://data/traits/relique_marteau_jugement.tres' at thread -1
Completed load for: 'res://data/rewards/reward_marteau_jugement.tres' remapped 'res://data/rewards/reward_marteau_jugement.tres' at thread -1
Loading resource: res://data/rewards/reward_pacte_de_fer.tres remapped: res://data/rewards/reward_pacte_de_fer.tres
Loading resource: res://data/traits/relique_pacte_de_fer.tres remapped: res://data/traits/relique_pacte_de_fer.tres
Completed load for: 'res://data/traits/relique_pacte_de_fer.tres' remapped 'res://data/traits/relique_pacte_de_fer.tres' at thread -1
Completed load for: 'res://data/rewards/reward_pacte_de_fer.tres' remapped 'res://data/rewards/reward_pacte_de_fer.tres' at thread -1
Loading resource: res://data/rewards/reward_racines_de_secours.tres remapped: res://data/rewards/reward_racines_de_secours.tres
Loading resource: res://data/traits/relique_racines_de_secours.tres remapped: res://data/traits/relique_racines_de_secours.tres
Completed load for: 'res://data/traits/relique_racines_de_secours.tres' remapped 'res://data/traits/relique_racines_de_secours.tres' at thread -1
Completed load for: 'res://data/rewards/reward_racines_de_secours.tres' remapped 'res://data/rewards/reward_racines_de_secours.tres' at thread -1
Loading resource: res://data/rewards/reward_reflexe.tres remapped: res://data/rewards/reward_reflexe.tres
Loading resource: res://data/traits/relique_reflexe.tres remapped: res://data/traits/relique_reflexe.tres
Completed load for: 'res://data/traits/relique_reflexe.tres' remapped 'res://data/traits/relique_reflexe.tres' at thread -1
Completed load for: 'res://data/rewards/reward_reflexe.tres' remapped 'res://data/rewards/reward_reflexe.tres' at thread -1
Loading resource: res://data/rewards/reward_seconde_nature.tres remapped: res://data/rewards/reward_seconde_nature.tres
Loading resource: res://data/traits/relique_seconde_nature.tres remapped: res://data/traits/relique_seconde_nature.tres
Completed load for: 'res://data/traits/relique_seconde_nature.tres' remapped 'res://data/traits/relique_seconde_nature.tres' at thread -1
Completed load for: 'res://data/rewards/reward_seconde_nature.tres' remapped 'res://data/rewards/reward_seconde_nature.tres' at thread -1
Loading resource: res://data/rewards/reward_soif_de_sang.tres remapped: res://data/rewards/reward_soif_de_sang.tres
Loading resource: res://data/traits/relique_soif_de_sang.tres remapped: res://data/traits/relique_soif_de_sang.tres
Completed load for: 'res://data/traits/relique_soif_de_sang.tres' remapped 'res://data/traits/relique_soif_de_sang.tres' at thread -1
Completed load for: 'res://data/rewards/reward_soif_de_sang.tres' remapped 'res://data/rewards/reward_soif_de_sang.tres' at thread -1
Loading resource: res://data/rewards/reward_sort_aiguillon.tres remapped: res://data/rewards/reward_sort_aiguillon.tres
Loading resource: res://data/spells/draft/aiguillon.tres remapped: res://data/spells/draft/aiguillon.tres
Loading resource: res://data/status/core/vulnerable_bible.tres remapped: res://data/status/core/vulnerable_bible.tres
Completed load for: 'res://data/status/core/vulnerable_bible.tres' remapped 'res://data/status/core/vulnerable_bible.tres' at thread -1
Completed load for: 'res://data/spells/draft/aiguillon.tres' remapped 'res://data/spells/draft/aiguillon.tres' at thread -1
Completed load for: 'res://data/rewards/reward_sort_aiguillon.tres' remapped 'res://data/rewards/reward_sort_aiguillon.tres' at thread -1
Loading resource: res://data/rewards/reward_sort_appel.tres remapped: res://data/rewards/reward_sort_appel.tres
Loading resource: res://data/spells/draft/appel.tres remapped: res://data/spells/draft/appel.tres
Completed load for: 'res://data/spells/draft/appel.tres' remapped 'res://data/spells/draft/appel.tres' at thread -1
Completed load for: 'res://data/rewards/reward_sort_appel.tres' remapped 'res://data/rewards/reward_sort_appel.tres' at thread -1
Loading resource: res://data/rewards/reward_sort_banniere.tres remapped: res://data/rewards/reward_sort_banniere.tres
Loading resource: res://data/spells/draft/banniere.tres remapped: res://data/spells/draft/banniere.tres
Loading resource: res://data/terrain/banniere.tres remapped: res://data/terrain/banniere.tres
Generated 'res://asset/musique/Dungeon Draft Oath.mp3' preview in 443392 usec
Completed load for: 'res://data/terrain/banniere.tres' remapped 'res://data/terrain/banniere.tres' at thread -1
Completed load for: 'res://data/spells/draft/banniere.tres' remapped 'res://data/spells/draft/banniere.tres' at thread -1
Completed load for: 'res://data/rewards/reward_sort_banniere.tres' remapped 'res://data/rewards/reward_sort_banniere.tres' at thread -1
Loading resource: res://data/rewards/reward_sort_catalyse.tres remapped: res://data/rewards/reward_sort_catalyse.tres
Loading resource: res://data/spells/draft/catalyse.tres remapped: res://data/spells/draft/catalyse.tres
Loading resource: res://data/status/core/catalyse.tres remapped: res://data/status/core/catalyse.tres
Completed load for: 'res://data/status/core/catalyse.tres' remapped 'res://data/status/core/catalyse.tres' at thread -1
Completed load for: 'res://data/spells/draft/catalyse.tres' remapped 'res://data/spells/draft/catalyse.tres' at thread -1
Completed load for: 'res://data/rewards/reward_sort_catalyse.tres' remapped 'res://data/rewards/reward_sort_catalyse.tres' at thread -1
Loading resource: res://data/rewards/reward_sort_charge.tres remapped: res://data/rewards/reward_sort_charge.tres
Loading resource: res://data/spells/draft/charge.tres remapped: res://data/spells/draft/charge.tres
Completed load for: 'res://data/spells/draft/charge.tres' remapped 'res://data/spells/draft/charge.tres' at thread -1
Completed load for: 'res://data/rewards/reward_sort_charge.tres' remapped 'res://data/rewards/reward_sort_charge.tres' at thread -1
Loading resource: res://data/rewards/reward_sort_deflagration.tres remapped: res://data/rewards/reward_sort_deflagration.tres
Loading resource: res://data/spells/draft/deflagration.tres remapped: res://data/spells/draft/deflagration.tres
Completed load for: 'res://data/spells/draft/deflagration.tres' remapped 'res://data/spells/draft/deflagration.tres' at thread -1
Completed load for: 'res://data/rewards/reward_sort_deflagration.tres' remapped 'res://data/rewards/reward_sort_deflagration.tres' at thread -1
Loading resource: res://data/rewards/reward_sort_etincelle.tres remapped: res://data/rewards/reward_sort_etincelle.tres
Completed load for: 'res://data/rewards/reward_sort_etincelle.tres' remapped 'res://data/rewards/reward_sort_etincelle.tres' at thread -1
Loading resource: res://data/rewards/reward_sort_glaciation.tres remapped: res://data/rewards/reward_sort_glaciation.tres
Loading resource: res://data/spells/draft/glaciation.tres remapped: res://data/spells/draft/glaciation.tres
Completed load for: 'res://data/spells/draft/glaciation.tres' remapped 'res://data/spells/draft/glaciation.tres' at thread -1
Completed load for: 'res://data/rewards/reward_sort_glaciation.tres' remapped 'res://data/rewards/reward_sort_glaciation.tres' at thread -1
Loading resource: res://data/rewards/reward_sort_lien_ombre.tres remapped: res://data/rewards/reward_sort_lien_ombre.tres
Loading resource: res://data/spells/draft/lien_ombre.tres remapped: res://data/spells/draft/lien_ombre.tres
Loading resource: res://data/status/core/lien_ombre.tres remapped: res://data/status/core/lien_ombre.tres
Completed load for: 'res://data/status/core/lien_ombre.tres' remapped 'res://data/status/core/lien_ombre.tres' at thread -1
Completed load for: 'res://data/spells/draft/lien_ombre.tres' remapped 'res://data/spells/draft/lien_ombre.tres' at thread -1
Completed load for: 'res://data/rewards/reward_sort_lien_ombre.tres' remapped 'res://data/rewards/reward_sort_lien_ombre.tres' at thread -1
Loading resource: res://data/rewards/reward_sort_onde_de_choc.tres remapped: res://data/rewards/reward_sort_onde_de_choc.tres
Loading resource: res://data/spells/Guerrier/onde_de_choc.tres remapped: res://data/spells/Guerrier/onde_de_choc.tres
Completed load for: 'res://data/spells/Guerrier/onde_de_choc.tres' remapped 'res://data/spells/Guerrier/onde_de_choc.tres' at thread -1
Completed load for: 'res://data/rewards/reward_sort_onde_de_choc.tres' remapped 'res://data/rewards/reward_sort_onde_de_choc.tres' at thread -1
Loading resource: res://data/rewards/reward_sort_salve.tres remapped: res://data/rewards/reward_sort_salve.tres
Loading resource: res://data/spells/draft/salve.tres remapped: res://data/spells/draft/salve.tres
Completed load for: 'res://data/spells/draft/salve.tres' remapped 'res://data/spells/draft/salve.tres' at thread -1
Completed load for: 'res://data/rewards/reward_sort_salve.tres' remapped 'res://data/rewards/reward_sort_salve.tres' at thread -1
Loading resource: res://data/rewards/reward_sort_sceau.tres remapped: res://data/rewards/reward_sort_sceau.tres
Loading resource: res://data/spells/draft/sceau.tres remapped: res://data/spells/draft/sceau.tres
Loading resource: res://data/terrain/rune_amplification.tres remapped: res://data/terrain/rune_amplification.tres
Completed load for: 'res://data/terrain/rune_amplification.tres' remapped 'res://data/terrain/rune_amplification.tres' at thread -1
Completed load for: 'res://data/spells/draft/sceau.tres' remapped 'res://data/spells/draft/sceau.tres' at thread -1
Completed load for: 'res://data/rewards/reward_sort_sceau.tres' remapped 'res://data/rewards/reward_sort_sceau.tres' at thread -1
Loading resource: res://data/rewards/reward_sort_second_souffle.tres remapped: res://data/rewards/reward_sort_second_souffle.tres
Loading resource: res://data/spells/draft/second_souffle.tres remapped: res://data/spells/draft/second_souffle.tres
Completed load for: 'res://data/spells/draft/second_souffle.tres' remapped 'res://data/spells/draft/second_souffle.tres' at thread -1
Completed load for: 'res://data/rewards/reward_sort_second_souffle.tres' remapped 'res://data/rewards/reward_sort_second_souffle.tres' at thread -1
Loading resource: res://data/rewards/reward_sort_vague.tres remapped: res://data/rewards/reward_sort_vague.tres
Loading resource: res://data/spells/draft/vague.tres remapped: res://data/spells/draft/vague.tres
Loading resource: res://data/terrain/eau.tres remapped: res://data/terrain/eau.tres
Loading resource: res://data/status/core/mouille.tres remapped: res://data/status/core/mouille.tres
Completed load for: 'res://data/status/core/mouille.tres' remapped 'res://data/status/core/mouille.tres' at thread -1
Completed load for: 'res://data/terrain/eau.tres' remapped 'res://data/terrain/eau.tres' at thread -1
Completed load for: 'res://data/spells/draft/vague.tres' remapped 'res://data/spells/draft/vague.tres' at thread -1
Completed load for: 'res://data/rewards/reward_sort_vague.tres' remapped 'res://data/rewards/reward_sort_vague.tres' at thread -1
Loading resource: res://data/rewards/reward_stigmates.tres remapped: res://data/rewards/reward_stigmates.tres
Loading resource: res://data/traits/relique_stigmates.tres remapped: res://data/traits/relique_stigmates.tres
Completed load for: 'res://data/traits/relique_stigmates.tres' remapped 'res://data/traits/relique_stigmates.tres' at thread -1
Completed load for: 'res://data/rewards/reward_stigmates.tres' remapped 'res://data/rewards/reward_stigmates.tres' at thread -1
Loading resource: res://data/rewards/reward_vengeance.tres remapped: res://data/rewards/reward_vengeance.tres
Loading resource: res://data/traits/vengeance.tres remapped: res://data/traits/vengeance.tres
Completed load for: 'res://data/traits/vengeance.tres' remapped 'res://data/traits/vengeance.tres' at thread -1
Completed load for: 'res://data/rewards/reward_vengeance.tres' remapped 'res://data/rewards/reward_vengeance.tres' at thread -1
Loading resource: res://data/rewards/vigueur.tres remapped: res://data/rewards/vigueur.tres
Completed load for: 'res://data/rewards/vigueur.tres' remapped 'res://data/rewards/vigueur.tres' at thread -1
Loading resource: res://data/rewards/reward_coup_epaule_enflamme.tres remapped: res://data/rewards/reward_coup_epaule_enflamme.tres
Loading resource: res://data/traits/reward_epaule_enflamme.tres remapped: res://data/traits/reward_epaule_enflamme.tres
Loading resource: res://data/spell_mods/mod_enflamme_arrivee.tres remapped: res://data/spell_mods/mod_enflamme_arrivee.tres
Loading resource: res://data/status/core/bruleure.tres remapped: res://data/status/core/bruleure.tres
Completed load for: 'res://data/status/core/bruleure.tres' remapped 'res://data/status/core/bruleure.tres' at thread -1
Completed load for: 'res://data/spell_mods/mod_enflamme_arrivee.tres' remapped 'res://data/spell_mods/mod_enflamme_arrivee.tres' at thread -1
Completed load for: 'res://data/traits/reward_epaule_enflamme.tres' remapped 'res://data/traits/reward_epaule_enflamme.tres' at thread -1
Completed load for: 'res://data/rewards/reward_coup_epaule_enflamme.tres' remapped 'res://data/rewards/reward_coup_epaule_enflamme.tres' at thread -1
Loading resource: res://data/relics/balance_anubis.tres remapped: res://data/relics/balance_anubis.tres
Completed load for: 'res://data/relics/balance_anubis.tres' remapped 'res://data/relics/balance_anubis.tres' at thread -1
Loading resource: res://data/relics/braise_persistante.tres remapped: res://data/relics/braise_persistante.tres
Loading resource: res://data/traits/relique_braise_persistante.tres remapped: res://data/traits/relique_braise_persistante.tres
Completed load for: 'res://data/traits/relique_braise_persistante.tres' remapped 'res://data/traits/relique_braise_persistante.tres' at thread -1
Completed load for: 'res://data/relics/braise_persistante.tres' remapped 'res://data/relics/braise_persistante.tres' at thread -1
Loading resource: res://data/relics/calice_rage.tres remapped: res://data/relics/calice_rage.tres
Completed load for: 'res://data/relics/calice_rage.tres' remapped 'res://data/relics/calice_rage.tres' at thread -1
Loading resource: res://data/relics/catalyseur.tres remapped: res://data/relics/catalyseur.tres
Completed load for: 'res://data/relics/catalyseur.tres' remapped 'res://data/relics/catalyseur.tres' at thread -1
Loading resource: res://data/relics/choeur.tres remapped: res://data/relics/choeur.tres
Completed load for: 'res://data/relics/choeur.tres' remapped 'res://data/relics/choeur.tres' at thread -1
Loading resource: res://data/relics/coeur_de_braise.tres remapped: res://data/relics/coeur_de_braise.tres
Completed load for: 'res://data/relics/coeur_de_braise.tres' remapped 'res://data/relics/coeur_de_braise.tres' at thread -1
Loading resource: res://data/relics/contre_garde.tres remapped: res://data/relics/contre_garde.tres
Completed load for: 'res://data/relics/contre_garde.tres' remapped 'res://data/relics/contre_garde.tres' at thread -1
Loading resource: res://data/relics/diapason.tres remapped: res://data/relics/diapason.tres
Completed load for: 'res://data/relics/diapason.tres' remapped 'res://data/relics/diapason.tres' at thread -1
Loading resource: res://data/relics/elan_brut.tres remapped: res://data/relics/elan_brut.tres
Completed load for: 'res://data/relics/elan_brut.tres' remapped 'res://data/relics/elan_brut.tres' at thread -1
Loading resource: res://data/relics/empreinte_tellurique.tres remapped: res://data/relics/empreinte_tellurique.tres
Loading resource: res://data/traits/relique_empreinte_tellurique.tres remapped: res://data/traits/relique_empreinte_tellurique.tres
Completed load for: 'res://data/traits/relique_empreinte_tellurique.tres' remapped 'res://data/traits/relique_empreinte_tellurique.tres' at thread -1
Completed load for: 'res://data/relics/empreinte_tellurique.tres' remapped 'res://data/relics/empreinte_tellurique.tres' at thread -1
Loading resource: res://data/relics/etincelle_ame.tres remapped: res://data/relics/etincelle_ame.tres
Completed load for: 'res://data/relics/etincelle_ame.tres' remapped 'res://data/relics/etincelle_ame.tres' at thread -1
Loading resource: res://data/relics/ferveur_debordante.tres remapped: res://data/relics/ferveur_debordante.tres
Completed load for: 'res://data/relics/ferveur_debordante.tres' remapped 'res://data/relics/ferveur_debordante.tres' at thread -1
Loading resource: res://data/relics/geomancien.tres remapped: res://data/relics/geomancien.tres
Completed load for: 'res://data/relics/geomancien.tres' remapped 'res://data/relics/geomancien.tres' at thread -1
Loading resource: res://data/relics/marteau_jugement.tres remapped: res://data/relics/marteau_jugement.tres
Completed load for: 'res://data/relics/marteau_jugement.tres' remapped 'res://data/relics/marteau_jugement.tres' at thread -1
Loading resource: res://data/relics/oeil_ombre.tres remapped: res://data/relics/oeil_ombre.tres
Completed load for: 'res://data/relics/oeil_ombre.tres' remapped 'res://data/relics/oeil_ombre.tres' at thread -1
Loading resource: res://data/relics/reflexe.tres remapped: res://data/relics/reflexe.tres
Completed load for: 'res://data/relics/reflexe.tres' remapped 'res://data/relics/reflexe.tres' at thread -1
Loading resource: res://data/relics/sang_froid.tres remapped: res://data/relics/sang_froid.tres
Completed load for: 'res://data/relics/sang_froid.tres' remapped 'res://data/relics/sang_froid.tres' at thread -1
Loading resource: res://data/relics/seconde_nature.tres remapped: res://data/relics/seconde_nature.tres
Completed load for: 'res://data/relics/seconde_nature.tres' remapped 'res://data/relics/seconde_nature.tres' at thread -1
Loading resource: res://data/relics/stigmates.tres remapped: res://data/relics/stigmates.tres
Completed load for: 'res://data/relics/stigmates.tres' remapped 'res://data/relics/stigmates.tres' at thread -1
Loading resource: res://data/relics/transe.tres remapped: res://data/relics/transe.tres
Completed load for: 'res://data/relics/transe.tres' remapped 'res://data/relics/transe.tres' at thread -1
Loading resource: res://data/equipment/arme_exploit_ferveur.tres remapped: res://data/equipment/arme_exploit_ferveur.tres
Completed load for: 'res://data/equipment/arme_exploit_ferveur.tres' remapped 'res://data/equipment/arme_exploit_ferveur.tres' at thread -1
Loading resource: res://data/equipment/arme_frappe_lourde_gratuite.tres remapped: res://data/equipment/arme_frappe_lourde_gratuite.tres
Completed load for: 'res://data/equipment/arme_frappe_lourde_gratuite.tres' remapped 'res://data/equipment/arme_frappe_lourde_gratuite.tres' at thread -1
Loading resource: res://data/equipment/arme_marque_vulnerable.tres remapped: res://data/equipment/arme_marque_vulnerable.tres
Completed load for: 'res://data/equipment/arme_marque_vulnerable.tres' remapped 'res://data/equipment/arme_marque_vulnerable.tres' at thread -1
Loading resource: res://data/equipment/arme_poussee_plus.tres remapped: res://data/equipment/arme_poussee_plus.tres
Completed load for: 'res://data/equipment/arme_poussee_plus.tres' remapped 'res://data/equipment/arme_poussee_plus.tres' at thread -1
Loading resource: res://data/equipment/armure_bouclier_depart.tres remapped: res://data/equipment/armure_bouclier_depart.tres
Completed load for: 'res://data/equipment/armure_bouclier_depart.tres' remapped 'res://data/equipment/armure_bouclier_depart.tres' at thread -1
Loading resource: res://data/equipment/armure_survie_letale.tres remapped: res://data/equipment/armure_survie_letale.tres
Completed load for: 'res://data/equipment/armure_survie_letale.tres' remapped 'res://data/equipment/armure_survie_letale.tres' at thread -1
Loading resource: res://data/equipment/armure_terrain_allie.tres remapped: res://data/equipment/armure_terrain_allie.tres
Completed load for: 'res://data/equipment/armure_terrain_allie.tres' remapped 'res://data/equipment/armure_terrain_allie.tres' at thread -1
Loading resource: res://data/equipment/armure_touche_ferveur.tres remapped: res://data/equipment/armure_touche_ferveur.tres
Completed load for: 'res://data/equipment/armure_touche_ferveur.tres' remapped 'res://data/equipment/armure_touche_ferveur.tres' at thread -1
Loading resource: res://data/equipment/epique_couronne_cendre.tres remapped: res://data/equipment/epique_couronne_cendre.tres
Completed load for: 'res://data/equipment/epique_couronne_cendre.tres' remapped 'res://data/equipment/epique_couronne_cendre.tres' at thread -1
Loading resource: res://data/equipment/epique_egide_martyr.tres remapped: res://data/equipment/epique_egide_martyr.tres
Completed load for: 'res://data/equipment/epique_egide_martyr.tres' remapped 'res://data/equipment/epique_egide_martyr.tres' at thread -1
Loading resource: res://data/equipment/epique_gantelet_briseur.tres remapped: res://data/equipment/epique_gantelet_briseur.tres
Completed load for: 'res://data/equipment/epique_gantelet_briseur.tres' remapped 'res://data/equipment/epique_gantelet_briseur.tres' at thread -1
Loading resource: res://data/equipment/epique_voile_spectre.tres remapped: res://data/equipment/epique_voile_spectre.tres
Completed load for: 'res://data/equipment/epique_voile_spectre.tres' remapped 'res://data/equipment/epique_voile_spectre.tres' at thread -1
Loading resource: res://data/equipment/talisman_elan_ouverture.tres remapped: res://data/equipment/talisman_elan_ouverture.tres
Completed load for: 'res://data/equipment/talisman_elan_ouverture.tres' remapped 'res://data/equipment/talisman_elan_ouverture.tres' at thread -1
Loading resource: res://data/equipment/talisman_empreinte_moins.tres remapped: res://data/equipment/talisman_empreinte_moins.tres
Completed load for: 'res://data/equipment/talisman_empreinte_moins.tres' remapped 'res://data/equipment/talisman_empreinte_moins.tres' at thread -1
Loading resource: res://data/equipment/talisman_eveil_soin.tres remapped: res://data/equipment/talisman_eveil_soin.tres
Completed load for: 'res://data/equipment/talisman_eveil_soin.tres' remapped 'res://data/equipment/talisman_eveil_soin.tres' at thread -1
Loading resource: res://data/equipment/talisman_resonance_combo.tres remapped: res://data/equipment/talisman_resonance_combo.tres
Completed load for: 'res://data/equipment/talisman_resonance_combo.tres' remapped 'res://data/equipment/talisman_resonance_combo.tres' at thread -1
Loading resource: res://data/events/autel_oublie.tres remapped: res://data/events/autel_oublie.tres
Completed load for: 'res://data/events/autel_oublie.tres' remapped 'res://data/events/autel_oublie.tres' at thread -1
Loading resource: res://data/events/champ_bataille.tres remapped: res://data/events/champ_bataille.tres
Completed load for: 'res://data/events/champ_bataille.tres' remapped 'res://data/events/champ_bataille.tres' at thread -1
Loading resource: res://data/events/forgeron_errant.tres remapped: res://data/events/forgeron_errant.tres
Completed load for: 'res://data/events/forgeron_errant.tres' remapped 'res://data/events/forgeron_errant.tres' at thread -1
Loading resource: res://data/events/mendiant.tres remapped: res://data/events/mendiant.tres
Completed load for: 'res://data/events/mendiant.tres' remapped 'res://data/events/mendiant.tres' at thread -1
Loading resource: res://data/events/pacte_ombre.tres remapped: res://data/events/pacte_ombre.tres
Completed load for: 'res://data/events/pacte_ombre.tres' remapped 'res://data/events/pacte_ombre.tres' at thread -1
Loading resource: res://data/events/reliquaire_scelle.tres remapped: res://data/events/reliquaire_scelle.tres
Completed load for: 'res://data/events/reliquaire_scelle.tres' remapped 'res://data/events/reliquaire_scelle.tres' at thread -1
Loading resource: res://data/events/source_trouble.tres remapped: res://data/events/source_trouble.tres
Completed load for: 'res://data/events/source_trouble.tres' remapped 'res://data/events/source_trouble.tres' at thread -1
Loading resource: res://data/events/stele_gravee.tres remapped: res://data/events/stele_gravee.tres
Completed load for: 'res://data/events/stele_gravee.tres' remapped 'res://data/events/stele_gravee.tres' at thread -1
Loading resource: res://data/boss_malus/charge_statique.tres remapped: res://data/boss_malus/charge_statique.tres
Completed load for: 'res://data/boss_malus/charge_statique.tres' remapped 'res://data/boss_malus/charge_statique.tres' at thread -1
Loading resource: res://data/boss_malus/devoration_temporelle.tres remapped: res://data/boss_malus/devoration_temporelle.tres
Completed load for: 'res://data/boss_malus/devoration_temporelle.tres' remapped 'res://data/boss_malus/devoration_temporelle.tres' at thread -1
Loading resource: res://data/boss_malus/jugement.tres remapped: res://data/boss_malus/jugement.tres
Completed load for: 'res://data/boss_malus/jugement.tres' remapped 'res://data/boss_malus/jugement.tres' at thread -1
Loading resource: res://data/boss_malus/reflet.tres remapped: res://data/boss_malus/reflet.tres
Completed load for: 'res://data/boss_malus/reflet.tres' remapped 'res://data/boss_malus/reflet.tres' at thread -1
Loading resource: res://data/boss_malus/regard_de_pierre.tres remapped: res://data/boss_malus/regard_de_pierre.tres
Completed load for: 'res://data/boss_malus/regard_de_pierre.tres' remapped 'res://data/boss_malus/regard_de_pierre.tres' at thread -1
Loading resource: res://data/run_nodes/acte1_boss_meduse.tres remapped: res://data/run_nodes/acte1_boss_meduse.tres
Completed load for: 'res://data/run_nodes/acte1_boss_meduse.tres' remapped 'res://data/run_nodes/acte1_boss_meduse.tres' at thread -1
Loading resource: res://data/run_nodes/acte1_combat_1.tres remapped: res://data/run_nodes/acte1_combat_1.tres
Completed load for: 'res://data/run_nodes/acte1_combat_1.tres' remapped 'res://data/run_nodes/acte1_combat_1.tres' at thread -1
Loading resource: res://data/run_nodes/acte1_elite.tres remapped: res://data/run_nodes/acte1_elite.tres
Completed load for: 'res://data/run_nodes/acte1_elite.tres' remapped 'res://data/run_nodes/acte1_elite.tres' at thread -1
Loading resource: res://data/run_nodes/acte1_repos.tres remapped: res://data/run_nodes/acte1_repos.tres
Completed load for: 'res://data/run_nodes/acte1_repos.tres' remapped 'res://data/run_nodes/acte1_repos.tres' at thread -1
Loading resource: res://data/run_nodes/acte1_tresor.tres remapped: res://data/run_nodes/acte1_tresor.tres
Completed load for: 'res://data/run_nodes/acte1_tresor.tres' remapped 'res://data/run_nodes/acte1_tresor.tres' at thread -1
Loading resource: res://data/run_nodes/event_pacte_ombre.tres remapped: res://data/run_nodes/event_pacte_ombre.tres
Completed load for: 'res://data/run_nodes/event_pacte_ombre.tres' remapped 'res://data/run_nodes/event_pacte_ombre.tres' at thread -1
Completed load for: 'res://data/runs/run_default.tres' remapped 'res://data/runs/run_default.tres' at thread -1
Loading resource: res://data/runs/elf_prototype_run.tres remapped: res://data/runs/elf_prototype_run.tres
Completed load for: 'res://data/runs/elf_prototype_run.tres' remapped 'res://data/runs/elf_prototype_run.tres' at thread -1
Loading resource: res://data/runs/three_character_validation_run.tres remapped: res://data/runs/three_character_validation_run.tres
Completed load for: 'res://data/runs/three_character_validation_run.tres' remapped 'res://data/runs/three_character_validation_run.tres' at thread -1
Completed load for: 'res://ui/titre_ecran.gd' remapped 'res://ui/titre_ecran.gd' at thread -1
Loading resource: res://ui/transition_salle.gd remapped: res://ui/transition_salle.gd
Completed load for: 'res://ui/transition_salle.gd' remapped 'res://ui/transition_salle.gd' at thread -1
Loading resource: res://gobtest.gd remapped: res://gobtest.gd
Completed load for: 'res://gobtest.gd' remapped 'res://gobtest.gd' at thread -1
Loading resource: res://main.gd remapped: res://main.gd
Completed load for: 'res://main.gd' remapped 'res://main.gd' at thread -1
Generated 'res://asset/musique/Dungeon Draft Tactics.mp3' preview in 274629 usec
Loading resource: res://asset/musique/Dungeon Draft.mp3 remapped: res://asset/musique/Dungeon Draft.mp3
Loading resource: res://.godot/imported/Dungeon Draft.mp3-47305a7014d968e0b996ed739f3131b7.mp3str remapped: res://.godot/imported/Dungeon Draft.mp3-47305a7014d968e0b996ed739f3131b7.mp3str
Completed load for: 'res://asset/musique/Dungeon Draft.mp3' remapped 'res://asset/musique/Dungeon Draft.mp3' at thread -1
Generated 'res://asset/musique/Dungeon Draft.mp3' preview in 235214 usec
Generated 'res://asset/musique/Dungeon Draft_ First Footfalls.mp3' preview in 223927 usec
Generated 'res://asset/personnage/alliés/Meshy_AI_Lumensteel_Knight_biped/Meshy_AI_Lumensteel_Knight_biped_Animation_Fall_Dead_from_Abdominal_Injury_withSkin.glb' preview in 31473 usec
Generated 'res://asset/personnage/alliés/Meshy_AI_Lumensteel_Knight_biped/Meshy_AI_Lumensteel_Knight_biped_Animation_Lower_Weapon_Look_Raise_withSkin.glb' preview in 30663 usec
Generated 'res://asset/personnage/alliés/Meshy_AI_Lumensteel_Knight_biped/Meshy_AI_Lumensteel_Knight_biped_Animation_Running_withSkin.glb' preview in 34043 usec
Generated 'res://asset/personnage/alliés/Meshy_AI_Lumensteel_Knight_biped/Meshy_AI_Lumensteel_Knight_biped_Animation_Run_02_withSkin.glb' preview in 32768 usec
Generated 'res://asset/personnage/alliés/Meshy_AI_Lumensteel_Knight_biped/Meshy_AI_Lumensteel_Knight_biped_Animation_Shouting_Angrily_withSkin.glb' preview in 32644 usec
Generated 'res://asset/personnage/alliés/Meshy_AI_Lumensteel_Knight_biped/Meshy_AI_Lumensteel_Knight_biped_Animation_Skill_01_withSkin.glb' preview in 31893 usec
Generated 'res://asset/personnage/alliés/Meshy_AI_Lumensteel_Knight_biped/Meshy_AI_Lumensteel_Knight_biped_Animation_Thrust_Slash_withSkin.glb' preview in 34756 usec
Generated 'res://asset/personnage/alliés/Meshy_AI_Lumensteel_Knight_biped/Meshy_AI_Lumensteel_Knight_biped_Animation_Walking_withSkin.glb' preview in 33482 usec
Loading resource: res://asset/personnage/alliés/473.png remapped: res://asset/personnage/alliés/473.png
Loading resource: res://.godot/imported/473.png-470aa2e3da292a73e47446bb8d11a4f4.ctex remapped: res://.godot/imported/473.png-470aa2e3da292a73e47446bb8d11a4f4.ctex
Completed load for: 'res://asset/personnage/alliés/473.png' remapped 'res://asset/personnage/alliés/473.png' at thread -1
Generated 'res://asset/personnage/alliés/473.png' preview in 42001 usec
Loading resource: res://asset/personnage/alliés/474.png remapped: res://asset/personnage/alliés/474.png
Loading resource: res://.godot/imported/474.png-eb0a6024250fd9bc8f47db2713ef43e3.ctex remapped: res://.godot/imported/474.png-eb0a6024250fd9bc8f47db2713ef43e3.ctex
Completed load for: 'res://asset/personnage/alliés/474.png' remapped 'res://asset/personnage/alliés/474.png' at thread -1
Generated 'res://asset/personnage/alliés/474.png' preview in 20011 usec
Loading resource: res://asset/personnage/alliés/475.png remapped: res://asset/personnage/alliés/475.png
Loading resource: res://.godot/imported/475.png-2399274c159b463abb2368631330b598.ctex remapped: res://.godot/imported/475.png-2399274c159b463abb2368631330b598.ctex
Completed load for: 'res://asset/personnage/alliés/475.png' remapped 'res://asset/personnage/alliés/475.png' at thread -1
Generated 'res://asset/personnage/alliés/475.png' preview in 22532 usec
Loading resource: res://asset/personnage/alliés/479.png remapped: res://asset/personnage/alliés/479.png
Loading resource: res://.godot/imported/479.png-89d7715f06f12dfe66f6d3b4fb44e2f3.ctex remapped: res://.godot/imported/479.png-89d7715f06f12dfe66f6d3b4fb44e2f3.ctex
Completed load for: 'res://asset/personnage/alliés/479.png' remapped 'res://asset/personnage/alliés/479.png' at thread -1
Generated 'res://asset/personnage/alliés/479.png' preview in 22261 usec
Generated 'res://asset/personnage/alliés/480.png' preview in 17552 usec
Loading resource: res://asset/personnage/alliés/481.png remapped: res://asset/personnage/alliés/481.png
Loading resource: res://.godot/imported/481.png-41d6ac261271b4b8357f41b0279d58c6.ctex remapped: res://.godot/imported/481.png-41d6ac261271b4b8357f41b0279d58c6.ctex
Completed load for: 'res://asset/personnage/alliés/481.png' remapped 'res://asset/personnage/alliés/481.png' at thread -1
Generated 'res://asset/personnage/alliés/481.png' preview in 25994 usec
Loading resource: res://asset/personnage/alliés/482.png remapped: res://asset/personnage/alliés/482.png
Loading resource: res://.godot/imported/482.png-bfc2875a1098636308b177d67ba46bda.ctex remapped: res://.godot/imported/482.png-bfc2875a1098636308b177d67ba46bda.ctex
Completed load for: 'res://asset/personnage/alliés/482.png' remapped 'res://asset/personnage/alliés/482.png' at thread -1
Generated 'res://asset/personnage/alliés/482.png' preview in 23983 usec
Loading resource: res://asset/personnage/alliés/483.png remapped: res://asset/personnage/alliés/483.png
Loading resource: res://.godot/imported/483.png-534ec5d40983cbe5bf738a8461dc378e.ctex remapped: res://.godot/imported/483.png-534ec5d40983cbe5bf738a8461dc378e.ctex
Completed load for: 'res://asset/personnage/alliés/483.png' remapped 'res://asset/personnage/alliés/483.png' at thread -1
Generated 'res://asset/personnage/alliés/483.png' preview in 105903 usec
Loading resource: res://asset/personnage/alliés/484.png remapped: res://asset/personnage/alliés/484.png
Loading resource: res://.godot/imported/484.png-8ecd75406d0d98c43cde186d301f65cf.ctex remapped: res://.godot/imported/484.png-8ecd75406d0d98c43cde186d301f65cf.ctex
Completed load for: 'res://asset/personnage/alliés/484.png' remapped 'res://asset/personnage/alliés/484.png' at thread -1
Generated 'res://asset/personnage/alliés/484.png' preview in 21595 usec
Loading resource: res://asset/personnage/alliés/485.png remapped: res://asset/personnage/alliés/485.png
Loading resource: res://.godot/imported/485.png-d94b2a4278c6aa6e307dd5503365ec15.ctex remapped: res://.godot/imported/485.png-d94b2a4278c6aa6e307dd5503365ec15.ctex
Completed load for: 'res://asset/personnage/alliés/485.png' remapped 'res://asset/personnage/alliés/485.png' at thread -1
Generated 'res://asset/personnage/alliés/485.png' preview in 22756 usec
Loading resource: res://asset/personnage/alliés/486.png remapped: res://asset/personnage/alliés/486.png
Loading resource: res://.godot/imported/486.png-b64ccd5c808aadd86352ad5073d1edcb.ctex remapped: res://.godot/imported/486.png-b64ccd5c808aadd86352ad5073d1edcb.ctex
Completed load for: 'res://asset/personnage/alliés/486.png' remapped 'res://asset/personnage/alliés/486.png' at thread -1
Generated 'res://asset/personnage/alliés/486.png' preview in 18171 usec
Loading resource: res://asset/personnage/alliés/487.png remapped: res://asset/personnage/alliés/487.png
Loading resource: res://.godot/imported/487.png-c81b6f09951e42995025ed66b44ea882.ctex remapped: res://.godot/imported/487.png-c81b6f09951e42995025ed66b44ea882.ctex
Completed load for: 'res://asset/personnage/alliés/487.png' remapped 'res://asset/personnage/alliés/487.png' at thread -1
Generated 'res://asset/personnage/alliés/487.png' preview in 19454 usec
Loading resource: res://asset/personnage/alliés/488.png remapped: res://asset/personnage/alliés/488.png
Loading resource: res://.godot/imported/488.png-262a0113aa83f0de13d7c3dfbe0df7dd.ctex remapped: res://.godot/imported/488.png-262a0113aa83f0de13d7c3dfbe0df7dd.ctex
Completed load for: 'res://asset/personnage/alliés/488.png' remapped 'res://asset/personnage/alliés/488.png' at thread -1
Generated 'res://asset/personnage/alliés/488.png' preview in 17482 usec
Loading resource: res://asset/personnage/alliés/489.png remapped: res://asset/personnage/alliés/489.png
Loading resource: res://.godot/imported/489.png-caa79d8319ab1081748c73a709bf8b43.ctex remapped: res://.godot/imported/489.png-caa79d8319ab1081748c73a709bf8b43.ctex
Completed load for: 'res://asset/personnage/alliés/489.png' remapped 'res://asset/personnage/alliés/489.png' at thread -1
Generated 'res://asset/personnage/alliés/489.png' preview in 17989 usec
Loading resource: res://asset/personnage/alliés/490.png remapped: res://asset/personnage/alliés/490.png
Loading resource: res://.godot/imported/490.png-475d8821a6fddece61a015f55ba429cb.ctex remapped: res://.godot/imported/490.png-475d8821a6fddece61a015f55ba429cb.ctex
Completed load for: 'res://asset/personnage/alliés/490.png' remapped 'res://asset/personnage/alliés/490.png' at thread -1
Generated 'res://asset/personnage/alliés/490.png' preview in 17973 usec
Loading resource: res://asset/personnage/alliés/491.png remapped: res://asset/personnage/alliés/491.png
Loading resource: res://.godot/imported/491.png-e020463a8e61fb4faeee428d2a249710.ctex remapped: res://.godot/imported/491.png-e020463a8e61fb4faeee428d2a249710.ctex
Completed load for: 'res://asset/personnage/alliés/491.png' remapped 'res://asset/personnage/alliés/491.png' at thread -1
Generated 'res://asset/personnage/alliés/491.png' preview in 18713 usec
Loading resource: res://asset/personnage/alliés/492.png remapped: res://asset/personnage/alliés/492.png
Loading resource: res://.godot/imported/492.png-6f9eb360737311ea4675e099afb56d67.ctex remapped: res://.godot/imported/492.png-6f9eb360737311ea4675e099afb56d67.ctex
Completed load for: 'res://asset/personnage/alliés/492.png' remapped 'res://asset/personnage/alliés/492.png' at thread -1
Generated 'res://asset/personnage/alliés/492.png' preview in 19678 usec
Generated 'res://asset/personnage/alliés/493.png' preview in 12581 usec
Loading resource: res://asset/personnage/alliés/494.png remapped: res://asset/personnage/alliés/494.png
Loading resource: res://.godot/imported/494.png-c034a5a6adaa34150407ae6097ffe625.ctex remapped: res://.godot/imported/494.png-c034a5a6adaa34150407ae6097ffe625.ctex
Completed load for: 'res://asset/personnage/alliés/494.png' remapped 'res://asset/personnage/alliés/494.png' at thread -1
Generated 'res://asset/personnage/alliés/494.png' preview in 19480 usec
Generated 'res://asset/personnage/alliés/495.png' preview in 11246 usec
Loading resource: res://asset/personnage/alliés/496.png remapped: res://asset/personnage/alliés/496.png
Loading resource: res://.godot/imported/496.png-16ca3ece8cec8fc6e2a4731404434013.ctex remapped: res://.godot/imported/496.png-16ca3ece8cec8fc6e2a4731404434013.ctex
Completed load for: 'res://asset/personnage/alliés/496.png' remapped 'res://asset/personnage/alliés/496.png' at thread -1
Generated 'res://asset/personnage/alliés/496.png' preview in 17602 usec
Loading resource: res://asset/personnage/alliés/497.png remapped: res://asset/personnage/alliés/497.png
Loading resource: res://.godot/imported/497.png-2d07f0de2848637e8af6499d54361bcd.ctex remapped: res://.godot/imported/497.png-2d07f0de2848637e8af6499d54361bcd.ctex
Completed load for: 'res://asset/personnage/alliés/497.png' remapped 'res://asset/personnage/alliés/497.png' at thread -1
Generated 'res://asset/personnage/alliés/497.png' preview in 15298 usec
Loading resource: res://asset/personnage/alliés/498.png remapped: res://asset/personnage/alliés/498.png
Loading resource: res://.godot/imported/498.png-26ad04b5a605b041d17563c49fcd7d62.ctex remapped: res://.godot/imported/498.png-26ad04b5a605b041d17563c49fcd7d62.ctex
Completed load for: 'res://asset/personnage/alliés/498.png' remapped 'res://asset/personnage/alliés/498.png' at thread -1
Generated 'res://asset/personnage/alliés/498.png' preview in 21211 usec
Loading resource: res://asset/personnage/alliés/499.png remapped: res://asset/personnage/alliés/499.png
Loading resource: res://.godot/imported/499.png-964952e0a523c75bf6ca4d51e90fda6c.ctex remapped: res://.godot/imported/499.png-964952e0a523c75bf6ca4d51e90fda6c.ctex
Completed load for: 'res://asset/personnage/alliés/499.png' remapped 'res://asset/personnage/alliés/499.png' at thread -1
Generated 'res://asset/personnage/alliés/499.png' preview in 48805 usec
Generated 'res://asset/personnage/alliés/500.png' preview in 15328 usec
Loading resource: res://asset/personnage/alliés/501.png remapped: res://asset/personnage/alliés/501.png
Loading resource: res://.godot/imported/501.png-f0d083ac51d919d90a72fd151ae241b5.ctex remapped: res://.godot/imported/501.png-f0d083ac51d919d90a72fd151ae241b5.ctex
Completed load for: 'res://asset/personnage/alliés/501.png' remapped 'res://asset/personnage/alliés/501.png' at thread -1
Generated 'res://asset/personnage/alliés/501.png' preview in 93589 usec
Loading resource: res://asset/personnage/alliés/505.png remapped: res://asset/personnage/alliés/505.png
Loading resource: res://.godot/imported/505.png-f2c31de81ca869bc9e6ab7fd99fd5842.ctex remapped: res://.godot/imported/505.png-f2c31de81ca869bc9e6ab7fd99fd5842.ctex
Completed load for: 'res://asset/personnage/alliés/505.png' remapped 'res://asset/personnage/alliés/505.png' at thread -1
Generated 'res://asset/personnage/alliés/505.png' preview in 19846 usec
Generated 'res://asset/personnage/ennemi/goebleinscenario.png' preview in 34994 usec
Loading resource: res://asset/personnage/ennemi/pyromage.png remapped: res://asset/personnage/ennemi/pyromage.png
Loading resource: res://.godot/imported/pyromage.png-be6ba4d896b6b6b970612f9de1b5db94.ctex remapped: res://.godot/imported/pyromage.png-be6ba4d896b6b6b970612f9de1b5db94.ctex
Completed load for: 'res://asset/personnage/ennemi/pyromage.png' remapped 'res://asset/personnage/ennemi/pyromage.png' at thread -1
Generated 'res://asset/personnage/ennemi/pyromage.png' preview in 52758 usec
Loading resource: res://asset/personnage/ennemi/pyromagev2.png remapped: res://asset/personnage/ennemi/pyromagev2.png
Loading resource: res://.godot/imported/pyromagev2.png-7843ed14599cb0eec19209c1f4a8818d.ctex remapped: res://.godot/imported/pyromagev2.png-7843ed14599cb0eec19209c1f4a8818d.ctex
Completed load for: 'res://asset/personnage/ennemi/pyromagev2.png' remapped 'res://asset/personnage/ennemi/pyromagev2.png' at thread -1
Generated 'res://asset/personnage/ennemi/pyromagev2.png' preview in 64981 usec
Loading resource: res://asset/personnage/ennemi/pyromagev3.png remapped: res://asset/personnage/ennemi/pyromagev3.png
Loading resource: res://.godot/imported/pyromagev3.png-9c871b7582e1000cbc41693f2027bb8e.ctex remapped: res://.godot/imported/pyromagev3.png-9c871b7582e1000cbc41693f2027bb8e.ctex
Completed load for: 'res://asset/personnage/ennemi/pyromagev3.png' remapped 'res://asset/personnage/ennemi/pyromagev3.png' at thread -1
Generated 'res://asset/personnage/ennemi/pyromagev3.png' preview in 146337 usec
Generated 'res://asset/personnage/ennemi/pyromagev4.png' preview in 19518 usec
Generated 'res://asset/shaders/environment/brume_vallee.gdshader' preview in 24 usec
Generated 'res://asset/shaders/environment/drapeau_vent.gdshader' preview in 20 usec
Generated 'res://asset/shaders/environment/fumee.gdshader' preview in 19 usec
Generated 'res://asset/shaders/environment/lumiere_diffuse.gdshader' preview in 17 usec
Generated 'res://asset/shaders/environment/rayons_lumiere.gdshader' preview in 9 usec
Generated 'res://asset/shaders/environment/rayons_lumiere_concentré.gdshader' preview in 27 usec
Generated 'res://asset/shaders/spells/boule_de_feu.gdshader' preview in 12 usec
Generated 'res://asset/sorts/elfe_arc_magique/Meshy_AI_14c3045b0900c06574f6024efd69c66673616be737a9e7d89fb95c8a4c3b20e9.png' preview in 23956 usec
Generated 'res://asset/sorts/elfe_arc_magique/Meshy_AI_58e7958069a2b17a3131699f250e88716204d958abe9618c90aed37df322a7a3.png' preview in 16968 usec
Generated 'res://asset/sorts/elfe_arc_magique/Meshy_AI_fa41a3267447c0eff9de1c960eec9ecfc15bffa2d3ff2d4c633f568a57b44b19 (1).png' preview in 26331 usec
Generated 'res://asset/sorts/elfe_ronce/elf_magic_ronce_impact (1).tscn' preview in 45 usec
Generated 'res://asset/sorts/elfe_ronce/elf_magic_ronce_impact.tscn' preview in 31 usec
Loading resource: res://asset/sorts/elfe_ronce/elf_magic_ronce_impact_sheet (1).png remapped: res://asset/sorts/elfe_ronce/elf_magic_ronce_impact_sheet (1).png
Loading resource: res://.godot/imported/elf_magic_ronce_impact_sheet (1).png-f53494c27255fe253e9aae54e673ab72.ctex remapped: res://.godot/imported/elf_magic_ronce_impact_sheet (1).png-f53494c27255fe253e9aae54e673ab72.ctex
Completed load for: 'res://asset/sorts/elfe_ronce/elf_magic_ronce_impact_sheet (1).png' remapped 'res://asset/sorts/elfe_ronce/elf_magic_ronce_impact_sheet (1).png' at thread -1
Generated 'res://asset/sorts/elfe_ronce/elf_magic_ronce_impact_sheet (1).png' preview in 104959 usec
Generated 'res://asset/sorts/elfe_ronce/roncesvfx.tscn' preview in 46 usec
Generated 'res://asset/sorts/tempete_orageuse/tempete_orageuse_vfx_preview.tscn' preview in 41 usec
Generated 'res://asset/sorts/tempete_orageuse/tex_storm_cloud.png.png' preview in 19540 usec
Generated 'res://asset/sorts/tempete_orageuse/tex_storm_ground_impact.png.png' preview in 19682 usec
Generated 'res://asset/sorts/tempete_orageuse/tex_storm_lightning_cluster.png.png' preview in 20408 usec
Generated 'res://asset/ui/character_hud/generated/v2/gold_end_turn_button.png' preview in 9595 usec
Generated 'res://asset/ui/character_hud/generated/v2/gold_health_bar_frame.png' preview in 8384 usec
Generated 'res://asset/ui/character_hud/generated/v2/hud_v2_manifest.json' preview in 677 usec
Generated 'res://asset/ui/character_hud/generated/v2/spell_frame_archer.png' preview in 18725 usec
Generated 'res://asset/ui/character_hud/generated/v2/spell_frame_assassin.png' preview in 21288 usec
Generated 'res://asset/ui/character_hud/generated/v2/spell_frame_healer.png' preview in 17477 usec
Generated 'res://asset/ui/character_hud/generated/v2/spell_frame_mage.png' preview in 18310 usec
Generated 'res://asset/ui/character_hud/generated/elf_character_bar.png' preview in 10829 usec
Generated 'res://asset/ui/character_hud/generated/elf_hunter_emblem.png' preview in 13130 usec
Loading resource: res://asset/ui/character_hud/generated/spell_icons_atlas.png remapped: res://asset/ui/character_hud/generated/spell_icons_atlas.png
Loading resource: res://.godot/imported/spell_icons_atlas.png-65a93c96db14601fda78c1019d1de95c.ctex remapped: res://.godot/imported/spell_icons_atlas.png-65a93c96db14601fda78c1019d1de95c.ctex
Completed load for: 'res://asset/ui/character_hud/generated/spell_icons_atlas.png' remapped 'res://asset/ui/character_hud/generated/spell_icons_atlas.png' at thread -1
Generated 'res://asset/ui/character_hud/generated/spell_icons_atlas.png' preview in 32391 usec
Generated 'res://asset/ui/character_hud/generated/spell_icons_manifest.json' preview in 572 usec
Loading resource: res://asset/ui/character_hud/generated/spell_icon_r00_c00.png remapped: res://asset/ui/character_hud/generated/spell_icon_r00_c00.png
Loading resource: res://.godot/imported/spell_icon_r00_c00.png-720250cdfa0324ca53cb658de8286247.ctex remapped: res://.godot/imported/spell_icon_r00_c00.png-720250cdfa0324ca53cb658de8286247.ctex
Completed load for: 'res://asset/ui/character_hud/generated/spell_icon_r00_c00.png' remapped 'res://asset/ui/character_hud/generated/spell_icon_r00_c00.png' at thread -1
Generated 'res://asset/ui/character_hud/generated/spell_icon_r00_c00.png' preview in 13722 usec
Loading resource: res://asset/ui/character_hud/generated/spell_icon_r00_c01.png remapped: res://asset/ui/character_hud/generated/spell_icon_r00_c01.png
Loading resource: res://.godot/imported/spell_icon_r00_c01.png-4db03713d36c4b4e84cb7038533aedff.ctex remapped: res://.godot/imported/spell_icon_r00_c01.png-4db03713d36c4b4e84cb7038533aedff.ctex
Completed load for: 'res://asset/ui/character_hud/generated/spell_icon_r00_c01.png' remapped 'res://asset/ui/character_hud/generated/spell_icon_r00_c01.png' at thread -1
Generated 'res://asset/ui/character_hud/generated/spell_icon_r00_c01.png' preview in 13377 usec
Loading resource: res://asset/ui/character_hud/generated/spell_icon_r00_c02.png remapped: res://asset/ui/character_hud/generated/spell_icon_r00_c02.png
Loading resource: res://.godot/imported/spell_icon_r00_c02.png-c9d5a2f788cd248d7d964494a997f2fd.ctex remapped: res://.godot/imported/spell_icon_r00_c02.png-c9d5a2f788cd248d7d964494a997f2fd.ctex
Completed load for: 'res://asset/ui/character_hud/generated/spell_icon_r00_c02.png' remapped 'res://asset/ui/character_hud/generated/spell_icon_r00_c02.png' at thread -1
Generated 'res://asset/ui/character_hud/generated/spell_icon_r00_c02.png' preview in 15137 usec
Loading resource: res://asset/ui/character_hud/generated/spell_icon_r00_c03.png remapped: res://asset/ui/character_hud/generated/spell_icon_r00_c03.png
Loading resource: res://.godot/imported/spell_icon_r00_c03.png-e1b357c2b489c42c70d51ed09d28ce18.ctex remapped: res://.godot/imported/spell_icon_r00_c03.png-e1b357c2b489c42c70d51ed09d28ce18.ctex
Completed load for: 'res://asset/ui/character_hud/generated/spell_icon_r00_c03.png' remapped 'res://asset/ui/character_hud/generated/spell_icon_r00_c03.png' at thread -1
Generated 'res://asset/ui/character_hud/generated/spell_icon_r00_c03.png' preview in 15799 usec
Loading resource: res://asset/ui/character_hud/generated/spell_icon_r00_c04.png remapped: res://asset/ui/character_hud/generated/spell_icon_r00_c04.png
Loading resource: res://.godot/imported/spell_icon_r00_c04.png-7906f873778ff99302b050e7c5a7e161.ctex remapped: res://.godot/imported/spell_icon_r00_c04.png-7906f873778ff99302b050e7c5a7e161.ctex
Completed load for: 'res://asset/ui/character_hud/generated/spell_icon_r00_c04.png' remapped 'res://asset/ui/character_hud/generated/spell_icon_r00_c04.png' at thread -1
Generated 'res://asset/ui/character_hud/generated/spell_icon_r00_c04.png' preview in 14319 usec
Generated 'res://asset/ui/character_hud/generated/spell_icon_r00_c05.png' preview in 11210 usec
Loading resource: res://asset/ui/character_hud/generated/spell_icon_r01_c00.png remapped: res://asset/ui/character_hud/generated/spell_icon_r01_c00.png
Loading resource: res://.godot/imported/spell_icon_r01_c00.png-f99c9698dc020c1b42c0a52365ad0c19.ctex remapped: res://.godot/imported/spell_icon_r01_c00.png-f99c9698dc020c1b42c0a52365ad0c19.ctex
Completed load for: 'res://asset/ui/character_hud/generated/spell_icon_r01_c00.png' remapped 'res://asset/ui/character_hud/generated/spell_icon_r01_c00.png' at thread -1
Generated 'res://asset/ui/character_hud/generated/spell_icon_r01_c00.png' preview in 13551 usec
Loading resource: res://asset/ui/character_hud/generated/spell_icon_r01_c01.png remapped: res://asset/ui/character_hud/generated/spell_icon_r01_c01.png
Loading resource: res://.godot/imported/spell_icon_r01_c01.png-ef1f70b40b8f2731d090fc7568a9cd6d.ctex remapped: res://.godot/imported/spell_icon_r01_c01.png-ef1f70b40b8f2731d090fc7568a9cd6d.ctex
Completed load for: 'res://asset/ui/character_hud/generated/spell_icon_r01_c01.png' remapped 'res://asset/ui/character_hud/generated/spell_icon_r01_c01.png' at thread -1
Generated 'res://asset/ui/character_hud/generated/spell_icon_r01_c01.png' preview in 12282 usec
Loading resource: res://asset/ui/character_hud/generated/spell_icon_r01_c02.png remapped: res://asset/ui/character_hud/generated/spell_icon_r01_c02.png
Loading resource: res://.godot/imported/spell_icon_r01_c02.png-8ccba8357c7182ec9ecfc8de918c1a3a.ctex remapped: res://.godot/imported/spell_icon_r01_c02.png-8ccba8357c7182ec9ecfc8de918c1a3a.ctex
Completed load for: 'res://asset/ui/character_hud/generated/spell_icon_r01_c02.png' remapped 'res://asset/ui/character_hud/generated/spell_icon_r01_c02.png' at thread -1
Generated 'res://asset/ui/character_hud/generated/spell_icon_r01_c02.png' preview in 12641 usec
Generated 'res://asset/ui/character_hud/generated/spell_icon_r01_c03.png' preview in 12123 usec
Generated 'res://asset/ui/character_hud/generated/spell_icon_r01_c04.png' preview in 11932 usec
Generated 'res://asset/ui/character_hud/generated/spell_icon_r01_c05.png' preview in 11791 usec
Generated 'res://asset/ui/character_hud/generated/spell_icon_r02_c00.png' preview in 11052 usec
Loading resource: res://asset/ui/character_hud/generated/spell_icon_r02_c01.png remapped: res://asset/ui/character_hud/generated/spell_icon_r02_c01.png
Loading resource: res://.godot/imported/spell_icon_r02_c01.png-f39d46e477345aba184b5739e38c95b4.ctex remapped: res://.godot/imported/spell_icon_r02_c01.png-f39d46e477345aba184b5739e38c95b4.ctex
Completed load for: 'res://asset/ui/character_hud/generated/spell_icon_r02_c01.png' remapped 'res://asset/ui/character_hud/generated/spell_icon_r02_c01.png' at thread -1
Generated 'res://asset/ui/character_hud/generated/spell_icon_r02_c01.png' preview in 12057 usec
Generated 'res://asset/ui/character_hud/generated/spell_icon_r02_c02.png' preview in 13689 usec
Generated 'res://asset/ui/character_hud/generated/spell_icon_r02_c03.png' preview in 12114 usec
Generated 'res://asset/ui/character_hud/generated/spell_icon_r02_c04.png' preview in 11203 usec
Generated 'res://asset/ui/character_hud/generated/spell_icon_r02_c05.png' preview in 14736 usec
Loading resource: res://asset/ui/character_hud/generated/spell_icon_r03_c00.png remapped: res://asset/ui/character_hud/generated/spell_icon_r03_c00.png
Loading resource: res://.godot/imported/spell_icon_r03_c00.png-063bc56aa2b732e26875c0ad81dc87c1.ctex remapped: res://.godot/imported/spell_icon_r03_c00.png-063bc56aa2b732e26875c0ad81dc87c1.ctex
Completed load for: 'res://asset/ui/character_hud/generated/spell_icon_r03_c00.png' remapped 'res://asset/ui/character_hud/generated/spell_icon_r03_c00.png' at thread -1
Generated 'res://asset/ui/character_hud/generated/spell_icon_r03_c00.png' preview in 17552 usec
Generated 'res://asset/ui/character_hud/generated/spell_icon_r03_c01.png' preview in 15598 usec
Generated 'res://asset/ui/character_hud/generated/spell_icon_r03_c02.png' preview in 16440 usec
Generated 'res://asset/ui/character_hud/generated/spell_icon_r03_c03.png' preview in 15754 usec
Loading resource: res://asset/ui/character_hud/generated/spell_icon_r03_c04.png remapped: res://asset/ui/character_hud/generated/spell_icon_r03_c04.png
Loading resource: res://.godot/imported/spell_icon_r03_c04.png-afcfde1b6d7db2ce6954282cedf08aea.ctex remapped: res://.godot/imported/spell_icon_r03_c04.png-afcfde1b6d7db2ce6954282cedf08aea.ctex
Completed load for: 'res://asset/ui/character_hud/generated/spell_icon_r03_c04.png' remapped 'res://asset/ui/character_hud/generated/spell_icon_r03_c04.png' at thread -1
Generated 'res://asset/ui/character_hud/generated/spell_icon_r03_c04.png' preview in 16239 usec
Loading resource: res://asset/ui/character_hud/generated/spell_icon_r03_c05.png remapped: res://asset/ui/character_hud/generated/spell_icon_r03_c05.png
Loading resource: res://.godot/imported/spell_icon_r03_c05.png-4786669833fb0ae1943d18c4dfbae091.ctex remapped: res://.godot/imported/spell_icon_r03_c05.png-4786669833fb0ae1943d18c4dfbae091.ctex
Completed load for: 'res://asset/ui/character_hud/generated/spell_icon_r03_c05.png' remapped 'res://asset/ui/character_hud/generated/spell_icon_r03_c05.png' at thread -1
Generated 'res://asset/ui/character_hud/generated/spell_icon_r03_c05.png' preview in 17128 usec
Loading resource: res://asset/ui/character_hud/generated/spell_icon_r04_c00.png remapped: res://asset/ui/character_hud/generated/spell_icon_r04_c00.png
Loading resource: res://.godot/imported/spell_icon_r04_c00.png-4743b24ec2454e1f499bcc4bcae5b47c.ctex remapped: res://.godot/imported/spell_icon_r04_c00.png-4743b24ec2454e1f499bcc4bcae5b47c.ctex
Completed load for: 'res://asset/ui/character_hud/generated/spell_icon_r04_c00.png' remapped 'res://asset/ui/character_hud/generated/spell_icon_r04_c00.png' at thread -1
Generated 'res://asset/ui/character_hud/generated/spell_icon_r04_c00.png' preview in 15514 usec
Loading resource: res://asset/ui/character_hud/generated/spell_icon_r04_c01.png remapped: res://asset/ui/character_hud/generated/spell_icon_r04_c01.png
Loading resource: res://.godot/imported/spell_icon_r04_c01.png-e3400a4767e1f31468d809f5b90bc1d3.ctex remapped: res://.godot/imported/spell_icon_r04_c01.png-e3400a4767e1f31468d809f5b90bc1d3.ctex
Completed load for: 'res://asset/ui/character_hud/generated/spell_icon_r04_c01.png' remapped 'res://asset/ui/character_hud/generated/spell_icon_r04_c01.png' at thread -1
Generated 'res://asset/ui/character_hud/generated/spell_icon_r04_c01.png' preview in 15527 usec
Generated 'res://asset/ui/character_hud/generated/spell_icon_r04_c02.png' preview in 15604 usec
Loading resource: res://asset/ui/character_hud/generated/spell_icon_r04_c03.png remapped: res://asset/ui/character_hud/generated/spell_icon_r04_c03.png
Loading resource: res://.godot/imported/spell_icon_r04_c03.png-69f556ad803204df7dcce42a26a787e1.ctex remapped: res://.godot/imported/spell_icon_r04_c03.png-69f556ad803204df7dcce42a26a787e1.ctex
Completed load for: 'res://asset/ui/character_hud/generated/spell_icon_r04_c03.png' remapped 'res://asset/ui/character_hud/generated/spell_icon_r04_c03.png' at thread -1
Generated 'res://asset/ui/character_hud/generated/spell_icon_r04_c03.png' preview in 18395 usec
Generated 'res://asset/ui/character_hud/generated/spell_icon_r04_c04.png' preview in 16605 usec
Loading resource: res://asset/ui/character_hud/generated/spell_icon_r04_c05.png remapped: res://asset/ui/character_hud/generated/spell_icon_r04_c05.png
Loading resource: res://.godot/imported/spell_icon_r04_c05.png-2c54cff7a6e58bab5b83918a28801102.ctex remapped: res://.godot/imported/spell_icon_r04_c05.png-2c54cff7a6e58bab5b83918a28801102.ctex
Completed load for: 'res://asset/ui/character_hud/generated/spell_icon_r04_c05.png' remapped 'res://asset/ui/character_hud/generated/spell_icon_r04_c05.png' at thread -1
Generated 'res://asset/ui/character_hud/generated/spell_icon_r04_c05.png' preview in 18057 usec
Generated 'res://asset/ui/character_hud/generated/spell_icon_r05_c00.png' preview in 13798 usec
Loading resource: res://asset/ui/character_hud/generated/spell_icon_r05_c01.png remapped: res://asset/ui/character_hud/generated/spell_icon_r05_c01.png
Loading resource: res://.godot/imported/spell_icon_r05_c01.png-ae0371ab57be3808b4f7a10428dd21f1.ctex remapped: res://.godot/imported/spell_icon_r05_c01.png-ae0371ab57be3808b4f7a10428dd21f1.ctex
Completed load for: 'res://asset/ui/character_hud/generated/spell_icon_r05_c01.png' remapped 'res://asset/ui/character_hud/generated/spell_icon_r05_c01.png' at thread -1
Generated 'res://asset/ui/character_hud/generated/spell_icon_r05_c01.png' preview in 15580 usec
Generated 'res://asset/ui/character_hud/generated/spell_icon_r05_c02.png' preview in 18610 usec
Generated 'res://asset/ui/character_hud/generated/spell_icon_r05_c03.png' preview in 14433 usec
Generated 'res://asset/ui/character_hud/generated/spell_icon_r05_c04.png' preview in 13811 usec
Generated 'res://asset/ui/character_hud/generated/spell_icon_r05_c05.png' preview in 12019 usec
Generated 'res://asset/ui/character_hud/generated/spell_icon_r06_c00.png' preview in 14350 usec
Generated 'res://asset/ui/character_hud/generated/spell_icon_r06_c01.png' preview in 13486 usec
Loading resource: res://asset/ui/character_hud/generated/spell_icon_r06_c02.png remapped: res://asset/ui/character_hud/generated/spell_icon_r06_c02.png
Loading resource: res://.godot/imported/spell_icon_r06_c02.png-aa58105d8194bce512887e3da438b302.ctex remapped: res://.godot/imported/spell_icon_r06_c02.png-aa58105d8194bce512887e3da438b302.ctex
Completed load for: 'res://asset/ui/character_hud/generated/spell_icon_r06_c02.png' remapped 'res://asset/ui/character_hud/generated/spell_icon_r06_c02.png' at thread -1
Generated 'res://asset/ui/character_hud/generated/spell_icon_r06_c02.png' preview in 55682 usec
Loading resource: res://asset/ui/character_hud/generated/spell_icon_r06_c03.png remapped: res://asset/ui/character_hud/generated/spell_icon_r06_c03.png
Loading resource: res://.godot/imported/spell_icon_r06_c03.png-f9c676cab159f4e4cf85096ab0670413.ctex remapped: res://.godot/imported/spell_icon_r06_c03.png-f9c676cab159f4e4cf85096ab0670413.ctex
Completed load for: 'res://asset/ui/character_hud/generated/spell_icon_r06_c03.png' remapped 'res://asset/ui/character_hud/generated/spell_icon_r06_c03.png' at thread -1
Generated 'res://asset/ui/character_hud/generated/spell_icon_r06_c03.png' preview in 17386 usec
Generated 'res://asset/ui/character_hud/generated/spell_icon_r06_c04.png' preview in 15171 usec
Generated 'res://asset/ui/character_hud/generated/spell_icon_r06_c05.png' preview in 13389 usec
Generated 'res://asset/ui/character_hud/generated/spell_icon_r07_c00.png' preview in 15255 usec
Loading resource: res://asset/ui/character_hud/generated/spell_icon_r07_c01.png remapped: res://asset/ui/character_hud/generated/spell_icon_r07_c01.png
Loading resource: res://.godot/imported/spell_icon_r07_c01.png-83531f353f54c534bfa8402ff87fb5fb.ctex remapped: res://.godot/imported/spell_icon_r07_c01.png-83531f353f54c534bfa8402ff87fb5fb.ctex
Completed load for: 'res://asset/ui/character_hud/generated/spell_icon_r07_c01.png' remapped 'res://asset/ui/character_hud/generated/spell_icon_r07_c01.png' at thread -1
Generated 'res://asset/ui/character_hud/generated/spell_icon_r07_c01.png' preview in 33831 usec
Loading resource: res://asset/ui/character_hud/generated/spell_icon_r07_c02.png remapped: res://asset/ui/character_hud/generated/spell_icon_r07_c02.png
Loading resource: res://.godot/imported/spell_icon_r07_c02.png-40706006a5d29903a07f6980e1bdb6c8.ctex remapped: res://.godot/imported/spell_icon_r07_c02.png-40706006a5d29903a07f6980e1bdb6c8.ctex
Completed load for: 'res://asset/ui/character_hud/generated/spell_icon_r07_c02.png' remapped 'res://asset/ui/character_hud/generated/spell_icon_r07_c02.png' at thread -1
Generated 'res://asset/ui/character_hud/generated/spell_icon_r07_c02.png' preview in 39223 usec
Generated 'res://asset/ui/character_hud/generated/spell_icon_r07_c03.png' preview in 13444 usec
Loading resource: res://asset/ui/character_hud/generated/spell_icon_r07_c04.png remapped: res://asset/ui/character_hud/generated/spell_icon_r07_c04.png
Loading resource: res://.godot/imported/spell_icon_r07_c04.png-1a37ce3148bf9241e5fc7c40bd3b8ace.ctex remapped: res://.godot/imported/spell_icon_r07_c04.png-1a37ce3148bf9241e5fc7c40bd3b8ace.ctex
Completed load for: 'res://asset/ui/character_hud/generated/spell_icon_r07_c04.png' remapped 'res://asset/ui/character_hud/generated/spell_icon_r07_c04.png' at thread -1
Generated 'res://asset/ui/character_hud/generated/spell_icon_r07_c04.png' preview in 13448 usec
Loading resource: res://asset/ui/character_hud/generated/spell_icon_r07_c05.png remapped: res://asset/ui/character_hud/generated/spell_icon_r07_c05.png
Loading resource: res://.godot/imported/spell_icon_r07_c05.png-0ca3bd4f42f94073a68fce55286c7c44.ctex remapped: res://.godot/imported/spell_icon_r07_c05.png-0ca3bd4f42f94073a68fce55286c7c44.ctex
Completed load for: 'res://asset/ui/character_hud/generated/spell_icon_r07_c05.png' remapped 'res://asset/ui/character_hud/generated/spell_icon_r07_c05.png' at thread -1
Generated 'res://asset/ui/character_hud/generated/spell_icon_r07_c05.png' preview in 11972 usec
Loading resource: res://asset/ui/character_hud/generated/spell_icon_r08_c00.png remapped: res://asset/ui/character_hud/generated/spell_icon_r08_c00.png
Loading resource: res://.godot/imported/spell_icon_r08_c00.png-c7cd6ffc0227836e3db336b9a14f8db3.ctex remapped: res://.godot/imported/spell_icon_r08_c00.png-c7cd6ffc0227836e3db336b9a14f8db3.ctex
Completed load for: 'res://asset/ui/character_hud/generated/spell_icon_r08_c00.png' remapped 'res://asset/ui/character_hud/generated/spell_icon_r08_c00.png' at thread -1
Generated 'res://asset/ui/character_hud/generated/spell_icon_r08_c00.png' preview in 14355 usec
Generated 'res://asset/ui/character_hud/generated/spell_icon_r08_c01.png' preview in 11980 usec
Generated 'res://asset/ui/character_hud/generated/spell_icon_r08_c02.png' preview in 11115 usec
Loading resource: res://asset/ui/character_hud/generated/spell_icon_r08_c03.png remapped: res://asset/ui/character_hud/generated/spell_icon_r08_c03.png
Loading resource: res://.godot/imported/spell_icon_r08_c03.png-9de803d7e6248a6b4bc7cea007e5d20f.ctex remapped: res://.godot/imported/spell_icon_r08_c03.png-9de803d7e6248a6b4bc7cea007e5d20f.ctex
Completed load for: 'res://asset/ui/character_hud/generated/spell_icon_r08_c03.png' remapped 'res://asset/ui/character_hud/generated/spell_icon_r08_c03.png' at thread -1
Generated 'res://asset/ui/character_hud/generated/spell_icon_r08_c03.png' preview in 13598 usec
Loading resource: res://asset/ui/character_hud/generated/spell_icon_r08_c04.png remapped: res://asset/ui/character_hud/generated/spell_icon_r08_c04.png
Loading resource: res://.godot/imported/spell_icon_r08_c04.png-02d3d0c615ec4e577f71d58ab2eea0f0.ctex remapped: res://.godot/imported/spell_icon_r08_c04.png-02d3d0c615ec4e577f71d58ab2eea0f0.ctex
Completed load for: 'res://asset/ui/character_hud/generated/spell_icon_r08_c04.png' remapped 'res://asset/ui/character_hud/generated/spell_icon_r08_c04.png' at thread -1
Generated 'res://asset/ui/character_hud/generated/spell_icon_r08_c04.png' preview in 13171 usec
Loading resource: res://asset/ui/character_hud/generated/spell_icon_r08_c05.png remapped: res://asset/ui/character_hud/generated/spell_icon_r08_c05.png
Loading resource: res://.godot/imported/spell_icon_r08_c05.png-49094eefe7fdd63b655371a5bbc5c2a0.ctex remapped: res://.godot/imported/spell_icon_r08_c05.png-49094eefe7fdd63b655371a5bbc5c2a0.ctex
Completed load for: 'res://asset/ui/character_hud/generated/spell_icon_r08_c05.png' remapped 'res://asset/ui/character_hud/generated/spell_icon_r08_c05.png' at thread -1
Generated 'res://asset/ui/character_hud/generated/spell_icon_r08_c05.png' preview in 108341 usec
Loading resource: res://asset/ui/character_hud/generated/spell_icon_r09_c00.png remapped: res://asset/ui/character_hud/generated/spell_icon_r09_c00.png
Loading resource: res://.godot/imported/spell_icon_r09_c00.png-6675b0a7fdb620a9f60e083af068cd8f.ctex remapped: res://.godot/imported/spell_icon_r09_c00.png-6675b0a7fdb620a9f60e083af068cd8f.ctex
Completed load for: 'res://asset/ui/character_hud/generated/spell_icon_r09_c00.png' remapped 'res://asset/ui/character_hud/generated/spell_icon_r09_c00.png' at thread -1
Generated 'res://asset/ui/character_hud/generated/spell_icon_r09_c00.png' preview in 82605 usec
Generated 'res://asset/ui/character_hud/generated/spell_icon_r09_c01.png' preview in 13282 usec
Loading resource: res://asset/ui/character_hud/generated/spell_icon_r09_c02.png remapped: res://asset/ui/character_hud/generated/spell_icon_r09_c02.png
Loading resource: res://.godot/imported/spell_icon_r09_c02.png-acafde914fcd4022f5845bf11f1f8b0c.ctex remapped: res://.godot/imported/spell_icon_r09_c02.png-acafde914fcd4022f5845bf11f1f8b0c.ctex
Completed load for: 'res://asset/ui/character_hud/generated/spell_icon_r09_c02.png' remapped 'res://asset/ui/character_hud/generated/spell_icon_r09_c02.png' at thread -1
Generated 'res://asset/ui/character_hud/generated/spell_icon_r09_c02.png' preview in 16806 usec
Loading resource: res://asset/ui/character_hud/generated/spell_icon_r09_c03.png remapped: res://asset/ui/character_hud/generated/spell_icon_r09_c03.png
Loading resource: res://.godot/imported/spell_icon_r09_c03.png-5009a276e57254e10c745e8e2940f2a6.ctex remapped: res://.godot/imported/spell_icon_r09_c03.png-5009a276e57254e10c745e8e2940f2a6.ctex
Completed load for: 'res://asset/ui/character_hud/generated/spell_icon_r09_c03.png' remapped 'res://asset/ui/character_hud/generated/spell_icon_r09_c03.png' at thread -1
Generated 'res://asset/ui/character_hud/generated/spell_icon_r09_c03.png' preview in 15508 usec
Generated 'res://asset/ui/character_hud/generated/spell_icon_r09_c04.png' preview in 15197 usec
Loading resource: res://asset/ui/character_hud/generated/spell_icon_r09_c05.png remapped: res://asset/ui/character_hud/generated/spell_icon_r09_c05.png
Loading resource: res://.godot/imported/spell_icon_r09_c05.png-cd12fccadf7ac86ac2836320a439067a.ctex remapped: res://.godot/imported/spell_icon_r09_c05.png-cd12fccadf7ac86ac2836320a439067a.ctex
Completed load for: 'res://asset/ui/character_hud/generated/spell_icon_r09_c05.png' remapped 'res://asset/ui/character_hud/generated/spell_icon_r09_c05.png' at thread -1
Generated 'res://asset/ui/character_hud/generated/spell_icon_r09_c05.png' preview in 14338 usec
Generated 'res://asset/ui/character_hud/generated/turn_intro_banner.png' preview in 12751 usec
Generated 'res://asset/ui/character_hud/refined/spells/basic_attack.png' preview in 10874 usec
Generated 'res://asset/ui/character_hud/refined/spells/fireball.png' preview in 10955 usec
Generated 'res://asset/ui/character_hud/refined/spells/precise_shot.png' preview in 10431 usec
Generated 'res://asset/ui/character_hud/refined/spells/sneak_strike.png' preview in 12063 usec
Generated 'res://asset/ui/character_hud/refined/spells/sylvan_heal.png' preview in 10951 usec
Generated 'res://asset/ui/character_hud/refined/hunter_badge.png' preview in 9111 usec
Generated 'res://asset/ui/character_hud/refined/move_action_icon.svg' preview in 8263 usec
Loading resource: res://asset/ui/character_hud/refined/pdv_frame_pixel_candidate.png remapped: res://asset/ui/character_hud/refined/pdv_frame_pixel_candidate.png
Loading resource: res://.godot/imported/pdv_frame_pixel_candidate.png-530fbcdaaa00cb5f2e137adb1647099f.ctex remapped: res://.godot/imported/pdv_frame_pixel_candidate.png-530fbcdaaa00cb5f2e137adb1647099f.ctex
Completed load for: 'res://asset/ui/character_hud/refined/pdv_frame_pixel_candidate.png' remapped 'res://asset/ui/character_hud/refined/pdv_frame_pixel_candidate.png' at thread -1
Generated 'res://asset/ui/character_hud/refined/pdv_frame_pixel_candidate.png' preview in 15854 usec
Generated 'res://asset/ui/character_hud/refined/utility_inventory.png' preview in 10419 usec
Generated 'res://asset/ui/character_hud/refined/utility_map.png' preview in 10105 usec
Generated 'res://asset/ui/character_hud/refined/utility_skills.png' preview in 9598 usec
Generated 'res://asset/ui/dark_menu/generated/bottom_section.png' preview in 14272 usec
Generated 'res://asset/ui/dark_menu/generated/button_hover.png' preview in 12051 usec
Generated 'res://asset/ui/dark_menu/generated/button_normal.png' preview in 14315 usec
Generated 'res://asset/ui/dark_menu/generated/button_pressed.png' preview in 10413 usec
Generated 'res://asset/ui/dark_menu/generated/close_button.png' preview in 17306 usec
Generated 'res://asset/ui/dark_menu/generated/main_frame.png' preview in 20239 usec
Generated 'res://asset/ui/dark_menu/generated/title_header.png' preview in 19761 usec
Loading resource: res://asset/ui/dark_menu/source/character_bars/barres.jpg remapped: res://asset/ui/dark_menu/source/character_bars/barres.jpg
Loading resource: res://.godot/imported/barres.jpg-9e7cc1a94e79d3dff1d6ea08f977ea83.ctex remapped: res://.godot/imported/barres.jpg-9e7cc1a94e79d3dff1d6ea08f977ea83.ctex
Completed load for: 'res://asset/ui/dark_menu/source/character_bars/barres.jpg' remapped 'res://asset/ui/dark_menu/source/character_bars/barres.jpg' at thread -1
Generated 'res://asset/ui/dark_menu/source/character_bars/barres.jpg' preview in 24224 usec
Loading resource: res://asset/ui/dark_menu/source/character_bars/barre_personnage.jpg remapped: res://asset/ui/dark_menu/source/character_bars/barre_personnage.jpg
Loading resource: res://.godot/imported/barre_personnage.jpg-e3f5294d31e949dd03ed9ff449de1556.ctex remapped: res://.godot/imported/barre_personnage.jpg-e3f5294d31e949dd03ed9ff449de1556.ctex
Completed load for: 'res://asset/ui/dark_menu/source/character_bars/barre_personnage.jpg' remapped 'res://asset/ui/dark_menu/source/character_bars/barre_personnage.jpg' at thread -1
Generated 'res://asset/ui/dark_menu/source/character_bars/barre_personnage.jpg' preview in 45900 usec
Loading resource: res://asset/ui/dark_menu/source/character_bars/pdv_mana.png remapped: res://asset/ui/dark_menu/source/character_bars/pdv_mana.png
Loading resource: res://.godot/imported/pdv_mana.png-a566ee6e90923b607454818f67de49b2.ctex remapped: res://.godot/imported/pdv_mana.png-a566ee6e90923b607454818f67de49b2.ctex
Completed load for: 'res://asset/ui/dark_menu/source/character_bars/pdv_mana.png' remapped 'res://asset/ui/dark_menu/source/character_bars/pdv_mana.png' at thread -1
Generated 'res://asset/ui/dark_menu/source/character_bars/pdv_mana.png' preview in 60569 usec
Loading resource: res://asset/ui/dark_menu/source/class_emblems/branche_main_abre_competence.jpg remapped: res://asset/ui/dark_menu/source/class_emblems/branche_main_abre_competence.jpg
Loading resource: res://.godot/imported/branche_main_abre_competence.jpg-a19eed5d6c41995e74bbfad6b1ce8afd.ctex remapped: res://.godot/imported/branche_main_abre_competence.jpg-a19eed5d6c41995e74bbfad6b1ce8afd.ctex
Completed load for: 'res://asset/ui/dark_menu/source/class_emblems/branche_main_abre_competence.jpg' remapped 'res://asset/ui/dark_menu/source/class_emblems/branche_main_abre_competence.jpg' at thread -1
Generated 'res://asset/ui/dark_menu/source/class_emblems/branche_main_abre_competence.jpg' preview in 38048 usec
Loading resource: res://asset/ui/dark_menu/source/menu/extract-a-single-standalone-game-menu-button-in-th (1).png remapped: res://asset/ui/dark_menu/source/menu/extract-a-single-standalone-game-menu-button-in-th (1).png
Loading resource: res://.godot/imported/extract-a-single-standalone-game-menu-button-in-th (1).png-5206492da5e73de049bba1f2c3e36086.ctex remapped: res://.godot/imported/extract-a-single-standalone-game-menu-button-in-th (1).png-5206492da5e73de049bba1f2c3e36086.ctex
Completed load for: 'res://asset/ui/dark_menu/source/menu/extract-a-single-standalone-game-menu-button-in-th (1).png' remapped 'res://asset/ui/dark_menu/source/menu/extract-a-single-standalone-game-menu-button-in-th (1).png' at thread -1
Generated 'res://asset/ui/dark_menu/source/menu/extract-a-single-standalone-game-menu-button-in-th (1).png' preview in 80070 usec
Loading resource: res://asset/ui/dark_menu/source/menu/extract-a-single-standalone-game-menu-button-in-th (2).png remapped: res://asset/ui/dark_menu/source/menu/extract-a-single-standalone-game-menu-button-in-th (2).png
Loading resource: res://.godot/imported/extract-a-single-standalone-game-menu-button-in-th (2).png-6cbbe26de6fbe0b4ebf069df9f5bb341.ctex remapped: res://.godot/imported/extract-a-single-standalone-game-menu-button-in-th (2).png-6cbbe26de6fbe0b4ebf069df9f5bb341.ctex
Completed load for: 'res://asset/ui/dark_menu/source/menu/extract-a-single-standalone-game-menu-button-in-th (2).png' remapped 'res://asset/ui/dark_menu/source/menu/extract-a-single-standalone-game-menu-button-in-th (2).png' at thread -1
Generated 'res://asset/ui/dark_menu/source/menu/extract-a-single-standalone-game-menu-button-in-th (2).png' preview in 36719 usec
Loading resource: res://asset/ui/dark_menu/source/menu/extract-a-single-standalone-game-menu-button-in-th.png remapped: res://asset/ui/dark_menu/source/menu/extract-a-single-standalone-game-menu-button-in-th.png
Loading resource: res://.godot/imported/extract-a-single-standalone-game-menu-button-in-th.png-996f7b4d52ea57b208034ec1667e9e52.ctex remapped: res://.godot/imported/extract-a-single-standalone-game-menu-button-in-th.png-996f7b4d52ea57b208034ec1667e9e52.ctex
Completed load for: 'res://asset/ui/dark_menu/source/menu/extract-a-single-standalone-game-menu-button-in-th.png' remapped 'res://asset/ui/dark_menu/source/menu/extract-a-single-standalone-game-menu-button-in-th.png' at thread -1
Generated 'res://asset/ui/dark_menu/source/menu/extract-a-single-standalone-game-menu-button-in-th.png' preview in 36492 usec
Loading resource: res://asset/ui/dark_menu/source/menu/extract-only-the-small-round-red-close-button-with.png remapped: res://asset/ui/dark_menu/source/menu/extract-only-the-small-round-red-close-button-with.png
Loading resource: res://.godot/imported/extract-only-the-small-round-red-close-button-with.png-9a94f7f6fac491f34a011424d9deb74d.ctex remapped: res://.godot/imported/extract-only-the-small-round-red-close-button-with.png-9a94f7f6fac491f34a011424d9deb74d.ctex
Completed load for: 'res://asset/ui/dark_menu/source/menu/extract-only-the-small-round-red-close-button-with.png' remapped 'res://asset/ui/dark_menu/source/menu/extract-only-the-small-round-red-close-button-with.png' at thread -1
Generated 'res://asset/ui/dark_menu/source/menu/extract-only-the-small-round-red-close-button-with.png' preview in 149054 usec
Loading resource: res://asset/ui/dark_menu/source/menu/extract-the-plain-recessed-dark-stone-section-show.png remapped: res://asset/ui/dark_menu/source/menu/extract-the-plain-recessed-dark-stone-section-show.png
Loading resource: res://.godot/imported/extract-the-plain-recessed-dark-stone-section-show.png-ff0745b788c10fb7e88638720608ae2f.ctex remapped: res://.godot/imported/extract-the-plain-recessed-dark-stone-section-show.png-ff0745b788c10fb7e88638720608ae2f.ctex
Completed load for: 'res://asset/ui/dark_menu/source/menu/extract-the-plain-recessed-dark-stone-section-show.png' remapped 'res://asset/ui/dark_menu/source/menu/extract-the-plain-recessed-dark-stone-section-show.png' at thread -1
Generated 'res://asset/ui/dark_menu/source/menu/extract-the-plain-recessed-dark-stone-section-show.png' preview in 40206 usec
Loading resource: res://asset/ui/dark_menu/source/menu/using-the-ornamental-title-header-bar-shown-in-the.png remapped: res://asset/ui/dark_menu/source/menu/using-the-ornamental-title-header-bar-shown-in-the.png
Loading resource: res://.godot/imported/using-the-ornamental-title-header-bar-shown-in-the.png-b4cb22b0ebc2d78ceead81dfcf60057c.ctex remapped: res://.godot/imported/using-the-ornamental-title-header-bar-shown-in-the.png-b4cb22b0ebc2d78ceead81dfcf60057c.ctex
Completed load for: 'res://asset/ui/dark_menu/source/menu/using-the-ornamental-title-header-bar-shown-in-the.png' remapped 'res://asset/ui/dark_menu/source/menu/using-the-ornamental-title-header-bar-shown-in-the.png' at thread -1
Generated 'res://asset/ui/dark_menu/source/menu/using-the-ornamental-title-header-bar-shown-in-the.png' preview in 34604 usec
Loading resource: res://asset/ui/dark_menu/source/menu/using-the-ornate-dark-stone-game-menu-frame-shown-.png remapped: res://asset/ui/dark_menu/source/menu/using-the-ornate-dark-stone-game-menu-frame-shown-.png
Loading resource: res://.godot/imported/using-the-ornate-dark-stone-game-menu-frame-shown-.png-39092212f059018c9adc022a119196fc.ctex remapped: res://.godot/imported/using-the-ornate-dark-stone-game-menu-frame-shown-.png-39092212f059018c9adc022a119196fc.ctex
Completed load for: 'res://asset/ui/dark_menu/source/menu/using-the-ornate-dark-stone-game-menu-frame-shown-.png' remapped 'res://asset/ui/dark_menu/source/menu/using-the-ornate-dark-stone-game-menu-frame-shown-.png' at thread -1
Generated 'res://asset/ui/dark_menu/source/menu/using-the-ornate-dark-stone-game-menu-frame-shown-.png' preview in 39088 usec
Loading resource: res://asset/ui/dark_menu/source/pack/84f1c661db9220f4e9d51fdfdbf6c787.jpg remapped: res://asset/ui/dark_menu/source/pack/84f1c661db9220f4e9d51fdfdbf6c787.jpg
Loading resource: res://.godot/imported/84f1c661db9220f4e9d51fdfdbf6c787.jpg-da3754d0c0ef7f8a5cbe648bf68d1d94.ctex remapped: res://.godot/imported/84f1c661db9220f4e9d51fdfdbf6c787.jpg-da3754d0c0ef7f8a5cbe648bf68d1d94.ctex
Completed load for: 'res://asset/ui/dark_menu/source/pack/84f1c661db9220f4e9d51fdfdbf6c787.jpg' remapped 'res://asset/ui/dark_menu/source/pack/84f1c661db9220f4e9d51fdfdbf6c787.jpg' at thread -1
Generated 'res://asset/ui/dark_menu/source/pack/84f1c661db9220f4e9d51fdfdbf6c787.jpg' preview in 18752 usec
Loading resource: res://asset/ui/dark_menu/source/pack/pack_bouton.jpg remapped: res://asset/ui/dark_menu/source/pack/pack_bouton.jpg
Loading resource: res://.godot/imported/pack_bouton.jpg-fc310da288bdc0cf54a1faef75f19750.ctex remapped: res://.godot/imported/pack_bouton.jpg-fc310da288bdc0cf54a1faef75f19750.ctex
Completed load for: 'res://asset/ui/dark_menu/source/pack/pack_bouton.jpg' remapped 'res://asset/ui/dark_menu/source/pack/pack_bouton.jpg' at thread -1
Generated 'res://asset/ui/dark_menu/source/pack/pack_bouton.jpg' preview in 24423 usec
Loading resource: res://asset/ui/dark_menu/source/spell_icons/cadre_sort_archer.png remapped: res://asset/ui/dark_menu/source/spell_icons/cadre_sort_archer.png
Loading resource: res://.godot/imported/cadre_sort_archer.png-9364e2557e288aee467b941c939895db.ctex remapped: res://.godot/imported/cadre_sort_archer.png-9364e2557e288aee467b941c939895db.ctex
Completed load for: 'res://asset/ui/dark_menu/source/spell_icons/cadre_sort_archer.png' remapped 'res://asset/ui/dark_menu/source/spell_icons/cadre_sort_archer.png' at thread -1
Generated 'res://asset/ui/dark_menu/source/spell_icons/cadre_sort_archer.png' preview in 39497 usec
Loading resource: res://asset/ui/dark_menu/source/spell_icons/cadre_sort_assassin.png remapped: res://asset/ui/dark_menu/source/spell_icons/cadre_sort_assassin.png
Loading resource: res://.godot/imported/cadre_sort_assassin.png-29c96b6b7834c6e441f94a824a95efd7.ctex remapped: res://.godot/imported/cadre_sort_assassin.png-29c96b6b7834c6e441f94a824a95efd7.ctex
Completed load for: 'res://asset/ui/dark_menu/source/spell_icons/cadre_sort_assassin.png' remapped 'res://asset/ui/dark_menu/source/spell_icons/cadre_sort_assassin.png' at thread -1
Generated 'res://asset/ui/dark_menu/source/spell_icons/cadre_sort_assassin.png' preview in 38883 usec
Loading resource: res://asset/ui/dark_menu/source/spell_icons/cadre_sort_healer.png remapped: res://asset/ui/dark_menu/source/spell_icons/cadre_sort_healer.png
Loading resource: res://.godot/imported/cadre_sort_healer.png-5209a2da8669a52ff821d2770d538af1.ctex remapped: res://.godot/imported/cadre_sort_healer.png-5209a2da8669a52ff821d2770d538af1.ctex
Completed load for: 'res://asset/ui/dark_menu/source/spell_icons/cadre_sort_healer.png' remapped 'res://asset/ui/dark_menu/source/spell_icons/cadre_sort_healer.png' at thread -1
Generated 'res://asset/ui/dark_menu/source/spell_icons/cadre_sort_healer.png' preview in 40506 usec
Loading resource: res://asset/ui/dark_menu/source/spell_icons/cadre_sort_mage.png remapped: res://asset/ui/dark_menu/source/spell_icons/cadre_sort_mage.png
Loading resource: res://.godot/imported/cadre_sort_mage.png-7f79798199faea0a7ee21581a1608ede.ctex remapped: res://.godot/imported/cadre_sort_mage.png-7f79798199faea0a7ee21581a1608ede.ctex
Completed load for: 'res://asset/ui/dark_menu/source/spell_icons/cadre_sort_mage.png' remapped 'res://asset/ui/dark_menu/source/spell_icons/cadre_sort_mage.png' at thread -1
Generated 'res://asset/ui/dark_menu/source/spell_icons/cadre_sort_mage.png' preview in 42225 usec
Loading resource: res://asset/ui/dark_menu/source/spell_icons/flags.jpg remapped: res://asset/ui/dark_menu/source/spell_icons/flags.jpg
Loading resource: res://.godot/imported/flags.jpg-522a48769d5c659ab6585caa2e4aaf18.ctex remapped: res://.godot/imported/flags.jpg-522a48769d5c659ab6585caa2e4aaf18.ctex
Completed load for: 'res://asset/ui/dark_menu/source/spell_icons/flags.jpg' remapped 'res://asset/ui/dark_menu/source/spell_icons/flags.jpg' at thread -1
Generated 'res://asset/ui/dark_menu/source/spell_icons/flags.jpg' preview in 31046 usec
Loading resource: res://asset/ui/dark_menu/source/spell_icons/icones2.jpg remapped: res://asset/ui/dark_menu/source/spell_icons/icones2.jpg
Loading resource: res://.godot/imported/icones2.jpg-699199d7a64d7da76c15dce3a346aece.ctex remapped: res://.godot/imported/icones2.jpg-699199d7a64d7da76c15dce3a346aece.ctex
Completed load for: 'res://asset/ui/dark_menu/source/spell_icons/icones2.jpg' remapped 'res://asset/ui/dark_menu/source/spell_icons/icones2.jpg' at thread -1
Generated 'res://asset/ui/dark_menu/source/spell_icons/icones2.jpg' preview in 20026 usec
Loading resource: res://asset/ui/dark_menu/source/spell_icons/icones.jpg remapped: res://asset/ui/dark_menu/source/spell_icons/icones.jpg
Loading resource: res://.godot/imported/icones.jpg-ffb52f0c39d5969d02023b8459861661.ctex remapped: res://.godot/imported/icones.jpg-ffb52f0c39d5969d02023b8459861661.ctex
Completed load for: 'res://asset/ui/dark_menu/source/spell_icons/icones.jpg' remapped 'res://asset/ui/dark_menu/source/spell_icons/icones.jpg' at thread -1
Generated 'res://asset/ui/dark_menu/source/spell_icons/icones.jpg' preview in 26484 usec
Loading resource: res://asset/ui/dark_menu/source/spell_icons/icone_sorts.jpg remapped: res://asset/ui/dark_menu/source/spell_icons/icone_sorts.jpg
Loading resource: res://.godot/imported/icone_sorts.jpg-44be3769b9fcfe2612f306267bc30c5b.ctex remapped: res://.godot/imported/icone_sorts.jpg-44be3769b9fcfe2612f306267bc30c5b.ctex
Completed load for: 'res://asset/ui/dark_menu/source/spell_icons/icone_sorts.jpg' remapped 'res://asset/ui/dark_menu/source/spell_icons/icone_sorts.jpg' at thread -1
Generated 'res://asset/ui/dark_menu/source/spell_icons/icone_sorts.jpg' preview in 28124 usec
Loading resource: res://asset/ui/dark_menu/source/turn_banner/présentation_tour.jpg remapped: res://asset/ui/dark_menu/source/turn_banner/présentation_tour.jpg
Loading resource: res://.godot/imported/présentation_tour.jpg-1e80022d72f1d6b3a2b5f940543e2aa8.ctex remapped: res://.godot/imported/présentation_tour.jpg-1e80022d72f1d6b3a2b5f940543e2aa8.ctex
Completed load for: 'res://asset/ui/dark_menu/source/turn_banner/présentation_tour.jpg' remapped 'res://asset/ui/dark_menu/source/turn_banner/présentation_tour.jpg' at thread -1
Generated 'res://asset/ui/dark_menu/source/turn_banner/présentation_tour.jpg' preview in 23440 usec
Generated 'res://asset/ui/dungeon_draft/arbre_compétences/generated/icons/bleed.svg' preview in 9730 usec
Generated 'res://asset/ui/dungeon_draft/arbre_compétences/generated/icons/collision.svg' preview in 9018 usec
Generated 'res://asset/ui/dungeon_draft/arbre_compétences/generated/icons/damage.svg' preview in 10227 usec
Generated 'res://asset/ui/dungeon_draft/arbre_compétences/generated/icons/defense.svg' preview in 8734 usec
Generated 'res://asset/ui/dungeon_draft/arbre_compétences/generated/icons/duration.svg' preview in 8360 usec
Generated 'res://asset/ui/dungeon_draft/arbre_compétences/generated/icons/heal.svg' preview in 8465 usec
Generated 'res://asset/ui/dungeon_draft/arbre_compétences/generated/icons/hidden.svg' preview in 8716 usec
Generated 'res://asset/ui/dungeon_draft/arbre_compétences/generated/icons/movement.svg' preview in 7663 usec
Generated 'res://asset/ui/dungeon_draft/arbre_compétences/generated/icons/pierce.svg' preview in 8262 usec
Generated 'res://asset/ui/dungeon_draft/arbre_compétences/generated/icons/poison.svg' preview in 8084 usec
Generated 'res://asset/ui/dungeon_draft/arbre_compétences/generated/icons/push.svg' preview in 8761 usec
Generated 'res://asset/ui/dungeon_draft/arbre_compétences/generated/icons/range.svg' preview in 8065 usec
Generated 'res://asset/ui/dungeon_draft/arbre_compétences/generated/icons/state_check.svg' preview in 9462 usec
Generated 'res://asset/ui/dungeon_draft/arbre_compétences/generated/icons/state_excluded.svg' preview in 8807 usec
Generated 'res://asset/ui/dungeon_draft/arbre_compétences/generated/icons/state_pending.svg' preview in 9600 usec
Generated 'res://asset/ui/dungeon_draft/arbre_compétences/generated/icons/terrain.svg' preview in 9154 usec
Generated 'res://asset/ui/dungeon_draft/arbre_compétences/generated/icons/upgrade.svg' preview in 10592 usec
Generated 'res://asset/ui/dungeon_draft/arbre_compétences/generated/icons/vulnerability.svg' preview in 11164 usec
Generated 'res://asset/ui/dungeon_draft/arbre_compétences/generated/lock_refined.png' preview in 17311 usec
Loading resource: res://asset/ui/dungeon_draft/arbre_compétences/cadenas.jpg remapped: res://asset/ui/dungeon_draft/arbre_compétences/cadenas.jpg
Loading resource: res://.godot/imported/cadenas.jpg-cd235d08641d7bce0a05dda2aedccd04.ctex remapped: res://.godot/imported/cadenas.jpg-cd235d08641d7bce0a05dda2aedccd04.ctex
Completed load for: 'res://asset/ui/dungeon_draft/arbre_compétences/cadenas.jpg' remapped 'res://asset/ui/dungeon_draft/arbre_compétences/cadenas.jpg' at thread -1
Generated 'res://asset/ui/dungeon_draft/arbre_compétences/cadenas.jpg' preview in 21616 usec
Loading resource: res://asset/ui/dungeon_draft/fonts/LobsterTwo-Bold.ttf remapped: res://asset/ui/dungeon_draft/fonts/LobsterTwo-Bold.ttf
Loading resource: res://.godot/imported/LobsterTwo-Bold.ttf-4833bbd73ba0ce4cdf58cf93c73ffa1c.fontdata remapped: res://.godot/imported/LobsterTwo-Bold.ttf-4833bbd73ba0ce4cdf58cf93c73ffa1c.fontdata
Completed load for: 'res://asset/ui/dungeon_draft/fonts/LobsterTwo-Bold.ttf' remapped 'res://asset/ui/dungeon_draft/fonts/LobsterTwo-Bold.ttf' at thread -1
Generated 'res://asset/ui/dungeon_draft/fonts/LobsterTwo-Bold.ttf' preview in 15184 usec
Loading resource: res://asset/ui/dungeon_draft/fonts/LobsterTwo-Regular.ttf remapped: res://asset/ui/dungeon_draft/fonts/LobsterTwo-Regular.ttf
Loading resource: res://.godot/imported/LobsterTwo-Regular.ttf-03a64490fedc2a2e4ade421d8d0319cb.fontdata remapped: res://.godot/imported/LobsterTwo-Regular.ttf-03a64490fedc2a2e4ade421d8d0319cb.fontdata
Completed load for: 'res://asset/ui/dungeon_draft/fonts/LobsterTwo-Regular.ttf' remapped 'res://asset/ui/dungeon_draft/fonts/LobsterTwo-Regular.ttf' at thread -1
Generated 'res://asset/ui/dungeon_draft/fonts/LobsterTwo-Regular.ttf' preview in 15308 usec
Loading resource: res://asset/ui/dungeon_draft/generated/ui_portrait_frame_v1.png remapped: res://asset/ui/dungeon_draft/generated/ui_portrait_frame_v1.png
Loading resource: res://.godot/imported/ui_portrait_frame_v1.png-3e69b23b77aa190ac95eb52f93724bd2.ctex remapped: res://.godot/imported/ui_portrait_frame_v1.png-3e69b23b77aa190ac95eb52f93724bd2.ctex
Completed load for: 'res://asset/ui/dungeon_draft/generated/ui_portrait_frame_v1.png' remapped 'res://asset/ui/dungeon_draft/generated/ui_portrait_frame_v1.png' at thread -1
Generated 'res://asset/ui/dungeon_draft/generated/ui_portrait_frame_v1.png' preview in 74936 usec
Loading resource: res://asset/ui/dungeon_draft/hud/e9af9a35-df78-4e8f-9b15-035429e39d9e.png remapped: res://asset/ui/dungeon_draft/hud/e9af9a35-df78-4e8f-9b15-035429e39d9e.png
Loading resource: res://.godot/imported/e9af9a35-df78-4e8f-9b15-035429e39d9e.png-b2ddb666b627f5daf87ccdd5df02c5d7.ctex remapped: res://.godot/imported/e9af9a35-df78-4e8f-9b15-035429e39d9e.png-b2ddb666b627f5daf87ccdd5df02c5d7.ctex
Completed load for: 'res://asset/ui/dungeon_draft/hud/e9af9a35-df78-4e8f-9b15-035429e39d9e.png' remapped 'res://asset/ui/dungeon_draft/hud/e9af9a35-df78-4e8f-9b15-035429e39d9e.png' at thread -1
Generated 'res://asset/ui/dungeon_draft/hud/e9af9a35-df78-4e8f-9b15-035429e39d9e.png' preview in 69592 usec
Loading resource: res://asset/ui/dungeon_draft/skill_node_frame_base.png remapped: res://asset/ui/dungeon_draft/skill_node_frame_base.png
Loading resource: res://.godot/imported/skill_node_frame_base.png-1cc8f4641be26b5bdce4771aa46aceb9.ctex remapped: res://.godot/imported/skill_node_frame_base.png-1cc8f4641be26b5bdce4771aa46aceb9.ctex
Completed load for: 'res://asset/ui/dungeon_draft/skill_node_frame_base.png' remapped 'res://asset/ui/dungeon_draft/skill_node_frame_base.png' at thread -1
Generated 'res://asset/ui/dungeon_draft/skill_node_frame_base.png' preview in 78625 usec
Generated 'res://asset/ui/recraft_hud_v1/processed/portrait_frame.png' preview in 24455 usec
Generated 'res://asset/ui/recraft_hud_v1/processed/primary_button_base.png' preview in 21945 usec
Generated 'res://asset/ui/recraft_hud_v1/processed/resource_badge_base.png' preview in 24923 usec
Generated 'res://asset/ui/recraft_hud_v1/processed/resource_bar_frame.png' preview in 15093 usec
Generated 'res://asset/ui/recraft_hud_v1/processed/spellbar_panel.png' preview in 20025 usec
Generated 'res://asset/ui/recraft_hud_v1/processed/spell_slot_base.png' preview in 27620 usec
Loading resource: res://asset/ui/recraft_hud_v1/raw/cadre_jauge_v1.png remapped: res://asset/ui/recraft_hud_v1/raw/cadre_jauge_v1.png
Loading resource: res://.godot/imported/cadre_jauge_v1.png-b862d9c0986e612d607a842b9b833f03.ctex remapped: res://.godot/imported/cadre_jauge_v1.png-b862d9c0986e612d607a842b9b833f03.ctex
Completed load for: 'res://asset/ui/recraft_hud_v1/raw/cadre_jauge_v1.png' remapped 'res://asset/ui/recraft_hud_v1/raw/cadre_jauge_v1.png' at thread -1
Generated 'res://asset/ui/recraft_hud_v1/raw/cadre_jauge_v1.png' preview in 69804 usec
Loading resource: res://asset/ui/recraft_hud_v1/raw/ui_button_primary_base_v1.png remapped: res://asset/ui/recraft_hud_v1/raw/ui_button_primary_base_v1.png
Loading resource: res://.godot/imported/ui_button_primary_base_v1.png-cbf30eb4a52c6c727678353c4fdbee41.ctex remapped: res://.godot/imported/ui_button_primary_base_v1.png-cbf30eb4a52c6c727678353c4fdbee41.ctex
Completed load for: 'res://asset/ui/recraft_hud_v1/raw/ui_button_primary_base_v1.png' remapped 'res://asset/ui/recraft_hud_v1/raw/ui_button_primary_base_v1.png' at thread -1
Generated 'res://asset/ui/recraft_hud_v1/raw/ui_button_primary_base_v1.png' preview in 101826 usec
Loading resource: res://asset/ui/recraft_hud_v1/raw/ui_resource_badge_base_v1.png remapped: res://asset/ui/recraft_hud_v1/raw/ui_resource_badge_base_v1.png
Loading resource: res://.godot/imported/ui_resource_badge_base_v1.png-cee8013c83792828ddd5e7f8eddb6746.ctex remapped: res://.godot/imported/ui_resource_badge_base_v1.png-cee8013c83792828ddd5e7f8eddb6746.ctex
Completed load for: 'res://asset/ui/recraft_hud_v1/raw/ui_resource_badge_base_v1.png' remapped 'res://asset/ui/recraft_hud_v1/raw/ui_resource_badge_base_v1.png' at thread -1
Generated 'res://asset/ui/recraft_hud_v1/raw/ui_resource_badge_base_v1.png' preview in 83315 usec
Loading resource: res://asset/ui/recraft_hud_v1/raw/ui_spellbar_panel_v1..png remapped: res://asset/ui/recraft_hud_v1/raw/ui_spellbar_panel_v1..png
Loading resource: res://.godot/imported/ui_spellbar_panel_v1..png-812d1beae130fa847e096981073cea1e.ctex remapped: res://.godot/imported/ui_spellbar_panel_v1..png-812d1beae130fa847e096981073cea1e.ctex
Completed load for: 'res://asset/ui/recraft_hud_v1/raw/ui_spellbar_panel_v1..png' remapped 'res://asset/ui/recraft_hud_v1/raw/ui_spellbar_panel_v1..png' at thread -1
Generated 'res://asset/ui/recraft_hud_v1/raw/ui_spellbar_panel_v1..png' preview in 87553 usec
Loading resource: res://asset/ui/recraft_hud_v1/raw/ui_spell_slot_base_v1.png.png remapped: res://asset/ui/recraft_hud_v1/raw/ui_spell_slot_base_v1.png.png
Loading resource: res://.godot/imported/ui_spell_slot_base_v1.png.png-f4ac789d0edb75ba7e1771ed482ceb0c.ctex remapped: res://.godot/imported/ui_spell_slot_base_v1.png.png-f4ac789d0edb75ba7e1771ed482ceb0c.ctex
Completed load for: 'res://asset/ui/recraft_hud_v1/raw/ui_spell_slot_base_v1.png.png' remapped 'res://asset/ui/recraft_hud_v1/raw/ui_spell_slot_base_v1.png.png' at thread -1
Generated 'res://asset/ui/recraft_hud_v1/raw/ui_spell_slot_base_v1.png.png' preview in 99766 usec
Generated 'res://asset/vfx/marque_icon.png' preview in 14365 usec
Loading resource: res://asset/vfx/marque_icon_hd.png remapped: res://asset/vfx/marque_icon_hd.png
Loading resource: res://.godot/imported/marque_icon_hd.png-432b4f1c315789fd78b628125700ca86.ctex remapped: res://.godot/imported/marque_icon_hd.png-432b4f1c315789fd78b628125700ca86.ctex
Completed load for: 'res://asset/vfx/marque_icon_hd.png' remapped 'res://asset/vfx/marque_icon_hd.png' at thread -1
Generated 'res://asset/vfx/marque_icon_hd.png' preview in 28364 usec
Generated 'res://asset/gobtest.glb' preview in 37890 usec
Generated 'res://asset/GobTest_attack_v2.png' preview in 40975 usec
Generated 'res://asset/GobTest_death_v2.png' preview in 39299 usec
Generated 'res://asset/GobTest_idle.png' preview in 29473 usec
Generated 'res://asset/GobTest_idle_v2.png' preview in 37344 usec
Loading resource: res://asset/gobtest_Material_Pbr_baseColor.png remapped: res://asset/gobtest_Material_Pbr_baseColor.png
Loading resource: res://.godot/imported/gobtest_Material_Pbr_baseColor.png-8d3a16ad4218d9f9e9b18aaae81eea1c.s3tc.ctex remapped: res://.godot/imported/gobtest_Material_Pbr_baseColor.png-8d3a16ad4218d9f9e9b18aaae81eea1c.s3tc.ctex
Completed load for: 'res://asset/gobtest_Material_Pbr_baseColor.png' remapped 'res://asset/gobtest_Material_Pbr_baseColor.png' at thread -1
bcdec: Decompression of a 4096x4096 DXT1 RGB8 image with 0 mipmaps took 28 ms.
Generated 'res://asset/gobtest_Material_Pbr_baseColor.png' preview in 115234 usec
Loading resource: res://asset/gobtest_Material_Pbr_normal.png remapped: res://asset/gobtest_Material_Pbr_normal.png
Loading resource: res://.godot/imported/gobtest_Material_Pbr_normal.png-8a34a636522ed332df26d67d88a96ed2.s3tc.ctex remapped: res://.godot/imported/gobtest_Material_Pbr_normal.png-8a34a636522ed332df26d67d88a96ed2.s3tc.ctex
Completed load for: 'res://asset/gobtest_Material_Pbr_normal.png' remapped 'res://asset/gobtest_Material_Pbr_normal.png' at thread -1
bcdec: Decompression of a 4096x4096 RGTC RedGreen8 image with 0 mipmaps took 28 ms.
Generated 'res://asset/gobtest_Material_Pbr_normal.png' preview in 150262 usec
Generated 'res://asset/GobTest_walk_v2.png' preview in 29780 usec
Loading resource: res://asset/MeleeRun.png remapped: res://asset/MeleeRun.png
Loading resource: res://.godot/imported/MeleeRun.png-2eb959e16e5844efab2cbf06e65f7498.ctex remapped: res://.godot/imported/MeleeRun.png-2eb959e16e5844efab2cbf06e65f7498.ctex
Completed load for: 'res://asset/MeleeRun.png' remapped 'res://asset/MeleeRun.png' at thread -1
Generated 'res://asset/MeleeRun.png' preview in 47303 usec
Generated 'res://asset/Orc.png' preview in 11203 usec
Generated 'res://asset/persephone.png' preview in 10860 usec
Generated 'res://asset/Soldier.png' preview in 11946 usec
Generated 'res://assets/characters/elf/animations/elf_bow_shot_animation.tres' preview in 340 usec
Generated 'res://assets/characters/elf/elf_character_v01.glb' preview in 61574 usec
bcdec: Decompression of a 4096x4096 DXT5 RGBA8 image with 0 mipmaps took 41 ms.
Generated 'res://assets/characters/elf/elf_character_v01_texture_0.png' preview in 123069 usec
Generated 'res://assets/characters/mage/mage_godot_baseline.glb' preview in 18727 usec
bcdec: Decompression of a 2048x2048 DXT1 RGB8 image with 0 mipmaps took 7 ms.
Generated 'res://assets/characters/mage/mage_godot_baseline_texture_0.png' preview in 36122 usec
Generated 'res://battle/iso/cave_avantplan_pic.tscn' preview in 44 usec
Generated 'res://battle/iso/cave_rocher_escalier.tscn' preview in 26 usec
Generated 'res://battle/iso/cave_room_01_background.tscn' preview in 26 usec
Generated 'res://battle/iso/drapeau.tscn' preview in 37 usec
Generated 'res://battle/iso/forest_map_calibration.tscn' preview in 63 usec
Generated 'res://battle/iso/forest_room_01_background.tscn' preview in 30 usec
Generated 'res://battle/iso/ISO_CONTRACT.md' preview in 380 usec
Generated 'res://battle/iso/iso_map_lab.tscn' preview in 38 usec
Generated 'res://battle/iso/mountain_room_01_background.tscn' preview in 36 usec
Generated 'res://battle/vfx/boule_de_feu_vfx2.tscn' preview in 34 usec
Generated 'res://battle/vfx/FIREBALL_VFX_LIFECYCLE_FIX.md' preview in 339 usec
Generated 'res://battle/vfx/marque_vfx.tscn' preview in 32 usec
Generated 'res://battle/floating_text.tscn' preview in 43 usec
Generated 'res://characters/elf/ElfVisual3D.tscn' preview in 46 usec
Generated 'res://characters/elf/ELF_FIRST_PLAYABLE_INTEGRATION.md' preview in 391 usec
Generated 'res://characters/elf/ELF_RENDER_SHARPNESS.md' preview in 316 usec
Generated 'res://characters/elf/ELF_VISUAL_SETUP.md' preview in 344 usec
Generated 'res://characters/mage/MageIsoUnitView.tscn' preview in 35 usec
Generated 'res://characters/mage/MageVisual3D.tscn' preview in 26 usec
Generated 'res://data/ai_behaviors/agressif_standard.tres' preview in 215 usec
Generated 'res://data/ai_behaviors/archer_kiter.tres' preview in 195 usec
Generated 'res://data/ai_behaviors/berserker_chasseur.tres' preview in 194 usec
Generated 'res://data/ai_behaviors/chamane_soutien.tres' preview in 193 usec
Generated 'res://data/ai_behaviors/hurleur_drain.tres' preview in 165 usec
Generated 'res://data/ai_behaviors/lieur_entrave.tres' preview in 157 usec
Generated 'res://data/ai_behaviors/pyromage_poseur_de_feu.tres' preview in 171 usec
Generated 'res://data/boss_malus/charge_statique.tres' preview in 210 usec
Generated 'res://data/boss_malus/devoration_temporelle.tres' preview in 191 usec
Generated 'res://data/boss_malus/jugement.tres' preview in 194 usec
Generated 'res://data/boss_malus/reflet.tres' preview in 173 usec
Generated 'res://data/boss_malus/regard_de_pierre.tres' preview in 178 usec
Generated 'res://data/characters/elf/disciplines/archer.tres' preview in 253 usec
Generated 'res://data/characters/elf/disciplines/archer_rank_1.tres' preview in 242 usec
Generated 'res://data/characters/elf/disciplines/archer_rank_2.tres' preview in 233 usec
Generated 'res://data/characters/elf/disciplines/archer_rank_3.tres' preview in 245 usec
Generated 'res://data/characters/elf/disciplines/archer_rank_4.tres' preview in 261 usec
Generated 'res://data/characters/elf/disciplines/archer_rank_5.tres' preview in 243 usec
Generated 'res://data/characters/elf/disciplines/assassin.tres' preview in 231 usec
Generated 'res://data/characters/elf/disciplines/assassin_rank_1.tres' preview in 215 usec
Generated 'res://data/characters/elf/disciplines/assassin_rank_2.tres' preview in 238 usec
Generated 'res://data/characters/elf/disciplines/healer.tres' preview in 236 usec
Generated 'res://data/characters/elf/disciplines/healer_rank_1.tres' preview in 251 usec
Generated 'res://data/characters/elf/disciplines/healer_rank_2.tres' preview in 293 usec
Generated 'res://data/characters/elf/disciplines/mage.tres' preview in 235 usec
Generated 'res://data/characters/elf/disciplines/mage_rank_1.tres' preview in 228 usec
Generated 'res://data/characters/elf/disciplines/mage_rank_2.tres' preview in 290 usec
Generated 'res://data/characters/elf/modifiers/abundant_sap.tres' preview in 239 usec
Generated 'res://data/characters/elf/modifiers/backstab.tres' preview in 223 usec
Generated 'res://data/characters/elf/modifiers/barbed_tip.tres' preview in 233 usec
Generated 'res://data/characters/elf/modifiers/eagle_eye.tres' preview in 239 usec
Generated 'res://data/characters/elf/modifiers/hindering_arrow.tres' preview in 232 usec
Generated 'res://data/characters/elf/modifiers/impact_bolt.tres' preview in 227 usec
Generated 'res://data/characters/elf/modifiers/incandescent_core.tres' preview in 235 usec
Generated 'res://data/characters/elf/modifiers/long_range.tres' preview in 228 usec
Generated 'res://data/characters/elf/modifiers/open_breach.tres' preview in 225 usec
Generated 'res://data/characters/elf/modifiers/perfect_shot_damage.tres' preview in 340 usec
Generated 'res://data/characters/elf/modifiers/perfect_shot_range.tres' preview in 277 usec
Generated 'res://data/characters/elf/modifiers/perfect_sight.tres' preview in 257 usec
Generated 'res://data/characters/elf/modifiers/persistent_embers.tres' preview in 367 usec
Generated 'res://data/characters/elf/modifiers/piercing_shot.tres' preview in 287 usec
Generated 'res://data/characters/elf/modifiers/pin_arrow.tres' preview in 244 usec
Generated 'res://data/characters/elf/modifiers/protective_bark.tres' preview in 349 usec
Generated 'res://data/characters/elf/modifiers/repel_arrow.tres' preview in 254 usec
Generated 'res://data/characters/elf/modifiers/shatter.tres' preview in 234 usec
Generated 'res://data/characters/elf/modifiers/siege_arrow_collision.tres' preview in 263 usec
Generated 'res://data/characters/elf/modifiers/siege_arrow_push.tres' preview in 250 usec
Generated 'res://data/characters/elf/modifiers/siege_bolt.tres' preview in 229 usec
Generated 'res://data/characters/elf/modifiers/stabilization.tres' preview in 252 usec
Generated 'res://data/characters/elf/modifiers/stopping_arrow_collision.tres' preview in 253 usec
Generated 'res://data/characters/elf/modifiers/stopping_arrow_movement.tres' preview in 220 usec
Generated 'res://data/characters/elf/modifiers/tactical_retreat.tres' preview in 226 usec
Generated 'res://data/characters/elf/modifiers/transpiercing_bolt.tres' preview in 297 usec
Generated 'res://data/characters/elf/modifiers/venomous_blade.tres' preview in 256 usec
Generated 'res://data/characters/elf/spells/fireball.tres' preview in 339 usec
Generated 'res://data/characters/elf/spells/precise_shot.tres' preview in 260 usec
Generated 'res://data/characters/elf/spells/sneak_strike.tres' preview in 243 usec
Generated 'res://data/characters/elf/spells/sylvan_heal.tres' preview in 234 usec
Generated 'res://data/characters/elf/upgrades/abundant_sap.tres' preview in 263 usec
Generated 'res://data/characters/elf/upgrades/backstab.tres' preview in 331 usec
Generated 'res://data/characters/elf/upgrades/barbed_tip.tres' preview in 318 usec
Generated 'res://data/characters/elf/upgrades/eagle_eye.tres' preview in 257 usec
Generated 'res://data/characters/elf/upgrades/hindering_arrow.tres' preview in 251 usec
Generated 'res://data/characters/elf/upgrades/impact_bolt.tres' preview in 232 usec
Generated 'res://data/characters/elf/upgrades/incandescent_core.tres' preview in 235 usec
Generated 'res://data/characters/elf/upgrades/long_range.tres' preview in 233 usec
Generated 'res://data/characters/elf/upgrades/open_breach.tres' preview in 217 usec
Generated 'res://data/characters/elf/upgrades/perfect_shot.tres' preview in 219 usec
Generated 'res://data/characters/elf/upgrades/perfect_sight.tres' preview in 212 usec
Generated 'res://data/characters/elf/upgrades/persistent_embers.tres' preview in 204 usec
Generated 'res://data/characters/elf/upgrades/piercing_shot.tres' preview in 207 usec
Generated 'res://data/characters/elf/upgrades/pin_arrow.tres' preview in 222 usec
Generated 'res://data/characters/elf/upgrades/protective_bark.tres' preview in 290 usec
Generated 'res://data/characters/elf/upgrades/repel_arrow.tres' preview in 230 usec
Generated 'res://data/characters/elf/upgrades/shatter.tres' preview in 227 usec
Generated 'res://data/characters/elf/upgrades/siege_arrow.tres' preview in 213 usec
Generated 'res://data/characters/elf/upgrades/siege_bolt.tres' preview in 209 usec
Generated 'res://data/characters/elf/upgrades/stabilization.tres' preview in 278 usec
Generated 'res://data/characters/elf/upgrades/stopping_arrow.tres' preview in 210 usec
Generated 'res://data/characters/elf/upgrades/tactical_retreat.tres' preview in 219 usec
Generated 'res://data/characters/elf/upgrades/transpiercing_bolt.tres' preview in 227 usec
Generated 'res://data/characters/elf/upgrades/venomous_blade.tres' preview in 217 usec
Generated 'res://data/characters/mage/disciplines/earth.tres' preview in 226 usec
Generated 'res://data/characters/mage/disciplines/fire.tres' preview in 217 usec
Generated 'res://data/characters/mage/disciplines/ice.tres' preview in 236 usec
Generated 'res://data/characters/mage/disciplines/lightning.tres' preview in 215 usec
Generated 'res://data/energy/foi.tres' preview in 228 usec
Generated 'res://data/energy/nature.tres' preview in 198 usec
Generated 'res://data/energy/ombre.tres' preview in 174 usec
Generated 'res://data/energy/rage.tres' preview in 184 usec
Generated 'res://data/equipment/arme_exploit_ferveur.tres' preview in 267 usec
Generated 'res://data/equipment/arme_frappe_lourde_gratuite.tres' preview in 295 usec
Generated 'res://data/equipment/arme_marque_vulnerable.tres' preview in 297 usec
Generated 'res://data/equipment/arme_poussee_plus.tres' preview in 209 usec
Generated 'res://data/equipment/armure_bouclier_depart.tres' preview in 196 usec
Generated 'res://data/equipment/armure_survie_letale.tres' preview in 183 usec
Generated 'res://data/equipment/armure_terrain_allie.tres' preview in 171 usec
Generated 'res://data/equipment/armure_touche_ferveur.tres' preview in 271 usec
Generated 'res://data/equipment/epique_couronne_cendre.tres' preview in 220 usec
Generated 'res://data/equipment/epique_egide_martyr.tres' preview in 188 usec
Generated 'res://data/equipment/epique_gantelet_briseur.tres' preview in 190 usec
Generated 'res://data/equipment/epique_voile_spectre.tres' preview in 179 usec
Generated 'res://data/equipment/talisman_elan_ouverture.tres' preview in 207 usec
Generated 'res://data/equipment/talisman_empreinte_moins.tres' preview in 183 usec
Generated 'res://data/equipment/talisman_eveil_soin.tres' preview in 169 usec
Generated 'res://data/equipment/talisman_resonance_combo.tres' preview in 180 usec
Generated 'res://data/events/autel_oublie.tres' preview in 176 usec
Generated 'res://data/events/champ_bataille.tres' preview in 198 usec
Generated 'res://data/events/forgeron_errant.tres' preview in 301 usec
Generated 'res://data/events/mendiant.tres' preview in 224 usec
Generated 'res://data/events/pacte_ombre.tres' preview in 229 usec
Generated 'res://data/events/reliquaire_scelle.tres' preview in 232 usec
Generated 'res://data/events/source_trouble.tres' preview in 204 usec
Generated 'res://data/events/stele_gravee.tres' preview in 188 usec
Generated 'res://data/relics/balance_anubis.tres' preview in 192 usec
Generated 'res://data/relics/braise_persistante.tres' preview in 178 usec
Generated 'res://data/relics/calice_rage.tres' preview in 184 usec
Generated 'res://data/relics/catalyseur.tres' preview in 183 usec
Generated 'res://data/relics/choeur.tres' preview in 197 usec
Generated 'res://data/relics/coeur_de_braise.tres' preview in 189 usec
Generated 'res://data/relics/contre_garde.tres' preview in 202 usec
Generated 'res://data/relics/diapason.tres' preview in 203 usec
Generated 'res://data/relics/elan_brut.tres' preview in 175 usec
Generated 'res://data/relics/empreinte_tellurique.tres' preview in 205 usec
Generated 'res://data/relics/etincelle_ame.tres' preview in 199 usec
Generated 'res://data/relics/ferveur_debordante.tres' preview in 174 usec
Generated 'res://data/relics/geomancien.tres' preview in 203 usec
Generated 'res://data/relics/marteau_jugement.tres' preview in 164 usec
Generated 'res://data/relics/oeil_ombre.tres' preview in 165 usec
Generated 'res://data/relics/reflexe.tres' preview in 169 usec
Generated 'res://data/relics/sang_froid.tres' preview in 277 usec
Generated 'res://data/relics/seconde_nature.tres' preview in 208 usec
Generated 'res://data/relics/stigmates.tres' preview in 187 usec
Generated 'res://data/relics/transe.tres' preview in 208 usec
Generated 'res://data/rewards/célérité.tres' preview in 178 usec
Generated 'res://data/rewards/force.tres' preview in 186 usec
Generated 'res://data/rewards/repos_equipe.tres' preview in 175 usec
Generated 'res://data/rewards/reward_calice_de_rage.tres' preview in 205 usec
Generated 'res://data/rewards/reward_coeur_de_braise.tres' preview in 197 usec
Generated 'res://data/rewards/reward_coup_epaule_enflamme.tres' preview in 190 usec
Generated 'res://data/rewards/reward_elan_brut.tres' preview in 220 usec
Generated 'res://data/rewards/reward_etincelle_ame.tres' preview in 201 usec
Generated 'res://data/rewards/reward_gardien_de_fer.tres' preview in 210 usec
Generated 'res://data/rewards/reward_lame_d_elan.tres' preview in 187 usec
Generated 'res://data/rewards/reward_marteau_jugement.tres' preview in 187 usec
Generated 'res://data/rewards/reward_pacte_de_fer.tres' preview in 187 usec
Generated 'res://data/rewards/reward_racines_de_secours.tres' preview in 180 usec
Generated 'res://data/rewards/reward_reflexe.tres' preview in 184 usec
Generated 'res://data/rewards/reward_seconde_nature.tres' preview in 178 usec
Generated 'res://data/rewards/reward_soif_de_sang.tres' preview in 203 usec
Generated 'res://data/rewards/reward_sort_aiguillon.tres' preview in 251 usec
Generated 'res://data/rewards/reward_sort_appel.tres' preview in 186 usec
Generated 'res://data/rewards/reward_sort_banniere.tres' preview in 287 usec
Generated 'res://data/rewards/reward_sort_catalyse.tres' preview in 244 usec
Generated 'res://data/rewards/reward_sort_charge.tres' preview in 207 usec
Generated 'res://data/rewards/reward_sort_deflagration.tres' preview in 186 usec
Generated 'res://data/rewards/reward_sort_etincelle.tres' preview in 182 usec
Generated 'res://data/rewards/reward_sort_glaciation.tres' preview in 267 usec
Generated 'res://data/rewards/reward_sort_lien_ombre.tres' preview in 195 usec
Generated 'res://data/rewards/reward_sort_onde_de_choc.tres' preview in 198 usec
Generated 'res://data/rewards/reward_sort_salve.tres' preview in 223 usec
Generated 'res://data/rewards/reward_sort_sceau.tres' preview in 257 usec
Generated 'res://data/rewards/reward_sort_second_souffle.tres' preview in 221 usec
Generated 'res://data/rewards/reward_sort_vague.tres' preview in 209 usec
Generated 'res://data/rewards/reward_stigmates.tres' preview in 196 usec
Generated 'res://data/rewards/reward_vengeance.tres' preview in 197 usec
Generated 'res://data/rewards/vigueur.tres' preview in 226 usec
Generated 'res://data/rooms/bible/arene_mouvante.tres' preview in 203 usec
Generated 'res://data/rooms/bible/boss_meduse.tres' preview in 214 usec
Generated 'res://data/rooms/bible/catacombes.tres' preview in 200 usec
Generated 'res://data/rooms/bible/elite_brute.tres' preview in 187 usec
Generated 'res://data/rooms/bible/la_forge.tres' preview in 186 usec
Generated 'res://data/rooms/bible/le_gue.tres' preview in 192 usec
Generated 'res://data/rooms/bible/sanctuaire_objectif.tres' preview in 278 usec
Generated 'res://data/rooms/maps/battle test.tscn' preview in 34 usec
Generated 'res://data/rooms/maps/battle_salle1_iso.tscn' preview in 29 usec
Generated 'res://data/rooms/maps/battle_salletest.tscn' preview in 30 usec
Generated 'res://data/rooms/maps/battle_salle_caverne_iso_v2.tscn' preview in 31 usec
Generated 'res://data/rooms/maps/battle_salle_montagne_iso.tscn' preview in 25 usec
Generated 'res://data/rooms/maps/batttest.tscn' preview in 31 usec
Generated 'res://data/rooms/maps/test_battle_asphodel.tscn' preview in 28 usec
Generated 'res://data/rooms/boss_colosse.tres' preview in 215 usec
Generated 'res://data/rooms/iso_terrain_markers.png' preview in 12576 usec
Generated 'res://data/rooms/salle_1.tres' preview in 212 usec
Generated 'res://data/rooms/salle_2.tres' preview in 181 usec
Generated 'res://data/rooms/salle_3.tres' preview in 171 usec
Generated 'res://data/rooms/situation_totem.tres' preview in 172 usec
Generated 'res://data/rooms/terrain_2.tres' preview in 173 usec
Generated 'res://data/rooms/test_tile_set_asphodel.tres' preview in 163 usec
Generated 'res://data/rooms/tile_set.tres' preview in 150 usec
Generated 'res://data/rooms/tile_set_iso_decor.tres' preview in 174 usec
Generated 'res://data/rooms/tile_set_iso_terrain.tres' preview in 168 usec
Generated 'res://data/runs/elf_prototype_run.tres' preview in 159 usec
Generated 'res://data/runs/fixed_trio_prototype_run.tres' preview in 207 usec
Generated 'res://data/runs/run_default.tres' preview in 316 usec
Generated 'res://data/runs/three_character_validation_run.tres' preview in 188 usec
Generated 'res://data/run_nodes/acte1_boss_meduse.tres' preview in 181 usec
Generated 'res://data/run_nodes/acte1_combat_1.tres' preview in 221 usec
Generated 'res://data/run_nodes/acte1_elite.tres' preview in 171 usec
Generated 'res://data/run_nodes/acte1_repos.tres' preview in 180 usec
Generated 'res://data/run_nodes/acte1_tresor.tres' preview in 184 usec
Generated 'res://data/run_nodes/event_pacte_ombre.tres' preview in 172 usec
Generated 'res://data/spells/assasin/execution.tres' preview in 228 usec
Generated 'res://data/spells/assasin/frappe_basse.tres' preview in 209 usec
Generated 'res://data/spells/assasin/lame.tres' preview in 210 usec
Generated 'res://data/spells/assasin/marque.tres' preview in 244 usec
Generated 'res://data/spells/assasin/pas_de_l_ombre.tres' preview in 197 usec
Generated 'res://data/spells/boss/bouclier_miroir.tres' preview in 224 usec
Generated 'res://data/spells/boss/devoration_cronos.tres' preview in 198 usec
Generated 'res://data/spells/boss/foudre_de_thor.tres' preview in 179 usec
Generated 'res://data/spells/boss/inondation.tres' preview in 234 usec
Generated 'res://data/spells/boss/jugement_anubis.tres' preview in 203 usec
Generated 'res://data/spells/boss/morsure_serpent.tres' preview in 178 usec
Generated 'res://data/spells/boss/regard_petrifiant.tres' preview in 189 usec
Generated 'res://data/spells/draft/aiguillon.tres' preview in 214 usec
Generated 'res://data/spells/draft/appel.tres' preview in 289 usec
Generated 'res://data/spells/draft/banniere.tres' preview in 651 usec
Generated 'res://data/spells/draft/catalyse.tres' preview in 216 usec
Generated 'res://data/spells/draft/charge.tres' preview in 222 usec
Generated 'res://data/spells/draft/deflagration.tres' preview in 219 usec
Generated 'res://data/spells/draft/etincelle.tres' preview in 204 usec
Generated 'res://data/spells/draft/glaciation.tres' preview in 219 usec
Generated 'res://data/spells/draft/lien_ombre.tres' preview in 245 usec
Generated 'res://data/spells/draft/salve.tres' preview in 239 usec
Generated 'res://data/spells/draft/sceau.tres' preview in 201 usec
Generated 'res://data/spells/draft/second_souffle.tres' preview in 217 usec
Generated 'res://data/spells/draft/vague.tres' preview in 321 usec
Generated 'res://data/spells/enemies/entrave.tres' preview in 244 usec
Generated 'res://data/spells/enemies/fleche.tres' preview in 203 usec
Generated 'res://data/spells/enemies/rage_berserker.tres' preview in 247 usec
Generated 'res://data/spells/enemies/tir_hurleur.tres' preview in 208 usec
Generated 'res://data/spells/Gardien/bastion.tres' preview in 201 usec
Generated 'res://data/spells/Gardien/frappe_de_bouclier.tres' preview in 200 usec
Generated 'res://data/spells/Gardien/garde.tres' preview in 198 usec
Generated 'res://data/spells/Gardien/provocation.tres' preview in 194 usec
Generated 'res://data/spells/Gardien/rempart.tres' preview in 204 usec
Generated 'res://data/spells/gobelin/braise_gobeline.tres' preview in 208 usec
Generated 'res://data/spells/gobelin/hurlement_drainant.tres' preview in 197 usec
Generated 'res://data/spells/gobelin/mêlée_gobelin.tres' preview in 210 usec
Generated 'res://data/spells/Guerrier/bourrade.tres' preview in 279 usec
Generated 'res://data/spells/Guerrier/brise_garde.tres' preview in 211 usec
Generated 'res://data/spells/Guerrier/coup_épaule.tres' preview in 263 usec
Generated 'res://data/spells/Guerrier/crochet.tres' preview in 219 usec
Generated 'res://data/spells/Guerrier/execution_de_guerre.tres' preview in 222 usec
Generated 'res://data/spells/Guerrier/frappe.tres' preview in 228 usec
Generated 'res://data/spells/Guerrier/frappe_lourde.tres' preview in 293 usec
Generated 'res://data/spells/Guerrier/marque_de_guerre.tres' preview in 246 usec
Generated 'res://data/spells/Guerrier/onde_de_choc.tres' preview in 228 usec
Generated 'res://data/spells/Guerrier/pietinement.tres' preview in 207 usec
Generated 'res://data/spells/Guerrier/sol_corrompu.tres' preview in 251 usec
Generated 'res://data/spells/Healer/floraison.tres' preview in 245 usec
Generated 'res://data/spells/Healer/graine_vive.tres' preview in 243 usec
Generated 'res://data/spells/Healer/ronces.tres' preview in 209 usec
Generated 'res://data/spells/Healer/seve_legere.tres' preview in 201 usec
Generated 'res://data/spells/Hoplite/estoc.tres' preview in 223 usec
Generated 'res://data/spells/Hoplite/mur_de_lances.tres' preview in 205 usec
Generated 'res://data/spells/Hoplite/phalange.tres' preview in 191 usec
Generated 'res://data/spells/Hoplite/repousse.tres' preview in 237 usec
Generated 'res://data/spells/Mage/boule_de_feu.tres' preview in 278 usec
Generated 'res://data/spells/Mage/onde_sismique.tres' preview in 217 usec
Generated 'res://data/spells/Mage/tempete_orageuse.tres' preview in 213 usec
Generated 'res://data/spells/Necromant/eclat_ombre.tres' preview in 219 usec
Generated 'res://data/spells/Necromant/faille.tres' preview in 196 usec
Generated 'res://data/spells/Necromant/lever.tres' preview in 208 usec
Generated 'res://data/spells/Necromant/moisson.tres' preview in 196 usec
Generated 'res://data/spells/Perséphone/flétrissement.tres' preview in 199 usec
Generated 'res://data/spells/Perséphone/tombeau fleuri.tres' preview in 218 usec
Generated 'res://data/spells/Perséphone/étreinte des enfers.tres' preview in 345 usec
Generated 'res://data/spells/blizzard.tres' preview in 220 usec
Generated 'res://data/spells/frappe.tres' preview in 214 usec
Generated 'res://data/spells/mur_de_glace.tres' preview in 274 usec
Generated 'res://data/spells/poison.tres' preview in 263 usec
Generated 'res://data/spells/soin.tres' preview in 287 usec
Generated 'res://data/spell_mods/mod_enflamme_arrivee.tres' preview in 434 usec
Generated 'res://data/status/core/bruleure.tres' preview in 267 usec
Generated 'res://data/status/core/brulure.tres' preview in 259 usec
Generated 'res://data/status/core/catalyse.tres' preview in 252 usec
Generated 'res://data/status/core/enracine.tres' preview in 219 usec
Generated 'res://data/status/core/etourdi.tres' preview in 219 usec
Generated 'res://data/status/core/faille.tres' preview in 226 usec
Generated 'res://data/status/core/jugement.tres' preview in 220 usec
Generated 'res://data/status/core/lien_ombre.tres' preview in 214 usec
Generated 'res://data/status/core/marqué.tres' preview in 243 usec
Generated 'res://data/status/core/mouille.tres' preview in 240 usec
Generated 'res://data/status/core/petrifie.tres' preview in 227 usec
Generated 'res://data/status/core/protégé.tres' preview in 247 usec
Generated 'res://data/status/core/saignement.tres' preview in 237 usec
Generated 'res://data/status/core/vulnerable_bible.tres' preview in 469 usec
Generated 'res://data/status/core/vulnérable.tres' preview in 460 usec
Generated 'res://data/status/progression/bleeding_2_for_2.tres' preview in 327 usec
Generated 'res://data/status/progression/physical_breach_1.tres' preview in 320 usec
Generated 'res://data/status/progression/physical_breach_2.tres' preview in 396 usec
Generated 'res://data/status/dot.tres' preview in 259 usec
Generated 'res://data/status/elf_venomous_blade_poison.tres' preview in 224 usec
Generated 'res://data/status/flétrissure.tres' preview in 380 usec
Generated 'res://data/status/poison.tres' preview in 377 usec
Generated 'res://data/terrain/banniere.tres' preview in 271 usec
Generated 'res://data/terrain/eau.tres' preview in 361 usec
Generated 'res://data/terrain/feu.tres' preview in 327 usec
Generated 'res://data/terrain/foudre.tres' preview in 348 usec
Generated 'res://data/terrain/glace.tres' preview in 366 usec
Generated 'res://data/terrain/lave.tres' preview in 357 usec
Generated 'res://data/terrain/mur_lances.tres' preview in 312 usec
Generated 'res://data/terrain/ombre.tres' preview in 321 usec
Generated 'res://data/terrain/regard.tres' preview in 318 usec
Generated 'res://data/terrain/ronces.tres' preview in 367 usec
Generated 'res://data/terrain/rune_amplification.tres' preview in 350 usec
Generated 'res://data/terrain/rune_soin.tres' preview in 350 usec
Generated 'res://data/terrain/sanctuaire.tres' preview in 336 usec
Generated 'res://data/terrain/vapeur.tres' preview in 310 usec
Generated 'res://data/traits/chassis_assassin.tres' preview in 364 usec
Generated 'res://data/traits/chassis_gardien.tres' preview in 304 usec
Generated 'res://data/traits/chassis_guerrier.tres' preview in 269 usec
Generated 'res://data/traits/chassis_healer.tres' preview in 338 usec
Generated 'res://data/traits/depart_etincelle_flux.tres' preview in 313 usec
Generated 'res://data/traits/depart_instinct_tactique.tres' preview in 421 usec
Generated 'res://data/traits/depart_posture_defensive.tres' preview in 396 usec
Generated 'res://data/traits/depart_sang_vif.tres' preview in 356 usec
Generated 'res://data/traits/fureur.tres' preview in 346 usec
Generated 'res://data/traits/hardened_front.tres' preview in 282 usec
Generated 'res://data/traits/relique_braise_persistante.tres' preview in 305 usec
Generated 'res://data/traits/relique_calice_de_rage.tres' preview in 340 usec
Generated 'res://data/traits/relique_coeur_de_braise.tres' preview in 273 usec
Generated 'res://data/traits/relique_elan_brut.tres' preview in 298 usec
Generated 'res://data/traits/relique_empreinte_tellurique.tres' preview in 221 usec
Generated 'res://data/traits/relique_etincelle_ame.tres' preview in 230 usec
Generated 'res://data/traits/relique_gardien_de_fer.tres' preview in 278 usec
Generated 'res://data/traits/relique_lame_d_elan.tres' preview in 263 usec
Generated 'res://data/traits/relique_marteau_jugement.tres' preview in 238 usec
Generated 'res://data/traits/relique_pacte_de_fer.tres' preview in 235 usec
Generated 'res://data/traits/relique_racines_de_secours.tres' preview in 332 usec
Generated 'res://data/traits/relique_reflexe.tres' preview in 334 usec
Generated 'res://data/traits/relique_seconde_nature.tres' preview in 367 usec
Generated 'res://data/traits/relique_soif_de_sang.tres' preview in 296 usec
Generated 'res://data/traits/relique_stigmates.tres' preview in 364 usec
Generated 'res://data/traits/reward_epaule_enflamme.tres' preview in 312 usec
Generated 'res://data/traits/threshold_identity.tres' preview in 345 usec
Generated 'res://data/traits/vengeance.tres' preview in 308 usec
Generated 'res://data/ui/assassin_hud_theme_refined.tres' preview in 337 usec
Generated 'res://data/ui/combat_hud_layout_clean.tres' preview in 291 usec
Generated 'res://data/ui/druid_hud_theme_refined.tres' preview in 324 usec
Generated 'res://data/ui/elf_hud_theme.tres' preview in 313 usec
Generated 'res://data/ui/elf_hud_theme_clean.tres' preview in 320 usec
Generated 'res://data/ui/elf_hud_theme_refined.tres' preview in 302 usec
Generated 'res://data/ui/guardian_hud_theme_refined.tres' preview in 297 usec
Generated 'res://data/ui/hoplite_hud_theme_refined.tres' preview in 389 usec
Generated 'res://data/ui/mage_hud_theme_refined.tres' preview in 385 usec
Generated 'res://data/ui/necromancer_hud_theme_refined.tres' preview in 380 usec
Generated 'res://data/ui/skill_tree_icon_catalog_refined.tres' preview in 362 usec
Generated 'res://data/ui/skill_tree_refined_config.tres' preview in 323 usec
Generated 'res://data/ui/warrior_hud_theme_refined.tres' preview in 370 usec
Generated 'res://data/units/alliés/Assassin.tres' preview in 381 usec
Generated 'res://data/units/alliés/chevalier.tres' preview in 394 usec
Generated 'res://data/units/alliés/elfe.tres' preview in 495 usec
Generated 'res://data/units/alliés/Gardien.tres' preview in 318 usec
Generated 'res://data/units/alliés/Guerrier.tres' preview in 449 usec
Generated 'res://data/units/alliés/healer.tres' preview in 343 usec
Generated 'res://data/units/alliés/Hoplite.tres' preview in 397 usec
Generated 'res://data/units/alliés/mage.tres' preview in 471 usec
Generated 'res://data/units/alliés/Necromant.tres' preview in 394 usec
Generated 'res://data/units/boss/anubis.tres' preview in 551 usec
Generated 'res://data/units/boss/cronos.tres' preview in 521 usec
Generated 'res://data/units/boss/le_colosse.tres' preview in 559 usec
Generated 'res://data/units/boss/meduse.tres' preview in 541 usec
Generated 'res://data/units/boss/persee.tres' preview in 365 usec
Generated 'res://data/units/boss/pérsephone.tres' preview in 367 usec
Generated 'res://data/units/boss/thor.tres' preview in 543 usec
Generated 'res://data/units/ennemie/elite_brute_gobelin.tres' preview in 593 usec
Generated 'res://data/units/ennemie/elite_pyromage_gobelin.tres' preview in 602 usec
Generated 'res://data/units/ennemie/gobelin.tres' preview in 459 usec
Generated 'res://data/units/ennemie/GobTestUnitData.tres' preview in 263 usec
Generated 'res://data/units/ennemie/GobTestUnitData_v2.tres' preview in 239 usec
Generated 'res://data/units/ennemie/mage_healer_gobelin.tres' preview in 251 usec
Generated 'res://data/units/ennemie/run_archer_gobelin.tres' preview in 260 usec
Generated 'res://data/units/ennemie/run_berserker_gobelin.tres' preview in 344 usec
Generated 'res://data/units/ennemie/run_brute_gobelin.tres' preview in 411 usec
Generated 'res://data/units/ennemie/run_capitaine_gobelin.tres' preview in 426 usec
Generated 'res://data/units/ennemie/run_chamane_gobelin.tres' preview in 416 usec
Generated 'res://data/units/ennemie/run_eclaireur_gobelin.tres' preview in 287 usec
Generated 'res://data/units/ennemie/run_hurleur_gobelin.tres' preview in 431 usec
Generated 'res://data/units/ennemie/run_lieur_gobelin.tres' preview in 283 usec
Generated 'res://data/units/ennemie/run_porte_bouclier_gobelin.tres' preview in 264 usec
Generated 'res://data/units/ennemie/run_pyromage_gobelin.tres' preview in 248 usec
Generated 'res://data/units/ennemie/run_totem_gobelin.tres' preview in 406 usec
Generated 'res://data/units/ennemie/serpent_meduse.tres' preview in 507 usec
Generated 'res://data/units/ennemie/totem_gobelin.tres' preview in 298 usec
Generated 'res://docs/audits/elf_progression_reset_inventory.md' preview in 574 usec
Generated 'res://docs/audits/skill_tree_legacy_assets_audit.md' preview in 562 usec
Generated 'res://docs/audits/skill_tree_refined_ui_audit.md' preview in 422 usec
Generated 'res://docs/prototypes/character_progression_foundation.md' preview in 496 usec
Generated 'res://docs/prototypes/elf_mage_progression_slice.md' preview in 359 usec
Generated 'res://docs/prototypes/elf_rank_two_disciplines.md' preview in 589 usec
Generated 'res://docs/prototypes/elf_vertical_slice_bootstrap.md' preview in 487 usec
Generated 'res://docs/prototypes/fixed_trio_mage_integration.md' preview in 563 usec
Generated 'res://docs/prototypes/mage_elemental_foundation.md' preview in 598 usec
Generated 'res://docs/prototypes/progression_lifecycle.md' preview in 557 usec
Generated 'res://docs/prototypes/three_character_party_validation.md' preview in 609 usec
Generated 'res://imported_models/Armored Knight with T/Armored Knight with T.glb' preview in 88245 usec
Loading resource: res://imported_models/Armored Knight with T/Armored Knight with T_0.jpg remapped: res://imported_models/Armored Knight with T/Armored Knight with T_0.jpg
Loading resource: res://.godot/imported/Armored Knight with T_0.jpg-c1178ad030878cb96777898c9076c981.s3tc.ctex remapped: res://.godot/imported/Armored Knight with T_0.jpg-c1178ad030878cb96777898c9076c981.s3tc.ctex
Completed load for: 'res://imported_models/Armored Knight with T/Armored Knight with T_0.jpg' remapped 'res://imported_models/Armored Knight with T/Armored Knight with T_0.jpg' at thread -1
bcdec: Decompression of a 4096x4096 DXT1 RGB8 image with 0 mipmaps took 29 ms.
Generated 'res://imported_models/Armored Knight with T/Armored Knight with T_0.jpg' preview in 108130 usec
Loading resource: res://imported_models/Armored Knight with T/Armored Knight with T_1.jpg remapped: res://imported_models/Armored Knight with T/Armored Knight with T_1.jpg
Loading resource: res://.godot/imported/Armored Knight with T_1.jpg-e0e0e39f4230c8ed554120116c4cdb84.s3tc.ctex remapped: res://.godot/imported/Armored Knight with T_1.jpg-e0e0e39f4230c8ed554120116c4cdb84.s3tc.ctex
Completed load for: 'res://imported_models/Armored Knight with T/Armored Knight with T_1.jpg' remapped 'res://imported_models/Armored Knight with T/Armored Knight with T_1.jpg' at thread -1
bcdec: Decompression of a 2048x2048 DXT1 RGB8 image with 0 mipmaps took 5 ms.
Generated 'res://imported_models/Armored Knight with T/Armored Knight with T_1.jpg' preview in 35331 usec
Loading resource: res://imported_models/Armored Knight with T/Armored Knight with T_2.jpg remapped: res://imported_models/Armored Knight with T/Armored Knight with T_2.jpg
Loading resource: res://.godot/imported/Armored Knight with T_2.jpg-2940a86650c64ed59b6bf9ea7fcd2072.s3tc.ctex remapped: res://.godot/imported/Armored Knight with T_2.jpg-2940a86650c64ed59b6bf9ea7fcd2072.s3tc.ctex
Completed load for: 'res://imported_models/Armored Knight with T/Armored Knight with T_2.jpg' remapped 'res://imported_models/Armored Knight with T/Armored Knight with T_2.jpg' at thread -1
bcdec: Decompression of a 4096x4096 RGTC RedGreen8 image with 0 mipmaps took 49 ms.
Generated 'res://imported_models/Armored Knight with T/Armored Knight with T_2.jpg' preview in 176018 usec
Loading resource: res://imported_models/Armored Knight with T/Armored Knight with T_3.jpg remapped: res://imported_models/Armored Knight with T/Armored Knight with T_3.jpg
Loading resource: res://.godot/imported/Armored Knight with T_3.jpg-85853413a2fa60cbf99607812156e7ec.s3tc.ctex remapped: res://.godot/imported/Armored Knight with T_3.jpg-85853413a2fa60cbf99607812156e7ec.s3tc.ctex
Completed load for: 'res://imported_models/Armored Knight with T/Armored Knight with T_3.jpg' remapped 'res://imported_models/Armored Knight with T/Armored Knight with T_3.jpg' at thread -1
bcdec: Decompression of a 2048x2048 DXT1 RGB8 image with 0 mipmaps took 11 ms.
Generated 'res://imported_models/Armored Knight with T/Armored Knight with T_3.jpg' preview in 44406 usec
Generated 'res://imported_models/Armored Knight with T_1/Armored Knight with T_1.glb' preview in 100694 usec
Loading resource: res://imported_models/Armored Knight with T_1/Armored Knight with T_1_0.jpg remapped: res://imported_models/Armored Knight with T_1/Armored Knight with T_1_0.jpg
Loading resource: res://.godot/imported/Armored Knight with T_1_0.jpg-17e6a9ab576b070b530a86d5b68a48c9.s3tc.ctex remapped: res://.godot/imported/Armored Knight with T_1_0.jpg-17e6a9ab576b070b530a86d5b68a48c9.s3tc.ctex
Completed load for: 'res://imported_models/Armored Knight with T_1/Armored Knight with T_1_0.jpg' remapped 'res://imported_models/Armored Knight with T_1/Armored Knight with T_1_0.jpg' at thread -1
bcdec: Decompression of a 4096x4096 DXT1 RGB8 image with 0 mipmaps took 32 ms.
Generated 'res://imported_models/Armored Knight with T_1/Armored Knight with T_1_0.jpg' preview in 139594 usec
Loading resource: res://imported_models/Armored Knight with T_1/Armored Knight with T_1_1.jpg remapped: res://imported_models/Armored Knight with T_1/Armored Knight with T_1_1.jpg
Loading resource: res://.godot/imported/Armored Knight with T_1_1.jpg-1a5d4d5d623a623a59cc39facb3a285c.s3tc.ctex remapped: res://.godot/imported/Armored Knight with T_1_1.jpg-1a5d4d5d623a623a59cc39facb3a285c.s3tc.ctex
Completed load for: 'res://imported_models/Armored Knight with T_1/Armored Knight with T_1_1.jpg' remapped 'res://imported_models/Armored Knight with T_1/Armored Knight with T_1_1.jpg' at thread -1
bcdec: Decompression of a 2048x2048 DXT1 RGB8 image with 0 mipmaps took 9 ms.
Generated 'res://imported_models/Armored Knight with T_1/Armored Knight with T_1_1.jpg' preview in 94867 usec
Loading resource: res://imported_models/Armored Knight with T_1/Armored Knight with T_1_2.jpg remapped: res://imported_models/Armored Knight with T_1/Armored Knight with T_1_2.jpg
Loading resource: res://.godot/imported/Armored Knight with T_1_2.jpg-01256cf5e169cb75780fe97767cb498a.s3tc.ctex remapped: res://.godot/imported/Armored Knight with T_1_2.jpg-01256cf5e169cb75780fe97767cb498a.s3tc.ctex
Completed load for: 'res://imported_models/Armored Knight with T_1/Armored Knight with T_1_2.jpg' remapped 'res://imported_models/Armored Knight with T_1/Armored Knight with T_1_2.jpg' at thread -1
bcdec: Decompression of a 4096x4096 RGTC RedGreen8 image with 0 mipmaps took 33 ms.
Generated 'res://imported_models/Armored Knight with T_1/Armored Knight with T_1_2.jpg' preview in 154184 usec
Loading resource: res://imported_models/Armored Knight with T_1/Armored Knight with T_1_3.jpg remapped: res://imported_models/Armored Knight with T_1/Armored Knight with T_1_3.jpg
Loading resource: res://.godot/imported/Armored Knight with T_1_3.jpg-83906b41ac9209f57422611ead1eb35b.s3tc.ctex remapped: res://.godot/imported/Armored Knight with T_1_3.jpg-83906b41ac9209f57422611ead1eb35b.s3tc.ctex
Completed load for: 'res://imported_models/Armored Knight with T_1/Armored Knight with T_1_3.jpg' remapped 'res://imported_models/Armored Knight with T_1/Armored Knight with T_1_3.jpg' at thread -1
bcdec: Decompression of a 2048x2048 DXT1 RGB8 image with 0 mipmaps took 7 ms.
Generated 'res://imported_models/Armored Knight with T_1/Armored Knight with T_1_3.jpg' preview in 33504 usec
Loading resource: res://output/imagegen/cave-grid-isometrique.png remapped: res://output/imagegen/cave-grid-isometrique.png
Loading resource: res://.godot/imported/cave-grid-isometrique.png-8ed5f2cea0152174df7ab1fa3f46a4bf.ctex remapped: res://.godot/imported/cave-grid-isometrique.png-8ed5f2cea0152174df7ab1fa3f46a4bf.ctex
Completed load for: 'res://output/imagegen/cave-grid-isometrique.png' remapped 'res://output/imagegen/cave-grid-isometrique.png' at thread -1
Generated 'res://output/imagegen/cave-grid-isometrique.png' preview in 66312 usec
Loading resource: res://tests/characters/elf/screenshots/elf_cast_end_isometric.png remapped: res://tests/characters/elf/screenshots/elf_cast_end_isometric.png
Loading resource: res://.godot/imported/elf_cast_end_isometric.png-fae1bbc6a4cea4554d783699412cf1da.ctex remapped: res://.godot/imported/elf_cast_end_isometric.png-fae1bbc6a4cea4554d783699412cf1da.ctex
Completed load for: 'res://tests/characters/elf/screenshots/elf_cast_end_isometric.png' remapped 'res://tests/characters/elf/screenshots/elf_cast_end_isometric.png' at thread -1
Generated 'res://tests/characters/elf/screenshots/elf_cast_end_isometric.png' preview in 28107 usec
Loading resource: res://tests/characters/elf/screenshots/elf_cast_hold_isometric.png remapped: res://tests/characters/elf/screenshots/elf_cast_hold_isometric.png
Loading resource: res://.godot/imported/elf_cast_hold_isometric.png-068bf68a53a19c7867d7350bd5f03af4.ctex remapped: res://.godot/imported/elf_cast_hold_isometric.png-068bf68a53a19c7867d7350bd5f03af4.ctex
Completed load for: 'res://tests/characters/elf/screenshots/elf_cast_hold_isometric.png' remapped 'res://tests/characters/elf/screenshots/elf_cast_hold_isometric.png' at thread -1
Generated 'res://tests/characters/elf/screenshots/elf_cast_hold_isometric.png' preview in 27538 usec
Loading resource: res://tests/characters/elf/screenshots/elf_cast_isometric.png remapped: res://tests/characters/elf/screenshots/elf_cast_isometric.png
Loading resource: res://.godot/imported/elf_cast_isometric.png-704c1af6ebbd525c4ae18aad65cb91aa.ctex remapped: res://.godot/imported/elf_cast_isometric.png-704c1af6ebbd525c4ae18aad65cb91aa.ctex
Completed load for: 'res://tests/characters/elf/screenshots/elf_cast_isometric.png' remapped 'res://tests/characters/elf/screenshots/elf_cast_isometric.png' at thread -1
Generated 'res://tests/characters/elf/screenshots/elf_cast_isometric.png' preview in 24524 usec
Loading resource: res://tests/characters/elf/screenshots/elf_cast_start_isometric.png remapped: res://tests/characters/elf/screenshots/elf_cast_start_isometric.png
Loading resource: res://.godot/imported/elf_cast_start_isometric.png-ba64c2c157eb33c455d48b8bfce5e9ac.ctex remapped: res://.godot/imported/elf_cast_start_isometric.png-ba64c2c157eb33c455d48b8bfce5e9ac.ctex
Completed load for: 'res://tests/characters/elf/screenshots/elf_cast_start_isometric.png' remapped 'res://tests/characters/elf/screenshots/elf_cast_start_isometric.png' at thread -1
Generated 'res://tests/characters/elf/screenshots/elf_cast_start_isometric.png' preview in 24908 usec
Loading resource: res://tests/characters/elf/screenshots/elf_death_isometric.png remapped: res://tests/characters/elf/screenshots/elf_death_isometric.png
Loading resource: res://.godot/imported/elf_death_isometric.png-6ba31a4148869884b7d418aa902d3a19.ctex remapped: res://.godot/imported/elf_death_isometric.png-6ba31a4148869884b7d418aa902d3a19.ctex
Completed load for: 'res://tests/characters/elf/screenshots/elf_death_isometric.png' remapped 'res://tests/characters/elf/screenshots/elf_death_isometric.png' at thread -1
Generated 'res://tests/characters/elf/screenshots/elf_death_isometric.png' preview in 30033 usec
Loading resource: res://tests/characters/elf/screenshots/elf_death_side.png remapped: res://tests/characters/elf/screenshots/elf_death_side.png
Loading resource: res://.godot/imported/elf_death_side.png-41bb6e5bdd7cc87414e0bdd07a636fe4.ctex remapped: res://.godot/imported/elf_death_side.png-41bb6e5bdd7cc87414e0bdd07a636fe4.ctex
Completed load for: 'res://tests/characters/elf/screenshots/elf_death_side.png' remapped 'res://tests/characters/elf/screenshots/elf_death_side.png' at thread -1
Generated 'res://tests/characters/elf/screenshots/elf_death_side.png' preview in 28025 usec
Loading resource: res://tests/characters/elf/screenshots/elf_hit_isometric.png remapped: res://tests/characters/elf/screenshots/elf_hit_isometric.png
Loading resource: res://.godot/imported/elf_hit_isometric.png-0ddb3c9c90e588f49ef6802e8723e1e3.ctex remapped: res://.godot/imported/elf_hit_isometric.png-0ddb3c9c90e588f49ef6802e8723e1e3.ctex
Completed load for: 'res://tests/characters/elf/screenshots/elf_hit_isometric.png' remapped 'res://tests/characters/elf/screenshots/elf_hit_isometric.png' at thread -1
Generated 'res://tests/characters/elf/screenshots/elf_hit_isometric.png' preview in 29135 usec
Loading resource: res://tests/characters/elf/screenshots/elf_idle_isometric.png remapped: res://tests/characters/elf/screenshots/elf_idle_isometric.png
Loading resource: res://.godot/imported/elf_idle_isometric.png-d9e59db3859b0f6780310bbf20a98c54.ctex remapped: res://.godot/imported/elf_idle_isometric.png-d9e59db3859b0f6780310bbf20a98c54.ctex
Completed load for: 'res://tests/characters/elf/screenshots/elf_idle_isometric.png' remapped 'res://tests/characters/elf/screenshots/elf_idle_isometric.png' at thread -1
Generated 'res://tests/characters/elf/screenshots/elf_idle_isometric.png' preview in 25938 usec
Loading resource: res://tests/characters/elf/screenshots/elf_run_in_place_isometric.png remapped: res://tests/characters/elf/screenshots/elf_run_in_place_isometric.png
Loading resource: res://.godot/imported/elf_run_in_place_isometric.png-8b70e628f839d7fe69a0366183fc4c32.ctex remapped: res://.godot/imported/elf_run_in_place_isometric.png-8b70e628f839d7fe69a0366183fc4c32.ctex
Completed load for: 'res://tests/characters/elf/screenshots/elf_run_in_place_isometric.png' remapped 'res://tests/characters/elf/screenshots/elf_run_in_place_isometric.png' at thread -1
Generated 'res://tests/characters/elf/screenshots/elf_run_in_place_isometric.png' preview in 27845 usec
Loading resource: res://tests/characters/elf/screenshots/elf_run_moving_isometric.png remapped: res://tests/characters/elf/screenshots/elf_run_moving_isometric.png
Loading resource: res://.godot/imported/elf_run_moving_isometric.png-3922dba038af5064f470fb5546e03e81.ctex remapped: res://.godot/imported/elf_run_moving_isometric.png-3922dba038af5064f470fb5546e03e81.ctex
Completed load for: 'res://tests/characters/elf/screenshots/elf_run_moving_isometric.png' remapped 'res://tests/characters/elf/screenshots/elf_run_moving_isometric.png' at thread -1
Generated 'res://tests/characters/elf/screenshots/elf_run_moving_isometric.png' preview in 28611 usec
Loading resource: res://tests/characters/elf/screenshots/elf_sharpness_comparison.png remapped: res://tests/characters/elf/screenshots/elf_sharpness_comparison.png
Loading resource: res://.godot/imported/elf_sharpness_comparison.png-10f6bd6403befa3aa2684f892ab3c035.ctex remapped: res://.godot/imported/elf_sharpness_comparison.png-10f6bd6403befa3aa2684f892ab3c035.ctex
Completed load for: 'res://tests/characters/elf/screenshots/elf_sharpness_comparison.png' remapped 'res://tests/characters/elf/screenshots/elf_sharpness_comparison.png' at thread -1
Generated 'res://tests/characters/elf/screenshots/elf_sharpness_comparison.png' preview in 21485 usec
Loading resource: res://tests/characters/elf/screenshots/elf_sharpness_final_cast.png remapped: res://tests/characters/elf/screenshots/elf_sharpness_final_cast.png
Loading resource: res://.godot/imported/elf_sharpness_final_cast.png-94a1d38b0b30d79e5deb5009738b801b.ctex remapped: res://.godot/imported/elf_sharpness_final_cast.png-94a1d38b0b30d79e5deb5009738b801b.ctex
Completed load for: 'res://tests/characters/elf/screenshots/elf_sharpness_final_cast.png' remapped 'res://tests/characters/elf/screenshots/elf_sharpness_final_cast.png' at thread -1
Generated 'res://tests/characters/elf/screenshots/elf_sharpness_final_cast.png' preview in 35956 usec
Loading resource: res://tests/characters/elf/screenshots/elf_sharpness_final_idle.png remapped: res://tests/characters/elf/screenshots/elf_sharpness_final_idle.png
Loading resource: res://.godot/imported/elf_sharpness_final_idle.png-12500b9e37726712739a6ff2f5f529f3.ctex remapped: res://.godot/imported/elf_sharpness_final_idle.png-12500b9e37726712739a6ff2f5f529f3.ctex
Completed load for: 'res://tests/characters/elf/screenshots/elf_sharpness_final_idle.png' remapped 'res://tests/characters/elf/screenshots/elf_sharpness_final_idle.png' at thread -1
Generated 'res://tests/characters/elf/screenshots/elf_sharpness_final_idle.png' preview in 37241 usec
Loading resource: res://tests/characters/elf/screenshots/elf_sharpness_final_walk.png remapped: res://tests/characters/elf/screenshots/elf_sharpness_final_walk.png
Loading resource: res://.godot/imported/elf_sharpness_final_walk.png-169b3fc8db6816115a9e14c9ab5f809f.ctex remapped: res://.godot/imported/elf_sharpness_final_walk.png-169b3fc8db6816115a9e14c9ab5f809f.ctex
Completed load for: 'res://tests/characters/elf/screenshots/elf_sharpness_final_walk.png' remapped 'res://tests/characters/elf/screenshots/elf_sharpness_final_walk.png' at thread -1
Generated 'res://tests/characters/elf/screenshots/elf_sharpness_final_walk.png' preview in 35799 usec
Loading resource: res://tests/characters/elf/screenshots/elf_sockets_isometric.png remapped: res://tests/characters/elf/screenshots/elf_sockets_isometric.png
Loading resource: res://.godot/imported/elf_sockets_isometric.png-e52e5209bcf5e84730a042eeac2e8498.ctex remapped: res://.godot/imported/elf_sockets_isometric.png-e52e5209bcf5e84730a042eeac2e8498.ctex
Completed load for: 'res://tests/characters/elf/screenshots/elf_sockets_isometric.png' remapped 'res://tests/characters/elf/screenshots/elf_sockets_isometric.png' at thread -1
Generated 'res://tests/characters/elf/screenshots/elf_sockets_isometric.png' preview in 23749 usec
Loading resource: res://tests/characters/elf/screenshots/elf_walk_in_place_isometric.png remapped: res://tests/characters/elf/screenshots/elf_walk_in_place_isometric.png
Loading resource: res://.godot/imported/elf_walk_in_place_isometric.png-1bb1583227339356d74a127f2cd7da6e.ctex remapped: res://.godot/imported/elf_walk_in_place_isometric.png-1bb1583227339356d74a127f2cd7da6e.ctex
Completed load for: 'res://tests/characters/elf/screenshots/elf_walk_in_place_isometric.png' remapped 'res://tests/characters/elf/screenshots/elf_walk_in_place_isometric.png' at thread -1
Generated 'res://tests/characters/elf/screenshots/elf_walk_in_place_isometric.png' preview in 22692 usec
Loading resource: res://tests/characters/elf/screenshots/elf_walk_isometric.png remapped: res://tests/characters/elf/screenshots/elf_walk_isometric.png
Loading resource: res://.godot/imported/elf_walk_isometric.png-53c85ed1c98152ceca1ad13454fabbef.ctex remapped: res://.godot/imported/elf_walk_isometric.png-53c85ed1c98152ceca1ad13454fabbef.ctex
Completed load for: 'res://tests/characters/elf/screenshots/elf_walk_isometric.png' remapped 'res://tests/characters/elf/screenshots/elf_walk_isometric.png' at thread -1
Generated 'res://tests/characters/elf/screenshots/elf_walk_isometric.png' preview in 23872 usec
Loading resource: res://tests/characters/elf/screenshots/final_elf_cast_origin.png remapped: res://tests/characters/elf/screenshots/final_elf_cast_origin.png
Loading resource: res://.godot/imported/final_elf_cast_origin.png-c104ccf6fec62d1b9d11d8fb8f119049.ctex remapped: res://.godot/imported/final_elf_cast_origin.png-c104ccf6fec62d1b9d11d8fb8f119049.ctex
Completed load for: 'res://tests/characters/elf/screenshots/final_elf_cast_origin.png' remapped 'res://tests/characters/elf/screenshots/final_elf_cast_origin.png' at thread -1
Generated 'res://tests/characters/elf/screenshots/final_elf_cast_origin.png' preview in 35913 usec
Loading resource: res://tests/characters/elf/screenshots/final_elf_death.png remapped: res://tests/characters/elf/screenshots/final_elf_death.png
Loading resource: res://.godot/imported/final_elf_death.png-76ca63b65aae20038afa3f2113c8795e.ctex remapped: res://.godot/imported/final_elf_death.png-76ca63b65aae20038afa3f2113c8795e.ctex
Completed load for: 'res://tests/characters/elf/screenshots/final_elf_death.png' remapped 'res://tests/characters/elf/screenshots/final_elf_death.png' at thread -1
Generated 'res://tests/characters/elf/screenshots/final_elf_death.png' preview in 40081 usec
Loading resource: res://tests/characters/elf/screenshots/final_elf_moving.png remapped: res://tests/characters/elf/screenshots/final_elf_moving.png
Loading resource: res://.godot/imported/final_elf_moving.png-71877dc61405dc0fcde9991cddff737e.ctex remapped: res://.godot/imported/final_elf_moving.png-71877dc61405dc0fcde9991cddff737e.ctex
Completed load for: 'res://tests/characters/elf/screenshots/final_elf_moving.png' remapped 'res://tests/characters/elf/screenshots/final_elf_moving.png' at thread -1
Generated 'res://tests/characters/elf/screenshots/final_elf_moving.png' preview in 40392 usec
Loading resource: res://tests/characters/elf/screenshots/final_elf_selected.png remapped: res://tests/characters/elf/screenshots/final_elf_selected.png
Loading resource: res://.godot/imported/final_elf_selected.png-5033135009346a954d10bcd2a833809a.ctex remapped: res://.godot/imported/final_elf_selected.png-5033135009346a954d10bcd2a833809a.ctex
Completed load for: 'res://tests/characters/elf/screenshots/final_elf_selected.png' remapped 'res://tests/characters/elf/screenshots/final_elf_selected.png' at thread -1
Generated 'res://tests/characters/elf/screenshots/final_elf_selected.png' preview in 38218 usec
Loading resource: res://tests/characters/elf/screenshots/final_elf_y_sort.png remapped: res://tests/characters/elf/screenshots/final_elf_y_sort.png
Loading resource: res://.godot/imported/final_elf_y_sort.png-46f9010777fcf1dc9fcd397fea701fa0.ctex remapped: res://.godot/imported/final_elf_y_sort.png-46f9010777fcf1dc9fcd397fea701fa0.ctex
Completed load for: 'res://tests/characters/elf/screenshots/final_elf_y_sort.png' remapped 'res://tests/characters/elf/screenshots/final_elf_y_sort.png' at thread -1
Generated 'res://tests/characters/elf/screenshots/final_elf_y_sort.png' preview in 42336 usec
Loading resource: res://tests/characters/elf/screenshots/fireball_cleanup_after.png remapped: res://tests/characters/elf/screenshots/fireball_cleanup_after.png
Loading resource: res://.godot/imported/fireball_cleanup_after.png-f3e56f6a00b4ac943d777ead80caaab0.ctex remapped: res://.godot/imported/fireball_cleanup_after.png-f3e56f6a00b4ac943d777ead80caaab0.ctex
Completed load for: 'res://tests/characters/elf/screenshots/fireball_cleanup_after.png' remapped 'res://tests/characters/elf/screenshots/fireball_cleanup_after.png' at thread -1
Generated 'res://tests/characters/elf/screenshots/fireball_cleanup_after.png' preview in 40590 usec
Loading resource: res://tests/characters/elf/screenshots/fireball_residue_before.png remapped: res://tests/characters/elf/screenshots/fireball_residue_before.png
Loading resource: res://.godot/imported/fireball_residue_before.png-5f770c726e070e7d15ed6a035354ed46.ctex remapped: res://.godot/imported/fireball_residue_before.png-5f770c726e070e7d15ed6a035354ed46.ctex
Completed load for: 'res://tests/characters/elf/screenshots/fireball_residue_before.png' remapped 'res://tests/characters/elf/screenshots/fireball_residue_before.png' at thread -1
Generated 'res://tests/characters/elf/screenshots/fireball_residue_before.png' preview in 43823 usec
Loading resource: res://tests/characters/elf/screenshots/salle1_elf_behind_goblin.png remapped: res://tests/characters/elf/screenshots/salle1_elf_behind_goblin.png
Loading resource: res://.godot/imported/salle1_elf_behind_goblin.png-bb96ffa2492e1fb1726798999e4ab665.ctex remapped: res://.godot/imported/salle1_elf_behind_goblin.png-bb96ffa2492e1fb1726798999e4ab665.ctex
Completed load for: 'res://tests/characters/elf/screenshots/salle1_elf_behind_goblin.png' remapped 'res://tests/characters/elf/screenshots/salle1_elf_behind_goblin.png' at thread -1
Generated 'res://tests/characters/elf/screenshots/salle1_elf_behind_goblin.png' preview in 41945 usec
Loading resource: res://tests/characters/elf/screenshots/salle1_elf_cast.png remapped: res://tests/characters/elf/screenshots/salle1_elf_cast.png
Loading resource: res://.godot/imported/salle1_elf_cast.png-76470d4b08fe344c903e2f1b67ef6c68.ctex remapped: res://.godot/imported/salle1_elf_cast.png-76470d4b08fe344c903e2f1b67ef6c68.ctex
Completed load for: 'res://tests/characters/elf/screenshots/salle1_elf_cast.png' remapped 'res://tests/characters/elf/screenshots/salle1_elf_cast.png' at thread -1
Generated 'res://tests/characters/elf/screenshots/salle1_elf_cast.png' preview in 47880 usec
Loading resource: res://tests/characters/elf/screenshots/salle1_elf_death.png remapped: res://tests/characters/elf/screenshots/salle1_elf_death.png
Loading resource: res://.godot/imported/salle1_elf_death.png-a6266f7e163778d942d619b4b0c31ec3.ctex remapped: res://.godot/imported/salle1_elf_death.png-a6266f7e163778d942d619b4b0c31ec3.ctex
Completed load for: 'res://tests/characters/elf/screenshots/salle1_elf_death.png' remapped 'res://tests/characters/elf/screenshots/salle1_elf_death.png' at thread -1
Generated 'res://tests/characters/elf/screenshots/salle1_elf_death.png' preview in 50985 usec
Loading resource: res://tests/characters/elf/screenshots/salle1_elf_hit.png remapped: res://tests/characters/elf/screenshots/salle1_elf_hit.png
Loading resource: res://.godot/imported/salle1_elf_hit.png-2042b8d18bc62831e1179b54fe02fd8b.ctex remapped: res://.godot/imported/salle1_elf_hit.png-2042b8d18bc62831e1179b54fe02fd8b.ctex
Completed load for: 'res://tests/characters/elf/screenshots/salle1_elf_hit.png' remapped 'res://tests/characters/elf/screenshots/salle1_elf_hit.png' at thread -1
Generated 'res://tests/characters/elf/screenshots/salle1_elf_hit.png' preview in 57978 usec
Loading resource: res://tests/characters/elf/screenshots/salle1_elf_idle.png remapped: res://tests/characters/elf/screenshots/salle1_elf_idle.png
Loading resource: res://.godot/imported/salle1_elf_idle.png-3212cdf81bde5372839f7b90a18a46af.ctex remapped: res://.godot/imported/salle1_elf_idle.png-3212cdf81bde5372839f7b90a18a46af.ctex
Completed load for: 'res://tests/characters/elf/screenshots/salle1_elf_idle.png' remapped 'res://tests/characters/elf/screenshots/salle1_elf_idle.png' at thread -1
Generated 'res://tests/characters/elf/screenshots/salle1_elf_idle.png' preview in 54887 usec
Loading resource: res://tests/characters/elf/screenshots/salle1_elf_in_front_of_goblin.png remapped: res://tests/characters/elf/screenshots/salle1_elf_in_front_of_goblin.png
Loading resource: res://.godot/imported/salle1_elf_in_front_of_goblin.png-4eb65c11b0b00918fe6d49086173553a.ctex remapped: res://.godot/imported/salle1_elf_in_front_of_goblin.png-4eb65c11b0b00918fe6d49086173553a.ctex
Completed load for: 'res://tests/characters/elf/screenshots/salle1_elf_in_front_of_goblin.png' remapped 'res://tests/characters/elf/screenshots/salle1_elf_in_front_of_goblin.png' at thread -1
Generated 'res://tests/characters/elf/screenshots/salle1_elf_in_front_of_goblin.png' preview in 54047 usec
Loading resource: res://tests/characters/elf/screenshots/salle1_elf_walk_neg_x.png remapped: res://tests/characters/elf/screenshots/salle1_elf_walk_neg_x.png
Loading resource: res://.godot/imported/salle1_elf_walk_neg_x.png-2a983cc6e4266e5529772567df8b0597.ctex remapped: res://.godot/imported/salle1_elf_walk_neg_x.png-2a983cc6e4266e5529772567df8b0597.ctex
Completed load for: 'res://tests/characters/elf/screenshots/salle1_elf_walk_neg_x.png' remapped 'res://tests/characters/elf/screenshots/salle1_elf_walk_neg_x.png' at thread -1
Generated 'res://tests/characters/elf/screenshots/salle1_elf_walk_neg_x.png' preview in 47981 usec
Loading resource: res://tests/characters/elf/screenshots/salle1_elf_walk_neg_y.png remapped: res://tests/characters/elf/screenshots/salle1_elf_walk_neg_y.png
Loading resource: res://.godot/imported/salle1_elf_walk_neg_y.png-be0521bee01fcca3771b3ca9d65ae72d.ctex remapped: res://.godot/imported/salle1_elf_walk_neg_y.png-be0521bee01fcca3771b3ca9d65ae72d.ctex
Completed load for: 'res://tests/characters/elf/screenshots/salle1_elf_walk_neg_y.png' remapped 'res://tests/characters/elf/screenshots/salle1_elf_walk_neg_y.png' at thread -1
Generated 'res://tests/characters/elf/screenshots/salle1_elf_walk_neg_y.png' preview in 49755 usec
Loading resource: res://tests/characters/elf/screenshots/salle1_elf_walk_pos_x.png remapped: res://tests/characters/elf/screenshots/salle1_elf_walk_pos_x.png
Loading resource: res://.godot/imported/salle1_elf_walk_pos_x.png-7f44714f25c0e36a7cf07bdfa89ac816.ctex remapped: res://.godot/imported/salle1_elf_walk_pos_x.png-7f44714f25c0e36a7cf07bdfa89ac816.ctex
Completed load for: 'res://tests/characters/elf/screenshots/salle1_elf_walk_pos_x.png' remapped 'res://tests/characters/elf/screenshots/salle1_elf_walk_pos_x.png' at thread -1
Generated 'res://tests/characters/elf/screenshots/salle1_elf_walk_pos_x.png' preview in 46105 usec
Loading resource: res://tests/characters/elf/screenshots/salle1_elf_walk_pos_y.png remapped: res://tests/characters/elf/screenshots/salle1_elf_walk_pos_y.png
Loading resource: res://.godot/imported/salle1_elf_walk_pos_y.png-30be33461cfc9b9beb0634ccc3912b16.ctex remapped: res://.godot/imported/salle1_elf_walk_pos_y.png-30be33461cfc9b9beb0634ccc3912b16.ctex
Completed load for: 'res://tests/characters/elf/screenshots/salle1_elf_walk_pos_y.png' remapped 'res://tests/characters/elf/screenshots/salle1_elf_walk_pos_y.png' at thread -1
Generated 'res://tests/characters/elf/screenshots/salle1_elf_walk_pos_y.png' preview in 47699 usec
Loading resource: res://tests/characters/elf/screenshots/sharpness_512_linear_composite.png remapped: res://tests/characters/elf/screenshots/sharpness_512_linear_composite.png
Loading resource: res://.godot/imported/sharpness_512_linear_composite.png-86409a515327da3498b1f47442ba4e95.ctex remapped: res://.godot/imported/sharpness_512_linear_composite.png-86409a515327da3498b1f47442ba4e95.ctex
Completed load for: 'res://tests/characters/elf/screenshots/sharpness_512_linear_composite.png' remapped 'res://tests/characters/elf/screenshots/sharpness_512_linear_composite.png' at thread -1
Generated 'res://tests/characters/elf/screenshots/sharpness_512_linear_composite.png' preview in 46695 usec
Loading resource: res://tests/characters/elf/screenshots/sharpness_512_linear_composite_crop.png remapped: res://tests/characters/elf/screenshots/sharpness_512_linear_composite_crop.png
Loading resource: res://.godot/imported/sharpness_512_linear_composite_crop.png-8f5fa34fb44188fdf3d44b1dec20a2db.ctex remapped: res://.godot/imported/sharpness_512_linear_composite_crop.png-8f5fa34fb44188fdf3d44b1dec20a2db.ctex
Completed load for: 'res://tests/characters/elf/screenshots/sharpness_512_linear_composite_crop.png' remapped 'res://tests/characters/elf/screenshots/sharpness_512_linear_composite_crop.png' at thread -1
Generated 'res://tests/characters/elf/screenshots/sharpness_512_linear_composite_crop.png' preview in 23202 usec
Loading resource: res://tests/characters/elf/screenshots/sharpness_512_linear_viewport.png remapped: res://tests/characters/elf/screenshots/sharpness_512_linear_viewport.png
Loading resource: res://.godot/imported/sharpness_512_linear_viewport.png-f95b551122690fc67ef43e12e7c415e5.ctex remapped: res://.godot/imported/sharpness_512_linear_viewport.png-f95b551122690fc67ef43e12e7c415e5.ctex
Completed load for: 'res://tests/characters/elf/screenshots/sharpness_512_linear_viewport.png' remapped 'res://tests/characters/elf/screenshots/sharpness_512_linear_viewport.png' at thread -1
Generated 'res://tests/characters/elf/screenshots/sharpness_512_linear_viewport.png' preview in 23195 usec
Loading resource: res://tests/characters/elf/screenshots/sharpness_512_linear_viewport_crop.png remapped: res://tests/characters/elf/screenshots/sharpness_512_linear_viewport_crop.png
Loading resource: res://.godot/imported/sharpness_512_linear_viewport_crop.png-a9f6e6c4a712d45aed6586b74437653c.ctex remapped: res://.godot/imported/sharpness_512_linear_viewport_crop.png-a9f6e6c4a712d45aed6586b74437653c.ctex
Completed load for: 'res://tests/characters/elf/screenshots/sharpness_512_linear_viewport_crop.png' remapped 'res://tests/characters/elf/screenshots/sharpness_512_linear_viewport_crop.png' at thread -1
Generated 'res://tests/characters/elf/screenshots/sharpness_512_linear_viewport_crop.png' preview in 23754 usec
Loading resource: res://tests/characters/elf/screenshots/sharpness_512_nearest_composite.png remapped: res://tests/characters/elf/screenshots/sharpness_512_nearest_composite.png
Loading resource: res://.godot/imported/sharpness_512_nearest_composite.png-88fe643bad9ee74a9cb57757c1f7c06c.ctex remapped: res://.godot/imported/sharpness_512_nearest_composite.png-88fe643bad9ee74a9cb57757c1f7c06c.ctex
Completed load for: 'res://tests/characters/elf/screenshots/sharpness_512_nearest_composite.png' remapped 'res://tests/characters/elf/screenshots/sharpness_512_nearest_composite.png' at thread -1
Generated 'res://tests/characters/elf/screenshots/sharpness_512_nearest_composite.png' preview in 45682 usec
Loading resource: res://tests/characters/elf/screenshots/sharpness_512_nearest_composite_crop.png remapped: res://tests/characters/elf/screenshots/sharpness_512_nearest_composite_crop.png
Loading resource: res://.godot/imported/sharpness_512_nearest_composite_crop.png-a0327fc8a4b479496de376b7a1fc869b.ctex remapped: res://.godot/imported/sharpness_512_nearest_composite_crop.png-a0327fc8a4b479496de376b7a1fc869b.ctex
Completed load for: 'res://tests/characters/elf/screenshots/sharpness_512_nearest_composite_crop.png' remapped 'res://tests/characters/elf/screenshots/sharpness_512_nearest_composite_crop.png' at thread -1
Generated 'res://tests/characters/elf/screenshots/sharpness_512_nearest_composite_crop.png' preview in 19544 usec
Loading resource: res://tests/characters/elf/screenshots/sharpness_512_nearest_viewport.png remapped: res://tests/characters/elf/screenshots/sharpness_512_nearest_viewport.png
Loading resource: res://.godot/imported/sharpness_512_nearest_viewport.png-2991a8b6693aaba8390c95171461e19b.ctex remapped: res://.godot/imported/sharpness_512_nearest_viewport.png-2991a8b6693aaba8390c95171461e19b.ctex
Completed load for: 'res://tests/characters/elf/screenshots/sharpness_512_nearest_viewport.png' remapped 'res://tests/characters/elf/screenshots/sharpness_512_nearest_viewport.png' at thread -1
Generated 'res://tests/characters/elf/screenshots/sharpness_512_nearest_viewport.png' preview in 21672 usec
Loading resource: res://tests/characters/elf/screenshots/sharpness_512_nearest_viewport_crop.png remapped: res://tests/characters/elf/screenshots/sharpness_512_nearest_viewport_crop.png
Loading resource: res://.godot/imported/sharpness_512_nearest_viewport_crop.png-5241b4f7a61ca4b193315587a7ca6cce.ctex remapped: res://.godot/imported/sharpness_512_nearest_viewport_crop.png-5241b4f7a61ca4b193315587a7ca6cce.ctex
Completed load for: 'res://tests/characters/elf/screenshots/sharpness_512_nearest_viewport_crop.png' remapped 'res://tests/characters/elf/screenshots/sharpness_512_nearest_viewport_crop.png' at thread -1
Generated 'res://tests/characters/elf/screenshots/sharpness_512_nearest_viewport_crop.png' preview in 20259 usec
Loading resource: res://tests/characters/elf/screenshots/sharpness_640x512_linear_composite.png remapped: res://tests/characters/elf/screenshots/sharpness_640x512_linear_composite.png
Loading resource: res://.godot/imported/sharpness_640x512_linear_composite.png-ae15e503cdf44079bad8d6f4f0a8cb64.ctex remapped: res://.godot/imported/sharpness_640x512_linear_composite.png-ae15e503cdf44079bad8d6f4f0a8cb64.ctex
Completed load for: 'res://tests/characters/elf/screenshots/sharpness_640x512_linear_composite.png' remapped 'res://tests/characters/elf/screenshots/sharpness_640x512_linear_composite.png' at thread -1
Generated 'res://tests/characters/elf/screenshots/sharpness_640x512_linear_composite.png' preview in 40519 usec
Loading resource: res://tests/characters/elf/screenshots/sharpness_640x512_linear_composite_crop.png remapped: res://tests/characters/elf/screenshots/sharpness_640x512_linear_composite_crop.png
Loading resource: res://.godot/imported/sharpness_640x512_linear_composite_crop.png-080bd8f0943b72c2a3633d0c55ea421c.ctex remapped: res://.godot/imported/sharpness_640x512_linear_composite_crop.png-080bd8f0943b72c2a3633d0c55ea421c.ctex
Completed load for: 'res://tests/characters/elf/screenshots/sharpness_640x512_linear_composite_crop.png' remapped 'res://tests/characters/elf/screenshots/sharpness_640x512_linear_composite_crop.png' at thread -1
Generated 'res://tests/characters/elf/screenshots/sharpness_640x512_linear_composite_crop.png' preview in 16554 usec
Loading resource: res://tests/characters/elf/screenshots/sharpness_640x512_linear_viewport.png remapped: res://tests/characters/elf/screenshots/sharpness_640x512_linear_viewport.png
Loading resource: res://.godot/imported/sharpness_640x512_linear_viewport.png-93d745b1674de60e1d7dfa204a701ce6.ctex remapped: res://.godot/imported/sharpness_640x512_linear_viewport.png-93d745b1674de60e1d7dfa204a701ce6.ctex
Completed load for: 'res://tests/characters/elf/screenshots/sharpness_640x512_linear_viewport.png' remapped 'res://tests/characters/elf/screenshots/sharpness_640x512_linear_viewport.png' at thread -1
Generated 'res://tests/characters/elf/screenshots/sharpness_640x512_linear_viewport.png' preview in 18749 usec
Loading resource: res://tests/characters/elf/screenshots/sharpness_640x512_linear_viewport_crop.png remapped: res://tests/characters/elf/screenshots/sharpness_640x512_linear_viewport_crop.png
Loading resource: res://.godot/imported/sharpness_640x512_linear_viewport_crop.png-0c3bed5c5a32a4d4488752438e16127f.ctex remapped: res://.godot/imported/sharpness_640x512_linear_viewport_crop.png-0c3bed5c5a32a4d4488752438e16127f.ctex
Completed load for: 'res://tests/characters/elf/screenshots/sharpness_640x512_linear_viewport_crop.png' remapped 'res://tests/characters/elf/screenshots/sharpness_640x512_linear_viewport_crop.png' at thread -1
Generated 'res://tests/characters/elf/screenshots/sharpness_640x512_linear_viewport_crop.png' preview in 46664 usec
Loading resource: res://tests/characters/elf/screenshots/sharpness_768x512_linear_composite.png remapped: res://tests/characters/elf/screenshots/sharpness_768x512_linear_composite.png
Loading resource: res://.godot/imported/sharpness_768x512_linear_composite.png-3d73ca3e09b5b95f2dcc9a0ed172dfd2.ctex remapped: res://.godot/imported/sharpness_768x512_linear_composite.png-3d73ca3e09b5b95f2dcc9a0ed172dfd2.ctex
Completed load for: 'res://tests/characters/elf/screenshots/sharpness_768x512_linear_composite.png' remapped 'res://tests/characters/elf/screenshots/sharpness_768x512_linear_composite.png' at thread -1
Generated 'res://tests/characters/elf/screenshots/sharpness_768x512_linear_composite.png' preview in 42464 usec
Loading resource: res://tests/characters/elf/screenshots/sharpness_768x512_linear_composite_crop.png remapped: res://tests/characters/elf/screenshots/sharpness_768x512_linear_composite_crop.png
Loading resource: res://.godot/imported/sharpness_768x512_linear_composite_crop.png-d2deeb536c47680e9876b3def97568fc.ctex remapped: res://.godot/imported/sharpness_768x512_linear_composite_crop.png-d2deeb536c47680e9876b3def97568fc.ctex
Completed load for: 'res://tests/characters/elf/screenshots/sharpness_768x512_linear_composite_crop.png' remapped 'res://tests/characters/elf/screenshots/sharpness_768x512_linear_composite_crop.png' at thread -1
Generated 'res://tests/characters/elf/screenshots/sharpness_768x512_linear_composite_crop.png' preview in 17302 usec
Loading resource: res://tests/characters/elf/screenshots/sharpness_768x512_linear_viewport.png remapped: res://tests/characters/elf/screenshots/sharpness_768x512_linear_viewport.png
Loading resource: res://.godot/imported/sharpness_768x512_linear_viewport.png-e0fab925e84b6660581905560d77f096.ctex remapped: res://.godot/imported/sharpness_768x512_linear_viewport.png-e0fab925e84b6660581905560d77f096.ctex
Completed load for: 'res://tests/characters/elf/screenshots/sharpness_768x512_linear_viewport.png' remapped 'res://tests/characters/elf/screenshots/sharpness_768x512_linear_viewport.png' at thread -1
Generated 'res://tests/characters/elf/screenshots/sharpness_768x512_linear_viewport.png' preview in 17602 usec
Loading resource: res://tests/characters/elf/screenshots/sharpness_768x512_linear_viewport_crop.png remapped: res://tests/characters/elf/screenshots/sharpness_768x512_linear_viewport_crop.png
Loading resource: res://.godot/imported/sharpness_768x512_linear_viewport_crop.png-1b464112ea0f4b2ba77a61bd44a244c7.ctex remapped: res://.godot/imported/sharpness_768x512_linear_viewport_crop.png-1b464112ea0f4b2ba77a61bd44a244c7.ctex
Completed load for: 'res://tests/characters/elf/screenshots/sharpness_768x512_linear_viewport_crop.png' remapped 'res://tests/characters/elf/screenshots/sharpness_768x512_linear_viewport_crop.png' at thread -1
Generated 'res://tests/characters/elf/screenshots/sharpness_768x512_linear_viewport_crop.png' preview in 15594 usec
Loading resource: res://tests/characters/elf/screenshots/sharpness_768_linear_composite.png remapped: res://tests/characters/elf/screenshots/sharpness_768_linear_composite.png
Loading resource: res://.godot/imported/sharpness_768_linear_composite.png-f1f6e6c333e5728957e9da1462adf137.ctex remapped: res://.godot/imported/sharpness_768_linear_composite.png-f1f6e6c333e5728957e9da1462adf137.ctex
Completed load for: 'res://tests/characters/elf/screenshots/sharpness_768_linear_composite.png' remapped 'res://tests/characters/elf/screenshots/sharpness_768_linear_composite.png' at thread -1
Generated 'res://tests/characters/elf/screenshots/sharpness_768_linear_composite.png' preview in 38436 usec
Loading resource: res://tests/characters/elf/screenshots/sharpness_768_linear_composite_crop.png remapped: res://tests/characters/elf/screenshots/sharpness_768_linear_composite_crop.png
Loading resource: res://.godot/imported/sharpness_768_linear_composite_crop.png-8d4d96717723d9878bd6bc59fff27b94.ctex remapped: res://.godot/imported/sharpness_768_linear_composite_crop.png-8d4d96717723d9878bd6bc59fff27b94.ctex
Completed load for: 'res://tests/characters/elf/screenshots/sharpness_768_linear_composite_crop.png' remapped 'res://tests/characters/elf/screenshots/sharpness_768_linear_composite_crop.png' at thread -1
Generated 'res://tests/characters/elf/screenshots/sharpness_768_linear_composite_crop.png' preview in 17784 usec
Loading resource: res://tests/characters/elf/screenshots/sharpness_768_linear_viewport.png remapped: res://tests/characters/elf/screenshots/sharpness_768_linear_viewport.png
Loading resource: res://.godot/imported/sharpness_768_linear_viewport.png-42faa38d34d850822e5e34d166fb8e59.ctex remapped: res://.godot/imported/sharpness_768_linear_viewport.png-42faa38d34d850822e5e34d166fb8e59.ctex
Completed load for: 'res://tests/characters/elf/screenshots/sharpness_768_linear_viewport.png' remapped 'res://tests/characters/elf/screenshots/sharpness_768_linear_viewport.png' at thread -1
Generated 'res://tests/characters/elf/screenshots/sharpness_768_linear_viewport.png' preview in 23796 usec
Loading resource: res://tests/characters/elf/screenshots/sharpness_768_linear_viewport_crop.png remapped: res://tests/characters/elf/screenshots/sharpness_768_linear_viewport_crop.png
Loading resource: res://.godot/imported/sharpness_768_linear_viewport_crop.png-fde16993497aa4174c6e29960961d6e4.ctex remapped: res://.godot/imported/sharpness_768_linear_viewport_crop.png-fde16993497aa4174c6e29960961d6e4.ctex
Completed load for: 'res://tests/characters/elf/screenshots/sharpness_768_linear_viewport_crop.png' remapped 'res://tests/characters/elf/screenshots/sharpness_768_linear_viewport_crop.png' at thread -1
Generated 'res://tests/characters/elf/screenshots/sharpness_768_linear_viewport_crop.png' preview in 21143 usec
Loading resource: res://tests/characters/elf/screenshots/sharpness_before_composite.png remapped: res://tests/characters/elf/screenshots/sharpness_before_composite.png
Loading resource: res://.godot/imported/sharpness_before_composite.png-bcdbda09063e2961969eb772312ac52e.ctex remapped: res://.godot/imported/sharpness_before_composite.png-bcdbda09063e2961969eb772312ac52e.ctex
Completed load for: 'res://tests/characters/elf/screenshots/sharpness_before_composite.png' remapped 'res://tests/characters/elf/screenshots/sharpness_before_composite.png' at thread -1
Generated 'res://tests/characters/elf/screenshots/sharpness_before_composite.png' preview in 39099 usec
Loading resource: res://tests/characters/elf/screenshots/sharpness_before_composite_crop.png remapped: res://tests/characters/elf/screenshots/sharpness_before_composite_crop.png
Loading resource: res://.godot/imported/sharpness_before_composite_crop.png-623138cf3bb1b37b7e25cfa156f8b0b3.ctex remapped: res://.godot/imported/sharpness_before_composite_crop.png-623138cf3bb1b37b7e25cfa156f8b0b3.ctex
Completed load for: 'res://tests/characters/elf/screenshots/sharpness_before_composite_crop.png' remapped 'res://tests/characters/elf/screenshots/sharpness_before_composite_crop.png' at thread -1
Generated 'res://tests/characters/elf/screenshots/sharpness_before_composite_crop.png' preview in 16218 usec
Loading resource: res://tests/characters/elf/screenshots/sharpness_before_viewport.png remapped: res://tests/characters/elf/screenshots/sharpness_before_viewport.png
Loading resource: res://.godot/imported/sharpness_before_viewport.png-3920897ad30d4a98f3f2e2a35b844d17.ctex remapped: res://.godot/imported/sharpness_before_viewport.png-3920897ad30d4a98f3f2e2a35b844d17.ctex
Completed load for: 'res://tests/characters/elf/screenshots/sharpness_before_viewport.png' remapped 'res://tests/characters/elf/screenshots/sharpness_before_viewport.png' at thread -1
Generated 'res://tests/characters/elf/screenshots/sharpness_before_viewport.png' preview in 16045 usec
Loading resource: res://tests/characters/elf/screenshots/sharpness_before_viewport_crop.png remapped: res://tests/characters/elf/screenshots/sharpness_before_viewport_crop.png
Loading resource: res://.godot/imported/sharpness_before_viewport_crop.png-a5c664edfb5e455bc6b46bdce41c3013.ctex remapped: res://.godot/imported/sharpness_before_viewport_crop.png-a5c664edfb5e455bc6b46bdce41c3013.ctex
Completed load for: 'res://tests/characters/elf/screenshots/sharpness_before_viewport_crop.png' remapped 'res://tests/characters/elf/screenshots/sharpness_before_viewport_crop.png' at thread -1
Generated 'res://tests/characters/elf/screenshots/sharpness_before_viewport_crop.png' preview in 13509 usec
Loading resource: res://tests/characters/elf/screenshots/sharpness_final_idle_crop.png remapped: res://tests/characters/elf/screenshots/sharpness_final_idle_crop.png
Loading resource: res://.godot/imported/sharpness_final_idle_crop.png-0e0c10916cc48c782f8ef9ddc19adec8.ctex remapped: res://.godot/imported/sharpness_final_idle_crop.png-0e0c10916cc48c782f8ef9ddc19adec8.ctex
Completed load for: 'res://tests/characters/elf/screenshots/sharpness_final_idle_crop.png' remapped 'res://tests/characters/elf/screenshots/sharpness_final_idle_crop.png' at thread -1
Generated 'res://tests/characters/elf/screenshots/sharpness_final_idle_crop.png' preview in 19088 usec
Loading resource: res://tests/characters/elf/screenshots/sharpness_final_idle_viewport.png remapped: res://tests/characters/elf/screenshots/sharpness_final_idle_viewport.png
Loading resource: res://.godot/imported/sharpness_final_idle_viewport.png-32a333452d49fb3bf829055f4d37005a.ctex remapped: res://.godot/imported/sharpness_final_idle_viewport.png-32a333452d49fb3bf829055f4d37005a.ctex
Completed load for: 'res://tests/characters/elf/screenshots/sharpness_final_idle_viewport.png' remapped 'res://tests/characters/elf/screenshots/sharpness_final_idle_viewport.png' at thread -1
Generated 'res://tests/characters/elf/screenshots/sharpness_final_idle_viewport.png' preview in 22247 usec
Loading resource: res://tests/characters/elf/screenshots/sharpness_final_idle_viewport_crop.png remapped: res://tests/characters/elf/screenshots/sharpness_final_idle_viewport_crop.png
Loading resource: res://.godot/imported/sharpness_final_idle_viewport_crop.png-911d715e526bf622ff10c5118ce4beb3.ctex remapped: res://.godot/imported/sharpness_final_idle_viewport_crop.png-911d715e526bf622ff10c5118ce4beb3.ctex
Completed load for: 'res://tests/characters/elf/screenshots/sharpness_final_idle_viewport_crop.png' remapped 'res://tests/characters/elf/screenshots/sharpness_final_idle_viewport_crop.png' at thread -1
Generated 'res://tests/characters/elf/screenshots/sharpness_final_idle_viewport_crop.png' preview in 16434 usec
Loading resource: res://tests/characters/elf/screenshots/sharpness_final_walk_crop.png remapped: res://tests/characters/elf/screenshots/sharpness_final_walk_crop.png
Loading resource: res://.godot/imported/sharpness_final_walk_crop.png-1e3e342fd52cca7d03a28acc7d8f4eff.ctex remapped: res://.godot/imported/sharpness_final_walk_crop.png-1e3e342fd52cca7d03a28acc7d8f4eff.ctex
Completed load for: 'res://tests/characters/elf/screenshots/sharpness_final_walk_crop.png' remapped 'res://tests/characters/elf/screenshots/sharpness_final_walk_crop.png' at thread -1
Generated 'res://tests/characters/elf/screenshots/sharpness_final_walk_crop.png' preview in 17337 usec
Loading resource: res://tests/characters/elf/screenshots/sharpness_motion_cast_viewport.png remapped: res://tests/characters/elf/screenshots/sharpness_motion_cast_viewport.png
Loading resource: res://.godot/imported/sharpness_motion_cast_viewport.png-89a4921eaeb00c66b62d41062ef4a1f7.ctex remapped: res://.godot/imported/sharpness_motion_cast_viewport.png-89a4921eaeb00c66b62d41062ef4a1f7.ctex
Completed load for: 'res://tests/characters/elf/screenshots/sharpness_motion_cast_viewport.png' remapped 'res://tests/characters/elf/screenshots/sharpness_motion_cast_viewport.png' at thread -1
Generated 'res://tests/characters/elf/screenshots/sharpness_motion_cast_viewport.png' preview in 16760 usec
Loading resource: res://tests/characters/elf/screenshots/sharpness_motion_death_viewport.png remapped: res://tests/characters/elf/screenshots/sharpness_motion_death_viewport.png
Loading resource: res://.godot/imported/sharpness_motion_death_viewport.png-dcbadc77f1b39351e0ab7571c87712f6.ctex remapped: res://.godot/imported/sharpness_motion_death_viewport.png-dcbadc77f1b39351e0ab7571c87712f6.ctex
Completed load for: 'res://tests/characters/elf/screenshots/sharpness_motion_death_viewport.png' remapped 'res://tests/characters/elf/screenshots/sharpness_motion_death_viewport.png' at thread -1
Generated 'res://tests/characters/elf/screenshots/sharpness_motion_death_viewport.png' preview in 16698 usec
Loading resource: res://tests/characters/elf/screenshots/sharpness_motion_hit_viewport.png remapped: res://tests/characters/elf/screenshots/sharpness_motion_hit_viewport.png
Loading resource: res://.godot/imported/sharpness_motion_hit_viewport.png-7bc1b617476020adbdd5c7d11796356a.ctex remapped: res://.godot/imported/sharpness_motion_hit_viewport.png-7bc1b617476020adbdd5c7d11796356a.ctex
Completed load for: 'res://tests/characters/elf/screenshots/sharpness_motion_hit_viewport.png' remapped 'res://tests/characters/elf/screenshots/sharpness_motion_hit_viewport.png' at thread -1
Generated 'res://tests/characters/elf/screenshots/sharpness_motion_hit_viewport.png' preview in 16459 usec
Loading resource: res://tests/characters/elf/screenshots/sharpness_motion_idle_viewport.png remapped: res://tests/characters/elf/screenshots/sharpness_motion_idle_viewport.png
Loading resource: res://.godot/imported/sharpness_motion_idle_viewport.png-cd04cbf72761d210d028d189bad0f539.ctex remapped: res://.godot/imported/sharpness_motion_idle_viewport.png-cd04cbf72761d210d028d189bad0f539.ctex
Completed load for: 'res://tests/characters/elf/screenshots/sharpness_motion_idle_viewport.png' remapped 'res://tests/characters/elf/screenshots/sharpness_motion_idle_viewport.png' at thread -1
Generated 'res://tests/characters/elf/screenshots/sharpness_motion_idle_viewport.png' preview in 18797 usec
Loading resource: res://tests/characters/elf/screenshots/sharpness_motion_walk_viewport.png remapped: res://tests/characters/elf/screenshots/sharpness_motion_walk_viewport.png
Loading resource: res://.godot/imported/sharpness_motion_walk_viewport.png-03fb818232091f70e5489d292b028601.ctex remapped: res://.godot/imported/sharpness_motion_walk_viewport.png-03fb818232091f70e5489d292b028601.ctex
Completed load for: 'res://tests/characters/elf/screenshots/sharpness_motion_walk_viewport.png' remapped 'res://tests/characters/elf/screenshots/sharpness_motion_walk_viewport.png' at thread -1
Generated 'res://tests/characters/elf/screenshots/sharpness_motion_walk_viewport.png' preview in 18267 usec
Generated 'res://tests/characters/elf/ElfAnimationValidation.tscn' preview in 49 usec
Generated 'res://tests/characters/elf/ElfInGamePreview.tscn' preview in 49 usec
Generated 'res://tests/characters/elf/ElfSalle1GameplayIntegration.tscn' preview in 70 usec
Generated 'res://tests/characters/elf/ElfVisualComponentValidation.tscn' preview in 57 usec
Generated 'res://tests/characters/elf/ELF_IMPORT_VALIDATION.md' preview in 546 usec
Generated 'res://tests/characters/elf/ELF_IN_GAME_PREVIEW.md' preview in 697 usec
Generated 'res://tests/characters/elf/ELF_SALLE1_GAMEPLAY_INTEGRATION.md' preview in 599 usec
Generated 'res://tools/capture_clean_hud.tscn' preview in 58 usec
Generated 'res://tools/capture_refined_character_huds.tscn' preview in 46 usec
Generated 'res://tools/capture_skill_tree_refined.tscn' preview in 44 usec
Generated 'res://traits/Fureur_de_combat.tres' preview in 384 usec
Generated 'res://ui/characters/CharacterPreview3D.tscn' preview in 58 usec
Generated 'res://ui/combat/turn_intro_banner.tscn' preview in 60 usec
Generated 'res://ui/components/dark_menu_button.tscn' preview in 47 usec
Generated 'res://ui/menus/dark_pause_menu.tscn' preview in 60 usec
Generated 'res://ui/Particles/brume_vallee.tscn' preview in 56 usec
Generated 'res://ui/Particles/fumee_shader.tscn' preview in 60 usec
Generated 'res://ui/Particles/lumiere_diffuse.tscn' preview in 62 usec
Generated 'res://ui/Particles/particles_feuilles.tscn' preview in 49 usec
Generated 'res://ui/Particles/particles_fumee.tscn' preview in 61 usec
Generated 'res://ui/Particles/rayons_lumiere.tscn' preview in 58 usec
Generated 'res://ui/party/CharacterPresentationCard.tscn' preview in 40 usec
Generated 'res://ui/party/PartyPresentationScreen.tscn' preview in 40 usec
Generated 'res://ui/progression/components/skill_tree_discipline_tab.tscn' preview in 54 usec
Generated 'res://ui/progression/components/skill_tree_effect_glyph.tscn' preview in 40 usec
Generated 'res://ui/progression/components/skill_tree_graph_view.tscn' preview in 47 usec
Generated 'res://ui/progression/components/skill_tree_node_detail_panel.tscn' preview in 40 usec
Generated 'res://ui/progression/components/skill_tree_node_view.tscn' preview in 41 usec
Generated 'res://ui/progression/components/skill_tree_status_button.tscn' preview in 40 usec
Generated 'res://ui/progression/components/skill_tree_tooltip_panel.tscn' preview in 39 usec
Generated 'res://ui/progression/lab/skill_tree_graybox_lab.tscn' preview in 54 usec
Generated 'res://ui/progression/screens/skill_tree_screen.tscn' preview in 56 usec
Generated 'res://ui/progression/skin/dungeon_draft_skill_tree_skin.tres' preview in 430 usec
Generated 'res://ui/progression/skin/elf_archer_visual_map.tres' preview in 315 usec
Generated 'res://ui/progression/theme/skill_tree_graybox_theme.tres' preview in 277 usec
Generated 'res://ui/progression/ASSET_REQUIREMENTS.md' preview in 400 usec
Generated 'res://ui/progression/ProgressionChoiceScreen.tscn' preview in 40 usec
Generated 'res://ui/recraft_hud_v1/combat/combat_hud_recraft_v1.tscn' preview in 41 usec
Generated 'res://ui/recraft_hud_v1/components/portrait/portrait_view.tscn' preview in 41 usec
Generated 'res://ui/recraft_hud_v1/components/primary_button/primary_button_view.tscn' preview in 40 usec
Generated 'res://ui/recraft_hud_v1/components/resource_badge/resource_badge_view.tscn' preview in 40 usec
Generated 'res://ui/recraft_hud_v1/components/resource_bar/resource_bar_view.tscn' preview in 38 usec
Generated 'res://ui/recraft_hud_v1/components/spell_slot/spell_slot_view.tscn' preview in 42 usec
Generated 'res://ui/recraft_hud_v1/preview/elf_hud_clean_preview.tscn' preview in 48 usec
Generated 'res://ui/recraft_hud_v1/theme/recraft_hud_theme_v1.tres' preview in 330 usec
Generated 'res://ui/run/PersistentRunUI.tscn' preview in 36 usec
Generated 'res://ui/themes/dark_pause_menu_theme.tres' preview in 283 usec
Generated 'res://ui/Fondu.tscn' preview in 63 usec
Generated 'res://ui/RunDraftScreen.tscn' preview in 41 usec
Generated 'res://ui/RunResultScreen.tscn' preview in 34 usec
Generated 'res://ui/Transitionsalle.tscn' preview in 38 usec
Generated 'res://.gutconfig.json' preview in 297 usec
Generated 'res://default_bus_layout.tres' preview in 153 usec
Generated 'res://gobtest.tscn' preview in 36 usec
Loading resource: res://icon.svg remapped: res://icon.svg
Loading resource: res://.godot/imported/icon.svg-218a8f2b3041327d8a5756f3a245f83b.ctex remapped: res://.godot/imported/icon.svg-218a8f2b3041327d8a5756f3a245f83b.ctex
Completed load for: 'res://icon.svg' remapped 'res://icon.svg' at thread -1
Generated 'res://icon.svg' preview in 24033 usec
Generated 'res://README.md' preview in 363 usec
Unloading addon: res://addons/gut/plugin.cfg
Unloading addon: res://addons/meshy-godot-plugin/plugin.cfg
Accessibility: window 1 adapter deactivation completed.
Accessibility: window 1 adapter destroyed.
EditorSettings: Save OK!
