Godot Engine v4.7.1.stable.official.a13da4feb - https://godotengine.org
TextServer: Added interface "Dummy"
TextServer: Added interface "ICU / HarfBuzz / Graphite (Built-in)"
Accessibility: AccessKit driver loaded.
Accessibility: window 0 adapter created.
Devices:
  #0: NVIDIA NVIDIA GeForce RTX 4070 Laptop GPU - Supported, Discrete
  #1: Intel Intel(R) UHD Graphics - Supported, Discrete
  #2: Microsoft Microsoft Basic Render Driver - Supported, CPU
- Shader:
  model: 6.6
- D3D12 Variable Rate Shading supported:
  Draw call
  Primitive
  Screen-space image (tile size: 16)
- D3D12 multiview supported:
  max view count: 4
- Relaxed casting supported (but disabled for now)
- D3D12 16-bit ops supported: yes
- Depth bounds test supported
D3D12: Device supports GPU UPLOAD heap.
D3D12 12_0 - Forward+ - Using Device #0: NVIDIA - NVIDIA GeForce RTX 4070 Laptop GPU
SDL: Init OK!
Using "winink" pen tablet driver...
Shader 'CanvasSdfShaderRD' (group 0) SHA256: 54b47da3ce58bfeb483acea9e9e45b5de11793d45b2a38279aa17b08296ef514
Shader cache miss for CanvasSdfShaderRD/54b47da3ce58bfeb483acea9e9e45b5de11793d45b2a38279aa17b08296ef514/8305c75c1294a9f00656f0f14344bb8bedcfe4e7
Shader 'SkeletonShaderRD' (group 0) SHA256: 08b4464d16133f4db97a8df4663b95b2b956ecd3e7addf44a16e644f488157c2
Shader cache miss for SkeletonShaderRD/08b4464d16133f4db97a8df4663b95b2b956ecd3e7addf44a16e644f488157c2/8305c75c1294a9f00656f0f14344bb8bedcfe4e7
Shader 'SortShaderRD' (group 0) SHA256: 8e4ebbbb19fcd734c6f15656afbe1bcd5eb3acdfdae9cab023ebd6f54c901ef8
Shader cache miss for SortShaderRD/8e4ebbbb19fcd734c6f15656afbe1bcd5eb3acdfdae9cab023ebd6f54c901ef8/8305c75c1294a9f00656f0f14344bb8bedcfe4e7
Shader 'ParticlesShaderRD' (group 0) SHA256: 8f4c25caa97a2f74d5fa5f299aabdd514f57d9737b8642ed65c20e846dad5db0
Shader cache miss for ParticlesShaderRD/8f4c25caa97a2f74d5fa5f299aabdd514f57d9737b8642ed65c20e846dad5db0/07b5904b662900d90454c39c46885098de79aa4c
Shader 'ParticlesCopyShaderRD' (group 0) SHA256: 688d10aec3c2e17e8c578ba3e2db1ea2f054eedd511b1e1647952c0acaeeab72
Shader cache miss for ParticlesCopyShaderRD/688d10aec3c2e17e8c578ba3e2db1ea2f054eedd511b1e1647952c0acaeeab72/8305c75c1294a9f00656f0f14344bb8bedcfe4e7
Shader 'CanvasShaderRD' (group 0) SHA256: 1ac5f6c8d534ebab572b3f886e38134784245fbd5fa01c7cbb6cc452e5400080
Shader cache miss for CanvasShaderRD/1ac5f6c8d534ebab572b3f886e38134784245fbd5fa01c7cbb6cc452e5400080/8305c75c1294a9f00656f0f14344bb8bedcfe4e7
Shader 'CanvasOcclusionShaderRD' (group 0) SHA256: 3b765d5624135f9fbf3199b6660b8387d5b904f48be0914a622e5da9b906b504
Shader cache miss for CanvasOcclusionShaderRD/3b765d5624135f9fbf3199b6660b8387d5b904f48be0914a622e5da9b906b504/8305c75c1294a9f00656f0f14344bb8bedcfe4e7
Shader cache miss for CanvasShaderRD/1ac5f6c8d534ebab572b3f886e38134784245fbd5fa01c7cbb6cc452e5400080/89e0c5a264d1558e7bc2ca0dc3d0afd834fbe7b6
Shader cache miss for CanvasShaderRD/1ac5f6c8d534ebab572b3f886e38134784245fbd5fa01c7cbb6cc452e5400080/8f9335de72e837eeead40640cc01fddc5baf5a7c
Shader 'TexBlitShaderRD' (group 0) SHA256: ce377a6d54cd54d45abdd915ec4cf3877fef3cbace94de3df4ed73ec0124ea0c
Shader cache miss for TexBlitShaderRD/ce377a6d54cd54d45abdd915ec4cf3877fef3cbace94de3df4ed73ec0124ea0c/1e8995c9eb0e9b0b053035999de68595c521a33e
Shader 'ClusterRenderShaderRD' (group 0) SHA256: e1824bcfaf9ebab715957f09e04336284255c4a495944e7ca919e9c20509cf78
Shader cache miss for ClusterRenderShaderRD/e1824bcfaf9ebab715957f09e04336284255c4a495944e7ca919e9c20509cf78/8305c75c1294a9f00656f0f14344bb8bedcfe4e7
Shader 'ClusterStoreShaderRD' (group 0) SHA256: 552b8bd4a514bf18836a8f9d32f41185bdb0efa58da3d5b3e68a39d68f6cecfc
Shader cache miss for ClusterStoreShaderRD/552b8bd4a514bf18836a8f9d32f41185bdb0efa58da3d5b3e68a39d68f6cecfc/8305c75c1294a9f00656f0f14344bb8bedcfe4e7
Shader 'ClusterDebugShaderRD' (group 0) SHA256: 0825a26b8d0923d82c8881fc87e3d931ea89a116d0550106157b7033dfa382a7
Shader cache miss for ClusterDebugShaderRD/0825a26b8d0923d82c8881fc87e3d931ea89a116d0550106157b7033dfa382a7/8305c75c1294a9f00656f0f14344bb8bedcfe4e7
Shader 'SceneForwardClusteredShaderRD' (group 0) SHA256: 069fad9662d1c110a7284347f6822a7ae0bb9be399f57215e33231e68a6e4692
Shader 'SceneForwardClusteredShaderRD' (group 1) SHA256: e6ddf6e05db4f231ee7be3016d02a9e703882c6b2e93191499ae729257086fbf
Shader 'SceneForwardClusteredShaderRD' (group 2) SHA256: 03231cc5a2baf868ce6ae9ca41bb9f199e71fe058e538a5f5121bcec6a77e72d
Shader 'SceneForwardClusteredShaderRD' (group 3) SHA256: e3d89c1bd8f3ff6a0fef46ab1650f9c56e7ec927639ae227579c7831b94bc4ae
Shader cache miss for SceneForwardClusteredShaderRD/069fad9662d1c110a7284347f6822a7ae0bb9be399f57215e33231e68a6e4692/b600e18e20b53d8932999d48838b29553c586934
Shader cache miss for SceneForwardClusteredShaderRD/069fad9662d1c110a7284347f6822a7ae0bb9be399f57215e33231e68a6e4692/347259af253e6bbec7ad5c69332af5ca731015aa
Shader cache miss for SceneForwardClusteredShaderRD/069fad9662d1c110a7284347f6822a7ae0bb9be399f57215e33231e68a6e4692/a784797763b72ce058effad41b273eb697df9814
Shader 'BestFitNormalShaderRD' (group 0) SHA256: 522b47cc4c3c4b572bc28faadfdeea9c0a31b5381e4ea2e3406d0f6fda73d52b
Shader cache miss for BestFitNormalShaderRD/522b47cc4c3c4b572bc28faadfdeea9c0a31b5381e4ea2e3406d0f6fda73d52b/8305c75c1294a9f00656f0f14344bb8bedcfe4e7
Shader 'IntegrateDfgShaderRD' (group 0) SHA256: 83448d29d7232c732c9d312b8e7faaa363fd72cf79165ec15256862089ebd46e
Shader cache miss for IntegrateDfgShaderRD/83448d29d7232c732c9d312b8e7faaa363fd72cf79165ec15256862089ebd46e/8305c75c1294a9f00656f0f14344bb8bedcfe4e7
Shader 'TaaResolveShaderRD' (group 0) SHA256: c5152f5d8d5e919024126af06b7cf1a216b5184957e1946e198175642a86027f
Shader cache miss for TaaResolveShaderRD/c5152f5d8d5e919024126af06b7cf1a216b5184957e1946e198175642a86027f/8305c75c1294a9f00656f0f14344bb8bedcfe4e7
Shader 'Fsr2DepthClipPassShaderRD' (group 0) SHA256: a20cc609c661dbc20c0e6a50851d7ef432d89eb01d24ccf77a8d354b1003b593
Shader 'Fsr2ReconstructPreviousDepthPassShaderRD' (group 0) SHA256: cbbdd1c21ee3ee90d8d06a9dd43063e4947406284591dc52cda4af06f70cf4c5
Shader 'Fsr2LockPassShaderRD' (group 0) SHA256: 995caf07233459282796e20cf661d1dff50d44e7f6b71a02f50ff28852375d11
Shader 'Fsr2AccumulatePassShaderRD' (group 0) SHA256: 5d2518fa9d077ed7e9937130bcc8f122a0c112da50e4102e291ff2e2e3b3655a
Shader 'Fsr2RcasPassShaderRD' (group 0) SHA256: 1a214ec56a6146372aa5be425b51e322c000385e510d969388b8a7b64e8633fe
Shader 'Fsr2ComputeLuminancePyramidPassShaderRD' (group 0) SHA256: 858215f4d90283500ee2148c5aa0e0849b1581cc1eff4a636e59f7ab9c107253
Shader 'Fsr2AutogenReactivePassShaderRD' (group 0) SHA256: 4c3e8464d1a8b62c5285265b7d298da6fd431f85d1353a00f4791bde194cda86
Shader 'Fsr2TcrAutogenPassShaderRD' (group 0) SHA256: 6259947a4b72af42bd9446599035d159f6a0f4ad7816329d4ce18d50bf4ec655
Shader 'SsEffectsDownsampleShaderRD' (group 0) SHA256: ccf4e10c5ab4528ecf8f9b97dbc17f491b409915c7c64f533bcc896c43acdfb0
Shader cache miss for SsEffectsDownsampleShaderRD/ccf4e10c5ab4528ecf8f9b97dbc17f491b409915c7c64f533bcc896c43acdfb0/8305c75c1294a9f00656f0f14344bb8bedcfe4e7
Shader 'SsilShaderRD' (group 0) SHA256: 2b3bf37ba8a45aa5cbc064da9031687142e6f007565f6dee75f83189a9edcfa3
Shader cache miss for SsilShaderRD/2b3bf37ba8a45aa5cbc064da9031687142e6f007565f6dee75f83189a9edcfa3/8305c75c1294a9f00656f0f14344bb8bedcfe4e7
Shader 'SsilImportanceMapShaderRD' (group 0) SHA256: 1c4d07be7a352b493a9afdef9363514c1f219eb178911ec18626ea542c3b1334
Shader cache miss for SsilImportanceMapShaderRD/1c4d07be7a352b493a9afdef9363514c1f219eb178911ec18626ea542c3b1334/8305c75c1294a9f00656f0f14344bb8bedcfe4e7
Shader 'SsilBlurShaderRD' (group 0) SHA256: ba99bf82030acafb5628e8fbd1e0a70fb6a1fa2af5283800a6585fa9c71317d5
Shader cache miss for SsilBlurShaderRD/ba99bf82030acafb5628e8fbd1e0a70fb6a1fa2af5283800a6585fa9c71317d5/8305c75c1294a9f00656f0f14344bb8bedcfe4e7
Shader 'SsilInterleaveShaderRD' (group 0) SHA256: e3b6eab6e5b68136736435a560115616f4074e0be5dca3e2242912a504320162
Shader cache miss for SsilInterleaveShaderRD/e3b6eab6e5b68136736435a560115616f4074e0be5dca3e2242912a504320162/8305c75c1294a9f00656f0f14344bb8bedcfe4e7
Shader 'SsaoShaderRD' (group 0) SHA256: 66a821ba71909db6948ec1aded9d3ee630866bfb4556c2e275650a1ba3b8f5e3
Shader cache miss for SsaoShaderRD/66a821ba71909db6948ec1aded9d3ee630866bfb4556c2e275650a1ba3b8f5e3/8305c75c1294a9f00656f0f14344bb8bedcfe4e7
Shader 'SsaoImportanceMapShaderRD' (group 0) SHA256: 8701d1e664bf71d29af6f5d0a42ba62d7efbdec7f5f82064ea3b0fe3eef94361
Shader cache miss for SsaoImportanceMapShaderRD/8701d1e664bf71d29af6f5d0a42ba62d7efbdec7f5f82064ea3b0fe3eef94361/8305c75c1294a9f00656f0f14344bb8bedcfe4e7
Shader 'SsaoBlurShaderRD' (group 0) SHA256: 75c97c3818b26631d447852881b25a2a80e6c894e956c009b714072cbd46c1ef
Shader cache miss for SsaoBlurShaderRD/75c97c3818b26631d447852881b25a2a80e6c894e956c009b714072cbd46c1ef/8305c75c1294a9f00656f0f14344bb8bedcfe4e7
Shader 'SsaoInterleaveShaderRD' (group 0) SHA256: bee8210303269b0457bb9b0180392661b1c86739a5b9b2efe8a252021fcca1f5
Shader cache miss for SsaoInterleaveShaderRD/bee8210303269b0457bb9b0180392661b1c86739a5b9b2efe8a252021fcca1f5/8305c75c1294a9f00656f0f14344bb8bedcfe4e7
Shader 'ScreenSpaceReflectionDownsampleShaderRD' (group 0) SHA256: ce68b2844d60e91b13d566f130e5e6be4924ecd57975c33ed49db903d1d10cdd
Shader cache miss for ScreenSpaceReflectionDownsampleShaderRD/ce68b2844d60e91b13d566f130e5e6be4924ecd57975c33ed49db903d1d10cdd/8305c75c1294a9f00656f0f14344bb8bedcfe4e7
Shader 'ScreenSpaceReflectionHizShaderRD' (group 0) SHA256: d816ec3b916a39c24ef8495a965202569a714911181fd70869fdc76e1647898d
Shader cache miss for ScreenSpaceReflectionHizShaderRD/d816ec3b916a39c24ef8495a965202569a714911181fd70869fdc76e1647898d/8305c75c1294a9f00656f0f14344bb8bedcfe4e7
Shader 'ScreenSpaceReflectionShaderRD' (group 0) SHA256: dd5e885eefeba0f65c2678de75b986844fb186f0d2a38e39381b435388d51dbb
Shader cache miss for ScreenSpaceReflectionShaderRD/dd5e885eefeba0f65c2678de75b986844fb186f0d2a38e39381b435388d51dbb/8305c75c1294a9f00656f0f14344bb8bedcfe4e7
Shader 'ScreenSpaceReflectionFilterShaderRD' (group 0) SHA256: adaaba74fde6be6ed9036c3b4e1988baef6dcb0a7cc9aa46eee0f81796fd1ee7
Shader cache miss for ScreenSpaceReflectionFilterShaderRD/adaaba74fde6be6ed9036c3b4e1988baef6dcb0a7cc9aa46eee0f81796fd1ee7/8305c75c1294a9f00656f0f14344bb8bedcfe4e7
Shader 'ScreenSpaceReflectionResolveShaderRD' (group 0) SHA256: 7179c7134fdf0cbefc7c3244957827cbec1fd0180b3dfa0ea580579b7b83a06c
Shader cache miss for ScreenSpaceReflectionResolveShaderRD/7179c7134fdf0cbefc7c3244957827cbec1fd0180b3dfa0ea580579b7b83a06c/8305c75c1294a9f00656f0f14344bb8bedcfe4e7
Shader 'SubsurfaceScatteringShaderRD' (group 0) SHA256: 7c8ee12c5109342b5667f38d6fda4ec1c20f0d014ad9690457e6f19d602b96d9
Shader cache miss for SubsurfaceScatteringShaderRD/7c8ee12c5109342b5667f38d6fda4ec1c20f0d014ad9690457e6f19d602b96d9/8305c75c1294a9f00656f0f14344bb8bedcfe4e7
Shader 'SkyShaderRD' (group 0) SHA256: 9be8c23dcd20154e4a1ab0bef919421f8c51853d47c2fe6dc91221f8cfc74997
Shader cache miss for SkyShaderRD/9be8c23dcd20154e4a1ab0bef919421f8c51853d47c2fe6dc91221f8cfc74997/0fa1946a11e1cca806ebfe4b3b4ac7f723d8b701
Shader cache miss for SkyShaderRD/9be8c23dcd20154e4a1ab0bef919421f8c51853d47c2fe6dc91221f8cfc74997/ff1961ca0c4c55a79eb12f819a7b6345801bbbaf
Shader 'VoxelGiShaderRD' (group 0) SHA256: be32ca7811c1d8efa7aea8f6759edee078b2130e3ae5a44ffb2866906b7f344a
Shader cache miss for VoxelGiShaderRD/be32ca7811c1d8efa7aea8f6759edee078b2130e3ae5a44ffb2866906b7f344a/8305c75c1294a9f00656f0f14344bb8bedcfe4e7
Shader 'VoxelGiDebugShaderRD' (group 0) SHA256: 9a34146b67b3016d20f7a43d89748fc6c5eb980a677a57e30e08f4db1bc9a2c6
Shader cache miss for VoxelGiDebugShaderRD/9a34146b67b3016d20f7a43d89748fc6c5eb980a677a57e30e08f4db1bc9a2c6/8305c75c1294a9f00656f0f14344bb8bedcfe4e7
Shader 'SdfgiPreprocessShaderRD' (group 0) SHA256: 1df3f43771989a4c102242eeab16de469b18c89bbd7ff3866c4fd78a99d2e961
Shader cache miss for SdfgiPreprocessShaderRD/1df3f43771989a4c102242eeab16de469b18c89bbd7ff3866c4fd78a99d2e961/8305c75c1294a9f00656f0f14344bb8bedcfe4e7
Shader 'SdfgiDirectLightShaderRD' (group 0) SHA256: 60b8f559824902a3ba6f601c82ba13bb027a01cf114421e8b3e7f1577251f982
Shader cache miss for SdfgiDirectLightShaderRD/60b8f559824902a3ba6f601c82ba13bb027a01cf114421e8b3e7f1577251f982/8305c75c1294a9f00656f0f14344bb8bedcfe4e7
Shader 'SdfgiIntegrateShaderRD' (group 0) SHA256: 8402e25fb473b17f05fd8134b61bac8272f9bb13ec37039e0f82a546918f3004
Shader cache miss for SdfgiIntegrateShaderRD/8402e25fb473b17f05fd8134b61bac8272f9bb13ec37039e0f82a546918f3004/8305c75c1294a9f00656f0f14344bb8bedcfe4e7
Shader 'GiShaderRD' (group 0) SHA256: a60cccbead6fab980bf996289c17b9a77b68a540d44ab8a15ec477060a5862cf
Shader 'GiShaderRD' (group 1) SHA256: 4b8662cdf9663cca618a7d8d793e816df7b2d7e775eefbb9eb5fbb0bdbe7d3d3
Shader cache miss for GiShaderRD/a60cccbead6fab980bf996289c17b9a77b68a540d44ab8a15ec477060a5862cf/8305c75c1294a9f00656f0f14344bb8bedcfe4e7
Shader cache miss for GiShaderRD/4b8662cdf9663cca618a7d8d793e816df7b2d7e775eefbb9eb5fbb0bdbe7d3d3/8305c75c1294a9f00656f0f14344bb8bedcfe4e7
Shader 'SdfgiDebugShaderRD' (group 0) SHA256: 6c94a7679fba279d983d32e141b6648229956762362a863275c13ba2608c7e4d
Shader cache miss for SdfgiDebugShaderRD/6c94a7679fba279d983d32e141b6648229956762362a863275c13ba2608c7e4d/8305c75c1294a9f00656f0f14344bb8bedcfe4e7
Shader 'SdfgiDebugProbesShaderRD' (group 0) SHA256: 9067100a09ae2d21f3f325a69e660546baba568b663847a9ba75cbdc3ea337ee
Shader cache miss for SdfgiDebugProbesShaderRD/9067100a09ae2d21f3f325a69e660546baba568b663847a9ba75cbdc3ea337ee/8305c75c1294a9f00656f0f14344bb8bedcfe4e7
Shader 'VolumetricFogShaderRD' (group 0) SHA256: 4fcd7eea54024fa982593be8aed8c9df465d0c4f629d7d1d1dfdf887cdaca664
Shader 'VolumetricFogShaderRD' (group 1) SHA256: ca7636fab5e9482809eef50fa6684b206f196dada5f05272cb6f04bab7b39ad4
Shader 'VolumetricFogShaderRD' (group 2) SHA256: cb01070fac4570703f705033e78fe8f33ec0bc024a29f53170c0e593709e87ce
Shader 'VolumetricFogShaderRD' (group 3) SHA256: c66c1f9d3ee29cfbd36a5292e40323598a914dddef06f93951451c87654fd3ca
Shader cache miss for VolumetricFogShaderRD/4fcd7eea54024fa982593be8aed8c9df465d0c4f629d7d1d1dfdf887cdaca664/3377d4ca9d0fc2e16f62596ee37d619e8e7e3f54
Shader 'VolumetricFogProcessShaderRD' (group 0) SHA256: b3d8b51125b8cc82b65e91af793ad8427f49e486687dd0559cabc908674c4390
Shader 'VolumetricFogProcessShaderRD' (group 1) SHA256: fb70f1d0cde8662299c3e8439861294b94192590612d199e70f0f2380126ce56
Shader 'VolumetricFogProcessShaderRD' (group 2) SHA256: ea198e67c91d4d2ddf767049e2aede96f6c4a7ebb51ac9f6f9bbb89e28b083df
Shader 'VolumetricFogProcessShaderRD' (group 3) SHA256: 89e722db621fadf587f712b1100bfe8ade1e7ad5051befa7e3c3bb7bae4a1c18
Shader cache miss for VolumetricFogProcessShaderRD/b3d8b51125b8cc82b65e91af793ad8427f49e486687dd0559cabc908674c4390/8305c75c1294a9f00656f0f14344bb8bedcfe4e7
Shader 'BokehDofShaderRD' (group 0) SHA256: 07a1c984a30f7beb4c3290c8d0216119327b1f6eb8b36e5c96cfb751f30742e6
Shader cache miss for BokehDofShaderRD/07a1c984a30f7beb4c3290c8d0216119327b1f6eb8b36e5c96cfb751f30742e6/8305c75c1294a9f00656f0f14344bb8bedcfe4e7
Shader 'CopyShaderRD' (group 0) SHA256: 23f6cf7986b46c68792dfd3f087267f14eebc49382f0c0fd265b45462b58afcf
Shader cache miss for CopyShaderRD/23f6cf7986b46c68792dfd3f087267f14eebc49382f0c0fd265b45462b58afcf/8305c75c1294a9f00656f0f14344bb8bedcfe4e7
Shader 'CopyToFbShaderRD' (group 0) SHA256: d00e29e632391ed3791124b988da290d922da3d9e2083273523bd8173b24ff97
Shader cache miss for CopyToFbShaderRD/d00e29e632391ed3791124b988da290d922da3d9e2083273523bd8173b24ff97/8305c75c1294a9f00656f0f14344bb8bedcfe4e7
Shader 'CubeToDpShaderRD' (group 0) SHA256: 9825f5ee942047b6912a1b6fe49935a8c928598f40d2cdfc64a0f61134deed27
Shader cache miss for CubeToDpShaderRD/9825f5ee942047b6912a1b6fe49935a8c928598f40d2cdfc64a0f61134deed27/8305c75c1294a9f00656f0f14344bb8bedcfe4e7
Shader 'CubeToOctmapShaderRD' (group 0) SHA256: 8bf32929c5b41445f085dd302ccba233028481a94d43ce1b531bc8e2e66677a4
Shader cache miss for CubeToOctmapShaderRD/8bf32929c5b41445f085dd302ccba233028481a94d43ce1b531bc8e2e66677a4/8305c75c1294a9f00656f0f14344bb8bedcfe4e7
Shader 'OctmapDownsamplerShaderRD' (group 0) SHA256: c79c7ea0ebc9a0833c5f465f1c555216a15727d2c4e3a227e9d5cd1e80f0669e
Shader cache miss for OctmapDownsamplerShaderRD/c79c7ea0ebc9a0833c5f465f1c555216a15727d2c4e3a227e9d5cd1e80f0669e/8305c75c1294a9f00656f0f14344bb8bedcfe4e7
Shader 'OctmapFilterShaderRD' (group 0) SHA256: a511f5ad922f5d701a26f801b4f9c96406071103345fa83fd394f8954c1dd7ac
Shader cache miss for OctmapFilterShaderRD/a511f5ad922f5d701a26f801b4f9c96406071103345fa83fd394f8954c1dd7ac/8305c75c1294a9f00656f0f14344bb8bedcfe4e7
Shader 'OctmapRoughnessShaderRD' (group 0) SHA256: 9f66b38742366834aef44d557fed0d0753432ffb2cf24eebb14792092fc26b83
Shader cache miss for OctmapRoughnessShaderRD/9f66b38742366834aef44d557fed0d0753432ffb2cf24eebb14792092fc26b83/8305c75c1294a9f00656f0f14344bb8bedcfe4e7
Shader 'SpecularMergeShaderRD' (group 0) SHA256: 38d1cf8969e8f223baa218cbcd7ad415e6e945247fdb8cefddabba66acaab0e4
Shader cache miss for SpecularMergeShaderRD/38d1cf8969e8f223baa218cbcd7ad415e6e945247fdb8cefddabba66acaab0e4/8305c75c1294a9f00656f0f14344bb8bedcfe4e7
Shader 'ShadowFrustumShaderRD' (group 0) SHA256: 7aba7a73f7499f30591bb36c54f106926052cdc0048232d9054de723408b1ea2
Shader cache miss for ShadowFrustumShaderRD/7aba7a73f7499f30591bb36c54f106926052cdc0048232d9054de723408b1ea2/8305c75c1294a9f00656f0f14344bb8bedcfe4e7
Shader 'MotionVectorsShaderRD' (group 0) SHA256: 21fe2ffffa991405f5c0b4bb35dd8789b4049f8e56d80a5aa61aa8233992e3c1
Shader cache miss for MotionVectorsShaderRD/21fe2ffffa991405f5c0b4bb35dd8789b4049f8e56d80a5aa61aa8233992e3c1/8305c75c1294a9f00656f0f14344bb8bedcfe4e7
Shader 'LuminanceReduceShaderRD' (group 0) SHA256: 926f3544c80af9c002aea2fe9f66f19b40ec81e54f627608fc28573493ac5edb
Shader cache miss for LuminanceReduceShaderRD/926f3544c80af9c002aea2fe9f66f19b40ec81e54f627608fc28573493ac5edb/8305c75c1294a9f00656f0f14344bb8bedcfe4e7
Shader 'SmaaEdgeDetectionShaderRD' (group 0) SHA256: 749ffc0281a6ab411cf5a66f2560a2f33f9a258f57c513c67047f363e5e7ab33
Shader cache miss for SmaaEdgeDetectionShaderRD/749ffc0281a6ab411cf5a66f2560a2f33f9a258f57c513c67047f363e5e7ab33/8305c75c1294a9f00656f0f14344bb8bedcfe4e7
Shader 'SmaaWeightCalculationShaderRD' (group 0) SHA256: 510ed0d4e978b1a21f4e459da4ee2516c38f4460931e2a5714dae17c8b5547c2
Shader cache miss for SmaaWeightCalculationShaderRD/510ed0d4e978b1a21f4e459da4ee2516c38f4460931e2a5714dae17c8b5547c2/8305c75c1294a9f00656f0f14344bb8bedcfe4e7
Shader 'SmaaBlendingShaderRD' (group 0) SHA256: daa696d3938d7aadbc85111a68936e774199a2ded78d364782d43ef580b5296d
Shader cache miss for SmaaBlendingShaderRD/daa696d3938d7aadbc85111a68936e774199a2ded78d364782d43ef580b5296d/8305c75c1294a9f00656f0f14344bb8bedcfe4e7
Shader 'TonemapShaderRD' (group 0) SHA256: 6d008fe28b8fd25f510d360d45c329659bbd6cc2a222dc519c18fea4a3c17a36
Shader cache miss for TonemapShaderRD/6d008fe28b8fd25f510d360d45c329659bbd6cc2a222dc519c18fea4a3c17a36/8305c75c1294a9f00656f0f14344bb8bedcfe4e7
Shader 'VrsShaderRD' (group 0) SHA256: 9df305f4045418de07830cd11c3be6abf40ea73a66b1fc87b5e04821ac4f402c
Shader cache miss for VrsShaderRD/9df305f4045418de07830cd11c3be6abf40ea73a66b1fc87b5e04821ac4f402c/8305c75c1294a9f00656f0f14344bb8bedcfe4e7
Shader 'FsrUpscaleShaderRD' (group 0) SHA256: de60781f9669b1455afc7507208cad7b3c71f8e59f4c894548899e482420e8dd
Shader cache miss for FsrUpscaleShaderRD/de60781f9669b1455afc7507208cad7b3c71f8e59f4c894548899e482420e8dd/8305c75c1294a9f00656f0f14344bb8bedcfe4e7
Shader 'ResolveShaderRD' (group 0) SHA256: b92e1e567b3ce7b008af4819aa7a8f7848a6f4dd09e28737bcd07456b04c2c7e
Shader cache miss for ResolveShaderRD/b92e1e567b3ce7b008af4819aa7a8f7848a6f4dd09e28737bcd07456b04c2c7e/8305c75c1294a9f00656f0f14344bb8bedcfe4e7
Shader 'BlitShaderRD' (group 0) SHA256: 29b32016e1c23e0db5906fbe9b87108e39e7f5965c0016eb53fc5e1c03293243
WASAPI: Activated output_device using IAudioClient3 interface
WASAPI: wFormatTag = 65534
WASAPI: nChannels = 2
WASAPI: nSamplesPerSec = 48000
WASAPI: nAvgBytesPerSec = 384000
WASAPI: nBlockAlign = 8
WASAPI: wBitsPerSample = 32
WASAPI: cbSize = 22
WASAPI: mix_rate = 48000
WASAPI: fundamental_period_frames = 480
WASAPI: min_period_frames = 480
WASAPI: max_period_frames = 480
WASAPI: selected a period frame size of 480
WASAPI: detected 2 channels
WASAPI: audio buffer frames: 480 calculated latency: 10ms

Shader cache miss for BlitShaderRD/29b32016e1c23e0db5906fbe9b87108e39e7f5965c0016eb53fc5e1c03293243/8305c75c1294a9f00656f0f14344bb8bedcfe4e7
TextServer: Primary interface set to: "ICU / HarfBuzz / Graphite (Built-in)".
Shader cache miss for CanvasShaderRD/1ac5f6c8d534ebab572b3f886e38134784245fbd5fa01c7cbb6cc452e5400080/c2f7efc3419efdd79fabd056897820a83f2ac2c9
Loading resource: res://default_bus_layout.tres remapped: res://default_bus_layout.tres
Completed load for: 'res://default_bus_layout.tres' remapped 'res://default_bus_layout.tres' at thread -1
CORE API HASH: 3769296884
EDITOR API HASH: 3146738256
SceneTreeFTI: traversal method DEFAULT
Loading resource: C:/Users/paolo/AppData/Roaming/Godot/editor_settings-4.7.tres remapped: C:/Users/paolo/AppData/Roaming/Godot/editor_settings-4.7.tres
Completed load for: 'C:/Users/paolo/AppData/Roaming/Godot/editor_settings-4.7.tres' remapped 'C:/Users/paolo/AppData/Roaming/Godot/editor_settings-4.7.tres' at thread -1
EditorSettings: Load OK!
EditorTheme: Generating new theme for the config '2424066630'.
EditorTheme: Generating new icons.
EditorTheme: Generating new fonts.
EditorTheme: Generating new styles.
Shader cache miss for SkyShaderRD/9be8c23dcd20154e4a1ab0bef919421f8c51853d47c2fe6dc91221f8cfc74997/9247dd7bf98483a15ebb05f8c580a398614a07d8
Shader cache miss for SceneForwardClusteredShaderRD/069fad9662d1c110a7284347f6822a7ae0bb9be399f57215e33231e68a6e4692/766562d5bd8d8fe8f82fbed546ecf33e95f688ff
Shader cache miss for SceneForwardClusteredShaderRD/069fad9662d1c110a7284347f6822a7ae0bb9be399f57215e33231e68a6e4692/766562d5bd8d8fe8f82fbed546ecf33e95f688ff
Shader cache miss for SceneForwardClusteredShaderRD/069fad9662d1c110a7284347f6822a7ae0bb9be399f57215e33231e68a6e4692/4d161e027d36dae3228a2fd069c9016607e1d80e
Shader cache miss for SceneForwardClusteredShaderRD/069fad9662d1c110a7284347f6822a7ae0bb9be399f57215e33231e68a6e4692/de2b6c239d8c3f5684bf02f32d2468f1a12cf624
Shader cache miss for SceneForwardClusteredShaderRD/069fad9662d1c110a7284347f6822a7ae0bb9be399f57215e33231e68a6e4692/c4e6dfe2995976d5993c5eeff8c9d5680c538c04
Shader cache miss for CanvasShaderRD/1ac5f6c8d534ebab572b3f886e38134784245fbd5fa01c7cbb6cc452e5400080/b7f8864ed1b8040a3456125a335ae926e257bf47
Asset Store not available (due to using Web editor, or SSL support disabled).
Shader cache miss for CanvasShaderRD/1ac5f6c8d534ebab572b3f886e38134784245fbd5fa01c7cbb6cc452e5400080/ddf1c2fb49f2d96e42d4ffa10cbbb808b4b14063
Shader cache miss for SceneForwardClusteredShaderRD/069fad9662d1c110a7284347f6822a7ae0bb9be399f57215e33231e68a6e4692/a8093275b3afef4ee8b8bb9191c8cd99e4e1378b
Loading resource: C:/Users/paolo/AppData/Local/Godot/editor_doc_cache-4.7.res remapped: C:/Users/paolo/AppData/Local/Godot/editor_doc_cache-4.7.res
MbedTLS: Some X509 certificates could not be parsed (1 certificates skipped).
Loaded system CA certificates
Completed load for: 'C:/Users/paolo/AppData/Local/Godot/editor_doc_cache-4.7.res' remapped 'C:/Users/paolo/AppData/Local/Godot/editor_doc_cache-4.7.res' at thread -1
Shader cache miss for SceneForwardClusteredShaderRD/069fad9662d1c110a7284347f6822a7ae0bb9be399f57215e33231e68a6e4692/e6d93dcb7095f51274be348f1a89aa0e64db08d3
Shader cache miss for SceneForwardClusteredShaderRD/069fad9662d1c110a7284347f6822a7ae0bb9be399f57215e33231e68a6e4692/a8093275b3afef4ee8b8bb9191c8cd99e4e1378b
Shader cache miss for SceneForwardClusteredShaderRD/069fad9662d1c110a7284347f6822a7ae0bb9be399f57215e33231e68a6e4692/a8093275b3afef4ee8b8bb9191c8cd99e4e1378b
Shader cache miss for SceneForwardClusteredShaderRD/069fad9662d1c110a7284347f6822a7ae0bb9be399f57215e33231e68a6e4692/a8093275b3afef4ee8b8bb9191c8cd99e4e1378b
Shader cache miss for SceneForwardClusteredShaderRD/069fad9662d1c110a7284347f6822a7ae0bb9be399f57215e33231e68a6e4692/a8093275b3afef4ee8b8bb9191c8cd99e4e1378b
Shader cache miss for SceneForwardClusteredShaderRD/069fad9662d1c110a7284347f6822a7ae0bb9be399f57215e33231e68a6e4692/078505235c4b1164be3a232fc53717e99ae38384
Shader cache miss for SceneForwardClusteredShaderRD/069fad9662d1c110a7284347f6822a7ae0bb9be399f57215e33231e68a6e4692/1ba09b8fe53b34cf07e3559908d37d9d8e1e7cd5
Shader cache miss for SceneForwardClusteredShaderRD/069fad9662d1c110a7284347f6822a7ae0bb9be399f57215e33231e68a6e4692/beb374e34d8d97adb5725df0bfd658fc24c4f80e
Shader cache miss for SceneForwardClusteredShaderRD/069fad9662d1c110a7284347f6822a7ae0bb9be399f57215e33231e68a6e4692/2dc1b5cfff090b77444337c6816f834532bf6711
Shader cache miss for SceneForwardClusteredShaderRD/069fad9662d1c110a7284347f6822a7ae0bb9be399f57215e33231e68a6e4692/2dc1b5cfff090b77444337c6816f834532bf6711
Shader cache miss for SceneForwardClusteredShaderRD/069fad9662d1c110a7284347f6822a7ae0bb9be399f57215e33231e68a6e4692/2dc1b5cfff090b77444337c6816f834532bf6711
Shader cache miss for SceneForwardClusteredShaderRD/069fad9662d1c110a7284347f6822a7ae0bb9be399f57215e33231e68a6e4692/faba017f3680b49e2024b66cc6d194f77217733d
Shader cache miss for SceneForwardClusteredShaderRD/069fad9662d1c110a7284347f6822a7ae0bb9be399f57215e33231e68a6e4692/4d161e027d36dae3228a2fd069c9016607e1d80e
Shader cache miss for SceneForwardClusteredShaderRD/069fad9662d1c110a7284347f6822a7ae0bb9be399f57215e33231e68a6e4692/766562d5bd8d8fe8f82fbed546ecf33e95f688ff
Accessibility: window 1 adapter created.
Accessibility: window 1 adapter initial update completed.
Accessibility: window 0 adapter activated.
Script documentation cache not found. Regenerating it may take a while for projects with many scripts.
Accessibility: window 0 adapter initial update completed.
MultiUmaBuffer 'RENDER_LIST_ALPHA' used a total of 0 buffers. A large number may indicate a waste of VRAM and can be brought down by tweaking MAX_EXTRA_BUFFERS for this buffer.
Loading resource: res://debug/debug_logger.gd remapped: res://debug/debug_logger.gd
Completed load for: 'res://debug/debug_logger.gd' remapped 'res://debug/debug_logger.gd' at thread -1
Loading resource: res://core/event_bus.gd remapped: res://core/event_bus.gd
Completed load for: 'res://core/event_bus.gd' remapped 'res://core/event_bus.gd' at thread -1
Loading resource: res://core/combat_logger.gd remapped: res://core/combat_logger.gd
Completed load for: 'res://core/combat_logger.gd' remapped 'res://core/combat_logger.gd' at thread -1
Loading resource: res://debug/DebugOverlay.tscn remapped: res://debug/DebugOverlay.tscn
Loading resource: res://debug/DebugOverlay.gd remapped: res://debug/DebugOverlay.gd
Completed load for: 'res://debug/DebugOverlay.gd' remapped 'res://debug/DebugOverlay.gd' at thread -1
Completed load for: 'res://debug/DebugOverlay.tscn' remapped 'res://debug/DebugOverlay.tscn' at thread -1
Loading resource: res://core/game_manager.gd remapped: res://core/game_manager.gd
Loading resource: res://ui/run/PersistentRunUI.tscn remapped: res://ui/run/PersistentRunUI.tscn
Loading resource: res://ui/run/persistent_run_ui.gd remapped: res://ui/run/persistent_run_ui.gd
Loading resource: res://ui/progression/components/skill_tree_effect_glyph.tscn remapped: res://ui/progression/components/skill_tree_effect_glyph.tscn
Loading resource: res://ui/progression/theme/skill_tree_graybox_theme.tres remapped: res://ui/progression/theme/skill_tree_graybox_theme.tres
Completed load for: 'res://ui/progression/theme/skill_tree_graybox_theme.tres' remapped 'res://ui/progression/theme/skill_tree_graybox_theme.tres' at thread -1
Completed load for: 'res://ui/progression/components/skill_tree_effect_glyph.tscn' remapped 'res://ui/progression/components/skill_tree_effect_glyph.tscn' at thread -1
Loading resource: res://ui/progression/components/skill_tree_discipline_tab.tscn remapped: res://ui/progression/components/skill_tree_discipline_tab.tscn
Loading resource: res://ui/progression/components/skill_tree_discipline_tab.gd remapped: res://ui/progression/components/skill_tree_discipline_tab.gd
Completed load for: 'res://ui/progression/components/skill_tree_discipline_tab.gd' remapped 'res://ui/progression/components/skill_tree_discipline_tab.gd' at thread -1
Completed load for: 'res://ui/progression/components/skill_tree_discipline_tab.tscn' remapped 'res://ui/progression/components/skill_tree_discipline_tab.tscn' at thread -1
Loading resource: res://ui/progression/components/skill_tree_node_view.tscn remapped: res://ui/progression/components/skill_tree_node_view.tscn
Loading resource: res://ui/progression/components/skill_tree_node_view.gd remapped: res://ui/progression/components/skill_tree_node_view.gd
Completed load for: 'res://ui/progression/components/skill_tree_node_view.gd' remapped 'res://ui/progression/components/skill_tree_node_view.gd' at thread -1
Completed load for: 'res://ui/progression/components/skill_tree_node_view.tscn' remapped 'res://ui/progression/components/skill_tree_node_view.tscn' at thread -1
Loading resource: res://data/ui/elf_hud_theme_refined.tres remapped: res://data/ui/elf_hud_theme_refined.tres
Loading resource: res://asset/ui/character_hud/refined/hunter_badge.png remapped: res://asset/ui/character_hud/refined/hunter_badge.png
Loading resource: res://.godot/imported/hunter_badge.png-814a21c83908049c155bbe01911c9714.ctex remapped: res://.godot/imported/hunter_badge.png-814a21c83908049c155bbe01911c9714.ctex
Completed load for: 'res://asset/ui/character_hud/refined/hunter_badge.png' remapped 'res://asset/ui/character_hud/refined/hunter_badge.png' at thread -1
Loading resource: res://asset/ui/character_hud/generated/turn_intro_banner.png remapped: res://asset/ui/character_hud/generated/turn_intro_banner.png
Loading resource: res://.godot/imported/turn_intro_banner.png-a12ce09c888c21c045800abb27ded058.ctex remapped: res://.godot/imported/turn_intro_banner.png-a12ce09c888c21c045800abb27ded058.ctex
Completed load for: 'res://asset/ui/character_hud/generated/turn_intro_banner.png' remapped 'res://asset/ui/character_hud/generated/turn_intro_banner.png' at thread -1
Loading resource: res://asset/ui/character_hud/refined/spells/precise_shot.png remapped: res://asset/ui/character_hud/refined/spells/precise_shot.png
Loading resource: res://.godot/imported/precise_shot.png-fbbde3ee473196055268b790c014b5c2.ctex remapped: res://.godot/imported/precise_shot.png-fbbde3ee473196055268b790c014b5c2.ctex
Completed load for: 'res://asset/ui/character_hud/refined/spells/precise_shot.png' remapped 'res://asset/ui/character_hud/refined/spells/precise_shot.png' at thread -1
Loading resource: res://asset/ui/character_hud/refined/spells/sneak_strike.png remapped: res://asset/ui/character_hud/refined/spells/sneak_strike.png
Loading resource: res://.godot/imported/sneak_strike.png-b376518329695f0ab072dfd0b2e97150.ctex remapped: res://.godot/imported/sneak_strike.png-b376518329695f0ab072dfd0b2e97150.ctex
Completed load for: 'res://asset/ui/character_hud/refined/spells/sneak_strike.png' remapped 'res://asset/ui/character_hud/refined/spells/sneak_strike.png' at thread -1
Loading resource: res://asset/ui/character_hud/refined/spells/fireball.png remapped: res://asset/ui/character_hud/refined/spells/fireball.png
Loading resource: res://.godot/imported/fireball.png-49abe67629c88a59007f2c6b357064ea.ctex remapped: res://.godot/imported/fireball.png-49abe67629c88a59007f2c6b357064ea.ctex
Completed load for: 'res://asset/ui/character_hud/refined/spells/fireball.png' remapped 'res://asset/ui/character_hud/refined/spells/fireball.png' at thread -1
Loading resource: res://asset/ui/character_hud/refined/spells/sylvan_heal.png remapped: res://asset/ui/character_hud/refined/spells/sylvan_heal.png
Loading resource: res://.godot/imported/sylvan_heal.png-b011146775be7a0432f5c51d5a6b385f.ctex remapped: res://.godot/imported/sylvan_heal.png-b011146775be7a0432f5c51d5a6b385f.ctex
Completed load for: 'res://asset/ui/character_hud/refined/spells/sylvan_heal.png' remapped 'res://asset/ui/character_hud/refined/spells/sylvan_heal.png' at thread -1
Loading resource: res://asset/ui/character_hud/refined/spells/basic_attack.png remapped: res://asset/ui/character_hud/refined/spells/basic_attack.png
Loading resource: res://.godot/imported/basic_attack.png-df807bd2ed8c68a01bfb060dc6043be9.ctex remapped: res://.godot/imported/basic_attack.png-df807bd2ed8c68a01bfb060dc6043be9.ctex
Completed load for: 'res://asset/ui/character_hud/refined/spells/basic_attack.png' remapped 'res://asset/ui/character_hud/refined/spells/basic_attack.png' at thread -1
Loading resource: res://asset/ui/character_hud/refined/utility_inventory.png remapped: res://asset/ui/character_hud/refined/utility_inventory.png
Loading resource: res://.godot/imported/utility_inventory.png-38f481db29c98f1a1e7bc038a28a61d3.ctex remapped: res://.godot/imported/utility_inventory.png-38f481db29c98f1a1e7bc038a28a61d3.ctex
Completed load for: 'res://asset/ui/character_hud/refined/utility_inventory.png' remapped 'res://asset/ui/character_hud/refined/utility_inventory.png' at thread -1
Loading resource: res://asset/ui/character_hud/refined/utility_map.png remapped: res://asset/ui/character_hud/refined/utility_map.png
Loading resource: res://.godot/imported/utility_map.png-7e63418f76596de1a7cce62bb531221d.ctex remapped: res://.godot/imported/utility_map.png-7e63418f76596de1a7cce62bb531221d.ctex
Completed load for: 'res://asset/ui/character_hud/refined/utility_map.png' remapped 'res://asset/ui/character_hud/refined/utility_map.png' at thread -1
Loading resource: res://asset/ui/character_hud/refined/utility_skills.png remapped: res://asset/ui/character_hud/refined/utility_skills.png
Loading resource: res://.godot/imported/utility_skills.png-e935c36b9c25782b08130badde08c6fd.ctex remapped: res://.godot/imported/utility_skills.png-e935c36b9c25782b08130badde08c6fd.ctex
Completed load for: 'res://asset/ui/character_hud/refined/utility_skills.png' remapped 'res://asset/ui/character_hud/refined/utility_skills.png' at thread -1
Loading resource: res://asset/ui/character_hud/refined/move_action_icon.svg remapped: res://asset/ui/character_hud/refined/move_action_icon.svg
Loading resource: res://.godot/imported/move_action_icon.svg-af19ca37b6d05be571631606b6487b72.ctex remapped: res://.godot/imported/move_action_icon.svg-af19ca37b6d05be571631606b6487b72.ctex
Completed load for: 'res://asset/ui/character_hud/refined/move_action_icon.svg' remapped 'res://asset/ui/character_hud/refined/move_action_icon.svg' at thread -1
Completed load for: 'res://data/ui/elf_hud_theme_refined.tres' remapped 'res://data/ui/elf_hud_theme_refined.tres' at thread -1
Loading resource: res://data/ui/mage_hud_theme_refined.tres remapped: res://data/ui/mage_hud_theme_refined.tres
Loading resource: res://asset/ui/character_hud/generated/spell_icon_r06_c04.png remapped: res://asset/ui/character_hud/generated/spell_icon_r06_c04.png
Loading resource: res://.godot/imported/spell_icon_r06_c04.png-36ca0651b9450ac1e6e9e452d843fefc.ctex remapped: res://.godot/imported/spell_icon_r06_c04.png-36ca0651b9450ac1e6e9e452d843fefc.ctex
Completed load for: 'res://asset/ui/character_hud/generated/spell_icon_r06_c04.png' remapped 'res://asset/ui/character_hud/generated/spell_icon_r06_c04.png' at thread -1
Loading resource: res://asset/icone/boule de feu.png remapped: res://asset/icone/boule de feu.png
Loading resource: res://.godot/imported/boule de feu.png-7a49b079660dc4778bdae26ce0c91bb3.ctex remapped: res://.godot/imported/boule de feu.png-7a49b079660dc4778bdae26ce0c91bb3.ctex
Completed load for: 'res://asset/icone/boule de feu.png' remapped 'res://asset/icone/boule de feu.png' at thread -1
Loading resource: res://asset/ui/character_hud/generated/spell_icon_r08_c01.png remapped: res://asset/ui/character_hud/generated/spell_icon_r08_c01.png
Loading resource: res://.godot/imported/spell_icon_r08_c01.png-fe0753098237256b97ad7c0bdfde8c07.ctex remapped: res://.godot/imported/spell_icon_r08_c01.png-fe0753098237256b97ad7c0bdfde8c07.ctex
Completed load for: 'res://asset/ui/character_hud/generated/spell_icon_r08_c01.png' remapped 'res://asset/ui/character_hud/generated/spell_icon_r08_c01.png' at thread -1
Loading resource: res://asset/sorts/tempete_orageuse/tex_storm_lightning_cluster.png.png remapped: res://asset/sorts/tempete_orageuse/tex_storm_lightning_cluster.png.png
Loading resource: res://.godot/imported/tex_storm_lightning_cluster.png.png-1b00aaa2a4166b54e8b216d5afadf6e0.ctex remapped: res://.godot/imported/tex_storm_lightning_cluster.png.png-1b00aaa2a4166b54e8b216d5afadf6e0.ctex
WARNING: Image format RGB8 not supported by hardware, converting to RGBA8.
   at: _validate_texture_format (servers/rendering/renderer_rd/storage_rd/texture_storage.cpp:2855)
Completed load for: 'res://asset/sorts/tempete_orageuse/tex_storm_lightning_cluster.png.png' remapped 'res://asset/sorts/tempete_orageuse/tex_storm_lightning_cluster.png.png' at thread -1
Loading resource: res://asset/ui/character_hud/generated/spell_icon_r06_c01.png remapped: res://asset/ui/character_hud/generated/spell_icon_r06_c01.png
Loading resource: res://.godot/imported/spell_icon_r06_c01.png-f2ceb0a35a4d74cfed109cb2478e6438.ctex remapped: res://.godot/imported/spell_icon_r06_c01.png-f2ceb0a35a4d74cfed109cb2478e6438.ctex
Completed load for: 'res://asset/ui/character_hud/generated/spell_icon_r06_c01.png' remapped 'res://asset/ui/character_hud/generated/spell_icon_r06_c01.png' at thread -1
Loading resource: res://asset/ui/character_hud/generated/spell_icon_r05_c03.png remapped: res://asset/ui/character_hud/generated/spell_icon_r05_c03.png
Loading resource: res://.godot/imported/spell_icon_r05_c03.png-f83219a566a5f13536252d0ef953d52d.ctex remapped: res://.godot/imported/spell_icon_r05_c03.png-f83219a566a5f13536252d0ef953d52d.ctex
Completed load for: 'res://asset/ui/character_hud/generated/spell_icon_r05_c03.png' remapped 'res://asset/ui/character_hud/generated/spell_icon_r05_c03.png' at thread -1
Completed load for: 'res://data/ui/mage_hud_theme_refined.tres' remapped 'res://data/ui/mage_hud_theme_refined.tres' at thread -1
Loading resource: res://data/ui/guardian_hud_theme_refined.tres remapped: res://data/ui/guardian_hud_theme_refined.tres
Loading resource: res://asset/ui/character_hud/generated/spell_icon_r07_c00.png remapped: res://asset/ui/character_hud/generated/spell_icon_r07_c00.png
Loading resource: res://.godot/imported/spell_icon_r07_c00.png-57556b15acc9ce71c3e9e303b7641f2b.ctex remapped: res://.godot/imported/spell_icon_r07_c00.png-57556b15acc9ce71c3e9e303b7641f2b.ctex
Completed load for: 'res://asset/ui/character_hud/generated/spell_icon_r07_c00.png' remapped 'res://asset/ui/character_hud/generated/spell_icon_r07_c00.png' at thread -1
Loading resource: res://asset/personnage/alliés/500.png remapped: res://asset/personnage/alliés/500.png
Loading resource: res://.godot/imported/500.png-a7b74a000323778c57eb9cbe96837795.ctex remapped: res://.godot/imported/500.png-a7b74a000323778c57eb9cbe96837795.ctex
Completed load for: 'res://asset/personnage/alliés/500.png' remapped 'res://asset/personnage/alliés/500.png' at thread -1
Loading resource: res://asset/icone/icone spell.png_11.png remapped: res://asset/icone/icone spell.png_11.png
Loading resource: res://.godot/imported/icone spell.png_11.png-9d489c654ab8ab3161e47f06aa6d6a92.ctex remapped: res://.godot/imported/icone spell.png_11.png-9d489c654ab8ab3161e47f06aa6d6a92.ctex
WARNING: Image format RGB8 not supported by hardware, converting to RGBA8.
   at: _validate_texture_format (servers/rendering/renderer_rd/storage_rd/texture_storage.cpp:2855)
Completed load for: 'res://asset/icone/icone spell.png_11.png' remapped 'res://asset/icone/icone spell.png_11.png' at thread -1
Loading resource: res://asset/ui/character_hud/generated/spell_icon_r04_c04.png remapped: res://asset/ui/character_hud/generated/spell_icon_r04_c04.png
Loading resource: res://.godot/imported/spell_icon_r04_c04.png-f6edd0980d7e948e1ed8439a51708310.ctex remapped: res://.godot/imported/spell_icon_r04_c04.png-f6edd0980d7e948e1ed8439a51708310.ctex
Completed load for: 'res://asset/ui/character_hud/generated/spell_icon_r04_c04.png' remapped 'res://asset/ui/character_hud/generated/spell_icon_r04_c04.png' at thread -1
Loading resource: res://asset/ui/character_hud/generated/spell_icon_r03_c03.png remapped: res://asset/ui/character_hud/generated/spell_icon_r03_c03.png
Loading resource: res://.godot/imported/spell_icon_r03_c03.png-a0330a091e90502a71625fbff20220c1.ctex remapped: res://.godot/imported/spell_icon_r03_c03.png-a0330a091e90502a71625fbff20220c1.ctex
Completed load for: 'res://asset/ui/character_hud/generated/spell_icon_r03_c03.png' remapped 'res://asset/ui/character_hud/generated/spell_icon_r03_c03.png' at thread -1
Loading resource: res://asset/ui/character_hud/generated/spell_icon_r00_c05.png remapped: res://asset/ui/character_hud/generated/spell_icon_r00_c05.png
Loading resource: res://.godot/imported/spell_icon_r00_c05.png-2ad36b0435e12824014cfa3eec85e18b.ctex remapped: res://.godot/imported/spell_icon_r00_c05.png-2ad36b0435e12824014cfa3eec85e18b.ctex
Completed load for: 'res://asset/ui/character_hud/generated/spell_icon_r00_c05.png' remapped 'res://asset/ui/character_hud/generated/spell_icon_r00_c05.png' at thread -1
Loading resource: res://asset/ui/character_hud/generated/spell_icon_r08_c02.png remapped: res://asset/ui/character_hud/generated/spell_icon_r08_c02.png
Loading resource: res://.godot/imported/spell_icon_r08_c02.png-38e4cf0040cd0f3d87897950318d26fc.ctex remapped: res://.godot/imported/spell_icon_r08_c02.png-38e4cf0040cd0f3d87897950318d26fc.ctex
Completed load for: 'res://asset/ui/character_hud/generated/spell_icon_r08_c02.png' remapped 'res://asset/ui/character_hud/generated/spell_icon_r08_c02.png' at thread -1
Completed load for: 'res://data/ui/guardian_hud_theme_refined.tres' remapped 'res://data/ui/guardian_hud_theme_refined.tres' at thread -1
Loading resource: res://data/ui/warrior_hud_theme_refined.tres remapped: res://data/ui/warrior_hud_theme_refined.tres
Loading resource: res://asset/ui/character_hud/generated/spell_icon_r04_c02.png remapped: res://asset/ui/character_hud/generated/spell_icon_r04_c02.png
Loading resource: res://.godot/imported/spell_icon_r04_c02.png-fb93dc758145a72b8e0ffc73d07f7769.ctex remapped: res://.godot/imported/spell_icon_r04_c02.png-fb93dc758145a72b8e0ffc73d07f7769.ctex
Completed load for: 'res://asset/ui/character_hud/generated/spell_icon_r04_c02.png' remapped 'res://asset/ui/character_hud/generated/spell_icon_r04_c02.png' at thread -1
Loading resource: res://asset/personnage/alliés/495.png remapped: res://asset/personnage/alliés/495.png
Loading resource: res://.godot/imported/495.png-acb4a4d5463cbdef4feaf1fb33713d1d.ctex remapped: res://.godot/imported/495.png-acb4a4d5463cbdef4feaf1fb33713d1d.ctex
Completed load for: 'res://asset/personnage/alliés/495.png' remapped 'res://asset/personnage/alliés/495.png' at thread -1
Loading resource: res://asset/ui/character_hud/generated/spell_icon_r03_c02.png remapped: res://asset/ui/character_hud/generated/spell_icon_r03_c02.png
Loading resource: res://.godot/imported/spell_icon_r03_c02.png-ac39ddadbe5d9014e96d4fe19946c6ed.ctex remapped: res://.godot/imported/spell_icon_r03_c02.png-ac39ddadbe5d9014e96d4fe19946c6ed.ctex
Completed load for: 'res://asset/ui/character_hud/generated/spell_icon_r03_c02.png' remapped 'res://asset/ui/character_hud/generated/spell_icon_r03_c02.png' at thread -1
Loading resource: res://asset/ui/character_hud/generated/spell_icon_r09_c04.png remapped: res://asset/ui/character_hud/generated/spell_icon_r09_c04.png
Loading resource: res://.godot/imported/spell_icon_r09_c04.png-c6a1ab07f494d548b7901e1b7152b724.ctex remapped: res://.godot/imported/spell_icon_r09_c04.png-c6a1ab07f494d548b7901e1b7152b724.ctex
Completed load for: 'res://asset/ui/character_hud/generated/spell_icon_r09_c04.png' remapped 'res://asset/ui/character_hud/generated/spell_icon_r09_c04.png' at thread -1
Loading resource: res://asset/ui/character_hud/generated/spell_icon_r02_c05.png remapped: res://asset/ui/character_hud/generated/spell_icon_r02_c05.png
Loading resource: res://.godot/imported/spell_icon_r02_c05.png-94cc0ed88da35a7a2575688acf2a54be.ctex remapped: res://.godot/imported/spell_icon_r02_c05.png-94cc0ed88da35a7a2575688acf2a54be.ctex
Completed load for: 'res://asset/ui/character_hud/generated/spell_icon_r02_c05.png' remapped 'res://asset/ui/character_hud/generated/spell_icon_r02_c05.png' at thread -1
Loading resource: res://asset/ui/character_hud/generated/spell_icon_r03_c01.png remapped: res://asset/ui/character_hud/generated/spell_icon_r03_c01.png
Loading resource: res://.godot/imported/spell_icon_r03_c01.png-431bb972c6514be8b5622a05d57a23a6.ctex remapped: res://.godot/imported/spell_icon_r03_c01.png-431bb972c6514be8b5622a05d57a23a6.ctex
Completed load for: 'res://asset/ui/character_hud/generated/spell_icon_r03_c01.png' remapped 'res://asset/ui/character_hud/generated/spell_icon_r03_c01.png' at thread -1
Loading resource: res://asset/ui/character_hud/generated/spell_icon_r05_c04.png remapped: res://asset/ui/character_hud/generated/spell_icon_r05_c04.png
Loading resource: res://.godot/imported/spell_icon_r05_c04.png-7cf807372677866d762f12c919ba0f65.ctex remapped: res://.godot/imported/spell_icon_r05_c04.png-7cf807372677866d762f12c919ba0f65.ctex
Completed load for: 'res://asset/ui/character_hud/generated/spell_icon_r05_c04.png' remapped 'res://asset/ui/character_hud/generated/spell_icon_r05_c04.png' at thread -1
Loading resource: res://asset/ui/character_hud/generated/spell_icon_r02_c02.png remapped: res://asset/ui/character_hud/generated/spell_icon_r02_c02.png
Loading resource: res://.godot/imported/spell_icon_r02_c02.png-70429b6bb56dc757f82cc019feb9c358.ctex remapped: res://.godot/imported/spell_icon_r02_c02.png-70429b6bb56dc757f82cc019feb9c358.ctex
Completed load for: 'res://asset/ui/character_hud/generated/spell_icon_r02_c02.png' remapped 'res://asset/ui/character_hud/generated/spell_icon_r02_c02.png' at thread -1
Loading resource: res://asset/ui/character_hud/generated/spell_icon_r01_c05.png remapped: res://asset/ui/character_hud/generated/spell_icon_r01_c05.png
Loading resource: res://.godot/imported/spell_icon_r01_c05.png-f1345ed68b3f1809901602859b86870b.ctex remapped: res://.godot/imported/spell_icon_r01_c05.png-f1345ed68b3f1809901602859b86870b.ctex
Completed load for: 'res://asset/ui/character_hud/generated/spell_icon_r01_c05.png' remapped 'res://asset/ui/character_hud/generated/spell_icon_r01_c05.png' at thread -1
Completed load for: 'res://data/ui/warrior_hud_theme_refined.tres' remapped 'res://data/ui/warrior_hud_theme_refined.tres' at thread -1
Loading resource: res://data/ui/druid_hud_theme_refined.tres remapped: res://data/ui/druid_hud_theme_refined.tres
Loading resource: res://asset/ui/character_hud/generated/spell_icon_r01_c03.png remapped: res://asset/ui/character_hud/generated/spell_icon_r01_c03.png
Loading resource: res://.godot/imported/spell_icon_r01_c03.png-55c53d00acc48040fb666c0a5c3f780b.ctex remapped: res://.godot/imported/spell_icon_r01_c03.png-55c53d00acc48040fb666c0a5c3f780b.ctex
Completed load for: 'res://asset/ui/character_hud/generated/spell_icon_r01_c03.png' remapped 'res://asset/ui/character_hud/generated/spell_icon_r01_c03.png' at thread -1
Loading resource: res://asset/personnage/alliés/480.png remapped: res://asset/personnage/alliés/480.png
Loading resource: res://.godot/imported/480.png-9a70da0836eddd8330aef42f08bbbb3c.ctex remapped: res://.godot/imported/480.png-9a70da0836eddd8330aef42f08bbbb3c.ctex
Completed load for: 'res://asset/personnage/alliés/480.png' remapped 'res://asset/personnage/alliés/480.png' at thread -1
Loading resource: res://asset/ui/character_hud/generated/spell_icon_r02_c00.png remapped: res://asset/ui/character_hud/generated/spell_icon_r02_c00.png
Loading resource: res://.godot/imported/spell_icon_r02_c00.png-8d44f63266b1ec7cac08c6defe7d1699.ctex remapped: res://.godot/imported/spell_icon_r02_c00.png-8d44f63266b1ec7cac08c6defe7d1699.ctex
Completed load for: 'res://asset/ui/character_hud/generated/spell_icon_r02_c00.png' remapped 'res://asset/ui/character_hud/generated/spell_icon_r02_c00.png' at thread -1
Loading resource: res://asset/ui/character_hud/generated/spell_icon_r02_c04.png remapped: res://asset/ui/character_hud/generated/spell_icon_r02_c04.png
Loading resource: res://.godot/imported/spell_icon_r02_c04.png-a4b47b79a5e9a5a1a576ba2c3e87eed1.ctex remapped: res://.godot/imported/spell_icon_r02_c04.png-a4b47b79a5e9a5a1a576ba2c3e87eed1.ctex
Completed load for: 'res://asset/ui/character_hud/generated/spell_icon_r02_c04.png' remapped 'res://asset/ui/character_hud/generated/spell_icon_r02_c04.png' at thread -1
Loading resource: res://asset/ui/character_hud/generated/spell_icon_r07_c03.png remapped: res://asset/ui/character_hud/generated/spell_icon_r07_c03.png
Loading resource: res://.godot/imported/spell_icon_r07_c03.png-120f5fefb69bdc5b2fc766a2eec034ef.ctex remapped: res://.godot/imported/spell_icon_r07_c03.png-120f5fefb69bdc5b2fc766a2eec034ef.ctex
Completed load for: 'res://asset/ui/character_hud/generated/spell_icon_r07_c03.png' remapped 'res://asset/ui/character_hud/generated/spell_icon_r07_c03.png' at thread -1
Completed load for: 'res://data/ui/druid_hud_theme_refined.tres' remapped 'res://data/ui/druid_hud_theme_refined.tres' at thread -1
Loading resource: res://data/ui/assassin_hud_theme_refined.tres remapped: res://data/ui/assassin_hud_theme_refined.tres
Loading resource: res://asset/ui/character_hud/generated/spell_icon_r06_c00.png remapped: res://asset/ui/character_hud/generated/spell_icon_r06_c00.png
Loading resource: res://.godot/imported/spell_icon_r06_c00.png-6b25799e786ecabf3da031af264736a3.ctex remapped: res://.godot/imported/spell_icon_r06_c00.png-6b25799e786ecabf3da031af264736a3.ctex
Completed load for: 'res://asset/ui/character_hud/generated/spell_icon_r06_c00.png' remapped 'res://asset/ui/character_hud/generated/spell_icon_r06_c00.png' at thread -1
Loading resource: res://asset/personnage/alliés/493.png remapped: res://asset/personnage/alliés/493.png
Loading resource: res://.godot/imported/493.png-11c0b77266fb9ddc96301260025d01e2.ctex remapped: res://.godot/imported/493.png-11c0b77266fb9ddc96301260025d01e2.ctex
Completed load for: 'res://asset/personnage/alliés/493.png' remapped 'res://asset/personnage/alliés/493.png' at thread -1
Loading resource: res://asset/ui/character_hud/generated/spell_icon_r05_c05.png remapped: res://asset/ui/character_hud/generated/spell_icon_r05_c05.png
Loading resource: res://.godot/imported/spell_icon_r05_c05.png-52711dc3f8ccb1c43b7e1284ea4706c2.ctex remapped: res://.godot/imported/spell_icon_r05_c05.png-52711dc3f8ccb1c43b7e1284ea4706c2.ctex
Completed load for: 'res://asset/ui/character_hud/generated/spell_icon_r05_c05.png' remapped 'res://asset/ui/character_hud/generated/spell_icon_r05_c05.png' at thread -1
Completed load for: 'res://data/ui/assassin_hud_theme_refined.tres' remapped 'res://data/ui/assassin_hud_theme_refined.tres' at thread -1
Loading resource: res://data/ui/necromancer_hud_theme_refined.tres remapped: res://data/ui/necromancer_hud_theme_refined.tres
Loading resource: res://asset/ui/character_hud/generated/spell_icon_r05_c02.png remapped: res://asset/ui/character_hud/generated/spell_icon_r05_c02.png
Loading resource: res://.godot/imported/spell_icon_r05_c02.png-d646869031e38ef450eba984d9d2f10c.ctex remapped: res://.godot/imported/spell_icon_r05_c02.png-d646869031e38ef450eba984d9d2f10c.ctex
Completed load for: 'res://asset/ui/character_hud/generated/spell_icon_r05_c02.png' remapped 'res://asset/ui/character_hud/generated/spell_icon_r05_c02.png' at thread -1
Loading resource: res://asset/ui/character_hud/generated/spell_icon_r05_c00.png remapped: res://asset/ui/character_hud/generated/spell_icon_r05_c00.png
Loading resource: res://.godot/imported/spell_icon_r05_c00.png-71a3f98e47e37c6549e47d101db92361.ctex remapped: res://.godot/imported/spell_icon_r05_c00.png-71a3f98e47e37c6549e47d101db92361.ctex
Completed load for: 'res://asset/ui/character_hud/generated/spell_icon_r05_c00.png' remapped 'res://asset/ui/character_hud/generated/spell_icon_r05_c00.png' at thread -1
Loading resource: res://asset/ui/character_hud/generated/spell_icon_r06_c05.png remapped: res://asset/ui/character_hud/generated/spell_icon_r06_c05.png
Loading resource: res://.godot/imported/spell_icon_r06_c05.png-1340746aacdb254971c451d08e524f14.ctex remapped: res://.godot/imported/spell_icon_r06_c05.png-1340746aacdb254971c451d08e524f14.ctex
Completed load for: 'res://asset/ui/character_hud/generated/spell_icon_r06_c05.png' remapped 'res://asset/ui/character_hud/generated/spell_icon_r06_c05.png' at thread -1
Completed load for: 'res://data/ui/necromancer_hud_theme_refined.tres' remapped 'res://data/ui/necromancer_hud_theme_refined.tres' at thread -1
Loading resource: res://data/ui/hoplite_hud_theme_refined.tres remapped: res://data/ui/hoplite_hud_theme_refined.tres
Completed load for: 'res://data/ui/hoplite_hud_theme_refined.tres' remapped 'res://data/ui/hoplite_hud_theme_refined.tres' at thread -1
Completed load for: 'res://ui/run/persistent_run_ui.gd' remapped 'res://ui/run/persistent_run_ui.gd' at thread -1
Loading resource: res://ui/recraft_hud_v1/combat/combat_hud_recraft_v1.tscn remapped: res://ui/recraft_hud_v1/combat/combat_hud_recraft_v1.tscn
Loading resource: res://ui/recraft_hud_v1/combat/combat_hud_recraft_v1.gd remapped: res://ui/recraft_hud_v1/combat/combat_hud_recraft_v1.gd
Loading resource: res://ui/recraft_hud_v1/components/spell_slot/spell_slot_view.tscn remapped: res://ui/recraft_hud_v1/components/spell_slot/spell_slot_view.tscn
Loading resource: res://ui/recraft_hud_v1/components/spell_slot/spell_slot_view.gd remapped: res://ui/recraft_hud_v1/components/spell_slot/spell_slot_view.gd
Completed load for: 'res://ui/recraft_hud_v1/components/spell_slot/spell_slot_view.gd' remapped 'res://ui/recraft_hud_v1/components/spell_slot/spell_slot_view.gd' at thread -1
Loading resource: res://asset/ui/recraft_hud_v1/processed/spell_slot_base.png remapped: res://asset/ui/recraft_hud_v1/processed/spell_slot_base.png
Loading resource: res://.godot/imported/spell_slot_base.png-7af5c0a07ef92536bf0bf1de032b7af5.ctex remapped: res://.godot/imported/spell_slot_base.png-7af5c0a07ef92536bf0bf1de032b7af5.ctex
Completed load for: 'res://asset/ui/recraft_hud_v1/processed/spell_slot_base.png' remapped 'res://asset/ui/recraft_hud_v1/processed/spell_slot_base.png' at thread -1
Shader cache miss for CanvasShaderRD/1ac5f6c8d534ebab572b3f886e38134784245fbd5fa01c7cbb6cc452e5400080/45ab775ebcba024bd96079d0e22f30ec3c81355a
Completed load for: 'res://ui/recraft_hud_v1/components/spell_slot/spell_slot_view.tscn' remapped 'res://ui/recraft_hud_v1/components/spell_slot/spell_slot_view.tscn' at thread -1
Loading resource: res://data/ui/elf_hud_theme.tres remapped: res://data/ui/elf_hud_theme.tres
Loading resource: res://asset/ui/character_hud/generated/elf_character_bar.png remapped: res://asset/ui/character_hud/generated/elf_character_bar.png
Loading resource: res://.godot/imported/elf_character_bar.png-d6e7c67357316d2a18756cf07400c944.ctex remapped: res://.godot/imported/elf_character_bar.png-d6e7c67357316d2a18756cf07400c944.ctex
Completed load for: 'res://asset/ui/character_hud/generated/elf_character_bar.png' remapped 'res://asset/ui/character_hud/generated/elf_character_bar.png' at thread -1
Loading resource: res://asset/ui/character_hud/generated/elf_hunter_emblem.png remapped: res://asset/ui/character_hud/generated/elf_hunter_emblem.png
Loading resource: res://.godot/imported/elf_hunter_emblem.png-6cb293839a138a26c213363ccc0d8a8e.ctex remapped: res://.godot/imported/elf_hunter_emblem.png-6cb293839a138a26c213363ccc0d8a8e.ctex
Completed load for: 'res://asset/ui/character_hud/generated/elf_hunter_emblem.png' remapped 'res://asset/ui/character_hud/generated/elf_hunter_emblem.png' at thread -1
Loading resource: res://asset/ui/character_hud/generated/spell_icon_r09_c01.png remapped: res://asset/ui/character_hud/generated/spell_icon_r09_c01.png
Loading resource: res://.godot/imported/spell_icon_r09_c01.png-70f8cc3400dd96807440f533208c72eb.ctex remapped: res://.godot/imported/spell_icon_r09_c01.png-70f8cc3400dd96807440f533208c72eb.ctex
Completed load for: 'res://asset/ui/character_hud/generated/spell_icon_r09_c01.png' remapped 'res://asset/ui/character_hud/generated/spell_icon_r09_c01.png' at thread -1
Loading resource: res://asset/ui/character_hud/generated/spell_icon_r02_c03.png remapped: res://asset/ui/character_hud/generated/spell_icon_r02_c03.png
Loading resource: res://.godot/imported/spell_icon_r02_c03.png-f3a24486da76d4e4881436b14173e7ed.ctex remapped: res://.godot/imported/spell_icon_r02_c03.png-f3a24486da76d4e4881436b14173e7ed.ctex
Completed load for: 'res://asset/ui/character_hud/generated/spell_icon_r02_c03.png' remapped 'res://asset/ui/character_hud/generated/spell_icon_r02_c03.png' at thread -1
Loading resource: res://asset/ui/character_hud/generated/spell_icon_r01_c04.png remapped: res://asset/ui/character_hud/generated/spell_icon_r01_c04.png
Loading resource: res://.godot/imported/spell_icon_r01_c04.png-14ab16d4d739152abfab2f11118c0d22.ctex remapped: res://.godot/imported/spell_icon_r01_c04.png-14ab16d4d739152abfab2f11118c0d22.ctex
Completed load for: 'res://asset/ui/character_hud/generated/spell_icon_r01_c04.png' remapped 'res://asset/ui/character_hud/generated/spell_icon_r01_c04.png' at thread -1
Loading resource: res://asset/ui/character_hud/generated/v2/spell_frame_archer.png remapped: res://asset/ui/character_hud/generated/v2/spell_frame_archer.png
Loading resource: res://.godot/imported/spell_frame_archer.png-d69b56d3c438fa186cf04e789299c629.ctex remapped: res://.godot/imported/spell_frame_archer.png-d69b56d3c438fa186cf04e789299c629.ctex
Completed load for: 'res://asset/ui/character_hud/generated/v2/spell_frame_archer.png' remapped 'res://asset/ui/character_hud/generated/v2/spell_frame_archer.png' at thread -1
Loading resource: res://asset/ui/character_hud/generated/v2/spell_frame_assassin.png remapped: res://asset/ui/character_hud/generated/v2/spell_frame_assassin.png
Loading resource: res://.godot/imported/spell_frame_assassin.png-ae44b34b1356f86d3b71a77942c7d78b.ctex remapped: res://.godot/imported/spell_frame_assassin.png-ae44b34b1356f86d3b71a77942c7d78b.ctex
Completed load for: 'res://asset/ui/character_hud/generated/v2/spell_frame_assassin.png' remapped 'res://asset/ui/character_hud/generated/v2/spell_frame_assassin.png' at thread -1
Loading resource: res://asset/ui/character_hud/generated/v2/spell_frame_mage.png remapped: res://asset/ui/character_hud/generated/v2/spell_frame_mage.png
Loading resource: res://.godot/imported/spell_frame_mage.png-cd158d080c033b53e68f9ad39b883408.ctex remapped: res://.godot/imported/spell_frame_mage.png-cd158d080c033b53e68f9ad39b883408.ctex
Completed load for: 'res://asset/ui/character_hud/generated/v2/spell_frame_mage.png' remapped 'res://asset/ui/character_hud/generated/v2/spell_frame_mage.png' at thread -1
Loading resource: res://asset/ui/character_hud/generated/v2/spell_frame_healer.png remapped: res://asset/ui/character_hud/generated/v2/spell_frame_healer.png
Loading resource: res://.godot/imported/spell_frame_healer.png-ad5063b001ebbf9020dd338d3d35e8c7.ctex remapped: res://.godot/imported/spell_frame_healer.png-ad5063b001ebbf9020dd338d3d35e8c7.ctex
Completed load for: 'res://asset/ui/character_hud/generated/v2/spell_frame_healer.png' remapped 'res://asset/ui/character_hud/generated/v2/spell_frame_healer.png' at thread -1
Loading resource: res://asset/ui/character_hud/generated/v2/gold_health_bar_frame.png remapped: res://asset/ui/character_hud/generated/v2/gold_health_bar_frame.png
Loading resource: res://.godot/imported/gold_health_bar_frame.png-c2dcf69d567d1789c0f5e321886d4793.ctex remapped: res://.godot/imported/gold_health_bar_frame.png-c2dcf69d567d1789c0f5e321886d4793.ctex
Completed load for: 'res://asset/ui/character_hud/generated/v2/gold_health_bar_frame.png' remapped 'res://asset/ui/character_hud/generated/v2/gold_health_bar_frame.png' at thread -1
Loading resource: res://asset/ui/character_hud/generated/v2/gold_end_turn_button.png remapped: res://asset/ui/character_hud/generated/v2/gold_end_turn_button.png
Loading resource: res://.godot/imported/gold_end_turn_button.png-b82d5203649a23b6429650e5f8f69cfd.ctex remapped: res://.godot/imported/gold_end_turn_button.png-b82d5203649a23b6429650e5f8f69cfd.ctex
Completed load for: 'res://asset/ui/character_hud/generated/v2/gold_end_turn_button.png' remapped 'res://asset/ui/character_hud/generated/v2/gold_end_turn_button.png' at thread -1
Completed load for: 'res://data/ui/elf_hud_theme.tres' remapped 'res://data/ui/elf_hud_theme.tres' at thread -1
Loading resource: res://data/ui/elf_hud_theme_clean.tres remapped: res://data/ui/elf_hud_theme_clean.tres
Loading resource: res://asset/ui/recraft_hud_v1/processed/portrait_frame.png remapped: res://asset/ui/recraft_hud_v1/processed/portrait_frame.png
Loading resource: res://.godot/imported/portrait_frame.png-275ed7ad7454553aa1be0a15fa83d3e4.ctex remapped: res://.godot/imported/portrait_frame.png-275ed7ad7454553aa1be0a15fa83d3e4.ctex
Completed load for: 'res://asset/ui/recraft_hud_v1/processed/portrait_frame.png' remapped 'res://asset/ui/recraft_hud_v1/processed/portrait_frame.png' at thread -1
Completed load for: 'res://data/ui/elf_hud_theme_clean.tres' remapped 'res://data/ui/elf_hud_theme_clean.tres' at thread -1
Loading resource: res://data/ui/combat_hud_layout_clean.tres remapped: res://data/ui/combat_hud_layout_clean.tres
Loading resource: res://ui/combat/combat_hud_layout_data.gd remapped: res://ui/combat/combat_hud_layout_data.gd
Completed load for: 'res://ui/combat/combat_hud_layout_data.gd' remapped 'res://ui/combat/combat_hud_layout_data.gd' at thread -1
Completed load for: 'res://data/ui/combat_hud_layout_clean.tres' remapped 'res://data/ui/combat_hud_layout_clean.tres' at thread -1
Completed load for: 'res://ui/recraft_hud_v1/combat/combat_hud_recraft_v1.gd' remapped 'res://ui/recraft_hud_v1/combat/combat_hud_recraft_v1.gd' at thread -1
Loading resource: res://ui/recraft_hud_v1/theme/recraft_hud_theme_v1.tres remapped: res://ui/recraft_hud_v1/theme/recraft_hud_theme_v1.tres
Completed load for: 'res://ui/recraft_hud_v1/theme/recraft_hud_theme_v1.tres' remapped 'res://ui/recraft_hud_v1/theme/recraft_hud_theme_v1.tres' at thread -1
Loading resource: res://ui/recraft_hud_v1/components/portrait/portrait_view.tscn remapped: res://ui/recraft_hud_v1/components/portrait/portrait_view.tscn
Loading resource: res://ui/characters/CharacterPreview3D.tscn remapped: res://ui/characters/CharacterPreview3D.tscn
Completed load for: 'res://ui/characters/CharacterPreview3D.tscn' remapped 'res://ui/characters/CharacterPreview3D.tscn' at thread -1
Completed load for: 'res://ui/recraft_hud_v1/components/portrait/portrait_view.tscn' remapped 'res://ui/recraft_hud_v1/components/portrait/portrait_view.tscn' at thread -1
Loading resource: res://ui/recraft_hud_v1/components/resource_bar/resource_bar_view.tscn remapped: res://ui/recraft_hud_v1/components/resource_bar/resource_bar_view.tscn
Loading resource: res://ui/recraft_hud_v1/components/resource_bar/resource_bar_view.gd remapped: res://ui/recraft_hud_v1/components/resource_bar/resource_bar_view.gd
Completed load for: 'res://ui/recraft_hud_v1/components/resource_bar/resource_bar_view.gd' remapped 'res://ui/recraft_hud_v1/components/resource_bar/resource_bar_view.gd' at thread -1
Loading resource: res://asset/ui/recraft_hud_v1/processed/resource_bar_frame.png remapped: res://asset/ui/recraft_hud_v1/processed/resource_bar_frame.png
Loading resource: res://.godot/imported/resource_bar_frame.png-6b9c04900579e0906008c18c5a944f5c.ctex remapped: res://.godot/imported/resource_bar_frame.png-6b9c04900579e0906008c18c5a944f5c.ctex
Completed load for: 'res://asset/ui/recraft_hud_v1/processed/resource_bar_frame.png' remapped 'res://asset/ui/recraft_hud_v1/processed/resource_bar_frame.png' at thread -1
Completed load for: 'res://ui/recraft_hud_v1/components/resource_bar/resource_bar_view.tscn' remapped 'res://ui/recraft_hud_v1/components/resource_bar/resource_bar_view.tscn' at thread -1
Loading resource: res://ui/recraft_hud_v1/components/resource_badge/resource_badge_view.tscn remapped: res://ui/recraft_hud_v1/components/resource_badge/resource_badge_view.tscn
Loading resource: res://ui/recraft_hud_v1/components/resource_badge/resource_badge_view.gd remapped: res://ui/recraft_hud_v1/components/resource_badge/resource_badge_view.gd
Completed load for: 'res://ui/recraft_hud_v1/components/resource_badge/resource_badge_view.gd' remapped 'res://ui/recraft_hud_v1/components/resource_badge/resource_badge_view.gd' at thread -1
Loading resource: res://asset/ui/recraft_hud_v1/processed/resource_badge_base.png remapped: res://asset/ui/recraft_hud_v1/processed/resource_badge_base.png
Loading resource: res://.godot/imported/resource_badge_base.png-d21fdcca5b9cb49eb69077e10e3ea4ed.ctex remapped: res://.godot/imported/resource_badge_base.png-d21fdcca5b9cb49eb69077e10e3ea4ed.ctex
Completed load for: 'res://asset/ui/recraft_hud_v1/processed/resource_badge_base.png' remapped 'res://asset/ui/recraft_hud_v1/processed/resource_badge_base.png' at thread -1
Completed load for: 'res://ui/recraft_hud_v1/components/resource_badge/resource_badge_view.tscn' remapped 'res://ui/recraft_hud_v1/components/resource_badge/resource_badge_view.tscn' at thread -1
Loading resource: res://ui/recraft_hud_v1/components/primary_button/primary_button_view.tscn remapped: res://ui/recraft_hud_v1/components/primary_button/primary_button_view.tscn
Loading resource: res://ui/recraft_hud_v1/components/primary_button/primary_button_view.gd remapped: res://ui/recraft_hud_v1/components/primary_button/primary_button_view.gd
Completed load for: 'res://ui/recraft_hud_v1/components/primary_button/primary_button_view.gd' remapped 'res://ui/recraft_hud_v1/components/primary_button/primary_button_view.gd' at thread -1
Loading resource: res://asset/ui/recraft_hud_v1/processed/primary_button_base.png remapped: res://asset/ui/recraft_hud_v1/processed/primary_button_base.png
Loading resource: res://.godot/imported/primary_button_base.png-7b3aada445d9703b1abedf79dcb7f566.ctex remapped: res://.godot/imported/primary_button_base.png-7b3aada445d9703b1abedf79dcb7f566.ctex
Completed load for: 'res://asset/ui/recraft_hud_v1/processed/primary_button_base.png' remapped 'res://asset/ui/recraft_hud_v1/processed/primary_button_base.png' at thread -1
Completed load for: 'res://ui/recraft_hud_v1/components/primary_button/primary_button_view.tscn' remapped 'res://ui/recraft_hud_v1/components/primary_button/primary_button_view.tscn' at thread -1
Loading resource: res://asset/ui/recraft_hud_v1/processed/spellbar_panel.png remapped: res://asset/ui/recraft_hud_v1/processed/spellbar_panel.png
Loading resource: res://.godot/imported/spellbar_panel.png-6996d17d747d50de07f906efb177e74e.ctex remapped: res://.godot/imported/spellbar_panel.png-6996d17d747d50de07f906efb177e74e.ctex
Completed load for: 'res://asset/ui/recraft_hud_v1/processed/spellbar_panel.png' remapped 'res://asset/ui/recraft_hud_v1/processed/spellbar_panel.png' at thread -1
Loading resource: res://ui/recraft_hud_v1/combat/layout_debug_overlay.gd remapped: res://ui/recraft_hud_v1/combat/layout_debug_overlay.gd
Completed load for: 'res://ui/recraft_hud_v1/combat/layout_debug_overlay.gd' remapped 'res://ui/recraft_hud_v1/combat/layout_debug_overlay.gd' at thread -1
Loading resource: res://ui/combat/turn_intro_banner.tscn remapped: res://ui/combat/turn_intro_banner.tscn
Completed load for: 'res://ui/combat/turn_intro_banner.tscn' remapped 'res://ui/combat/turn_intro_banner.tscn' at thread -1
Completed load for: 'res://ui/recraft_hud_v1/combat/combat_hud_recraft_v1.tscn' remapped 'res://ui/recraft_hud_v1/combat/combat_hud_recraft_v1.tscn' at thread -1
Loading resource: res://ui/progression/components/skill_tree_status_button.tscn remapped: res://ui/progression/components/skill_tree_status_button.tscn
Loading resource: res://ui/progression/components/skill_tree_tooltip_panel.tscn remapped: res://ui/progression/components/skill_tree_tooltip_panel.tscn
Loading resource: res://ui/progression/skin/dungeon_draft_skill_tree_skin.tres remapped: res://ui/progression/skin/dungeon_draft_skill_tree_skin.tres
Loading resource: res://data/ui/skill_tree_refined_config.tres remapped: res://data/ui/skill_tree_refined_config.tres
Loading resource: res://asset/ui/dungeon_draft/arbre_compétences/generated/lock_refined.png remapped: res://asset/ui/dungeon_draft/arbre_compétences/generated/lock_refined.png
Loading resource: res://.godot/imported/lock_refined.png-dbe3c3f8fd6fccdd66276ade19a76f33.ctex remapped: res://.godot/imported/lock_refined.png-dbe3c3f8fd6fccdd66276ade19a76f33.ctex
Completed load for: 'res://asset/ui/dungeon_draft/arbre_compétences/generated/lock_refined.png' remapped 'res://asset/ui/dungeon_draft/arbre_compétences/generated/lock_refined.png' at thread -1
Completed load for: 'res://data/ui/skill_tree_refined_config.tres' remapped 'res://data/ui/skill_tree_refined_config.tres' at thread -1
Loading resource: res://data/ui/skill_tree_icon_catalog_refined.tres remapped: res://data/ui/skill_tree_icon_catalog_refined.tres
Loading resource: res://asset/ui/dungeon_draft/arbre_compétences/generated/icons/upgrade.svg remapped: res://asset/ui/dungeon_draft/arbre_compétences/generated/icons/upgrade.svg
Loading resource: res://.godot/imported/upgrade.svg-e6d579b002587fea4f6b12654ad3ba8a.ctex remapped: res://.godot/imported/upgrade.svg-e6d579b002587fea4f6b12654ad3ba8a.ctex
Completed load for: 'res://asset/ui/dungeon_draft/arbre_compétences/generated/icons/upgrade.svg' remapped 'res://asset/ui/dungeon_draft/arbre_compétences/generated/icons/upgrade.svg' at thread -1
Loading resource: res://asset/ui/dungeon_draft/arbre_compétences/generated/icons/hidden.svg remapped: res://asset/ui/dungeon_draft/arbre_compétences/generated/icons/hidden.svg
Loading resource: res://.godot/imported/hidden.svg-95a6ec26f8ccd8a24307b1b7ae1c64bf.ctex remapped: res://.godot/imported/hidden.svg-95a6ec26f8ccd8a24307b1b7ae1c64bf.ctex
Completed load for: 'res://asset/ui/dungeon_draft/arbre_compétences/generated/icons/hidden.svg' remapped 'res://asset/ui/dungeon_draft/arbre_compétences/generated/icons/hidden.svg' at thread -1
Loading resource: res://asset/ui/dungeon_draft/arbre_compétences/generated/icons/damage.svg remapped: res://asset/ui/dungeon_draft/arbre_compétences/generated/icons/damage.svg
Loading resource: res://.godot/imported/damage.svg-81e16fd87e18f7b6d0062545ea196e8d.ctex remapped: res://.godot/imported/damage.svg-81e16fd87e18f7b6d0062545ea196e8d.ctex
Completed load for: 'res://asset/ui/dungeon_draft/arbre_compétences/generated/icons/damage.svg' remapped 'res://asset/ui/dungeon_draft/arbre_compétences/generated/icons/damage.svg' at thread -1
Loading resource: res://asset/ui/dungeon_draft/arbre_compétences/generated/icons/range.svg remapped: res://asset/ui/dungeon_draft/arbre_compétences/generated/icons/range.svg
Loading resource: res://.godot/imported/range.svg-edee5d46762c473162324e5601be4c95.ctex remapped: res://.godot/imported/range.svg-edee5d46762c473162324e5601be4c95.ctex
Completed load for: 'res://asset/ui/dungeon_draft/arbre_compétences/generated/icons/range.svg' remapped 'res://asset/ui/dungeon_draft/arbre_compétences/generated/icons/range.svg' at thread -1
Loading resource: res://asset/ui/dungeon_draft/arbre_compétences/generated/icons/push.svg remapped: res://asset/ui/dungeon_draft/arbre_compétences/generated/icons/push.svg
Loading resource: res://.godot/imported/push.svg-7e56f742c013aa3d7671adae148e8967.ctex remapped: res://.godot/imported/push.svg-7e56f742c013aa3d7671adae148e8967.ctex
Completed load for: 'res://asset/ui/dungeon_draft/arbre_compétences/generated/icons/push.svg' remapped 'res://asset/ui/dungeon_draft/arbre_compétences/generated/icons/push.svg' at thread -1
Loading resource: res://asset/ui/dungeon_draft/arbre_compétences/generated/icons/movement.svg remapped: res://asset/ui/dungeon_draft/arbre_compétences/generated/icons/movement.svg
Loading resource: res://.godot/imported/movement.svg-33afa9d21ea276122edde7f40b48a650.ctex remapped: res://.godot/imported/movement.svg-33afa9d21ea276122edde7f40b48a650.ctex
Completed load for: 'res://asset/ui/dungeon_draft/arbre_compétences/generated/icons/movement.svg' remapped 'res://asset/ui/dungeon_draft/arbre_compétences/generated/icons/movement.svg' at thread -1
Loading resource: res://asset/ui/dungeon_draft/arbre_compétences/generated/icons/bleed.svg remapped: res://asset/ui/dungeon_draft/arbre_compétences/generated/icons/bleed.svg
Loading resource: res://.godot/imported/bleed.svg-2bb37c88d682e77ac743a133c0351e8e.ctex remapped: res://.godot/imported/bleed.svg-2bb37c88d682e77ac743a133c0351e8e.ctex
Completed load for: 'res://asset/ui/dungeon_draft/arbre_compétences/generated/icons/bleed.svg' remapped 'res://asset/ui/dungeon_draft/arbre_compétences/generated/icons/bleed.svg' at thread -1
Loading resource: res://asset/ui/dungeon_draft/arbre_compétences/generated/icons/vulnerability.svg remapped: res://asset/ui/dungeon_draft/arbre_compétences/generated/icons/vulnerability.svg
Loading resource: res://.godot/imported/vulnerability.svg-45a981ca2bad35b059f415b76a8ccd5b.ctex remapped: res://.godot/imported/vulnerability.svg-45a981ca2bad35b059f415b76a8ccd5b.ctex
Completed load for: 'res://asset/ui/dungeon_draft/arbre_compétences/generated/icons/vulnerability.svg' remapped 'res://asset/ui/dungeon_draft/arbre_compétences/generated/icons/vulnerability.svg' at thread -1
Loading resource: res://asset/ui/dungeon_draft/arbre_compétences/generated/icons/collision.svg remapped: res://asset/ui/dungeon_draft/arbre_compétences/generated/icons/collision.svg
Loading resource: res://.godot/imported/collision.svg-cfeac4963bd1bcc1c0e5da1275651f86.ctex remapped: res://.godot/imported/collision.svg-cfeac4963bd1bcc1c0e5da1275651f86.ctex
Completed load for: 'res://asset/ui/dungeon_draft/arbre_compétences/generated/icons/collision.svg' remapped 'res://asset/ui/dungeon_draft/arbre_compétences/generated/icons/collision.svg' at thread -1
Loading resource: res://asset/ui/dungeon_draft/arbre_compétences/generated/icons/duration.svg remapped: res://asset/ui/dungeon_draft/arbre_compétences/generated/icons/duration.svg
Loading resource: res://.godot/imported/duration.svg-bd4735916d50f70f6ea3c63613b47d6e.ctex remapped: res://.godot/imported/duration.svg-bd4735916d50f70f6ea3c63613b47d6e.ctex
Completed load for: 'res://asset/ui/dungeon_draft/arbre_compétences/generated/icons/duration.svg' remapped 'res://asset/ui/dungeon_draft/arbre_compétences/generated/icons/duration.svg' at thread -1
Loading resource: res://asset/ui/dungeon_draft/arbre_compétences/generated/icons/pierce.svg remapped: res://asset/ui/dungeon_draft/arbre_compétences/generated/icons/pierce.svg
Loading resource: res://.godot/imported/pierce.svg-7e7339f71292c1df91bef5f7b67c2b02.ctex remapped: res://.godot/imported/pierce.svg-7e7339f71292c1df91bef5f7b67c2b02.ctex
Completed load for: 'res://asset/ui/dungeon_draft/arbre_compétences/generated/icons/pierce.svg' remapped 'res://asset/ui/dungeon_draft/arbre_compétences/generated/icons/pierce.svg' at thread -1
Loading resource: res://asset/ui/dungeon_draft/arbre_compétences/generated/icons/terrain.svg remapped: res://asset/ui/dungeon_draft/arbre_compétences/generated/icons/terrain.svg
Loading resource: res://.godot/imported/terrain.svg-507d7af43c750a821386642d1fdd4e37.ctex remapped: res://.godot/imported/terrain.svg-507d7af43c750a821386642d1fdd4e37.ctex
Completed load for: 'res://asset/ui/dungeon_draft/arbre_compétences/generated/icons/terrain.svg' remapped 'res://asset/ui/dungeon_draft/arbre_compétences/generated/icons/terrain.svg' at thread -1
Loading resource: res://asset/ui/dungeon_draft/arbre_compétences/generated/icons/heal.svg remapped: res://asset/ui/dungeon_draft/arbre_compétences/generated/icons/heal.svg
Loading resource: res://.godot/imported/heal.svg-8852c0d5dab1b6c8565b2bbf5a81cb8b.ctex remapped: res://.godot/imported/heal.svg-8852c0d5dab1b6c8565b2bbf5a81cb8b.ctex
Completed load for: 'res://asset/ui/dungeon_draft/arbre_compétences/generated/icons/heal.svg' remapped 'res://asset/ui/dungeon_draft/arbre_compétences/generated/icons/heal.svg' at thread -1
Loading resource: res://asset/ui/dungeon_draft/arbre_compétences/generated/icons/defense.svg remapped: res://asset/ui/dungeon_draft/arbre_compétences/generated/icons/defense.svg
Loading resource: res://.godot/imported/defense.svg-069dd7116d9595dd8300510c5ec95bf1.ctex remapped: res://.godot/imported/defense.svg-069dd7116d9595dd8300510c5ec95bf1.ctex
Completed load for: 'res://asset/ui/dungeon_draft/arbre_compétences/generated/icons/defense.svg' remapped 'res://asset/ui/dungeon_draft/arbre_compétences/generated/icons/defense.svg' at thread -1
Loading resource: res://asset/ui/dungeon_draft/arbre_compétences/generated/icons/state_check.svg remapped: res://asset/ui/dungeon_draft/arbre_compétences/generated/icons/state_check.svg
Loading resource: res://.godot/imported/state_check.svg-0ca856d722b0cf1a68254cbd035f72db.ctex remapped: res://.godot/imported/state_check.svg-0ca856d722b0cf1a68254cbd035f72db.ctex
Completed load for: 'res://asset/ui/dungeon_draft/arbre_compétences/generated/icons/state_check.svg' remapped 'res://asset/ui/dungeon_draft/arbre_compétences/generated/icons/state_check.svg' at thread -1
Loading resource: res://asset/ui/dungeon_draft/arbre_compétences/generated/icons/state_excluded.svg remapped: res://asset/ui/dungeon_draft/arbre_compétences/generated/icons/state_excluded.svg
Loading resource: res://.godot/imported/state_excluded.svg-60258fffe256cf148ed6b0d93db27eeb.ctex remapped: res://.godot/imported/state_excluded.svg-60258fffe256cf148ed6b0d93db27eeb.ctex
Completed load for: 'res://asset/ui/dungeon_draft/arbre_compétences/generated/icons/state_excluded.svg' remapped 'res://asset/ui/dungeon_draft/arbre_compétences/generated/icons/state_excluded.svg' at thread -1
Loading resource: res://asset/ui/dungeon_draft/arbre_compétences/generated/icons/state_pending.svg remapped: res://asset/ui/dungeon_draft/arbre_compétences/generated/icons/state_pending.svg
Loading resource: res://.godot/imported/state_pending.svg-9f3e7ec8df607cfde32fc70752ae64a4.ctex remapped: res://.godot/imported/state_pending.svg-9f3e7ec8df607cfde32fc70752ae64a4.ctex
Completed load for: 'res://asset/ui/dungeon_draft/arbre_compétences/generated/icons/state_pending.svg' remapped 'res://asset/ui/dungeon_draft/arbre_compétences/generated/icons/state_pending.svg' at thread -1
Loading resource: res://asset/ui/dungeon_draft/arbre_compétences/generated/icons/poison.svg remapped: res://asset/ui/dungeon_draft/arbre_compétences/generated/icons/poison.svg
Loading resource: res://.godot/imported/poison.svg-3b5754011a77217fa357aaef5ee5937d.ctex remapped: res://.godot/imported/poison.svg-3b5754011a77217fa357aaef5ee5937d.ctex
Completed load for: 'res://asset/ui/dungeon_draft/arbre_compétences/generated/icons/poison.svg' remapped 'res://asset/ui/dungeon_draft/arbre_compétences/generated/icons/poison.svg' at thread -1
Completed load for: 'res://data/ui/skill_tree_icon_catalog_refined.tres' remapped 'res://data/ui/skill_tree_icon_catalog_refined.tres' at thread -1
Completed load for: 'res://ui/progression/skin/dungeon_draft_skill_tree_skin.tres' remapped 'res://ui/progression/skin/dungeon_draft_skill_tree_skin.tres' at thread -1
Completed load for: 'res://ui/progression/components/skill_tree_tooltip_panel.tscn' remapped 'res://ui/progression/components/skill_tree_tooltip_panel.tscn' at thread -1
Completed load for: 'res://ui/progression/components/skill_tree_status_button.tscn' remapped 'res://ui/progression/components/skill_tree_status_button.tscn' at thread -1
Loading resource: res://ui/progression/screens/skill_tree_screen.tscn remapped: res://ui/progression/screens/skill_tree_screen.tscn
Loading resource: res://ui/progression/components/skill_tree_graph_view.tscn remapped: res://ui/progression/components/skill_tree_graph_view.tscn
Loading resource: res://ui/progression/skin/elf_archer_visual_map.tres remapped: res://ui/progression/skin/elf_archer_visual_map.tres
Completed load for: 'res://ui/progression/skin/elf_archer_visual_map.tres' remapped 'res://ui/progression/skin/elf_archer_visual_map.tres' at thread -1
Completed load for: 'res://ui/progression/components/skill_tree_graph_view.tscn' remapped 'res://ui/progression/components/skill_tree_graph_view.tscn' at thread -1
Loading resource: res://ui/progression/components/skill_tree_node_detail_panel.tscn remapped: res://ui/progression/components/skill_tree_node_detail_panel.tscn
Completed load for: 'res://ui/progression/components/skill_tree_node_detail_panel.tscn' remapped 'res://ui/progression/components/skill_tree_node_detail_panel.tscn' at thread -1
Completed load for: 'res://ui/progression/screens/skill_tree_screen.tscn' remapped 'res://ui/progression/screens/skill_tree_screen.tscn' at thread -1
Loading resource: res://ui/menus/dark_pause_menu.tscn remapped: res://ui/menus/dark_pause_menu.tscn
Loading resource: res://ui/themes/dark_pause_menu_theme.tres remapped: res://ui/themes/dark_pause_menu_theme.tres
Loading resource: res://asset/ui/dark_menu/generated/button_normal.png remapped: res://asset/ui/dark_menu/generated/button_normal.png
Loading resource: res://.godot/imported/button_normal.png-4bb5fa7e4095485eefaa689c3d19c500.ctex remapped: res://.godot/imported/button_normal.png-4bb5fa7e4095485eefaa689c3d19c500.ctex
Completed load for: 'res://asset/ui/dark_menu/generated/button_normal.png' remapped 'res://asset/ui/dark_menu/generated/button_normal.png' at thread -1
Loading resource: res://asset/ui/dark_menu/generated/button_hover.png remapped: res://asset/ui/dark_menu/generated/button_hover.png
Loading resource: res://.godot/imported/button_hover.png-8a337b237d0ef81004ac2c6b12c31865.ctex remapped: res://.godot/imported/button_hover.png-8a337b237d0ef81004ac2c6b12c31865.ctex
Completed load for: 'res://asset/ui/dark_menu/generated/button_hover.png' remapped 'res://asset/ui/dark_menu/generated/button_hover.png' at thread -1
Loading resource: res://asset/ui/dark_menu/generated/button_pressed.png remapped: res://asset/ui/dark_menu/generated/button_pressed.png
Loading resource: res://.godot/imported/button_pressed.png-e16840e1248e3ce4bf5e6571a90a0477.ctex remapped: res://.godot/imported/button_pressed.png-e16840e1248e3ce4bf5e6571a90a0477.ctex
Completed load for: 'res://asset/ui/dark_menu/generated/button_pressed.png' remapped 'res://asset/ui/dark_menu/generated/button_pressed.png' at thread -1
Completed load for: 'res://ui/themes/dark_pause_menu_theme.tres' remapped 'res://ui/themes/dark_pause_menu_theme.tres' at thread -1
Loading resource: res://asset/ui/dark_menu/generated/main_frame.png remapped: res://asset/ui/dark_menu/generated/main_frame.png
Loading resource: res://.godot/imported/main_frame.png-8a86c42d3d8e3b1d99f115d68c6d5f4c.ctex remapped: res://.godot/imported/main_frame.png-8a86c42d3d8e3b1d99f115d68c6d5f4c.ctex
Completed load for: 'res://asset/ui/dark_menu/generated/main_frame.png' remapped 'res://asset/ui/dark_menu/generated/main_frame.png' at thread -1
Loading resource: res://asset/ui/dark_menu/generated/title_header.png remapped: res://asset/ui/dark_menu/generated/title_header.png
Loading resource: res://.godot/imported/title_header.png-38519adc17b2661a49ac08a5729b35e3.ctex remapped: res://.godot/imported/title_header.png-38519adc17b2661a49ac08a5729b35e3.ctex
Completed load for: 'res://asset/ui/dark_menu/generated/title_header.png' remapped 'res://asset/ui/dark_menu/generated/title_header.png' at thread -1
Loading resource: res://asset/ui/dark_menu/generated/close_button.png remapped: res://asset/ui/dark_menu/generated/close_button.png
Loading resource: res://.godot/imported/close_button.png-a8d749bc78e98b3fd89e0ebf51b7f3bb.ctex remapped: res://.godot/imported/close_button.png-a8d749bc78e98b3fd89e0ebf51b7f3bb.ctex
Completed load for: 'res://asset/ui/dark_menu/generated/close_button.png' remapped 'res://asset/ui/dark_menu/generated/close_button.png' at thread -1
Loading resource: res://asset/ui/dark_menu/generated/bottom_section.png remapped: res://asset/ui/dark_menu/generated/bottom_section.png
Loading resource: res://.godot/imported/bottom_section.png-58cc2cd32cdc99b7a0177a8646f93cc3.ctex remapped: res://.godot/imported/bottom_section.png-58cc2cd32cdc99b7a0177a8646f93cc3.ctex
Completed load for: 'res://asset/ui/dark_menu/generated/bottom_section.png' remapped 'res://asset/ui/dark_menu/generated/bottom_section.png' at thread -1
Loading resource: res://ui/components/dark_menu_button.tscn remapped: res://ui/components/dark_menu_button.tscn
Completed load for: 'res://ui/components/dark_menu_button.tscn' remapped 'res://ui/components/dark_menu_button.tscn' at thread -1
Completed load for: 'res://ui/menus/dark_pause_menu.tscn' remapped 'res://ui/menus/dark_pause_menu.tscn' at thread -1
Completed load for: 'res://ui/run/PersistentRunUI.tscn' remapped 'res://ui/run/PersistentRunUI.tscn' at thread -1
Completed load for: 'res://core/game_manager.gd' remapped 'res://core/game_manager.gd' at thread -1
Loading resource: res://core/audio_manager.gd remapped: res://core/audio_manager.gd
Completed load for: 'res://core/audio_manager.gd' remapped 'res://core/audio_manager.gd' at thread -1
Loading resource: res://core/vfx_manager.gd remapped: res://core/vfx_manager.gd
Completed load for: 'res://core/vfx_manager.gd' remapped 'res://core/vfx_manager.gd' at thread -1
Accessibility: window 1 adapter activated.
Accessibility: window 1 adapter initial update completed.
Loading resource: res://addons/gut/gut_plugin.gd remapped: res://addons/gut/gut_plugin.gd
Loading resource: res://addons/gut/gui/GutBottomPanel.tscn remapped: res://addons/gut/gui/GutBottomPanel.tscn
Loading resource: res://addons/gut/gui/GutBottomPanel.gd remapped: res://addons/gut/gui/GutBottomPanel.gd
Loading resource: res://addons/gut/GutScene.tscn remapped: res://addons/gut/GutScene.tscn
Loading resource: res://addons/gut/GutScene.gd remapped: res://addons/gut/GutScene.gd
Completed load for: 'res://addons/gut/GutScene.gd' remapped 'res://addons/gut/GutScene.gd' at thread -1
Loading resource: res://addons/gut/gui/NormalGui.tscn remapped: res://addons/gut/gui/NormalGui.tscn
Loading resource: res://addons/gut/gui/GutSceneTheme.tres remapped: res://addons/gut/gui/GutSceneTheme.tres
Loading resource: res://addons/gut/fonts/AnonymousPro-Regular.ttf remapped: res://addons/gut/fonts/AnonymousPro-Regular.ttf
Loading resource: res://.godot/imported/AnonymousPro-Regular.ttf-856c843fd6f89964d2ca8d8ff1724f13.fontdata remapped: res://.godot/imported/AnonymousPro-Regular.ttf-856c843fd6f89964d2ca8d8ff1724f13.fontdata
Completed load for: 'res://addons/gut/fonts/AnonymousPro-Regular.ttf' remapped 'res://addons/gut/fonts/AnonymousPro-Regular.ttf' at thread -1
Completed load for: 'res://addons/gut/gui/GutSceneTheme.tres' remapped 'res://addons/gut/gui/GutSceneTheme.tres' at thread -1
Loading resource: res://addons/gut/gui/gut_gui.gd remapped: res://addons/gut/gui/gut_gui.gd
Completed load for: 'res://addons/gut/gui/gut_gui.gd' remapped 'res://addons/gut/gui/gut_gui.gd' at thread -1
Loading resource: res://addons/gut/fonts/CourierPrime-Regular.ttf remapped: res://addons/gut/fonts/CourierPrime-Regular.ttf
Loading resource: res://.godot/imported/CourierPrime-Regular.ttf-3babe7e4a7a588dfc9a84c14b4f1fe23.fontdata remapped: res://.godot/imported/CourierPrime-Regular.ttf-3babe7e4a7a588dfc9a84c14b4f1fe23.fontdata
Completed load for: 'res://addons/gut/fonts/CourierPrime-Regular.ttf' remapped 'res://addons/gut/fonts/CourierPrime-Regular.ttf' at thread -1
Loading resource: res://addons/gut/gui/ResizeHandle.tscn remapped: res://addons/gut/gui/ResizeHandle.tscn
Loading resource: res://addons/gut/gui/ResizeHandle.gd remapped: res://addons/gut/gui/ResizeHandle.gd
Completed load for: 'res://addons/gut/gui/ResizeHandle.gd' remapped 'res://addons/gut/gui/ResizeHandle.gd' at thread -1
Completed load for: 'res://addons/gut/gui/ResizeHandle.tscn' remapped 'res://addons/gut/gui/ResizeHandle.tscn' at thread -1
Completed load for: 'res://addons/gut/gui/NormalGui.tscn' remapped 'res://addons/gut/gui/NormalGui.tscn' at thread -1
Loading resource: res://addons/gut/gui/MinGui.tscn remapped: res://addons/gut/gui/MinGui.tscn
Completed load for: 'res://addons/gut/gui/MinGui.tscn' remapped 'res://addons/gut/gui/MinGui.tscn' at thread -1
Completed load for: 'res://addons/gut/GutScene.tscn' remapped 'res://addons/gut/GutScene.tscn' at thread -1
Loading resource: res://addons/gut/lazy_loader.gd remapped: res://addons/gut/lazy_loader.gd
Loading resource: res://addons/gut/thing_counter.gd remapped: res://addons/gut/thing_counter.gd
Completed load for: 'res://addons/gut/thing_counter.gd' remapped 'res://addons/gut/thing_counter.gd' at thread -1
Loading resource: res://addons/gut/warnings_manager.gd remapped: res://addons/gut/warnings_manager.gd
Completed load for: 'res://addons/gut/warnings_manager.gd' remapped 'res://addons/gut/warnings_manager.gd' at thread -1
Completed load for: 'res://addons/gut/lazy_loader.gd' remapped 'res://addons/gut/lazy_loader.gd' at thread -1
Loading resource: res://addons/gut/version_numbers.gd remapped: res://addons/gut/version_numbers.gd
Completed load for: 'res://addons/gut/version_numbers.gd' remapped 'res://addons/gut/version_numbers.gd' at thread -1
Loading resource: res://addons/gut/gui/editor_globals.gd remapped: res://addons/gut/gui/editor_globals.gd
Loading resource: res://addons/gut/gui/gut_user_preferences.gd remapped: res://addons/gut/gui/gut_user_preferences.gd
Completed load for: 'res://addons/gut/gui/gut_user_preferences.gd' remapped 'res://addons/gut/gui/gut_user_preferences.gd' at thread -1
Completed load for: 'res://addons/gut/gui/editor_globals.gd' remapped 'res://addons/gut/gui/editor_globals.gd' at thread -1
Loading resource: res://addons/gut/gui/RunExternally.tscn remapped: res://addons/gut/gui/RunExternally.tscn
Loading resource: res://addons/gut/gui/RunExternally.gd remapped: res://addons/gut/gui/RunExternally.gd
Completed load for: 'res://addons/gut/gui/RunExternally.gd' remapped 'res://addons/gut/gui/RunExternally.gd' at thread -1
Completed load for: 'res://addons/gut/gui/RunExternally.tscn' remapped 'res://addons/gut/gui/RunExternally.tscn' at thread -1
Loading resource: res://addons/gut/gut_fonts.gd remapped: res://addons/gut/gut_fonts.gd
Completed load for: 'res://addons/gut/gut_fonts.gd' remapped 'res://addons/gut/gut_fonts.gd' at thread -1
Loading resource: res://addons/gut/strutils.gd remapped: res://addons/gut/strutils.gd
Completed load for: 'res://addons/gut/strutils.gd' remapped 'res://addons/gut/strutils.gd' at thread -1
Loading resource: res://addons/gut/inner_class_registry.gd remapped: res://addons/gut/inner_class_registry.gd
Completed load for: 'res://addons/gut/inner_class_registry.gd' remapped 'res://addons/gut/inner_class_registry.gd' at thread -1
Loading resource: res://addons/gut/dynamic_gdscript.gd remapped: res://addons/gut/dynamic_gdscript.gd
Completed load for: 'res://addons/gut/dynamic_gdscript.gd' remapped 'res://addons/gut/dynamic_gdscript.gd' at thread -1
Completed load for: 'res://addons/gut/gui/GutBottomPanel.gd' remapped 'res://addons/gut/gui/GutBottomPanel.gd' at thread -1
Loading resource: res://addons/gut/gui/RunAtCursor.tscn remapped: res://addons/gut/gui/RunAtCursor.tscn
Loading resource: res://addons/gut/gui/RunAtCursor.gd remapped: res://addons/gut/gui/RunAtCursor.gd
Completed load for: 'res://addons/gut/gui/RunAtCursor.gd' remapped 'res://addons/gut/gui/RunAtCursor.gd' at thread -1
Loading resource: res://addons/gut/gui/arrow.png remapped: res://addons/gut/gui/arrow.png
Loading resource: res://.godot/imported/arrow.png-2b5b2d838b5b3467cf300ac2da1630d9.ctex remapped: res://.godot/imported/arrow.png-2b5b2d838b5b3467cf300ac2da1630d9.ctex
Completed load for: 'res://addons/gut/gui/arrow.png' remapped 'res://addons/gut/gui/arrow.png' at thread -1
Completed load for: 'res://addons/gut/gui/RunAtCursor.tscn' remapped 'res://addons/gut/gui/RunAtCursor.tscn' at thread -1
Loading resource: res://addons/gut/gui/play.png remapped: res://addons/gut/gui/play.png
Loading resource: res://.godot/imported/play.png-5c90e88e8136487a183a099d67a7de24.ctex remapped: res://.godot/imported/play.png-5c90e88e8136487a183a099d67a7de24.ctex
Completed load for: 'res://addons/gut/gui/play.png' remapped 'res://addons/gut/gui/play.png' at thread -1
Loading resource: res://addons/gut/icon.png remapped: res://addons/gut/icon.png
Loading resource: res://.godot/imported/icon.png-91b084043b8aaf2f1c906e7b9fa92969.ctex remapped: res://.godot/imported/icon.png-91b084043b8aaf2f1c906e7b9fa92969.ctex
Completed load for: 'res://addons/gut/icon.png' remapped 'res://addons/gut/icon.png' at thread -1
Loading resource: res://addons/gut/gui/RunResults.tscn remapped: res://addons/gut/gui/RunResults.tscn
Loading resource: res://addons/gut/gui/RunResults.gd remapped: res://addons/gut/gui/RunResults.gd
Completed load for: 'res://addons/gut/gui/RunResults.gd' remapped 'res://addons/gut/gui/RunResults.gd' at thread -1
Loading resource: res://addons/gut/gui/ResultsTree.tscn remapped: res://addons/gut/gui/ResultsTree.tscn
Loading resource: res://addons/gut/gui/ResultsTree.gd remapped: res://addons/gut/gui/ResultsTree.gd
Completed load for: 'res://addons/gut/gui/ResultsTree.gd' remapped 'res://addons/gut/gui/ResultsTree.gd' at thread -1
Completed load for: 'res://addons/gut/gui/ResultsTree.tscn' remapped 'res://addons/gut/gui/ResultsTree.tscn' at thread -1
Completed load for: 'res://addons/gut/gui/RunResults.tscn' remapped 'res://addons/gut/gui/RunResults.tscn' at thread -1
Loading resource: res://addons/gut/images/HSplitContainer.svg remapped: res://addons/gut/images/HSplitContainer.svg
Loading resource: res://.godot/imported/HSplitContainer.svg-81e594d94ee80e4176e099672ef6025b.editor.ctex remapped: res://.godot/imported/HSplitContainer.svg-81e594d94ee80e4176e099672ef6025b.editor.ctex
Completed load for: 'res://addons/gut/images/HSplitContainer.svg' remapped 'res://addons/gut/images/HSplitContainer.svg' at thread -1
Loading resource: res://addons/gut/gui/OutputText.tscn remapped: res://addons/gut/gui/OutputText.tscn
Loading resource: res://addons/gut/gui/OutputText.gd remapped: res://addons/gut/gui/OutputText.gd
Completed load for: 'res://addons/gut/gui/OutputText.gd' remapped 'res://addons/gut/gui/OutputText.gd' at thread -1
Completed load for: 'res://addons/gut/gui/OutputText.tscn' remapped 'res://addons/gut/gui/OutputText.tscn' at thread -1
Loading resource: res://addons/gut/images/VSplitContainer.svg remapped: res://addons/gut/images/VSplitContainer.svg
Loading resource: res://.godot/imported/VSplitContainer.svg-6cec29fefa7e65d6ff7c2fdb9a1bb9ab.editor.ctex remapped: res://.godot/imported/VSplitContainer.svg-6cec29fefa7e65d6ff7c2fdb9a1bb9ab.editor.ctex
Completed load for: 'res://addons/gut/images/VSplitContainer.svg' remapped 'res://addons/gut/images/VSplitContainer.svg' at thread -1
Loading resource: res://addons/gut/gui/ShortcutDialog.tscn remapped: res://addons/gut/gui/ShortcutDialog.tscn
Loading resource: res://addons/gut/gui/ShortcutDialog.gd remapped: res://addons/gut/gui/ShortcutDialog.gd
Completed load for: 'res://addons/gut/gui/ShortcutDialog.gd' remapped 'res://addons/gut/gui/ShortcutDialog.gd' at thread -1
Loading resource: res://addons/gut/gui/ShortcutButton.tscn remapped: res://addons/gut/gui/ShortcutButton.tscn
Loading resource: res://addons/gut/gui/ShortcutButton.gd remapped: res://addons/gut/gui/ShortcutButton.gd
Completed load for: 'res://addons/gut/gui/ShortcutButton.gd' remapped 'res://addons/gut/gui/ShortcutButton.gd' at thread -1
Completed load for: 'res://addons/gut/gui/ShortcutButton.tscn' remapped 'res://addons/gut/gui/ShortcutButton.tscn' at thread -1
Completed load for: 'res://addons/gut/gui/ShortcutDialog.tscn' remapped 'res://addons/gut/gui/ShortcutDialog.tscn' at thread -1
Loading resource: res://addons/gut/gui/ShellOutOptions.tscn remapped: res://addons/gut/gui/ShellOutOptions.tscn
Loading resource: res://addons/gut/gui/ShellOutOptions.gd remapped: res://addons/gut/gui/ShellOutOptions.gd
Completed load for: 'res://addons/gut/gui/ShellOutOptions.gd' remapped 'res://addons/gut/gui/ShellOutOptions.gd' at thread -1
Completed load for: 'res://addons/gut/gui/ShellOutOptions.tscn' remapped 'res://addons/gut/gui/ShellOutOptions.tscn' at thread -1
Completed load for: 'res://addons/gut/gui/GutBottomPanel.tscn' remapped 'res://addons/gut/gui/GutBottomPanel.tscn' at thread -1
Completed load for: 'res://addons/gut/gut_plugin.gd' remapped 'res://addons/gut/gut_plugin.gd' at thread -1
Loading resource: res://addons/meshy-godot-plugin/meshy_plugin.gd remapped: res://addons/meshy-godot-plugin/meshy_plugin.gd
Loading resource: res://addons/meshy-godot-plugin/main_panel.tscn remapped: res://addons/meshy-godot-plugin/main_panel.tscn
Loading resource: res://addons/meshy-godot-plugin/main_scripts.gd remapped: res://addons/meshy-godot-plugin/main_scripts.gd
Completed load for: 'res://addons/meshy-godot-plugin/main_scripts.gd' remapped 'res://addons/meshy-godot-plugin/main_scripts.gd' at thread -1
Completed load for: 'res://addons/meshy-godot-plugin/main_panel.tscn' remapped 'res://addons/meshy-godot-plugin/main_panel.tscn' at thread -1
Loading resource: res://addons/meshy-godot-plugin/Meshy_Icon_36.png remapped: res://addons/meshy-godot-plugin/Meshy_Icon_36.png
Loading resource: res://.godot/imported/Meshy_Icon_36.png-45bf9fe5e79948bd21fa2b9d42bb6f48.ctex remapped: res://.godot/imported/Meshy_Icon_36.png-45bf9fe5e79948bd21fa2b9d42bb6f48.ctex
Completed load for: 'res://addons/meshy-godot-plugin/Meshy_Icon_36.png' remapped 'res://addons/meshy-godot-plugin/Meshy_Icon_36.png' at thread -1
Completed load for: 'res://addons/meshy-godot-plugin/meshy_plugin.gd' remapped 'res://addons/meshy-godot-plugin/meshy_plugin.gd' at thread -1
Loading resource: res://asset/gobtest.glb remapped: res://asset/gobtest.glb
Loading resource: res://.godot/imported/gobtest.glb-557268a99a86d7839a9fc66865cdc048.scn remapped: res://.godot/imported/gobtest.glb-557268a99a86d7839a9fc66865cdc048.scn
Loading resource: res://asset/gobtest_Material_Pbr_baseColor.png remapped: res://asset/gobtest_Material_Pbr_baseColor.png
Loading resource: res://.godot/imported/gobtest_Material_Pbr_baseColor.png-8d3a16ad4218d9f9e9b18aaae81eea1c.s3tc.ctex remapped: res://.godot/imported/gobtest_Material_Pbr_baseColor.png-8d3a16ad4218d9f9e9b18aaae81eea1c.s3tc.ctex
Completed load for: 'res://asset/gobtest_Material_Pbr_baseColor.png' remapped 'res://asset/gobtest_Material_Pbr_baseColor.png' at thread -1
Loading resource: res://asset/gobtest_Material_Pbr_normal.png remapped: res://asset/gobtest_Material_Pbr_normal.png
Loading resource: res://.godot/imported/gobtest_Material_Pbr_normal.png-8a34a636522ed332df26d67d88a96ed2.s3tc.ctex remapped: res://.godot/imported/gobtest_Material_Pbr_normal.png-8a34a636522ed332df26d67d88a96ed2.s3tc.ctex
Completed load for: 'res://asset/gobtest_Material_Pbr_normal.png' remapped 'res://asset/gobtest_Material_Pbr_normal.png' at thread -1
Shader cache miss for SceneForwardClusteredShaderRD/069fad9662d1c110a7284347f6822a7ae0bb9be399f57215e33231e68a6e4692/a108158d1a145ea996cac5b7f02478b69e74c614
Completed load for: 'res://asset/gobtest.glb' remapped 'res://asset/gobtest.glb' at thread -1
Loading resource: res://asset/personnage/alliés/Meshy_AI_Lumensteel_Knight_biped/Meshy_AI_Lumensteel_Knight_biped_Animation_Fall_Dead_from_Abdominal_Injury_withSkin.glb remapped: res://asset/personnage/alliés/Meshy_AI_Lumensteel_Knight_biped/Meshy_AI_Lumensteel_Knight_biped_Animation_Fall_Dead_from_Abdominal_Injury_withSkin.glb
Loading resource: res://.godot/imported/Meshy_AI_Lumensteel_Knight_biped_Animation_Fall_Dead_from_Abdominal_Injury_withSkin.glb-fc3d1dd0031128c73bf262abb16d98e5.scn remapped: res://.godot/imported/Meshy_AI_Lumensteel_Knight_biped_Animation_Fall_Dead_from_Abdominal_Injury_withSkin.glb-fc3d1dd0031128c73bf262abb16d98e5.scn
Shader cache miss for SceneForwardClusteredShaderRD/069fad9662d1c110a7284347f6822a7ae0bb9be399f57215e33231e68a6e4692/9ae935cd107ff04dc4904f4d9a48208144d11fe5
Completed load for: 'res://asset/personnage/alliés/Meshy_AI_Lumensteel_Knight_biped/Meshy_AI_Lumensteel_Knight_biped_Animation_Fall_Dead_from_Abdominal_Injury_withSkin.glb' remapped 'res://asset/personnage/alliés/Meshy_AI_Lumensteel_Knight_biped/Meshy_AI_Lumensteel_Knight_biped_Animation_Fall_Dead_from_Abdominal_Injury_withSkin.glb' at thread -1
Loading resource: res://asset/personnage/alliés/Meshy_AI_Lumensteel_Knight_biped/Meshy_AI_Lumensteel_Knight_biped_Animation_Lower_Weapon_Look_Raise_withSkin.glb remapped: res://asset/personnage/alliés/Meshy_AI_Lumensteel_Knight_biped/Meshy_AI_Lumensteel_Knight_biped_Animation_Lower_Weapon_Look_Raise_withSkin.glb
Loading resource: res://.godot/imported/Meshy_AI_Lumensteel_Knight_biped_Animation_Lower_Weapon_Look_Raise_withSkin.glb-d6626ca71a6963286a2aaad0fff1c37b.scn remapped: res://.godot/imported/Meshy_AI_Lumensteel_Knight_biped_Animation_Lower_Weapon_Look_Raise_withSkin.glb-d6626ca71a6963286a2aaad0fff1c37b.scn
Loading cache for shader SceneForwardClusteredShaderRD, variant 0
Loading cache for shader SceneForwardClusteredShaderRD, variant 1
Loading cache for shader SceneForwardClusteredShaderRD, variant 2
Loading cache for shader SceneForwardClusteredShaderRD, variant 3
Loading cache for shader SceneForwardClusteredShaderRD, variant 4
Loading cache for shader SceneForwardClusteredShaderRD, variant 5
Loading cache for shader SceneForwardClusteredShaderRD, variant 6
Loading cache for shader SceneForwardClusteredShaderRD, variant 7
Completed load for: 'res://asset/personnage/alliés/Meshy_AI_Lumensteel_Knight_biped/Meshy_AI_Lumensteel_Knight_biped_Animation_Lower_Weapon_Look_Raise_withSkin.glb' remapped 'res://asset/personnage/alliés/Meshy_AI_Lumensteel_Knight_biped/Meshy_AI_Lumensteel_Knight_biped_Animation_Lower_Weapon_Look_Raise_withSkin.glb' at thread -1
Loading resource: res://asset/personnage/alliés/Meshy_AI_Lumensteel_Knight_biped/Meshy_AI_Lumensteel_Knight_biped_Animation_Running_withSkin.glb remapped: res://asset/personnage/alliés/Meshy_AI_Lumensteel_Knight_biped/Meshy_AI_Lumensteel_Knight_biped_Animation_Running_withSkin.glb
Loading resource: res://.godot/imported/Meshy_AI_Lumensteel_Knight_biped_Animation_Running_withSkin.glb-e20df5073757638c8bc51eda07131bef.scn remapped: res://.godot/imported/Meshy_AI_Lumensteel_Knight_biped_Animation_Running_withSkin.glb-e20df5073757638c8bc51eda07131bef.scn
Loading cache for shader SceneForwardClusteredShaderRD, variant 0
Loading cache for shader SceneForwardClusteredShaderRD, variant 1
Loading cache for shader SceneForwardClusteredShaderRD, variant 2
Loading cache for shader SceneForwardClusteredShaderRD, variant 3
Loading cache for shader SceneForwardClusteredShaderRD, variant 4
Loading cache for shader SceneForwardClusteredShaderRD, variant 5
Loading cache for shader SceneForwardClusteredShaderRD, variant 6
Loading cache for shader SceneForwardClusteredShaderRD, variant 7
Completed load for: 'res://asset/personnage/alliés/Meshy_AI_Lumensteel_Knight_biped/Meshy_AI_Lumensteel_Knight_biped_Animation_Running_withSkin.glb' remapped 'res://asset/personnage/alliés/Meshy_AI_Lumensteel_Knight_biped/Meshy_AI_Lumensteel_Knight_biped_Animation_Running_withSkin.glb' at thread -1
Loading resource: res://asset/personnage/alliés/Meshy_AI_Lumensteel_Knight_biped/Meshy_AI_Lumensteel_Knight_biped_Animation_Run_02_withSkin.glb remapped: res://asset/personnage/alliés/Meshy_AI_Lumensteel_Knight_biped/Meshy_AI_Lumensteel_Knight_biped_Animation_Run_02_withSkin.glb
Loading resource: res://.godot/imported/Meshy_AI_Lumensteel_Knight_biped_Animation_Run_02_withSkin.glb-621e98a5dd0b6c33fdc6bf524733aa9c.scn remapped: res://.godot/imported/Meshy_AI_Lumensteel_Knight_biped_Animation_Run_02_withSkin.glb-621e98a5dd0b6c33fdc6bf524733aa9c.scn
Loading cache for shader SceneForwardClusteredShaderRD, variant 0
Loading cache for shader SceneForwardClusteredShaderRD, variant 1
Loading cache for shader SceneForwardClusteredShaderRD, variant 2
Loading cache for shader SceneForwardClusteredShaderRD, variant 3
Loading cache for shader SceneForwardClusteredShaderRD, variant 4
Loading cache for shader SceneForwardClusteredShaderRD, variant 5
Loading cache for shader SceneForwardClusteredShaderRD, variant 6
Loading cache for shader SceneForwardClusteredShaderRD, variant 7
Completed load for: 'res://asset/personnage/alliés/Meshy_AI_Lumensteel_Knight_biped/Meshy_AI_Lumensteel_Knight_biped_Animation_Run_02_withSkin.glb' remapped 'res://asset/personnage/alliés/Meshy_AI_Lumensteel_Knight_biped/Meshy_AI_Lumensteel_Knight_biped_Animation_Run_02_withSkin.glb' at thread -1
Loading resource: res://asset/personnage/alliés/Meshy_AI_Lumensteel_Knight_biped/Meshy_AI_Lumensteel_Knight_biped_Animation_Shouting_Angrily_withSkin.glb remapped: res://asset/personnage/alliés/Meshy_AI_Lumensteel_Knight_biped/Meshy_AI_Lumensteel_Knight_biped_Animation_Shouting_Angrily_withSkin.glb
Loading resource: res://.godot/imported/Meshy_AI_Lumensteel_Knight_biped_Animation_Shouting_Angrily_withSkin.glb-d05ed4695051ad5bcd245ea4838c6b65.scn remapped: res://.godot/imported/Meshy_AI_Lumensteel_Knight_biped_Animation_Shouting_Angrily_withSkin.glb-d05ed4695051ad5bcd245ea4838c6b65.scn
Loading cache for shader SceneForwardClusteredShaderRD, variant 0
Loading cache for shader SceneForwardClusteredShaderRD, variant 1
Loading cache for shader SceneForwardClusteredShaderRD, variant 2
Loading cache for shader SceneForwardClusteredShaderRD, variant 3
Loading cache for shader SceneForwardClusteredShaderRD, variant 4
Loading cache for shader SceneForwardClusteredShaderRD, variant 5
Loading cache for shader SceneForwardClusteredShaderRD, variant 6
Loading cache for shader SceneForwardClusteredShaderRD, variant 7
Completed load for: 'res://asset/personnage/alliés/Meshy_AI_Lumensteel_Knight_biped/Meshy_AI_Lumensteel_Knight_biped_Animation_Shouting_Angrily_withSkin.glb' remapped 'res://asset/personnage/alliés/Meshy_AI_Lumensteel_Knight_biped/Meshy_AI_Lumensteel_Knight_biped_Animation_Shouting_Angrily_withSkin.glb' at thread -1
Loading resource: res://asset/personnage/alliés/Meshy_AI_Lumensteel_Knight_biped/Meshy_AI_Lumensteel_Knight_biped_Animation_Skill_01_withSkin.glb remapped: res://asset/personnage/alliés/Meshy_AI_Lumensteel_Knight_biped/Meshy_AI_Lumensteel_Knight_biped_Animation_Skill_01_withSkin.glb
Loading resource: res://.godot/imported/Meshy_AI_Lumensteel_Knight_biped_Animation_Skill_01_withSkin.glb-6627892777fb28b0523dcf4a0f10939e.scn remapped: res://.godot/imported/Meshy_AI_Lumensteel_Knight_biped_Animation_Skill_01_withSkin.glb-6627892777fb28b0523dcf4a0f10939e.scn
Loading cache for shader SceneForwardClusteredShaderRD, variant 0
Loading cache for shader SceneForwardClusteredShaderRD, variant 1
Loading cache for shader SceneForwardClusteredShaderRD, variant 2
Loading cache for shader SceneForwardClusteredShaderRD, variant 3
Loading cache for shader SceneForwardClusteredShaderRD, variant 4
Loading cache for shader SceneForwardClusteredShaderRD, variant 5
Loading cache for shader SceneForwardClusteredShaderRD, variant 6
Loading cache for shader SceneForwardClusteredShaderRD, variant 7
Completed load for: 'res://asset/personnage/alliés/Meshy_AI_Lumensteel_Knight_biped/Meshy_AI_Lumensteel_Knight_biped_Animation_Skill_01_withSkin.glb' remapped 'res://asset/personnage/alliés/Meshy_AI_Lumensteel_Knight_biped/Meshy_AI_Lumensteel_Knight_biped_Animation_Skill_01_withSkin.glb' at thread -1
Loading resource: res://asset/personnage/alliés/Meshy_AI_Lumensteel_Knight_biped/Meshy_AI_Lumensteel_Knight_biped_Animation_Thrust_Slash_withSkin.glb remapped: res://asset/personnage/alliés/Meshy_AI_Lumensteel_Knight_biped/Meshy_AI_Lumensteel_Knight_biped_Animation_Thrust_Slash_withSkin.glb
Loading resource: res://.godot/imported/Meshy_AI_Lumensteel_Knight_biped_Animation_Thrust_Slash_withSkin.glb-bce44d95544a323d88901be3374bd2b9.scn remapped: res://.godot/imported/Meshy_AI_Lumensteel_Knight_biped_Animation_Thrust_Slash_withSkin.glb-bce44d95544a323d88901be3374bd2b9.scn
Loading cache for shader SceneForwardClusteredShaderRD, variant 0
Loading cache for shader SceneForwardClusteredShaderRD, variant 1
Loading cache for shader SceneForwardClusteredShaderRD, variant 2
Loading cache for shader SceneForwardClusteredShaderRD, variant 3
Loading cache for shader SceneForwardClusteredShaderRD, variant 4
Loading cache for shader SceneForwardClusteredShaderRD, variant 5
Loading cache for shader SceneForwardClusteredShaderRD, variant 6
Loading cache for shader SceneForwardClusteredShaderRD, variant 7
Completed load for: 'res://asset/personnage/alliés/Meshy_AI_Lumensteel_Knight_biped/Meshy_AI_Lumensteel_Knight_biped_Animation_Thrust_Slash_withSkin.glb' remapped 'res://asset/personnage/alliés/Meshy_AI_Lumensteel_Knight_biped/Meshy_AI_Lumensteel_Knight_biped_Animation_Thrust_Slash_withSkin.glb' at thread -1
Loading resource: res://asset/personnage/alliés/Meshy_AI_Lumensteel_Knight_biped/Meshy_AI_Lumensteel_Knight_biped_Animation_Walking_withSkin.glb remapped: res://asset/personnage/alliés/Meshy_AI_Lumensteel_Knight_biped/Meshy_AI_Lumensteel_Knight_biped_Animation_Walking_withSkin.glb
Loading resource: res://.godot/imported/Meshy_AI_Lumensteel_Knight_biped_Animation_Walking_withSkin.glb-9a6b5b8aa5b4464e5f279d326b58c018.scn remapped: res://.godot/imported/Meshy_AI_Lumensteel_Knight_biped_Animation_Walking_withSkin.glb-9a6b5b8aa5b4464e5f279d326b58c018.scn
Loading cache for shader SceneForwardClusteredShaderRD, variant 0
Loading cache for shader SceneForwardClusteredShaderRD, variant 1
Loading cache for shader SceneForwardClusteredShaderRD, variant 2
Loading cache for shader SceneForwardClusteredShaderRD, variant 3
Loading cache for shader SceneForwardClusteredShaderRD, variant 4
Loading cache for shader SceneForwardClusteredShaderRD, variant 5
Loading cache for shader SceneForwardClusteredShaderRD, variant 6
Loading cache for shader SceneForwardClusteredShaderRD, variant 7
Completed load for: 'res://asset/personnage/alliés/Meshy_AI_Lumensteel_Knight_biped/Meshy_AI_Lumensteel_Knight_biped_Animation_Walking_withSkin.glb' remapped 'res://asset/personnage/alliés/Meshy_AI_Lumensteel_Knight_biped/Meshy_AI_Lumensteel_Knight_biped_Animation_Walking_withSkin.glb' at thread -1
Loading resource: res://assets/characters/elf/elf_character_v01.glb remapped: res://assets/characters/elf/elf_character_v01.glb
Loading resource: res://.godot/imported/elf_character_v01.glb-b5e8d1cf73176260f54b315a4bbb70e9.scn remapped: res://.godot/imported/elf_character_v01.glb-b5e8d1cf73176260f54b315a4bbb70e9.scn
Loading resource: res://assets/characters/elf/elf_character_v01_texture_0.png remapped: res://assets/characters/elf/elf_character_v01_texture_0.png
Loading resource: res://.godot/imported/elf_character_v01_texture_0.png-e8ce6527c2310297e5ce12a893d9b2f1.s3tc.ctex remapped: res://.godot/imported/elf_character_v01_texture_0.png-e8ce6527c2310297e5ce12a893d9b2f1.s3tc.ctex
Completed load for: 'res://assets/characters/elf/elf_character_v01_texture_0.png' remapped 'res://assets/characters/elf/elf_character_v01_texture_0.png' at thread -1
Shader cache miss for SceneForwardClusteredShaderRD/069fad9662d1c110a7284347f6822a7ae0bb9be399f57215e33231e68a6e4692/3095004172d685c18421882ee21d4bdf9830fe93
Completed load for: 'res://assets/characters/elf/elf_character_v01.glb' remapped 'res://assets/characters/elf/elf_character_v01.glb' at thread -1
Loading resource: res://assets/characters/mage/mage_godot_baseline.glb remapped: res://assets/characters/mage/mage_godot_baseline.glb
Loading resource: res://.godot/imported/mage_godot_baseline.glb-bf70288b033040c16f389b871d4cb84d.scn remapped: res://.godot/imported/mage_godot_baseline.glb-bf70288b033040c16f389b871d4cb84d.scn
Loading resource: res://assets/characters/mage/mage_godot_baseline_texture_0.png remapped: res://assets/characters/mage/mage_godot_baseline_texture_0.png
Loading resource: res://.godot/imported/mage_godot_baseline_texture_0.png-78b513a31161fbd74edc69bb48f083e0.s3tc.ctex remapped: res://.godot/imported/mage_godot_baseline_texture_0.png-78b513a31161fbd74edc69bb48f083e0.s3tc.ctex
Completed load for: 'res://assets/characters/mage/mage_godot_baseline_texture_0.png' remapped 'res://assets/characters/mage/mage_godot_baseline_texture_0.png' at thread -1
Shader cache miss for SceneForwardClusteredShaderRD/069fad9662d1c110a7284347f6822a7ae0bb9be399f57215e33231e68a6e4692/77e28fea868f1d640cf581ded2e966295b75d2d8
Completed load for: 'res://assets/characters/mage/mage_godot_baseline.glb' remapped 'res://assets/characters/mage/mage_godot_baseline.glb' at thread -1
Loading resource: res://imported_models/Armored Knight with T/Armored Knight with T.glb remapped: res://imported_models/Armored Knight with T/Armored Knight with T.glb
Loading resource: res://.godot/imported/Armored Knight with T.glb-7be70d93793fcf0c8e6b512617b52102.scn remapped: res://.godot/imported/Armored Knight with T.glb-7be70d93793fcf0c8e6b512617b52102.scn
Loading resource: res://imported_models/Armored Knight with T/Armored Knight with T_0.jpg remapped: res://imported_models/Armored Knight with T/Armored Knight with T_0.jpg
Loading resource: res://.godot/imported/Armored Knight with T_0.jpg-c1178ad030878cb96777898c9076c981.s3tc.ctex remapped: res://.godot/imported/Armored Knight with T_0.jpg-c1178ad030878cb96777898c9076c981.s3tc.ctex
Completed load for: 'res://imported_models/Armored Knight with T/Armored Knight with T_0.jpg' remapped 'res://imported_models/Armored Knight with T/Armored Knight with T_0.jpg' at thread -1
Loading resource: res://imported_models/Armored Knight with T/Armored Knight with T_1.jpg remapped: res://imported_models/Armored Knight with T/Armored Knight with T_1.jpg
Loading resource: res://.godot/imported/Armored Knight with T_1.jpg-e0e0e39f4230c8ed554120116c4cdb84.s3tc.ctex remapped: res://.godot/imported/Armored Knight with T_1.jpg-e0e0e39f4230c8ed554120116c4cdb84.s3tc.ctex
Completed load for: 'res://imported_models/Armored Knight with T/Armored Knight with T_1.jpg' remapped 'res://imported_models/Armored Knight with T/Armored Knight with T_1.jpg' at thread -1
Loading resource: res://imported_models/Armored Knight with T/Armored Knight with T_3.jpg remapped: res://imported_models/Armored Knight with T/Armored Knight with T_3.jpg
Loading resource: res://.godot/imported/Armored Knight with T_3.jpg-85853413a2fa60cbf99607812156e7ec.s3tc.ctex remapped: res://.godot/imported/Armored Knight with T_3.jpg-85853413a2fa60cbf99607812156e7ec.s3tc.ctex
Completed load for: 'res://imported_models/Armored Knight with T/Armored Knight with T_3.jpg' remapped 'res://imported_models/Armored Knight with T/Armored Knight with T_3.jpg' at thread -1
Loading resource: res://imported_models/Armored Knight with T/Armored Knight with T_2.jpg remapped: res://imported_models/Armored Knight with T/Armored Knight with T_2.jpg
Loading resource: res://.godot/imported/Armored Knight with T_2.jpg-2940a86650c64ed59b6bf9ea7fcd2072.s3tc.ctex remapped: res://.godot/imported/Armored Knight with T_2.jpg-2940a86650c64ed59b6bf9ea7fcd2072.s3tc.ctex
Completed load for: 'res://imported_models/Armored Knight with T/Armored Knight with T_2.jpg' remapped 'res://imported_models/Armored Knight with T/Armored Knight with T_2.jpg' at thread -1
Shader cache miss for SceneForwardClusteredShaderRD/069fad9662d1c110a7284347f6822a7ae0bb9be399f57215e33231e68a6e4692/7755f626fb43ab902063f76f8ca023d95e7bfbe6
Completed load for: 'res://imported_models/Armored Knight with T/Armored Knight with T.glb' remapped 'res://imported_models/Armored Knight with T/Armored Knight with T.glb' at thread -1
Loading resource: res://imported_models/Armored Knight with T_1/Armored Knight with T_1.glb remapped: res://imported_models/Armored Knight with T_1/Armored Knight with T_1.glb
Loading resource: res://.godot/imported/Armored Knight with T_1.glb-566eba79e8d0c970fcc12e1c1e5b66b8.scn remapped: res://.godot/imported/Armored Knight with T_1.glb-566eba79e8d0c970fcc12e1c1e5b66b8.scn
Loading resource: res://imported_models/Armored Knight with T_1/Armored Knight with T_1_0.jpg remapped: res://imported_models/Armored Knight with T_1/Armored Knight with T_1_0.jpg
Loading resource: res://.godot/imported/Armored Knight with T_1_0.jpg-17e6a9ab576b070b530a86d5b68a48c9.s3tc.ctex remapped: res://.godot/imported/Armored Knight with T_1_0.jpg-17e6a9ab576b070b530a86d5b68a48c9.s3tc.ctex
Completed load for: 'res://imported_models/Armored Knight with T_1/Armored Knight with T_1_0.jpg' remapped 'res://imported_models/Armored Knight with T_1/Armored Knight with T_1_0.jpg' at thread -1
Loading resource: res://imported_models/Armored Knight with T_1/Armored Knight with T_1_1.jpg remapped: res://imported_models/Armored Knight with T_1/Armored Knight with T_1_1.jpg
Loading resource: res://.godot/imported/Armored Knight with T_1_1.jpg-1a5d4d5d623a623a59cc39facb3a285c.s3tc.ctex remapped: res://.godot/imported/Armored Knight with T_1_1.jpg-1a5d4d5d623a623a59cc39facb3a285c.s3tc.ctex
Completed load for: 'res://imported_models/Armored Knight with T_1/Armored Knight with T_1_1.jpg' remapped 'res://imported_models/Armored Knight with T_1/Armored Knight with T_1_1.jpg' at thread -1
Loading resource: res://imported_models/Armored Knight with T_1/Armored Knight with T_1_3.jpg remapped: res://imported_models/Armored Knight with T_1/Armored Knight with T_1_3.jpg
Loading resource: res://.godot/imported/Armored Knight with T_1_3.jpg-83906b41ac9209f57422611ead1eb35b.s3tc.ctex remapped: res://.godot/imported/Armored Knight with T_1_3.jpg-83906b41ac9209f57422611ead1eb35b.s3tc.ctex
Completed load for: 'res://imported_models/Armored Knight with T_1/Armored Knight with T_1_3.jpg' remapped 'res://imported_models/Armored Knight with T_1/Armored Knight with T_1_3.jpg' at thread -1
Loading resource: res://imported_models/Armored Knight with T_1/Armored Knight with T_1_2.jpg remapped: res://imported_models/Armored Knight with T_1/Armored Knight with T_1_2.jpg
Loading resource: res://.godot/imported/Armored Knight with T_1_2.jpg-01256cf5e169cb75780fe97767cb498a.s3tc.ctex remapped: res://.godot/imported/Armored Knight with T_1_2.jpg-01256cf5e169cb75780fe97767cb498a.s3tc.ctex
Completed load for: 'res://imported_models/Armored Knight with T_1/Armored Knight with T_1_2.jpg' remapped 'res://imported_models/Armored Knight with T_1/Armored Knight with T_1_2.jpg' at thread -1
Loading cache for shader SceneForwardClusteredShaderRD, variant 0
Loading cache for shader SceneForwardClusteredShaderRD, variant 1
Loading cache for shader SceneForwardClusteredShaderRD, variant 2
Loading cache for shader SceneForwardClusteredShaderRD, variant 3
Loading cache for shader SceneForwardClusteredShaderRD, variant 4
Loading cache for shader SceneForwardClusteredShaderRD, variant 5
Loading cache for shader SceneForwardClusteredShaderRD, variant 6
Loading cache for shader SceneForwardClusteredShaderRD, variant 7
Completed load for: 'res://imported_models/Armored Knight with T_1/Armored Knight with T_1.glb' remapped 'res://imported_models/Armored Knight with T_1/Armored Knight with T_1.glb' at thread -1
Loading resource: res://addons/godot_ai_workbench/commands/workbench_batch_ops.gd remapped: res://addons/godot_ai_workbench/commands/workbench_batch_ops.gd
Loading resource: res://addons/godot_ai_workbench/icon.png remapped: res://addons/godot_ai_workbench/icon.png
Loading resource: res://.godot/imported/icon.png-2b859bfe91efc381f019136b3ad4e3a2.ctex remapped: res://.godot/imported/icon.png-2b859bfe91efc381f019136b3ad4e3a2.ctex
Completed load for: 'res://addons/godot_ai_workbench/commands/workbench_batch_ops.gd' remapped 'res://addons/godot_ai_workbench/commands/workbench_batch_ops.gd' at thread -1
Loading resource: res://addons/godot_ai_workbench/commands/workbench_debug_ops.gd remapped: res://addons/godot_ai_workbench/commands/workbench_debug_ops.gd
Completed load for: 'res://addons/godot_ai_workbench/commands/workbench_debug_ops.gd' remapped 'res://addons/godot_ai_workbench/commands/workbench_debug_ops.gd' at thread -1
Loading resource: res://addons/godot_ai_workbench/commands/workbench_dispatch_hub.gd remapped: res://addons/godot_ai_workbench/commands/workbench_dispatch_hub.gd
Completed load for: 'res://addons/godot_ai_workbench/commands/workbench_dispatch_hub.gd' remapped 'res://addons/godot_ai_workbench/commands/workbench_dispatch_hub.gd' at thread -1
Loading resource: res://addons/godot_ai_workbench/commands/workbench_domain_behavior_ops.gd remapped: res://addons/godot_ai_workbench/commands/workbench_domain_behavior_ops.gd
WARNING: Image format RGB8 not supported by hardware, converting to RGBA8.
   at: _validate_texture_format (servers/rendering/renderer_rd/storage_rd/texture_storage.cpp:2855)
Completed load for: 'res://addons/godot_ai_workbench/icon.png' remapped 'res://addons/godot_ai_workbench/icon.png' at thread -1
Completed load for: 'res://addons/godot_ai_workbench/commands/workbench_domain_behavior_ops.gd' remapped 'res://addons/godot_ai_workbench/commands/workbench_domain_behavior_ops.gd' at thread -1
Loading resource: res://addons/godot_ai_workbench/commands/workbench_domain_ops.gd remapped: res://addons/godot_ai_workbench/commands/workbench_domain_ops.gd
Completed load for: 'res://addons/godot_ai_workbench/commands/workbench_domain_ops.gd' remapped 'res://addons/godot_ai_workbench/commands/workbench_domain_ops.gd' at thread -1
Loading resource: res://addons/godot_ai_workbench/commands/workbench_domain_resource_ops.gd remapped: res://addons/godot_ai_workbench/commands/workbench_domain_resource_ops.gd
Completed load for: 'res://addons/godot_ai_workbench/commands/workbench_domain_resource_ops.gd' remapped 'res://addons/godot_ai_workbench/commands/workbench_domain_resource_ops.gd' at thread -1
Loading resource: res://addons/godot_ai_workbench/commands/workbench_domain_ui_ops.gd remapped: res://addons/godot_ai_workbench/commands/workbench_domain_ui_ops.gd
Completed load for: 'res://addons/godot_ai_workbench/commands/workbench_domain_ui_ops.gd' remapped 'res://addons/godot_ai_workbench/commands/workbench_domain_ui_ops.gd' at thread -1
Loading resource: res://addons/godot_ai_workbench/commands/workbench_domain_utility_ops.gd remapped: res://addons/godot_ai_workbench/commands/workbench_domain_utility_ops.gd
Generated 'res://addons/godot_ai_workbench/icon.png' preview in 179152 usec
Generated 'res://addons/godot_ai_workbench/plugin.cfg' preview in 650 usec
Generated 'res://addons/gut/double_templates/double_data_template.txt' preview in 607 usec
Completed load for: 'res://addons/godot_ai_workbench/commands/workbench_domain_utility_ops.gd' remapped 'res://addons/godot_ai_workbench/commands/workbench_domain_utility_ops.gd' at thread -1
Loading resource: res://addons/godot_ai_workbench/commands/workbench_domain_world_ops.gd remapped: res://addons/godot_ai_workbench/commands/workbench_domain_world_ops.gd
Generated 'res://addons/gut/double_templates/function_template.txt' preview in 429 usec
Generated 'res://addons/gut/double_templates/init_template.txt' preview in 485 usec
Generated 'res://addons/gut/double_templates/script_template.txt' preview in 619 usec
Generated 'res://addons/gut/double_templates/singleton_template.txt' preview in 523 usec
Loading resource: res://addons/gut/fonts/AnonymousPro-Bold.ttf remapped: res://addons/gut/fonts/AnonymousPro-Bold.ttf
Loading resource: res://.godot/imported/AnonymousPro-Bold.ttf-9d8fef4d357af5b52cd60afbe608aa49.fontdata remapped: res://.godot/imported/AnonymousPro-Bold.ttf-9d8fef4d357af5b52cd60afbe608aa49.fontdata
Completed load for: 'res://addons/gut/fonts/AnonymousPro-Bold.ttf' remapped 'res://addons/gut/fonts/AnonymousPro-Bold.ttf' at thread -1
Generated 'res://addons/gut/fonts/AnonymousPro-Bold.ttf' preview in 30471 usec
Completed load for: 'res://addons/godot_ai_workbench/commands/workbench_domain_world_ops.gd' remapped 'res://addons/godot_ai_workbench/commands/workbench_domain_world_ops.gd' at thread -1
Loading resource: res://addons/godot_ai_workbench/commands/workbench_editor_camera_ops.gd remapped: res://addons/godot_ai_workbench/commands/workbench_editor_camera_ops.gd
Loading resource: res://addons/gut/fonts/AnonymousPro-BoldItalic.ttf remapped: res://addons/gut/fonts/AnonymousPro-BoldItalic.ttf
Loading resource: res://.godot/imported/AnonymousPro-BoldItalic.ttf-4274bf704d3d6b9cd32c4f0754d8c83d.fontdata remapped: res://.godot/imported/AnonymousPro-BoldItalic.ttf-4274bf704d3d6b9cd32c4f0754d8c83d.fontdata
Completed load for: 'res://addons/gut/fonts/AnonymousPro-BoldItalic.ttf' remapped 'res://addons/gut/fonts/AnonymousPro-BoldItalic.ttf' at thread -1
Completed load for: 'res://addons/godot_ai_workbench/commands/workbench_editor_camera_ops.gd' remapped 'res://addons/godot_ai_workbench/commands/workbench_editor_camera_ops.gd' at thread -1
Loading resource: res://addons/godot_ai_workbench/commands/workbench_editor_ops.gd remapped: res://addons/godot_ai_workbench/commands/workbench_editor_ops.gd
Generated 'res://addons/gut/fonts/AnonymousPro-BoldItalic.ttf' preview in 40444 usec
Loading resource: res://addons/gut/fonts/AnonymousPro-Italic.ttf remapped: res://addons/gut/fonts/AnonymousPro-Italic.ttf
Loading resource: res://.godot/imported/AnonymousPro-Italic.ttf-9989590b02137b799e13d570de2a42c1.fontdata remapped: res://.godot/imported/AnonymousPro-Italic.ttf-9989590b02137b799e13d570de2a42c1.fontdata
Completed load for: 'res://addons/gut/fonts/AnonymousPro-Italic.ttf' remapped 'res://addons/gut/fonts/AnonymousPro-Italic.ttf' at thread -1
Completed load for: 'res://addons/godot_ai_workbench/commands/workbench_editor_ops.gd' remapped 'res://addons/godot_ai_workbench/commands/workbench_editor_ops.gd' at thread -1
Loading resource: res://addons/godot_ai_workbench/commands/workbench_node_ops.gd remapped: res://addons/godot_ai_workbench/commands/workbench_node_ops.gd
Completed load for: 'res://addons/godot_ai_workbench/commands/workbench_node_ops.gd' remapped 'res://addons/godot_ai_workbench/commands/workbench_node_ops.gd' at thread -1
Loading resource: res://addons/godot_ai_workbench/commands/workbench_resource_ops.gd remapped: res://addons/godot_ai_workbench/commands/workbench_resource_ops.gd
Generated 'res://addons/gut/fonts/AnonymousPro-Italic.ttf' preview in 37681 usec
Generated 'res://addons/gut/fonts/AnonymousPro-Regular.ttf' preview in 27991 usec
Loading resource: res://addons/gut/fonts/CourierPrime-Bold.ttf remapped: res://addons/gut/fonts/CourierPrime-Bold.ttf
Completed load for: 'res://addons/godot_ai_workbench/commands/workbench_resource_ops.gd' remapped 'res://addons/godot_ai_workbench/commands/workbench_resource_ops.gd' at thread -1
Loading resource: res://addons/godot_ai_workbench/commands/workbench_runtime_ops.gd remapped: res://addons/godot_ai_workbench/commands/workbench_runtime_ops.gd
Loading resource: res://.godot/imported/CourierPrime-Bold.ttf-1f003c66d63ebed70964e7756f4fa235.fontdata remapped: res://.godot/imported/CourierPrime-Bold.ttf-1f003c66d63ebed70964e7756f4fa235.fontdata
Completed load for: 'res://addons/gut/fonts/CourierPrime-Bold.ttf' remapped 'res://addons/gut/fonts/CourierPrime-Bold.ttf' at thread -1
Generated 'res://addons/gut/fonts/CourierPrime-Bold.ttf' preview in 38170 usec
Loading resource: res://addons/gut/fonts/CourierPrime-BoldItalic.ttf remapped: res://addons/gut/fonts/CourierPrime-BoldItalic.ttf
Loading resource: res://.godot/imported/CourierPrime-BoldItalic.ttf-65ebcc61dd5e1dfa8f96313da4ad7019.fontdata remapped: res://.godot/imported/CourierPrime-BoldItalic.ttf-65ebcc61dd5e1dfa8f96313da4ad7019.fontdata
Completed load for: 'res://addons/godot_ai_workbench/commands/workbench_runtime_ops.gd' remapped 'res://addons/godot_ai_workbench/commands/workbench_runtime_ops.gd' at thread -1
Loading resource: res://addons/godot_ai_workbench/commands/workbench_scene_edit_ops.gd remapped: res://addons/godot_ai_workbench/commands/workbench_scene_edit_ops.gd
Completed load for: 'res://addons/gut/fonts/CourierPrime-BoldItalic.ttf' remapped 'res://addons/gut/fonts/CourierPrime-BoldItalic.ttf' at thread -1
Completed load for: 'res://addons/godot_ai_workbench/commands/workbench_scene_edit_ops.gd' remapped 'res://addons/godot_ai_workbench/commands/workbench_scene_edit_ops.gd' at thread -1
Loading resource: res://addons/godot_ai_workbench/commands/workbench_scene_ops.gd remapped: res://addons/godot_ai_workbench/commands/workbench_scene_ops.gd
Generated 'res://addons/gut/fonts/CourierPrime-BoldItalic.ttf' preview in 81206 usec
Loading resource: res://addons/gut/fonts/CourierPrime-Italic.ttf remapped: res://addons/gut/fonts/CourierPrime-Italic.ttf
Loading resource: res://.godot/imported/CourierPrime-Italic.ttf-baa9156a73770735a0f72fb20b907112.fontdata remapped: res://.godot/imported/CourierPrime-Italic.ttf-baa9156a73770735a0f72fb20b907112.fontdata
Completed load for: 'res://addons/gut/fonts/CourierPrime-Italic.ttf' remapped 'res://addons/gut/fonts/CourierPrime-Italic.ttf' at thread -1
Completed load for: 'res://addons/godot_ai_workbench/commands/workbench_scene_ops.gd' remapped 'res://addons/godot_ai_workbench/commands/workbench_scene_ops.gd' at thread -1
Loading resource: res://addons/godot_ai_workbench/commands/workbench_script_ops.gd remapped: res://addons/godot_ai_workbench/commands/workbench_script_ops.gd
Completed load for: 'res://addons/godot_ai_workbench/commands/workbench_script_ops.gd' remapped 'res://addons/godot_ai_workbench/commands/workbench_script_ops.gd' at thread -1
Loading resource: res://addons/godot_ai_workbench/commands/workbench_settings_ops.gd remapped: res://addons/godot_ai_workbench/commands/workbench_settings_ops.gd
Generated 'res://addons/gut/fonts/CourierPrime-Italic.ttf' preview in 25991 usec
Generated 'res://addons/gut/fonts/CourierPrime-Regular.ttf' preview in 21908 usec
Loading resource: res://addons/gut/fonts/LobsterTwo-Bold.ttf remapped: res://addons/gut/fonts/LobsterTwo-Bold.ttf
Loading resource: res://.godot/imported/LobsterTwo-Bold.ttf-7c7f734103b58a32491a4788186f3dcb.fontdata remapped: res://.godot/imported/LobsterTwo-Bold.ttf-7c7f734103b58a32491a4788186f3dcb.fontdata
Completed load for: 'res://addons/gut/fonts/LobsterTwo-Bold.ttf' remapped 'res://addons/gut/fonts/LobsterTwo-Bold.ttf' at thread -1
Completed load for: 'res://addons/godot_ai_workbench/commands/workbench_settings_ops.gd' remapped 'res://addons/godot_ai_workbench/commands/workbench_settings_ops.gd' at thread -1
Loading resource: res://addons/godot_ai_workbench/debug/workbench_debug_probe.gd remapped: res://addons/godot_ai_workbench/debug/workbench_debug_probe.gd
Completed load for: 'res://addons/godot_ai_workbench/debug/workbench_debug_probe.gd' remapped 'res://addons/godot_ai_workbench/debug/workbench_debug_probe.gd' at thread -1
Loading resource: res://addons/godot_ai_workbench/panel/workbench_panel.gd remapped: res://addons/godot_ai_workbench/panel/workbench_panel.gd
Generated 'res://addons/gut/fonts/LobsterTwo-Bold.ttf' preview in 27924 usec
Loading resource: res://addons/gut/fonts/LobsterTwo-BoldItalic.ttf remapped: res://addons/gut/fonts/LobsterTwo-BoldItalic.ttf
Loading resource: res://.godot/imported/LobsterTwo-BoldItalic.ttf-227406a33e84448e6aa974176016de19.fontdata remapped: res://.godot/imported/LobsterTwo-BoldItalic.ttf-227406a33e84448e6aa974176016de19.fontdata
Completed load for: 'res://addons/gut/fonts/LobsterTwo-BoldItalic.ttf' remapped 'res://addons/gut/fonts/LobsterTwo-BoldItalic.ttf' at thread -1
Generated 'res://addons/gut/fonts/LobsterTwo-BoldItalic.ttf' preview in 25452 usec
Loading resource: res://addons/gut/fonts/LobsterTwo-Italic.ttf remapped: res://addons/gut/fonts/LobsterTwo-Italic.ttf
Loading resource: res://.godot/imported/LobsterTwo-Italic.ttf-f93abf6c25390c85ad5fb6c4ee75159e.fontdata remapped: res://.godot/imported/LobsterTwo-Italic.ttf-f93abf6c25390c85ad5fb6c4ee75159e.fontdata
Completed load for: 'res://addons/gut/fonts/LobsterTwo-Italic.ttf' remapped 'res://addons/gut/fonts/LobsterTwo-Italic.ttf' at thread -1
Completed load for: 'res://addons/godot_ai_workbench/panel/workbench_panel.gd' remapped 'res://addons/godot_ai_workbench/panel/workbench_panel.gd' at thread -1
Loading resource: res://addons/godot_ai_workbench/runtime/workbench_runtime_probe.gd remapped: res://addons/godot_ai_workbench/runtime/workbench_runtime_probe.gd
Generated 'res://addons/gut/fonts/LobsterTwo-Italic.ttf' preview in 25513 usec
Loading resource: res://addons/gut/fonts/LobsterTwo-Regular.ttf remapped: res://addons/gut/fonts/LobsterTwo-Regular.ttf
Loading resource: res://.godot/imported/LobsterTwo-Regular.ttf-f3fcfa01cd671c8da433dd875d0fe04b.fontdata remapped: res://.godot/imported/LobsterTwo-Regular.ttf-f3fcfa01cd671c8da433dd875d0fe04b.fontdata
Completed load for: 'res://addons/gut/fonts/LobsterTwo-Regular.ttf' remapped 'res://addons/gut/fonts/LobsterTwo-Regular.ttf' at thread -1
Generated 'res://addons/gut/fonts/LobsterTwo-Regular.ttf' preview in 27490 usec
Generated 'res://addons/gut/fonts/OFL.txt' preview in 416 usec
Generated 'res://addons/gut/gui/about.tscn' preview in 40 usec
Generated 'res://addons/gut/gui/arrow.png' preview in 23117 usec
Generated 'res://addons/gut/gui/check_for_update.tscn' preview in 45 usec
Generated 'res://addons/gut/gui/EditorRadioButton.tres' preview in 276 usec
Generated 'res://addons/gut/gui/GutBottomPanel.tscn' preview in 38 usec
Generated 'res://addons/gut/gui/GutControl.tscn' preview in 31 usec
Generated 'res://addons/gut/gui/GutLogo.tscn' preview in 27 usec
Generated 'res://addons/gut/gui/GutRunner.tscn' preview in 34 usec
Generated 'res://addons/gut/gui/GutSceneTheme.tres' preview in 275 usec
Completed load for: 'res://addons/godot_ai_workbench/runtime/workbench_runtime_probe.gd' remapped 'res://addons/godot_ai_workbench/runtime/workbench_runtime_probe.gd' at thread -1
Loading resource: res://addons/godot_ai_workbench/services/workbench_output_probe.gd remapped: res://addons/godot_ai_workbench/services/workbench_output_probe.gd
Generated 'res://addons/gut/gui/MinGui.tscn' preview in 72 usec
Generated 'res://addons/gut/gui/NormalGui.tscn' preview in 57 usec
Generated 'res://addons/gut/gui/OutputText.tscn' preview in 41 usec
Generated 'res://addons/gut/gui/play.png' preview in 26143 usec
Generated 'res://addons/gut/gui/ResizeHandle.tscn' preview in 63 usec
Generated 'res://addons/gut/gui/ResultsTree.tscn' preview in 47 usec
Generated 'res://addons/gut/gui/RunAtCursor.tscn' preview in 53 usec
Generated 'res://addons/gut/gui/RunExternally.tscn' preview in 49 usec
Generated 'res://addons/gut/gui/RunResults.tscn' preview in 54 usec
Generated 'res://addons/gut/gui/run_from_editor.tscn' preview in 57 usec
Generated 'res://addons/gut/gui/Settings.tscn' preview in 50 usec
Generated 'res://addons/gut/gui/ShellOutOptions.tscn' preview in 63 usec
Generated 'res://addons/gut/gui/ShortcutButton.tscn' preview in 40 usec
Generated 'res://addons/gut/gui/ShortcutDialog.tscn' preview in 49 usec
Generated 'res://addons/gut/gui/update_required.tscn' preview in 57 usec
Loading resource: res://addons/gut/images/eyey.png remapped: res://addons/gut/images/eyey.png
Loading resource: res://.godot/imported/eyey.png-e0a721ab6b749f5d493d61e9f27f0654.ctex remapped: res://.godot/imported/eyey.png-e0a721ab6b749f5d493d61e9f27f0654.ctex
Completed load for: 'res://addons/godot_ai_workbench/services/workbench_output_probe.gd' remapped 'res://addons/godot_ai_workbench/services/workbench_output_probe.gd' at thread -1
Loading resource: res://addons/godot_ai_workbench/services/workbench_script_resource.gd remapped: res://addons/godot_ai_workbench/services/workbench_script_resource.gd
Completed load for: 'res://addons/gut/images/eyey.png' remapped 'res://addons/gut/images/eyey.png' at thread -1
Completed load for: 'res://addons/godot_ai_workbench/services/workbench_script_resource.gd' remapped 'res://addons/godot_ai_workbench/services/workbench_script_resource.gd' at thread -1
Loading resource: res://addons/godot_ai_workbench/services/workbench_variant_codec.gd remapped: res://addons/godot_ai_workbench/services/workbench_variant_codec.gd
Generated 'res://addons/gut/images/eyey.png' preview in 20211 usec
Loading resource: res://addons/gut/images/Folder.svg remapped: res://addons/gut/images/Folder.svg
Loading resource: res://.godot/imported/Folder.svg-caa50e6a0be9d456fd81991dfb537916.ctex remapped: res://.godot/imported/Folder.svg-caa50e6a0be9d456fd81991dfb537916.ctex
Completed load for: 'res://addons/gut/images/Folder.svg' remapped 'res://addons/gut/images/Folder.svg' at thread -1
Completed load for: 'res://addons/godot_ai_workbench/services/workbench_variant_codec.gd' remapped 'res://addons/godot_ai_workbench/services/workbench_variant_codec.gd' at thread -1
Loading resource: res://addons/godot_ai_workbench/transport/workbench_bridge_client.gd remapped: res://addons/godot_ai_workbench/transport/workbench_bridge_client.gd
Completed load for: 'res://addons/godot_ai_workbench/transport/workbench_bridge_client.gd' remapped 'res://addons/godot_ai_workbench/transport/workbench_bridge_client.gd' at thread -1
Loading resource: res://addons/godot_ai_workbench/plugin.gd remapped: res://addons/godot_ai_workbench/plugin.gd
Completed load for: 'res://addons/godot_ai_workbench/plugin.gd' remapped 'res://addons/godot_ai_workbench/plugin.gd' at thread -1
Loading resource: res://addons/gut/cli/change_project_warnings.gd remapped: res://addons/gut/cli/change_project_warnings.gd
Completed load for: 'res://addons/gut/cli/change_project_warnings.gd' remapped 'res://addons/gut/cli/change_project_warnings.gd' at thread -1
Loading resource: res://addons/gut/cli/gut_cli.gd remapped: res://addons/gut/cli/gut_cli.gd
Generated 'res://addons/gut/images/Folder.svg' preview in 26819 usec
Loading resource: res://addons/gut/images/green.png remapped: res://addons/gut/images/green.png
Loading resource: res://.godot/imported/green.png-e3a17091688e10a7013279b38edc7f8a.ctex remapped: res://.godot/imported/green.png-e3a17091688e10a7013279b38edc7f8a.ctex
Completed load for: 'res://addons/gut/images/green.png' remapped 'res://addons/gut/images/green.png' at thread -1
Completed load for: 'res://addons/gut/cli/gut_cli.gd' remapped 'res://addons/gut/cli/gut_cli.gd' at thread -1
Loading resource: res://addons/gut/cli/optparse.gd remapped: res://addons/gut/cli/optparse.gd
Generated 'res://addons/gut/images/green.png' preview in 25148 usec
Loading resource: res://addons/gut/images/GutIconV2_base.png remapped: res://addons/gut/images/GutIconV2_base.png
Loading resource: res://.godot/imported/GutIconV2_base.png-7038b445a6dfa6ba4cec1a42fa81abae.ctex remapped: res://.godot/imported/GutIconV2_base.png-7038b445a6dfa6ba4cec1a42fa81abae.ctex
Completed load for: 'res://addons/gut/cli/optparse.gd' remapped 'res://addons/gut/cli/optparse.gd' at thread -1
Loading resource: res://addons/gut/gui/about.gd remapped: res://addons/gut/gui/about.gd
Completed load for: 'res://addons/gut/images/GutIconV2_base.png' remapped 'res://addons/gut/images/GutIconV2_base.png' at thread -1
Completed load for: 'res://addons/gut/gui/about.gd' remapped 'res://addons/gut/gui/about.gd' at thread -1
Loading resource: res://addons/gut/gui/check_for_update.gd remapped: res://addons/gut/gui/check_for_update.gd
Completed load for: 'res://addons/gut/gui/check_for_update.gd' remapped 'res://addons/gut/gui/check_for_update.gd' at thread -1
Loading resource: res://addons/gut/gui/GutControl.gd remapped: res://addons/gut/gui/GutControl.gd
Completed load for: 'res://addons/gut/gui/GutControl.gd' remapped 'res://addons/gut/gui/GutControl.gd' at thread -1
Loading resource: res://addons/gut/gui/GutRunner.gd remapped: res://addons/gut/gui/GutRunner.gd
Generated 'res://addons/gut/images/GutIconV2_base.png' preview in 43671 usec
Loading resource: res://addons/gut/images/GutIconV2_no_shine.png remapped: res://addons/gut/images/GutIconV2_no_shine.png
Loading resource: res://.godot/imported/GutIconV2_no_shine.png-340880100fb7bae1a2e0530330841e58.ctex remapped: res://.godot/imported/GutIconV2_no_shine.png-340880100fb7bae1a2e0530330841e58.ctex
Completed load for: 'res://addons/gut/images/GutIconV2_no_shine.png' remapped 'res://addons/gut/images/GutIconV2_no_shine.png' at thread -1
Completed load for: 'res://addons/gut/gui/GutRunner.gd' remapped 'res://addons/gut/gui/GutRunner.gd' at thread -1
Loading resource: res://addons/gut/gui/gut_config_gui.gd remapped: res://addons/gut/gui/gut_config_gui.gd
Generated 'res://addons/gut/images/GutIconV2_no_shine.png' preview in 25636 usec
Completed load for: 'res://addons/gut/gui/gut_config_gui.gd' remapped 'res://addons/gut/gui/gut_config_gui.gd' at thread -1
Loading resource: res://addons/gut/gui/gut_dock.gd remapped: res://addons/gut/gui/gut_dock.gd
Completed load for: 'res://addons/gut/gui/gut_dock.gd' remapped 'res://addons/gut/gui/gut_dock.gd' at thread -1
Loading resource: res://addons/gut/gui/gut_logo.gd remapped: res://addons/gut/gui/gut_logo.gd
Completed load for: 'res://addons/gut/gui/gut_logo.gd' remapped 'res://addons/gut/gui/gut_logo.gd' at thread -1
Loading resource: res://addons/gut/gui/option_maker.gd remapped: res://addons/gut/gui/option_maker.gd
Generated 'res://addons/gut/images/HSplitContainer.svg' preview in 12226 usec
Loading resource: res://addons/gut/images/red.png remapped: res://addons/gut/images/red.png
Loading resource: res://.godot/imported/red.png-47a557c3922e800f76686bc1a4ad0c3c.ctex remapped: res://.godot/imported/red.png-47a557c3922e800f76686bc1a4ad0c3c.ctex
Completed load for: 'res://addons/gut/images/red.png' remapped 'res://addons/gut/images/red.png' at thread -1
Completed load for: 'res://addons/gut/gui/option_maker.gd' remapped 'res://addons/gut/gui/option_maker.gd' at thread -1
Loading resource: res://addons/gut/gui/panel_controls.gd remapped: res://addons/gut/gui/panel_controls.gd
Completed load for: 'res://addons/gut/gui/panel_controls.gd' remapped 'res://addons/gut/gui/panel_controls.gd' at thread -1
Loading resource: res://addons/gut/gui/run_from_editor.gd remapped: res://addons/gut/gui/run_from_editor.gd
Completed load for: 'res://addons/gut/gui/run_from_editor.gd' remapped 'res://addons/gut/gui/run_from_editor.gd' at thread -1
Loading resource: res://addons/gut/gui/update_required.gd remapped: res://addons/gut/gui/update_required.gd
Completed load for: 'res://addons/gut/gui/update_required.gd' remapped 'res://addons/gut/gui/update_required.gd' at thread -1
Loading resource: res://addons/gut/autofree.gd remapped: res://addons/gut/autofree.gd
Generated 'res://addons/gut/images/red.png' preview in 24950 usec
Loading resource: res://addons/gut/images/Script.svg remapped: res://addons/gut/images/Script.svg
Loading resource: res://.godot/imported/Script.svg-34c66aae9c985e3e0470426acbbcda04.ctex remapped: res://.godot/imported/Script.svg-34c66aae9c985e3e0470426acbbcda04.ctex
Completed load for: 'res://addons/gut/images/Script.svg' remapped 'res://addons/gut/images/Script.svg' at thread -1
Completed load for: 'res://addons/gut/autofree.gd' remapped 'res://addons/gut/autofree.gd' at thread -1
Loading resource: res://addons/gut/awaiter.gd remapped: res://addons/gut/awaiter.gd
Completed load for: 'res://addons/gut/awaiter.gd' remapped 'res://addons/gut/awaiter.gd' at thread -1
Loading resource: res://addons/gut/collected_script.gd remapped: res://addons/gut/collected_script.gd
Generated 'res://addons/gut/images/Script.svg' preview in 17954 usec
Completed load for: 'res://addons/gut/collected_script.gd' remapped 'res://addons/gut/collected_script.gd' at thread -1
Loading resource: res://addons/gut/collected_test.gd remapped: res://addons/gut/collected_test.gd
Completed load for: 'res://addons/gut/collected_test.gd' remapped 'res://addons/gut/collected_test.gd' at thread -1
Loading resource: res://addons/gut/comparator.gd remapped: res://addons/gut/comparator.gd
Generated 'res://addons/gut/images/VSplitContainer.svg' preview in 20156 usec
Loading resource: res://addons/gut/images/yellow.png remapped: res://addons/gut/images/yellow.png
Loading resource: res://.godot/imported/yellow.png-b3cf3d463958a169d909273d3d742052.ctex remapped: res://.godot/imported/yellow.png-b3cf3d463958a169d909273d3d742052.ctex
Completed load for: 'res://addons/gut/images/yellow.png' remapped 'res://addons/gut/images/yellow.png' at thread -1
Completed load for: 'res://addons/gut/comparator.gd' remapped 'res://addons/gut/comparator.gd' at thread -1
Loading resource: res://addons/gut/compare_result.gd remapped: res://addons/gut/compare_result.gd
Completed load for: 'res://addons/gut/compare_result.gd' remapped 'res://addons/gut/compare_result.gd' at thread -1
Loading resource: res://addons/gut/diff_formatter.gd remapped: res://addons/gut/diff_formatter.gd
Generated 'res://addons/gut/images/yellow.png' preview in 27853 usec
Completed load for: 'res://addons/gut/diff_formatter.gd' remapped 'res://addons/gut/diff_formatter.gd' at thread -1
Loading resource: res://addons/gut/diff_tool.gd remapped: res://addons/gut/diff_tool.gd
Generated 'res://addons/gut/GutScene.tscn' preview in 51 usec
Completed load for: 'res://addons/gut/diff_tool.gd' remapped 'res://addons/gut/diff_tool.gd' at thread -1
Loading resource: res://addons/gut/doubler.gd remapped: res://addons/gut/doubler.gd
Generated 'res://addons/gut/gut_loader_the_scene.tscn' preview in 49 usec
Completed load for: 'res://addons/gut/doubler.gd' remapped 'res://addons/gut/doubler.gd' at thread -1
Loading resource: res://addons/gut/double_tools.gd remapped: res://addons/gut/double_tools.gd
Generated 'res://addons/gut/icon.png' preview in 22684 usec
Completed load for: 'res://addons/gut/double_tools.gd' remapped 'res://addons/gut/double_tools.gd' at thread -1
Loading resource: res://addons/gut/editor_caret_context_notifier.gd remapped: res://addons/gut/editor_caret_context_notifier.gd
Generated 'res://addons/gut/LICENSE.md' preview in 398 usec
Generated 'res://addons/gut/plugin.cfg' preview in 598 usec
Completed load for: 'res://addons/gut/editor_caret_context_notifier.gd' remapped 'res://addons/gut/editor_caret_context_notifier.gd' at thread -1
Loading resource: res://addons/gut/get_editor_interface.gd remapped: res://addons/gut/get_editor_interface.gd
Completed load for: 'res://addons/gut/get_editor_interface.gd' remapped 'res://addons/gut/get_editor_interface.gd' at thread -1
Loading resource: res://addons/gut/godot_singletons.gd remapped: res://addons/gut/godot_singletons.gd
Completed load for: 'res://addons/gut/godot_singletons.gd' remapped 'res://addons/gut/godot_singletons.gd' at thread -1
Loading resource: res://addons/gut/gut.gd remapped: res://addons/gut/gut.gd
Loading resource: res://addons/gut/source_code_pro.fnt remapped: res://addons/gut/source_code_pro.fnt
Loading resource: res://.godot/imported/source_code_pro.fnt-042fb383b3c7b4c19e67c852f7fbefca.fontdata remapped: res://.godot/imported/source_code_pro.fnt-042fb383b3c7b4c19e67c852f7fbefca.fontdata
Completed load for: 'res://addons/gut/source_code_pro.fnt' remapped 'res://addons/gut/source_code_pro.fnt' at thread -1
Generated 'res://addons/gut/source_code_pro.fnt' preview in 24867 usec
Generated 'res://addons/gut/UserFileViewer.tscn' preview in 43 usec
Generated 'res://addons/gut/versions.json' preview in 414 usec
Generated 'res://addons/meshy-godot-plugin/main_panel.tscn' preview in 47 usec
Completed load for: 'res://addons/gut/gut.gd' remapped 'res://addons/gut/gut.gd' at thread -1
Loading resource: res://addons/gut/gut_cmdln.gd remapped: res://addons/gut/gut_cmdln.gd
Completed load for: 'res://addons/gut/gut_cmdln.gd' remapped 'res://addons/gut/gut_cmdln.gd' at thread -1
Loading resource: res://addons/gut/gut_config.gd remapped: res://addons/gut/gut_config.gd
Generated 'res://addons/meshy-godot-plugin/Meshy_Icon_36.png' preview in 23326 usec
Completed load for: 'res://addons/gut/gut_config.gd' remapped 'res://addons/gut/gut_config.gd' at thread -1
Loading resource: res://addons/gut/gut_constants.gd remapped: res://addons/gut/gut_constants.gd
Generated 'res://addons/meshy-godot-plugin/plugin.cfg' preview in 388 usec
Generated 'res://addons/meshy-godot-plugin/README.md' preview in 334 usec
Loading resource: res://artifacts/hud_clean_v1/captures/hud_clean_1280x720.png remapped: res://artifacts/hud_clean_v1/captures/hud_clean_1280x720.png
Loading resource: res://.godot/imported/hud_clean_1280x720.png-ba2f5604dc899dadb55c17c2b9372116.ctex remapped: res://.godot/imported/hud_clean_1280x720.png-ba2f5604dc899dadb55c17c2b9372116.ctex
Completed load for: 'res://addons/gut/gut_constants.gd' remapped 'res://addons/gut/gut_constants.gd' at thread -1
Loading resource: res://addons/gut/gut_loader.gd remapped: res://addons/gut/gut_loader.gd
Completed load for: 'res://artifacts/hud_clean_v1/captures/hud_clean_1280x720.png' remapped 'res://artifacts/hud_clean_v1/captures/hud_clean_1280x720.png' at thread -1
Completed load for: 'res://addons/gut/gut_loader.gd' remapped 'res://addons/gut/gut_loader.gd' at thread -1
Loading resource: res://addons/gut/gut_menu.gd remapped: res://addons/gut/gut_menu.gd
Completed load for: 'res://addons/gut/gut_menu.gd' remapped 'res://addons/gut/gut_menu.gd' at thread -1
Loading resource: res://addons/gut/gut_vscode_debugger.gd remapped: res://addons/gut/gut_vscode_debugger.gd
Completed load for: 'res://addons/gut/gut_vscode_debugger.gd' remapped 'res://addons/gut/gut_vscode_debugger.gd' at thread -1
Loading resource: res://addons/gut/input_factory.gd remapped: res://addons/gut/input_factory.gd
Completed load for: 'res://addons/gut/input_factory.gd' remapped 'res://addons/gut/input_factory.gd' at thread -1
Loading resource: res://addons/gut/input_sender.gd remapped: res://addons/gut/input_sender.gd
Generated 'res://artifacts/hud_clean_v1/captures/hud_clean_1280x720.png' preview in 34939 usec
Loading resource: res://artifacts/hud_clean_v1/captures/hud_clean_1920x1080.png remapped: res://artifacts/hud_clean_v1/captures/hud_clean_1920x1080.png
Completed load for: 'res://addons/gut/input_sender.gd' remapped 'res://addons/gut/input_sender.gd' at thread -1
Loading resource: res://addons/gut/junit_xml_export.gd remapped: res://addons/gut/junit_xml_export.gd
Loading resource: res://.godot/imported/hud_clean_1920x1080.png-7f81b4533e57d0b608802276095a652e.ctex remapped: res://.godot/imported/hud_clean_1920x1080.png-7f81b4533e57d0b608802276095a652e.ctex
Unloading addon: res://addons/gut/plugin.cfg
Completed load for: 'res://addons/gut/junit_xml_export.gd' remapped 'res://addons/gut/junit_xml_export.gd' at thread -1
Completed load for: 'res://artifacts/hud_clean_v1/captures/hud_clean_1920x1080.png' remapped 'res://artifacts/hud_clean_v1/captures/hud_clean_1920x1080.png' at thread -1
Unloading addon: res://addons/meshy-godot-plugin/plugin.cfg
Loading resource: res://addons/gut/logger.gd remapped: res://addons/gut/logger.gd
Completed load for: 'res://addons/gut/logger.gd' remapped 'res://addons/gut/logger.gd' at thread -1
Loading resource: res://addons/gut/method_maker.gd remapped: res://addons/gut/method_maker.gd
Generated 'res://artifacts/hud_clean_v1/captures/hud_clean_1920x1080.png' preview in 87596 usec
Loading resource: res://artifacts/hud_clean_v1/captures/hud_clean_1920x1080_blurred_reduced.png remapped: res://artifacts/hud_clean_v1/captures/hud_clean_1920x1080_blurred_reduced.png
Loading resource: res://.godot/imported/hud_clean_1920x1080_blurred_reduced.png-31a50fdccf3b58188f33bf07b6b8e8c4.ctex remapped: res://.godot/imported/hud_clean_1920x1080_blurred_reduced.png-31a50fdccf3b58188f33bf07b6b8e8c4.ctex
WARNING: Image format RGB8 not supported by hardware, converting to RGBA8.
   at: _validate_texture_format (servers/rendering/renderer_rd/storage_rd/texture_storage.cpp:2855)
Completed load for: 'res://artifacts/hud_clean_v1/captures/hud_clean_1920x1080_blurred_reduced.png' remapped 'res://artifacts/hud_clean_v1/captures/hud_clean_1920x1080_blurred_reduced.png' at thread -1
Completed load for: 'res://addons/gut/method_maker.gd' remapped 'res://addons/gut/method_maker.gd' at thread -1
Loading resource: res://addons/gut/one_to_many.gd remapped: res://addons/gut/one_to_many.gd
Completed load for: 'res://addons/gut/one_to_many.gd' remapped 'res://addons/gut/one_to_many.gd' at thread -1
Loading resource: res://addons/gut/orphan_counter.gd remapped: res://addons/gut/orphan_counter.gd
Generated 'res://artifacts/hud_clean_v1/captures/hud_clean_1920x1080_blurred_reduced.png' preview in 15100 usec
Loading resource: res://artifacts/hud_clean_v1/captures/hud_clean_1920x1080_grayscale.png remapped: res://artifacts/hud_clean_v1/captures/hud_clean_1920x1080_grayscale.png
Loading resource: res://.godot/imported/hud_clean_1920x1080_grayscale.png-42f7f3995c7f10817d486ce39a915f5a.ctex remapped: res://.godot/imported/hud_clean_1920x1080_grayscale.png-42f7f3995c7f10817d486ce39a915f5a.ctex
WARNING: Image format RGB8 not supported by hardware, converting to RGBA8.
   at: _validate_texture_format (servers/rendering/renderer_rd/storage_rd/texture_storage.cpp:2855)
Completed load for: 'res://artifacts/hud_clean_v1/captures/hud_clean_1920x1080_grayscale.png' remapped 'res://artifacts/hud_clean_v1/captures/hud_clean_1920x1080_grayscale.png' at thread -1
Completed load for: 'res://addons/gut/orphan_counter.gd' remapped 'res://addons/gut/orphan_counter.gd' at thread -1
Loading resource: res://addons/gut/parameter_factory.gd remapped: res://addons/gut/parameter_factory.gd
Completed load for: 'res://addons/gut/parameter_factory.gd' remapped 'res://addons/gut/parameter_factory.gd' at thread -1
Loading resource: res://addons/gut/parameter_handler.gd remapped: res://addons/gut/parameter_handler.gd
Completed load for: 'res://addons/gut/parameter_handler.gd' remapped 'res://addons/gut/parameter_handler.gd' at thread -1
Loading resource: res://addons/gut/printers.gd remapped: res://addons/gut/printers.gd
Generated 'res://artifacts/hud_clean_v1/captures/hud_clean_1920x1080_grayscale.png' preview in 26661 usec
Completed load for: 'res://addons/gut/printers.gd' remapped 'res://addons/gut/printers.gd' at thread -1
Loading resource: res://addons/gut/result_exporter.gd remapped: res://addons/gut/result_exporter.gd
Loading resource: res://artifacts/hud_clean_v1/captures/hud_clean_2560x1440.png remapped: res://artifacts/hud_clean_v1/captures/hud_clean_2560x1440.png
Loading resource: res://.godot/imported/hud_clean_2560x1440.png-c8ebfa5b0bbdb0d4c43562031f3599c7.ctex remapped: res://.godot/imported/hud_clean_2560x1440.png-c8ebfa5b0bbdb0d4c43562031f3599c7.ctex
Completed load for: 'res://addons/gut/result_exporter.gd' remapped 'res://addons/gut/result_exporter.gd' at thread -1
Loading resource: res://addons/gut/script_parser.gd remapped: res://addons/gut/script_parser.gd
Completed load for: 'res://artifacts/hud_clean_v1/captures/hud_clean_2560x1440.png' remapped 'res://artifacts/hud_clean_v1/captures/hud_clean_2560x1440.png' at thread -1
Completed load for: 'res://addons/gut/script_parser.gd' remapped 'res://addons/gut/script_parser.gd' at thread -1
Loading resource: res://addons/gut/signal_watcher.gd remapped: res://addons/gut/signal_watcher.gd
Generated 'res://artifacts/hud_clean_v1/captures/hud_clean_2560x1440.png' preview in 36468 usec
Completed load for: 'res://addons/gut/signal_watcher.gd' remapped 'res://addons/gut/signal_watcher.gd' at thread -1
Loading resource: res://addons/gut/singleton_parser.gd remapped: res://addons/gut/singleton_parser.gd
Loading resource: res://artifacts/hud_clean_v1/captures/hud_low_health.png remapped: res://artifacts/hud_clean_v1/captures/hud_low_health.png
Loading resource: res://.godot/imported/hud_low_health.png-395cd6c84bb4b356baf55296968866cc.ctex remapped: res://.godot/imported/hud_low_health.png-395cd6c84bb4b356baf55296968866cc.ctex
Completed load for: 'res://addons/gut/singleton_parser.gd' remapped 'res://addons/gut/singleton_parser.gd' at thread -1
Completed load for: 'res://artifacts/hud_clean_v1/captures/hud_low_health.png' remapped 'res://artifacts/hud_clean_v1/captures/hud_low_health.png' at thread -1
Accessibility: window 1 adapter deactivation completed.
Loading resource: res://addons/gut/spy.gd remapped: res://addons/gut/spy.gd
Completed load for: 'res://addons/gut/spy.gd' remapped 'res://addons/gut/spy.gd' at thread -1
Loading resource: res://addons/gut/stubber.gd remapped: res://addons/gut/stubber.gd
Completed load for: 'res://addons/gut/stubber.gd' remapped 'res://addons/gut/stubber.gd' at thread -1
Loading resource: res://addons/gut/stubs.gd remapped: res://addons/gut/stubs.gd
Completed load for: 'res://addons/gut/stubs.gd' remapped 'res://addons/gut/stubs.gd' at thread -1
Loading resource: res://addons/gut/stub_params.gd remapped: res://addons/gut/stub_params.gd
Completed load for: 'res://addons/gut/stub_params.gd' remapped 'res://addons/gut/stub_params.gd' at thread -1
Loading resource: res://addons/gut/summary.gd remapped: res://addons/gut/summary.gd
Accessibility: window 1 adapter destroyed.
Completed load for: 'res://addons/gut/summary.gd' remapped 'res://addons/gut/summary.gd' at thread -1
Loading resource: res://addons/gut/test.gd remapped: res://addons/gut/test.gd
Generated 'res://artifacts/hud_clean_v1/captures/hud_low_health.png' preview in 123252 usec
Script docs haven't been properly loaded or regenerated, so don't save them to disk.
Completed load for: 'res://addons/gut/test.gd' remapped 'res://addons/gut/test.gd' at thread -1
EditorSettings: Save OK!
