Godot Engine v4.7.1.stable.official.a13da4feb - https://godotengine.org

DebugOverlay _ready appelé
Panel : Panel:<Panel#61991814750>
---  GUT  ---
[INFO]:  using [C:/Users/paolo/AppData/Roaming/Godot/app_userdata/Dungeon Draft v2] for temporary output.
Godot version:  4.7.1
GUT version:  9.7.1
SCRIPT ERROR: Parse Error: Cannot infer the type of "path" variable because the value doesn't have a set type.
   at: GDScript::reload (res://test/unit/test_dark_pause_menu.gd:54)
   GDScript backtrace (most recent call first):
       [0] load_script_using_custom_warnings (res://addons/gut/warnings_manager.gd:173)
       [1] _parse_script (res://addons/gut/test_collector.gd:76)
       [2] add_script (res://addons/gut/test_collector.gd:128)
       [3] add_script (res://addons/gut/gut.gd:1070)
       [4] add_directory (res://addons/gut/gut.gd:1093)
       [5] _apply_options (res://addons/gut/gut_config.gd:136)
       [6] apply_options (res://addons/gut/gut_config.gd:207)
       [7] run_tests (res://addons/gut/gui/GutRunner.gd:192)
       [8] _run_tests (res://addons/gut/cli/gut_cli.gd:239)
       [9] main (res://addons/gut/cli/gut_cli.gd:297)
       [10] _init (res://addons/gut/gut_cmdln.gd:39)
SCRIPT ERROR: Parse Error: Cannot infer the type of "path" variable because the value doesn't have a set type.
   at: GDScript::reload (res://test/unit/test_dark_pause_menu.gd:62)
   GDScript backtrace (most recent call first):
       [0] load_script_using_custom_warnings (res://addons/gut/warnings_manager.gd:173)
       [1] _parse_script (res://addons/gut/test_collector.gd:76)
       [2] add_script (res://addons/gut/test_collector.gd:128)
       [3] add_script (res://addons/gut/gut.gd:1070)
       [4] add_directory (res://addons/gut/gut.gd:1093)
       [5] _apply_options (res://addons/gut/gut_config.gd:136)
       [6] apply_options (res://addons/gut/gut_config.gd:207)
       [7] run_tests (res://addons/gut/gui/GutRunner.gd:192)
       [8] _run_tests (res://addons/gut/cli/gut_cli.gd:239)
       [9] main (res://addons/gut/cli/gut_cli.gd:297)
       [10] _init (res://addons/gut/gut_cmdln.gd:39)
SCRIPT ERROR: Parse Error: Cannot infer the type of "path" variable because the value doesn't have a set type.
   at: GDScript::reload (res://test/unit/test_dark_pause_menu.gd:74)
   GDScript backtrace (most recent call first):
       [0] load_script_using_custom_warnings (res://addons/gut/warnings_manager.gd:173)
       [1] _parse_script (res://addons/gut/test_collector.gd:76)
       [2] add_script (res://addons/gut/test_collector.gd:128)
       [3] add_script (res://addons/gut/gut.gd:1070)
       [4] add_directory (res://addons/gut/gut.gd:1093)
       [5] _apply_options (res://addons/gut/gut_config.gd:136)
       [6] apply_options (res://addons/gut/gut_config.gd:207)
       [7] run_tests (res://addons/gut/gui/GutRunner.gd:192)
       [8] _run_tests (res://addons/gut/cli/gut_cli.gd:239)
       [9] main (res://addons/gut/cli/gut_cli.gd:297)
       [10] _init (res://addons/gut/gut_cmdln.gd:39)
SCRIPT ERROR: Parse Error: Cannot infer the type of "path" variable because the value doesn't have a set type.
   at: GDScript::reload (res://test/unit/test_dark_pause_menu.gd:95)
   GDScript backtrace (most recent call first):
       [0] load_script_using_custom_warnings (res://addons/gut/warnings_manager.gd:173)
       [1] _parse_script (res://addons/gut/test_collector.gd:76)
       [2] add_script (res://addons/gut/test_collector.gd:128)
       [3] add_script (res://addons/gut/gut.gd:1070)
       [4] add_directory (res://addons/gut/gut.gd:1093)
       [5] _apply_options (res://addons/gut/gut_config.gd:136)
       [6] apply_options (res://addons/gut/gut_config.gd:207)
       [7] run_tests (res://addons/gut/gui/GutRunner.gd:192)
       [8] _run_tests (res://addons/gut/cli/gut_cli.gd:239)
       [9] main (res://addons/gut/cli/gut_cli.gd:297)
       [10] _init (res://addons/gut/gut_cmdln.gd:39)
ERROR: Failed to load script "res://test/unit/test_dark_pause_menu.gd" with error "Parse error".
   at: load (modules/gdscript/gdscript_resource_format.cpp:46)
   GDScript backtrace (most recent call first):
       [0] load_script_using_custom_warnings (res://addons/gut/warnings_manager.gd:173)
       [1] _parse_script (res://addons/gut/test_collector.gd:76)
       [2] add_script (res://addons/gut/test_collector.gd:128)
       [3] add_script (res://addons/gut/gut.gd:1070)
       [4] add_directory (res://addons/gut/gut.gd:1093)
       [5] _apply_options (res://addons/gut/gut_config.gd:136)
       [6] apply_options (res://addons/gut/gut_config.gd:207)
       [7] run_tests (res://addons/gut/gui/GutRunner.gd:192)
       [8] _run_tests (res://addons/gut/cli/gut_cli.gd:239)
       [9] main (res://addons/gut/cli/gut_cli.gd:297)
       [10] _init (res://addons/gut/gut_cmdln.gd:39)
[GUT WARNING]:  Ignoring script res://test/unit/test_dark_pause_menu.gd because it does not extend GutTest


res://test/unit/test_ap_costs.gd
* test_spend_ap_decremente_et_refuse_le_decouvert
* test_can_afford_refuse_si_pa_insuffisants
* test_cast_refuse_sans_pa_et_ne_depense_rien
[T00][INFO][SPELL] Heros ne peut pas lancer Sort de test (PA insuffisants : 2/4)
* test_cast_reussi_decremente_les_pa
[T00][INFO][SPELL] Heros lance Sort de test sur (1, 0) | { "PA": 4, "Ferveur": 0, "empreinte": false, "portee": 3, "zone": 0 }
[T00][INFO][COMBAT] Heros inflige 5 degats a Ennemi | { "PV": "100/100", "Detail": "Degats finaux apres esquive, bouclier, armure/resistance et modificateurs.", "Categorie": 1, "Element": 0 }
[T00][DBG][SPELL] Sort de test : 1 unite(s), 0 terrain(s) | { "cibles": ["Ennemi"] }
* test_payoff_exige_aussi_la_ferveur
[T00][INFO][SPELL] Heros ne peut pas lancer Sort de test (Ferveur insuffisante : 20/30)
* test_payoff_depense_pa_et_ferveur
[T00][INFO][SPELL] Heros lance Sort de test sur (1, 0) | { "PA": 2, "Ferveur": 30, "empreinte": false, "portee": 3, "zone": 0 }
[T00][INFO][COMBAT] Heros inflige 5 degats a Ennemi | { "PV": "100/100", "Detail": "Degats finaux apres esquive, bouclier, armure/resistance et modificateurs.", "Categorie": 1, "Element": 0 }
[T00][DBG][SPELL] Sort de test : 1 unite(s), 0 terrain(s) | { "cibles": ["Ennemi"] }
* test_payoff_impossible_sans_type_energie
7/7 passed.


res://test/unit/test_awakening.gd
* test_sous_le_seuil_non_activable
* test_franchir_le_seuil_rend_activable_sans_auto_declencher
* test_activation_depense_le_cout_et_pose_l_etat
[T00][INFO][STATS] Testeur declenche Charge (2 tours)
* test_la_duree_expire_correctement
[T00][INFO][STATS] Testeur declenche Charge (2 tours)
* test_duree_minimale_d_un_tour
[T00][INFO][STATS] Testeur declenche Charge (1 tours)
* test_effets_de_l_eveil_sur_les_payoffs
[T00][INFO][STATS] Testeur declenche Charge (2 tours)
6/6 passed.


res://test/unit/test_can_afford.gd
* test_sans_energie_les_pa_restent_verifies
* test_can_afford_donne_la_meme_reponse_que_cast
[T00][INFO][SPELL] Heros ne peut pas lancer Sort de test (PA insuffisants : 3/4)
[T00][INFO][SPELL] Heros lance Sort de test sur (1, 0) | { "PA": 4, "Ferveur": 0, "empreinte": false, "portee": 3, "zone": 0 }
[T00][INFO][COMBAT] Heros inflige 5 degats a Ennemi | { "PV": "100/100", "Detail": "Degats finaux apres esquive, bouclier, armure/resistance et modificateurs.", "Categorie": 1, "Element": 0 }
[T00][DBG][SPELL] Sort de test : 1 unite(s), 0 terrain(s) | { "cibles": ["Ennemi"] }
* test_payoff_sans_ecole_refuse_partout
[T00][INFO][SPELL] Heros ne peut pas lancer Sort de test (Ferveur insuffisante : 0/10)
3/3 passed.


res://test/unit/test_character_progression_foundation.gd
* test_explicit_unit_id_is_used_by_unit_data_and_runtime_unit
* test_legacy_unit_id_fallback_is_stable_and_path_based
* test_explicit_spell_ids_do_not_depend_on_identical_display_names
* test_legacy_spell_id_fallback_is_stable_and_path_based
* test_loadout_initializes_four_known_and_equipped_spells_in_order
* test_loadout_refuses_duplicate_ids_and_can_learn_a_new_spell
* test_loadout_refuses_unknown_duplicate_and_invalid_equipment
* test_loadout_replaces_and_unequips_slots_in_order
* test_loadout_returns_defensive_array_copies
* test_two_loadouts_keep_independent_known_and_equipped_state
* test_character_state_owns_id_disciplines_loadout_and_syncs_unit_spells
* test_two_character_states_never_share_their_loadout
* test_game_manager_keeps_three_preconfigured_character_states_independent
* test_new_preconfigured_run_clears_previous_character_states
* test_elf_resource_defines_exactly_four_disciplines_and_four_ordered_spells
* test_elf_spell_values_match_the_foundation_contract
* test_preconfigured_elf_has_an_individual_four_slot_state_without_legacy_build
* test_action_bar_receives_four_ordered_elf_spells_without_imprints_or_overflow
* test_elf_fireball_remains_distinct_from_the_elemental_mage_fireball
* test_legacy_content_without_ids_loads_and_is_not_truncated
20/20 passed.


res://test/unit/test_collision_chain.gd
* test_chaine_degats_aux_deux_et_deplacements
[T00][INFO][SPELL] Heros lance Sort de test sur (1, 0) | { "PA": 1, "Ferveur": 0, "empreinte": false, "portee": 5, "zone": 0 }
[T00][INFO][COMBAT] Heros inflige 10 degats a Cible A | { "PV": "100/100", "Detail": "Degats finaux apres esquive, bouclier, armure/resistance et modificateurs.", "Categorie": 0, "Element": 0 }
[T00][DBG][SPELL] Collision : Cible A subit 10
[T00][INFO][COMBAT] Heros inflige 10 degats a Bloqueur B | { "PV": "100/100", "Detail": "Degats finaux apres esquive, bouclier, armure/resistance et modificateurs.", "Categorie": 0, "Element": 0 }
[T00][DBG][SPELL] Collision : Bloqueur B subit 10
[T00][DBG][SPELL] Bloqueur B pousse de (3, 0) a (5, 0)
[T00][DBG][SPELL] Cible A pousse de (1, 0) a (3, 0)
[T00][DBG][SPELL] Sort de test : 0 unite(s), 0 terrain(s) | { "cibles": [] }
* test_chaine_stoppee_par_un_mur
[T00][INFO][SPELL] Heros lance Sort de test sur (1, 0) | { "PA": 1, "Ferveur": 0, "empreinte": false, "portee": 5, "zone": 0 }
[T00][INFO][COMBAT] Heros inflige 10 degats a Cible A | { "PV": "100/100", "Detail": "Degats finaux apres esquive, bouclier, armure/resistance et modificateurs.", "Categorie": 0, "Element": 0 }
[T00][DBG][SPELL] Collision : Cible A subit 10
[T00][INFO][COMBAT] Heros inflige 10 degats a Bloqueur B | { "PV": "100/100", "Detail": "Degats finaux apres esquive, bouclier, armure/resistance et modificateurs.", "Categorie": 0, "Element": 0 }
[T00][DBG][SPELL] Collision : Bloqueur B subit 10
[T00][INFO][COMBAT] Heros inflige 10 degats a Bloqueur B | { "PV": "90/100", "Detail": "Degats finaux apres esquive, bouclier, armure/resistance et modificateurs.", "Categorie": 0, "Element": 0 }
[T00][DBG][SPELL] Collision : Bloqueur B subit 10
[T00][DBG][SPELL] Cible A pousse de (1, 0) a (2, 0)
[T00][DBG][SPELL] Sort de test : 0 unite(s), 0 terrain(s) | { "cibles": [] }
* test_poussee_simple_sans_obstacle_ne_blesse_personne
[T00][INFO][SPELL] Heros lance Sort de test sur (1, 0) | { "PA": 1, "Ferveur": 0, "empreinte": false, "portee": 5, "zone": 0 }
[T00][DBG][SPELL] Cible A pousse de (1, 0) a (4, 0)
[T00][DBG][SPELL] Sort de test : 0 unite(s), 0 terrain(s) | { "cibles": [] }
3/3 passed.


res://test/unit/test_elf_archer_skill_tree.gd
* test_all_eight_rank_two_upgrades_migrate_without_contract_loss
    [Failed]:  [0] expected to equal [1]:  res://data/characters/elf/upgrades/venomous_blade.tres
      at line 244
SCRIPT ERROR: Out of bounds get index '0' (on base: 'Array[SpellModifier]')
   at: test_all_eight_rank_two_upgrades_migrate_without_contract_loss (res://test/unit/test_elf_archer_skill_tree.gd:245)
   GDScript backtrace (most recent call first):
       [0] test_all_eight_rank_two_upgrades_migrate_without_contract_loss (res://test/unit/test_elf_archer_skill_tree.gd:245)
       [1] _run_test (res://addons/gut/gut.gd:622)
       [2] _test_the_scripts (res://addons/gut/gut.gd:835)
       [3] test_scripts (res://addons/gut/gut.gd:1047)
       [4] run_tests (res://addons/gut/gui/GutRunner.gd:198)
       [5] _run_tests (res://addons/gut/cli/gut_cli.gd:239)
       [6] main (res://addons/gut/cli/gut_cli.gd:297)
       [7] _init (res://addons/gut/gut_cmdln.gd:39)
    [Failed]:  Unexpected Errors:
    [1] <engine-2>Out of bounds get index '0' (on base: 'Array[SpellModifier]')
      at line -1
* test_archer_tree_has_exact_thresholds_unique_nodes_and_no_diagnostic
* test_rank_three_candidates_follow_the_selected_main_branch
* test_rank_four_and_five_candidates_follow_the_required_ancestors
* test_archer_tree_has_exactly_sixteen_final_configurations
* test_eighteen_successful_precise_shots_grant_exact_xp_and_queue_all_ranks
[T00][INFO][SPELL] Elfe lance Tir précis sur (3, 1) | { "PA": 2, "Ferveur": 0, "empreinte": false, "portee": 7, "zone": 0 }
[T00][INFO][COMBAT] Elfe inflige 7 degats a Cible | { "PV": "10000/10000", "Detail": "Degats finaux apres esquive, bouclier, armure/resistance et modificateurs.", "Categorie": 0, "Element": 0 }
[T00][DBG][SPELL] Tir précis : 1 unite(s), 0 terrain(s) | { "cibles": ["Cible"] }
[T00][INFO][COMBAT] +1 XP Archer | { "personnage": "Elfe", "xp": 1, "rang": 1, "prochain_seuil": 3 }
[T00][INFO][SPELL] Elfe lance Tir précis sur (3, 1) | { "PA": 2, "Ferveur": 0, "empreinte": false, "portee": 7, "zone": 0 }
[T00][INFO][COMBAT] Elfe inflige 7 degats a Cible | { "PV": "9993/10000", "Detail": "Degats finaux apres esquive, bouclier, armure/resistance et modificateurs.", "Categorie": 0, "Element": 0 }
[T00][DBG][SPELL] Tir précis : 1 unite(s), 0 terrain(s) | { "cibles": ["Cible"] }
[T00][INFO][COMBAT] +1 XP Archer | { "personnage": "Elfe", "xp": 2, "rang": 1, "prochain_seuil": 3 }
[T00][INFO][SPELL] Elfe lance Tir précis sur (3, 1) | { "PA": 2, "Ferveur": 0, "empreinte": false, "portee": 7, "zone": 0 }
[T00][INFO][COMBAT] Elfe inflige 7 degats a Cible | { "PV": "9986/10000", "Detail": "Degats finaux apres esquive, bouclier, armure/resistance et modificateurs.", "Categorie": 0, "Element": 0 }
[T00][DBG][SPELL] Tir précis : 1 unite(s), 0 terrain(s) | { "cibles": ["Cible"] }
[T00][INFO][COMBAT] +1 XP Archer | { "personnage": "Elfe", "xp": 3, "rang": 2, "prochain_seuil": 7 }
[T00][INFO][SPELL] Elfe lance Tir précis sur (3, 1) | { "PA": 2, "Ferveur": 0, "empreinte": false, "portee": 7, "zone": 0 }
[T00][INFO][COMBAT] Elfe inflige 7 degats a Cible | { "PV": "9979/10000", "Detail": "Degats finaux apres esquive, bouclier, armure/resistance et modificateurs.", "Categorie": 0, "Element": 0 }
[T00][DBG][SPELL] Tir précis : 1 unite(s), 0 terrain(s) | { "cibles": ["Cible"] }
[T00][INFO][COMBAT] +1 XP Archer | { "personnage": "Elfe", "xp": 4, "rang": 2, "prochain_seuil": 7 }
[T00][INFO][SPELL] Elfe lance Tir précis sur (3, 1) | { "PA": 2, "Ferveur": 0, "empreinte": false, "portee": 7, "zone": 0 }
[T00][INFO][COMBAT] Elfe inflige 7 degats a Cible | { "PV": "9972/10000", "Detail": "Degats finaux apres esquive, bouclier, armure/resistance et modificateurs.", "Categorie": 0, "Element": 0 }
[T00][DBG][SPELL] Tir précis : 1 unite(s), 0 terrain(s) | { "cibles": ["Cible"] }
[T00][INFO][COMBAT] +1 XP Archer | { "personnage": "Elfe", "xp": 5, "rang": 2, "prochain_seuil": 7 }
[T00][INFO][SPELL] Elfe lance Tir précis sur (3, 1) | { "PA": 2, "Ferveur": 0, "empreinte": false, "portee": 7, "zone": 0 }
[T00][INFO][COMBAT] Elfe inflige 7 degats a Cible | { "PV": "9965/10000", "Detail": "Degats finaux apres esquive, bouclier, armure/resistance et modificateurs.", "Categorie": 0, "Element": 0 }
[T00][DBG][SPELL] Tir précis : 1 unite(s), 0 terrain(s) | { "cibles": ["Cible"] }
[T00][INFO][COMBAT] +1 XP Archer | { "personnage": "Elfe", "xp": 6, "rang": 2, "prochain_seuil": 7 }
[T00][INFO][SPELL] Elfe lance Tir précis sur (3, 1) | { "PA": 2, "Ferveur": 0, "empreinte": false, "portee": 7, "zone": 0 }
[T00][INFO][COMBAT] Elfe inflige 7 degats a Cible | { "PV": "9958/10000", "Detail": "Degats finaux apres esquive, bouclier, armure/resistance et modificateurs.", "Categorie": 0, "Element": 0 }
[T00][DBG][SPELL] Tir précis : 1 unite(s), 0 terrain(s) | { "cibles": ["Cible"] }
[T00][INFO][COMBAT] +1 XP Archer | { "personnage": "Elfe", "xp": 7, "rang": 3, "prochain_seuil": 12 }
[T00][INFO][SPELL] Elfe lance Tir précis sur (3, 1) | { "PA": 2, "Ferveur": 0, "empreinte": false, "portee": 7, "zone": 0 }
[T00][INFO][COMBAT] Elfe inflige 7 degats a Cible | { "PV": "9951/10000", "Detail": "Degats finaux apres esquive, bouclier, armure/resistance et modificateurs.", "Categorie": 0, "Element": 0 }
[T00][DBG][SPELL] Tir précis : 1 unite(s), 0 terrain(s) | { "cibles": ["Cible"] }
[T00][INFO][COMBAT] +1 XP Archer | { "personnage": "Elfe", "xp": 8, "rang": 3, "prochain_seuil": 12 }
[T00][INFO][SPELL] Elfe lance Tir précis sur (3, 1) | { "PA": 2, "Ferveur": 0, "empreinte": false, "portee": 7, "zone": 0 }
[T00][INFO][COMBAT] Elfe inflige 7 degats a Cible | { "PV": "9944/10000", "Detail": "Degats finaux apres esquive, bouclier, armure/resistance et modificateurs.", "Categorie": 0, "Element": 0 }
[T00][DBG][SPELL] Tir précis : 1 unite(s), 0 terrain(s) | { "cibles": ["Cible"] }
[T00][INFO][COMBAT] +1 XP Archer | { "personnage": "Elfe", "xp": 9, "rang": 3, "prochain_seuil": 12 }
[T00][INFO][SPELL] Elfe lance Tir précis sur (3, 1) | { "PA": 2, "Ferveur": 0, "empreinte": false, "portee": 7, "zone": 0 }
[T00][INFO][COMBAT] Elfe inflige 7 degats a Cible | { "PV": "9937/10000", "Detail": "Degats finaux apres esquive, bouclier, armure/resistance et modificateurs.", "Categorie": 0, "Element": 0 }
[T00][DBG][SPELL] Tir précis : 1 unite(s), 0 terrain(s) | { "cibles": ["Cible"] }
[T00][INFO][COMBAT] +1 XP Archer | { "personnage": "Elfe", "xp": 10, "rang": 3, "prochain_seuil": 12 }
[T00][INFO][SPELL] Elfe lance Tir précis sur (3, 1) | { "PA": 2, "Ferveur": 0, "empreinte": false, "portee": 7, "zone": 0 }
[T00][INFO][COMBAT] Elfe inflige 7 degats a Cible | { "PV": "9930/10000", "Detail": "Degats finaux apres esquive, bouclier, armure/resistance et modificateurs.", "Categorie": 0, "Element": 0 }
[T00][DBG][SPELL] Tir précis : 1 unite(s), 0 terrain(s) | { "cibles": ["Cible"] }
[T00][INFO][COMBAT] +1 XP Archer | { "personnage": "Elfe", "xp": 11, "rang": 3, "prochain_seuil": 12 }
[T00][INFO][SPELL] Elfe lance Tir précis sur (3, 1) | { "PA": 2, "Ferveur": 0, "empreinte": false, "portee": 7, "zone": 0 }
[T00][INFO][COMBAT] Elfe inflige 7 degats a Cible | { "PV": "9923/10000", "Detail": "Degats finaux apres esquive, bouclier, armure/resistance et modificateurs.", "Categorie": 0, "Element": 0 }
[T00][DBG][SPELL] Tir précis : 1 unite(s), 0 terrain(s) | { "cibles": ["Cible"] }
[T00][INFO][COMBAT] +1 XP Archer | { "personnage": "Elfe", "xp": 12, "rang": 4, "prochain_seuil": 18 }
[T00][INFO][SPELL] Elfe lance Tir précis sur (3, 1) | { "PA": 2, "Ferveur": 0, "empreinte": false, "portee": 7, "zone": 0 }
[T00][INFO][COMBAT] Elfe inflige 7 degats a Cible | { "PV": "9916/10000", "Detail": "Degats finaux apres esquive, bouclier, armure/resistance et modificateurs.", "Categorie": 0, "Element": 0 }
[T00][DBG][SPELL] Tir précis : 1 unite(s), 0 terrain(s) | { "cibles": ["Cible"] }
[T00][INFO][COMBAT] +1 XP Archer | { "personnage": "Elfe", "xp": 13, "rang": 4, "prochain_seuil": 18 }
[T00][INFO][SPELL] Elfe lance Tir précis sur (3, 1) | { "PA": 2, "Ferveur": 0, "empreinte": false, "portee": 7, "zone": 0 }
[T00][INFO][COMBAT] Elfe inflige 7 degats a Cible | { "PV": "9909/10000", "Detail": "Degats finaux apres esquive, bouclier, armure/resistance et modificateurs.", "Categorie": 0, "Element": 0 }
[T00][DBG][SPELL] Tir précis : 1 unite(s), 0 terrain(s) | { "cibles": ["Cible"] }
[T00][INFO][COMBAT] +1 XP Archer | { "personnage": "Elfe", "xp": 14, "rang": 4, "prochain_seuil": 18 }
[T00][INFO][SPELL] Elfe lance Tir précis sur (3, 1) | { "PA": 2, "Ferveur": 0, "empreinte": false, "portee": 7, "zone": 0 }
[T00][INFO][COMBAT] Elfe inflige 7 degats a Cible | { "PV": "9902/10000", "Detail": "Degats finaux apres esquive, bouclier, armure/resistance et modificateurs.", "Categorie": 0, "Element": 0 }
[T00][DBG][SPELL] Tir précis : 1 unite(s), 0 terrain(s) | { "cibles": ["Cible"] }
[T00][INFO][COMBAT] +1 XP Archer | { "personnage": "Elfe", "xp": 15, "rang": 4, "prochain_seuil": 18 }
[T00][INFO][SPELL] Elfe lance Tir précis sur (3, 1) | { "PA": 2, "Ferveur": 0, "empreinte": false, "portee": 7, "zone": 0 }
[T00][INFO][COMBAT] Elfe inflige 7 degats a Cible | { "PV": "9895/10000", "Detail": "Degats finaux apres esquive, bouclier, armure/resistance et modificateurs.", "Categorie": 0, "Element": 0 }
[T00][DBG][SPELL] Tir précis : 1 unite(s), 0 terrain(s) | { "cibles": ["Cible"] }
[T00][INFO][COMBAT] +1 XP Archer | { "personnage": "Elfe", "xp": 16, "rang": 4, "prochain_seuil": 18 }
[T00][INFO][SPELL] Elfe lance Tir précis sur (3, 1) | { "PA": 2, "Ferveur": 0, "empreinte": false, "portee": 7, "zone": 0 }
[T00][INFO][COMBAT] Elfe inflige 7 degats a Cible | { "PV": "9888/10000", "Detail": "Degats finaux apres esquive, bouclier, armure/resistance et modificateurs.", "Categorie": 0, "Element": 0 }
[T00][DBG][SPELL] Tir précis : 1 unite(s), 0 terrain(s) | { "cibles": ["Cible"] }
[T00][INFO][COMBAT] +1 XP Archer | { "personnage": "Elfe", "xp": 17, "rang": 4, "prochain_seuil": 18 }
[T00][INFO][SPELL] Elfe lance Tir précis sur (3, 1) | { "PA": 2, "Ferveur": 0, "empreinte": false, "portee": 7, "zone": 0 }
[T00][INFO][COMBAT] Elfe inflige 7 degats a Cible | { "PV": "9881/10000", "Detail": "Degats finaux apres esquive, bouclier, armure/resistance et modificateurs.", "Categorie": 0, "Element": 0 }
[T00][DBG][SPELL] Tir précis : 1 unite(s), 0 terrain(s) | { "cibles": ["Cible"] }
[T00][INFO][COMBAT] +1 XP Archer | { "personnage": "Elfe", "xp": 18, "rang": 5, "prochain_seuil": -1 }
* test_range_and_damage_bonuses_stack_without_mutating_precise_shot
[T00][INFO][SPELL] Elfe lance Tir précis sur (10, 1) | { "PA": 2, "Ferveur": 0, "empreinte": false, "portee": 10, "zone": 0 }
[T00][INFO][COMBAT] Elfe inflige 18 degats a Cible | { "PV": "100/100", "Detail": "Degats finaux apres esquive, bouclier, armure/resistance et modificateurs.", "Categorie": 0, "Element": 0 }
[T00][DBG][SPELL] Tir précis : 1 unite(s), 0 terrain(s) | { "cibles": ["Cible"] }
* test_open_breach_grants_two_refreshing_physical_charges
[T00][INFO][SPELL] Elfe lance Tir précis sur (2, 1) | { "PA": 2, "Ferveur": 0, "empreinte": false, "portee": 8, "zone": 0 }
[T00][INFO][COMBAT] Elfe inflige 7 degats a Cible | { "PV": "100/100", "Detail": "Degats finaux apres esquive, bouclier, armure/resistance et modificateurs.", "Categorie": 0, "Element": 0 }
[T00][INFO][STATS] Cible subit Brèche physique (99 tours) | { "Effet": "La prochaine attaque physique reçue inflige 2 dégâts supplémentaires." }
[T00][DBG][STATS] Cible : Brèche physique rafraîchi (99 tours)
[T00][INFO][STATS] Cible subit Brèche physique (99 tours) | { "Effet": "Les deux prochaines attaques physiques reçues infligent 2 dégâts supplémentaires." }
[T00][DBG][SPELL] Tir précis : 1 unite(s), 0 terrain(s) | { "cibles": ["Cible"] }
[T00][INFO][COMBAT] Attaquant inflige 7 degats a Cible | { "PV": "93/100", "Detail": "Degats finaux apres esquive, bouclier, armure/resistance et modificateurs.", "Categorie": 0, "Element": 0 }
[T00][DBG][STATS] Cible : Brèche physique expire
[T00][INFO][COMBAT] Attaquant inflige 7 degats a Cible | { "PV": "86/100", "Detail": "Degats finaux apres esquive, bouclier, armure/resistance et modificateurs.", "Categorie": 0, "Element": 0 }
[T00][INFO][COMBAT] Attaquant inflige 5 degats a Cible | { "PV": "79/100", "Detail": "Degats finaux apres esquive, bouclier, armure/resistance et modificateurs.", "Categorie": 0, "Element": 0 }
* test_barbed_tip_bleeds_at_turn_end_twice_and_refreshes_without_stack
[T00][INFO][SPELL] Elfe lance Tir précis sur (2, 1) | { "PA": 2, "Ferveur": 0, "empreinte": false, "portee": 8, "zone": 0 }
[T00][INFO][COMBAT] Elfe inflige 7 degats a Cible | { "PV": "100/100", "Detail": "Degats finaux apres esquive, bouclier, armure/resistance et modificateurs.", "Categorie": 0, "Element": 0 }
[T00][INFO][STATS] Cible subit Brèche physique (99 tours) | { "Effet": "La prochaine attaque physique reçue inflige 2 dégâts supplémentaires." }
[T00][INFO][STATS] Cible subit Saignement (2 tours) | { "Effet": "Subit 2 dégâts à la fin de chacun de ses deux prochains tours." }
[T00][DBG][SPELL] Tir précis : 1 unite(s), 0 terrain(s) | { "cibles": ["Cible"] }
[T00][INFO][COMBAT] Terrain inflige 2 degats a Cible | { "PV": "93/100", "Detail": "Degats finaux apres esquive, bouclier, armure/resistance et modificateurs.", "Categorie": 1, "Element": 0 }
[T00][INFO][STATS] Cible subit 2 degats de Saignement | { "PV_restants": 91 }
[T00][INFO][SPELL] Elfe lance Tir précis sur (2, 1) | { "PA": 2, "Ferveur": 0, "empreinte": false, "portee": 8, "zone": 0 }
[T00][DBG][STATS] Cible : Brèche physique expire
[T00][INFO][COMBAT] Elfe inflige 9 degats a Cible | { "PV": "91/100", "Detail": "Degats finaux apres esquive, bouclier, armure/resistance et modificateurs.", "Categorie": 0, "Element": 0 }
[T00][INFO][STATS] Cible subit Brèche physique (99 tours) | { "Effet": "La prochaine attaque physique reçue inflige 2 dégâts supplémentaires." }
[T00][DBG][STATS] Cible : Saignement rafraîchi (2 tours)
[T00][INFO][STATS] Cible subit Saignement (2 tours) | { "Effet": "Subit 2 dégâts à la fin de chacun de ses deux prochains tours." }
[T00][DBG][SPELL] Tir précis : 1 unite(s), 0 terrain(s) | { "cibles": ["Cible"] }
[T00][INFO][COMBAT] Terrain inflige 2 degats a Cible | { "PV": "82/100", "Detail": "Degats finaux apres esquive, bouclier, armure/resistance et modificateurs.", "Categorie": 1, "Element": 0 }
[T00][INFO][STATS] Cible subit 2 degats de Saignement | { "PV_restants": 80 }
[T00][INFO][COMBAT] Terrain inflige 2 degats a Cible | { "PV": "80/100", "Detail": "Degats finaux apres esquive, bouclier, armure/resistance et modificateurs.", "Categorie": 1, "Element": 0 }
[T00][INFO][STATS] Cible subit 2 degats de Saignement | { "PV_restants": 78 }
[T00][DBG][STATS] Cible : Saignement expire
* test_hindering_pin_and_tactical_retreat_apply_next_turn_movement_once
[T00][INFO][SPELL] Elfe lance Tir précis sur (2, 1) | { "PA": 2, "Ferveur": 0, "empreinte": false, "portee": 7, "zone": 0 }
[T00][INFO][COMBAT] Elfe inflige 7 degats a Cible | { "PV": "100/100", "Detail": "Degats finaux apres esquive, bouclier, armure/resistance et modificateurs.", "Categorie": 0, "Element": 0 }
[T00][DBG][SPELL] Cible pousse de (2, 1) a (3, 1)
[T00][DBG][SPELL] Tir précis : 1 unite(s), 0 terrain(s) | { "cibles": ["Cible"] }
[T00][INFO][SPELL] Elfe lance Tir précis sur (2, 1) | { "PA": 2, "Ferveur": 0, "empreinte": false, "portee": 7, "zone": 0 }
[T00][INFO][COMBAT] Elfe inflige 7 degats a Cible | { "PV": "100/100", "Detail": "Degats finaux apres esquive, bouclier, armure/resistance et modificateurs.", "Categorie": 0, "Element": 0 }
[T00][DBG][SPELL] Cible pousse de (2, 1) a (3, 1)
[T00][DBG][SPELL] Tir précis : 1 unite(s), 0 terrain(s) | { "cibles": ["Cible"] }
* test_impact_siege_bolt_and_shatter_resolve_collision_totals_once
[T00][INFO][SPELL] Elfe lance Tir précis sur (1, 1) | { "PA": 2, "Ferveur": 0, "empreinte": false, "portee": 7, "zone": 0 }
[T00][INFO][COMBAT] Elfe inflige 7 degats a Cible | { "PV": "100/100", "Detail": "Degats finaux apres esquive, bouclier, armure/resistance et modificateurs.", "Categorie": 0, "Element": 0 }
[T00][INFO][COMBAT] Elfe inflige 4 degats a Cible | { "PV": "93/100", "Detail": "Degats finaux apres esquive, bouclier, armure/resistance et modificateurs.", "Categorie": 0, "Element": 0 }
[T00][DBG][SPELL] Tir précis : 1 unite(s), 0 terrain(s) | { "cibles": ["Cible"] }
[T00][INFO][SPELL] Elfe lance Tir précis sur (1, 1) | { "PA": 2, "Ferveur": 0, "empreinte": false, "portee": 7, "zone": 0 }
[T00][INFO][COMBAT] Elfe inflige 7 degats a Cible | { "PV": "100/100", "Detail": "Degats finaux apres esquive, bouclier, armure/resistance et modificateurs.", "Categorie": 0, "Element": 0 }
[T00][INFO][COMBAT] Elfe inflige 8 degats a Cible | { "PV": "93/100", "Detail": "Degats finaux apres esquive, bouclier, armure/resistance et modificateurs.", "Categorie": 0, "Element": 0 }
[T00][DBG][SPELL] Tir précis : 1 unite(s), 0 terrain(s) | { "cibles": ["Cible"] }
* test_siege_arrow_enforces_exact_three_push_and_eight_collision_damage
[T00][INFO][SPELL] Elfe lance Tir précis sur (1, 1) | { "PA": 2, "Ferveur": 0, "empreinte": false, "portee": 7, "zone": 0 }
[T00][INFO][COMBAT] Elfe inflige 7 degats a Cible | { "PV": "100/100", "Detail": "Degats finaux apres esquive, bouclier, armure/resistance et modificateurs.", "Categorie": 0, "Element": 0 }
[T00][DBG][SPELL] Cible pousse de (1, 1) a (4, 1)
[T00][DBG][SPELL] Tir précis : 1 unite(s), 0 terrain(s) | { "cibles": ["Cible"] }
[T00][INFO][SPELL] Elfe lance Tir précis sur (1, 1) | { "PA": 2, "Ferveur": 0, "empreinte": false, "portee": 7, "zone": 0 }
[T00][INFO][COMBAT] Elfe inflige 7 degats a Cible | { "PV": "100/100", "Detail": "Degats finaux apres esquive, bouclier, armure/resistance et modificateurs.", "Categorie": 0, "Element": 0 }
[T00][INFO][COMBAT] Elfe inflige 8 degats a Cible | { "PV": "93/100", "Detail": "Degats finaux apres esquive, bouclier, armure/resistance et modificateurs.", "Categorie": 0, "Element": 0 }
[T00][DBG][SPELL] Tir précis : 1 unite(s), 0 terrain(s) | { "cibles": ["Cible"] }
* test_stopping_arrow_applies_two_mp_loss_and_one_collision_bonus
[T00][INFO][SPELL] Elfe lance Tir précis sur (1, 1) | { "PA": 2, "Ferveur": 0, "empreinte": false, "portee": 7, "zone": 0 }
[T00][INFO][COMBAT] Elfe inflige 7 degats a Cible | { "PV": "100/100", "Detail": "Degats finaux apres esquive, bouclier, armure/resistance et modificateurs.", "Categorie": 0, "Element": 0 }
[T00][INFO][COMBAT] Elfe inflige 4 degats a Cible | { "PV": "93/100", "Detail": "Degats finaux apres esquive, bouclier, armure/resistance et modificateurs.", "Categorie": 0, "Element": 0 }
[T00][DBG][SPELL] Tir précis : 1 unite(s), 0 terrain(s) | { "cibles": ["Cible"] }
* test_transpiercing_bolt_hits_one_aligned_enemy_once_without_extra_xp
[T00][INFO][SPELL] Elfe lance Tir précis sur (2, 1) | { "PA": 2, "Ferveur": 0, "empreinte": false, "portee": 9, "zone": 0 }
[T00][INFO][COMBAT] Elfe inflige 9 degats a Principale | { "PV": "100/100", "Detail": "Degats finaux apres esquive, bouclier, armure/resistance et modificateurs.", "Categorie": 0, "Element": 0 }
[T00][INFO][COMBAT] Elfe inflige 4 degats a Secondaire | { "PV": "100/100", "Detail": "Degats finaux apres esquive, bouclier, armure/resistance et modificateurs.", "Categorie": 0, "Element": 0 }
[T00][DBG][SPELL] Tir précis : 2 unite(s), 0 terrain(s) | { "cibles": ["Principale", "Secondaire"] }
[T00][INFO][COMBAT] +1 XP Archer | { "personnage": "Elfe", "xp": 19, "rang": 5, "prochain_seuil": -1 }
* test_transpiercing_bolt_stops_at_a_grid_obstacle
[T00][INFO][SPELL] Elfe lance Tir précis sur (2, 1) | { "PA": 2, "Ferveur": 0, "empreinte": false, "portee": 9, "zone": 0 }
[T00][INFO][COMBAT] Elfe inflige 9 degats a Principale | { "PV": "100/100", "Detail": "Degats finaux apres esquive, bouclier, armure/resistance et modificateurs.", "Categorie": 0, "Element": 0 }
[T00][DBG][SPELL] Tir précis : 1 unite(s), 0 terrain(s) | { "cibles": ["Principale"] }
* test_archer_choices_and_modifiers_persist_then_reset_on_new_run
15/16 passed.


res://test/unit/test_elf_character_hud_v1.gd
* test_generated_assets_atlas_and_manifest_are_complete
* test_elf_theme_maps_four_real_spells_and_basic_attack
* test_elf_hud_uses_real_values_and_data_driven_icons
* test_spell_selection_unavailable_state_and_signal_are_preserved
* test_character_switch_applies_elf_theme_and_neutral_fallback_without_residue
* test_real_turn_signal_shows_banner_once_and_end_turn_remains_connected
* test_hud_remains_inside_three_target_viewports
7/7 passed.


res://test/unit/test_elf_mage_progression_slice.gd
* test_discipline_progress_starts_at_rank_one_without_xp_or_choices
* test_discipline_progress_adds_xp_and_reaches_rank_two_at_three
* test_rank_threshold_and_pending_choice_are_created_only_once
* test_upgrade_selection_is_recorded_and_exclusive_for_the_rank
* test_progress_state_returns_defensive_collection_copies
* test_two_discipline_states_are_independent
* test_mage_rank_two_data_has_exactly_two_expected_choices
* test_successful_fireball_cast_grants_exactly_one_mage_xp
[T00][INFO][SPELL] Elfe lance Boule de feu sur (3, 2) | { "PA": 1, "Ferveur": 0, "empreinte": false, "portee": 14, "zone": 2 }
[T00][DBG][TERRAIN] Pose lave en (3, 2) | { "duree": 3, "declencheur": 1, "degats": 15 }
[T00][DBG][TERRAIN] Pose lave en (3, 1) | { "duree": 3, "declencheur": 1, "degats": 15 }
[T00][DBG][TERRAIN] Pose lave en (3, 0) | { "duree": 3, "declencheur": 1, "degats": 15 }
[T00][DBG][TERRAIN] Pose lave en (3, 3) | { "duree": 3, "declencheur": 1, "degats": 15 }
[T00][DBG][TERRAIN] Pose lave en (3, 4) | { "duree": 3, "declencheur": 1, "degats": 15 }
[T00][DBG][TERRAIN] Pose lave en (2, 2) | { "duree": 3, "declencheur": 1, "degats": 15 }
[T00][DBG][TERRAIN] Pose lave en (1, 2) | { "duree": 3, "declencheur": 1, "degats": 15 }
[T00][DBG][TERRAIN] Pose lave en (4, 2) | { "duree": 3, "declencheur": 1, "degats": 15 }
[T00][DBG][TERRAIN] Pose lave en (5, 2) | { "duree": 3, "declencheur": 1, "degats": 15 }
[T00][DBG][SPELL] Boule de feu : 0 unite(s), 9 terrain(s) | { "cibles": [] }
[T00][INFO][COMBAT] +1 XP Mage | { "personnage": "Elfe", "xp": 1, "rang": 1, "prochain_seuil": 3 }
* test_three_successful_fireballs_reach_mage_rank_two
[T00][INFO][SPELL] Elfe lance Boule de feu sur (3, 2) | { "PA": 1, "Ferveur": 0, "empreinte": false, "portee": 14, "zone": 2 }
[T00][DBG][TERRAIN] Pose lave en (3, 2) | { "duree": 3, "declencheur": 1, "degats": 15 }
[T00][DBG][TERRAIN] Pose lave en (3, 1) | { "duree": 3, "declencheur": 1, "degats": 15 }
[T00][DBG][TERRAIN] Pose lave en (3, 0) | { "duree": 3, "declencheur": 1, "degats": 15 }
[T00][DBG][TERRAIN] Pose lave en (3, 3) | { "duree": 3, "declencheur": 1, "degats": 15 }
[T00][DBG][TERRAIN] Pose lave en (3, 4) | { "duree": 3, "declencheur": 1, "degats": 15 }
[T00][DBG][TERRAIN] Pose lave en (2, 2) | { "duree": 3, "declencheur": 1, "degats": 15 }
[T00][DBG][TERRAIN] Pose lave en (1, 2) | { "duree": 3, "declencheur": 1, "degats": 15 }
[T00][DBG][TERRAIN] Pose lave en (4, 2) | { "duree": 3, "declencheur": 1, "degats": 15 }
[T00][DBG][TERRAIN] Pose lave en (5, 2) | { "duree": 3, "declencheur": 1, "degats": 15 }
[T00][DBG][SPELL] Boule de feu : 0 unite(s), 9 terrain(s) | { "cibles": [] }
[T00][INFO][COMBAT] +1 XP Mage | { "personnage": "Elfe", "xp": 1, "rang": 1, "prochain_seuil": 3 }
[T00][INFO][SPELL] Elfe lance Boule de feu sur (3, 2) | { "PA": 1, "Ferveur": 0, "empreinte": false, "portee": 14, "zone": 2 }
[T00][TRACE][TERRAIN] lave deja present en (3, 2) : pose ignoree
[T00][TRACE][TERRAIN] lave deja present en (3, 1) : pose ignoree
[T00][TRACE][TERRAIN] lave deja present en (3, 0) : pose ignoree
[T00][TRACE][TERRAIN] lave deja present en (3, 3) : pose ignoree
[T00][TRACE][TERRAIN] lave deja present en (3, 4) : pose ignoree
[T00][TRACE][TERRAIN] lave deja present en (2, 2) : pose ignoree
[T00][TRACE][TERRAIN] lave deja present en (1, 2) : pose ignoree
[T00][TRACE][TERRAIN] lave deja present en (4, 2) : pose ignoree
[T00][TRACE][TERRAIN] lave deja present en (5, 2) : pose ignoree
[T00][DBG][SPELL] Boule de feu : 0 unite(s), 0 terrain(s) | { "cibles": [] }
[T00][INFO][COMBAT] +1 XP Mage | { "personnage": "Elfe", "xp": 2, "rang": 1, "prochain_seuil": 3 }
[T00][INFO][SPELL] Elfe lance Boule de feu sur (3, 2) | { "PA": 1, "Ferveur": 0, "empreinte": false, "portee": 14, "zone": 2 }
[T00][TRACE][TERRAIN] lave deja present en (3, 2) : pose ignoree
[T00][TRACE][TERRAIN] lave deja present en (3, 1) : pose ignoree
[T00][TRACE][TERRAIN] lave deja present en (3, 0) : pose ignoree
[T00][TRACE][TERRAIN] lave deja present en (3, 3) : pose ignoree
[T00][TRACE][TERRAIN] lave deja present en (3, 4) : pose ignoree
[T00][TRACE][TERRAIN] lave deja present en (2, 2) : pose ignoree
[T00][TRACE][TERRAIN] lave deja present en (1, 2) : pose ignoree
[T00][TRACE][TERRAIN] lave deja present en (4, 2) : pose ignoree
[T00][TRACE][TERRAIN] lave deja present en (5, 2) : pose ignoree
[T00][DBG][SPELL] Boule de feu : 0 unite(s), 0 terrain(s) | { "cibles": [] }
[T00][INFO][COMBAT] +1 XP Mage | { "personnage": "Elfe", "xp": 3, "rang": 2, "prochain_seuil": -1 }
* test_failed_or_invalid_cast_grants_no_xp_and_spends_no_invalid_target_ap
[T00][INFO][SPELL] Elfe ne peut pas lancer Boule de feu (PA insuffisants : 0/1)
* test_aoe_cast_touching_multiple_units_still_grants_one_xp
[T00][INFO][SPELL] Elfe lance Boule de feu sur (3, 2) | { "PA": 1, "Ferveur": 0, "empreinte": false, "portee": 14, "zone": 2 }
[T00][INFO][COMBAT] Elfe inflige 400 degats a Centre | { "PV": "1000/1000", "Detail": "Degats finaux apres esquive, bouclier, armure/resistance et modificateurs.", "Categorie": 1, "Element": 1 }
[T00][DBG][TERRAIN] Pose lave en (3, 2) | { "duree": 3, "declencheur": 1, "degats": 15 }
[T00][DBG][TERRAIN] Pose lave en (3, 1) | { "duree": 3, "declencheur": 1, "degats": 15 }
[T00][DBG][TERRAIN] Pose lave en (3, 0) | { "duree": 3, "declencheur": 1, "degats": 15 }
[T00][INFO][COMBAT] Elfe inflige 400 degats a Périphérie | { "PV": "1000/1000", "Detail": "Degats finaux apres esquive, bouclier, armure/resistance et modificateurs.", "Categorie": 1, "Element": 1 }
[T00][DBG][TERRAIN] Pose lave en (3, 3) | { "duree": 3, "declencheur": 1, "degats": 15 }
[T00][DBG][TERRAIN] Pose lave en (3, 4) | { "duree": 3, "declencheur": 1, "degats": 15 }
[T00][DBG][TERRAIN] Pose lave en (2, 2) | { "duree": 3, "declencheur": 1, "degats": 15 }
[T00][DBG][TERRAIN] Pose lave en (1, 2) | { "duree": 3, "declencheur": 1, "degats": 15 }
[T00][DBG][TERRAIN] Pose lave en (4, 2) | { "duree": 3, "declencheur": 1, "degats": 15 }
[T00][DBG][TERRAIN] Pose lave en (5, 2) | { "duree": 3, "declencheur": 1, "degats": 15 }
[T00][DBG][SPELL] Boule de feu : 2 unite(s), 9 terrain(s) | { "cibles": ["Centre", "Périphérie"] }
[T00][INFO][COMBAT] +1 XP Mage | { "personnage": "Elfe", "xp": 1, "rang": 1, "prochain_seuil": 3 }
* test_enemy_cast_never_grants_character_progression
[T00][INFO][SPELL] Ennemi lance Boule de feu sur (3, 2) | { "PA": 1, "Ferveur": 0, "empreinte": false, "portee": 14, "zone": 2 }
[T00][DBG][TERRAIN] Pose lave en (3, 2) | { "duree": 3, "declencheur": 1, "degats": 15 }
[T00][DBG][TERRAIN] Pose lave en (3, 1) | { "duree": 3, "declencheur": 1, "degats": 15 }
[T00][DBG][TERRAIN] Pose lave en (3, 0) | { "duree": 3, "declencheur": 1, "degats": 15 }
[T00][DBG][TERRAIN] Pose lave en (3, 3) | { "duree": 3, "declencheur": 1, "degats": 15 }
[T00][DBG][TERRAIN] Pose lave en (3, 4) | { "duree": 3, "declencheur": 1, "degats": 15 }
[T00][DBG][TERRAIN] Pose lave en (2, 2) | { "duree": 3, "declencheur": 1, "degats": 15 }
[T00][DBG][TERRAIN] Pose lave en (1, 2) | { "duree": 3, "declencheur": 1, "degats": 15 }
[T00][DBG][TERRAIN] Pose lave en (4, 2) | { "duree": 3, "declencheur": 1, "degats": 15 }
[T00][DBG][TERRAIN] Pose lave en (5, 2) | { "duree": 3, "declencheur": 1, "degats": 15 }
[T00][DBG][SPELL] Boule de feu : 0 unite(s), 9 terrain(s) | { "cibles": [] }
* test_spell_without_discipline_grants_no_xp
[T00][INFO][SPELL] Elfe lance Sort de test sur (3, 2) | { "PA": 1, "Ferveur": 0, "empreinte": false, "portee": 5, "zone": 0 }
[T00][DBG][SPELL] Sort de test : 0 unite(s), 0 terrain(s) | { "cibles": [] }
* test_cast_xp_is_assigned_to_the_exact_character_instance
[T00][INFO][SPELL] Autre héros lance Boule de feu sur (3, 2) | { "PA": 1, "Ferveur": 0, "empreinte": false, "portee": 14, "zone": 2 }
[T00][DBG][TERRAIN] Pose lave en (3, 2) | { "duree": 3, "declencheur": 1, "degats": 15 }
[T00][DBG][TERRAIN] Pose lave en (3, 1) | { "duree": 3, "declencheur": 1, "degats": 15 }
[T00][DBG][TERRAIN] Pose lave en (3, 0) | { "duree": 3, "declencheur": 1, "degats": 15 }
[T00][DBG][TERRAIN] Pose lave en (3, 3) | { "duree": 3, "declencheur": 1, "degats": 15 }
[T00][DBG][TERRAIN] Pose lave en (3, 4) | { "duree": 3, "declencheur": 1, "degats": 15 }
[T00][DBG][TERRAIN] Pose lave en (2, 2) | { "duree": 3, "declencheur": 1, "degats": 15 }
[T00][DBG][TERRAIN] Pose lave en (1, 2) | { "duree": 3, "declencheur": 1, "degats": 15 }
[T00][DBG][TERRAIN] Pose lave en (4, 2) | { "duree": 3, "declencheur": 1, "degats": 15 }
[T00][DBG][TERRAIN] Pose lave en (5, 2) | { "duree": 3, "declencheur": 1, "degats": 15 }
[T00][DBG][SPELL] Boule de feu : 0 unite(s), 9 terrain(s) | { "cibles": [] }
[T00][INFO][COMBAT] +1 XP Mage | { "personnage": "Autre héros", "xp": 1, "rang": 1, "prochain_seuil": 3 }
* test_xp_rank_and_selection_persist_between_rooms_and_resource_resets
* test_starting_a_new_run_resets_xp_rank_and_choices
* test_incandescent_core_adds_three_damage_only_to_the_center_cell
[T00][INFO][SPELL] Elfe lance Boule de feu sur (3, 2) | { "PA": 1, "Ferveur": 0, "empreinte": false, "portee": 14, "zone": 2 }
[T00][INFO][COMBAT] Elfe inflige 403 degats a Centre | { "PV": "1000/1000", "Detail": "Degats finaux apres esquive, bouclier, armure/resistance et modificateurs.", "Categorie": 1, "Element": 1 }
[T00][DBG][TERRAIN] Pose lave en (3, 2) | { "duree": 3, "declencheur": 1, "degats": 15 }
[T00][DBG][TERRAIN] Pose lave en (3, 1) | { "duree": 3, "declencheur": 1, "degats": 15 }
[T00][DBG][TERRAIN] Pose lave en (3, 0) | { "duree": 3, "declencheur": 1, "degats": 15 }
[T00][INFO][COMBAT] Elfe inflige 400 degats a Périphérie | { "PV": "1000/1000", "Detail": "Degats finaux apres esquive, bouclier, armure/resistance et modificateurs.", "Categorie": 1, "Element": 1 }
[T00][DBG][TERRAIN] Pose lave en (3, 3) | { "duree": 3, "declencheur": 1, "degats": 15 }
[T00][DBG][TERRAIN] Pose lave en (3, 4) | { "duree": 3, "declencheur": 1, "degats": 15 }
[T00][DBG][TERRAIN] Pose lave en (2, 2) | { "duree": 3, "declencheur": 1, "degats": 15 }
[T00][DBG][TERRAIN] Pose lave en (1, 2) | { "duree": 3, "declencheur": 1, "degats": 15 }
[T00][DBG][TERRAIN] Pose lave en (4, 2) | { "duree": 3, "declencheur": 1, "degats": 15 }
[T00][DBG][TERRAIN] Pose lave en (5, 2) | { "duree": 3, "declencheur": 1, "degats": 15 }
[T00][DBG][SPELL] Boule de feu : 2 unite(s), 9 terrain(s) | { "cibles": ["Centre", "Périphérie"] }
[T00][INFO][COMBAT] +1 XP Mage | { "personnage": "Elfe", "xp": 4, "rang": 2, "prochain_seuil": -1 }
* test_incandescent_core_does_not_affect_another_spell
[T00][INFO][SPELL] Elfe lance Sort de test sur (1, 0) | { "PA": 1, "Ferveur": 0, "empreinte": false, "portee": 3, "zone": 0 }
[T00][INFO][COMBAT] Elfe inflige 10 degats a Cible | { "PV": "100/100", "Detail": "Degats finaux apres esquive, bouclier, armure/resistance et modificateurs.", "Categorie": 1, "Element": 0 }
[T00][DBG][SPELL] Sort de test : 1 unite(s), 0 terrain(s) | { "cibles": ["Cible"] }
* test_incandescent_core_does_not_leak_to_another_caster_using_same_spell
[T00][INFO][SPELL] Autre lanceur lance Boule de feu sur (3, 1) | { "PA": 1, "Ferveur": 0, "empreinte": false, "portee": 14, "zone": 2 }
[T00][INFO][COMBAT] Autre lanceur inflige 400 degats a Cible | { "PV": "1000/1000", "Detail": "Degats finaux apres esquive, bouclier, armure/resistance et modificateurs.", "Categorie": 1, "Element": 1 }
[T00][DBG][TERRAIN] Pose lave en (3, 1) | { "duree": 3, "declencheur": 1, "degats": 15 }
[T00][DBG][TERRAIN] Pose lave en (3, 0) | { "duree": 3, "declencheur": 1, "degats": 15 }
[T00][DBG][TERRAIN] Pose lave en (3, 2) | { "duree": 3, "declencheur": 1, "degats": 15 }
[T00][DBG][TERRAIN] Pose lave en (2, 1) | { "duree": 3, "declencheur": 1, "degats": 15 }
[T00][DBG][TERRAIN] Pose lave en (1, 1) | { "duree": 3, "declencheur": 1, "degats": 15 }
[T00][DBG][TERRAIN] Pose lave en (4, 1) | { "duree": 3, "declencheur": 1, "degats": 15 }
[T00][DBG][TERRAIN] Pose lave en (5, 1) | { "duree": 3, "declencheur": 1, "degats": 15 }
[T00][DBG][SPELL] Boule de feu : 1 unite(s), 7 terrain(s) | { "cibles": ["Cible"] }
* test_persistent_embers_places_existing_fire_for_exactly_one_turn
[T00][INFO][SPELL] Elfe lance Boule de feu sur (3, 2) | { "PA": 1, "Ferveur": 0, "empreinte": false, "portee": 14, "zone": 2 }
[T00][DBG][TERRAIN] Pose lave en (3, 2) | { "duree": 3, "declencheur": 1, "degats": 15 }
[T00][DBG][TERRAIN] Pose lave en (3, 1) | { "duree": 3, "declencheur": 1, "degats": 15 }
[T00][DBG][TERRAIN] Pose lave en (3, 0) | { "duree": 3, "declencheur": 1, "degats": 15 }
[T00][DBG][TERRAIN] Pose lave en (3, 3) | { "duree": 3, "declencheur": 1, "degats": 15 }
[T00][DBG][TERRAIN] Pose lave en (3, 4) | { "duree": 3, "declencheur": 1, "degats": 15 }
[T00][DBG][TERRAIN] Pose lave en (2, 2) | { "duree": 3, "declencheur": 1, "degats": 15 }
[T00][DBG][TERRAIN] Pose lave en (1, 2) | { "duree": 3, "declencheur": 1, "degats": 15 }
[T00][DBG][TERRAIN] Pose lave en (4, 2) | { "duree": 3, "declencheur": 1, "degats": 15 }
[T00][DBG][TERRAIN] Pose lave en (5, 2) | { "duree": 3, "declencheur": 1, "degats": 15 }
[T00][TRACE][TERRAIN] feu remplace lave en (3, 2)
[T00][DBG][TERRAIN] Pose feu en (3, 2) | { "duree": 1, "declencheur": 1, "degats": 8 }
[T00][TRACE][TERRAIN] feu remplace lave en (3, 1)
[T00][DBG][TERRAIN] Pose feu en (3, 1) | { "duree": 1, "declencheur": 1, "degats": 8 }
[T00][TRACE][TERRAIN] feu remplace lave en (3, 0)
[T00][DBG][TERRAIN] Pose feu en (3, 0) | { "duree": 1, "declencheur": 1, "degats": 8 }
[T00][TRACE][TERRAIN] feu remplace lave en (3, 3)
[T00][DBG][TERRAIN] Pose feu en (3, 3) | { "duree": 1, "declencheur": 1, "degats": 8 }
[T00][TRACE][TERRAIN] feu remplace lave en (3, 4)
[T00][DBG][TERRAIN] Pose feu en (3, 4) | { "duree": 1, "declencheur": 1, "degats": 8 }
[T00][TRACE][TERRAIN] feu remplace lave en (2, 2)
[T00][DBG][TERRAIN] Pose feu en (2, 2) | { "duree": 1, "declencheur": 1, "degats": 8 }
[T00][TRACE][TERRAIN] feu remplace lave en (1, 2)
[T00][DBG][TERRAIN] Pose feu en (1, 2) | { "duree": 1, "declencheur": 1, "degats": 8 }
[T00][TRACE][TERRAIN] feu remplace lave en (4, 2)
[T00][DBG][TERRAIN] Pose feu en (4, 2) | { "duree": 1, "declencheur": 1, "degats": 8 }
[T00][TRACE][TERRAIN] feu remplace lave en (5, 2)
[T00][DBG][TERRAIN] Pose feu en (5, 2) | { "duree": 1, "declencheur": 1, "degats": 8 }
[T00][DBG][SPELL] Boule de feu : 0 unite(s), 9 terrain(s) | { "cibles": [] }
[T00][INFO][COMBAT] +1 XP Mage | { "personnage": "Elfe", "xp": 4, "rang": 2, "prochain_seuil": -1 }
[T00][TRACE][TERRAIN] Effet expire en (1, 2)
[T00][TRACE][TERRAIN] Effet expire en (2, 2)
[T00][TRACE][TERRAIN] Effet expire en (3, 0)
[T00][TRACE][TERRAIN] Effet expire en (3, 1)
[T00][TRACE][TERRAIN] Effet expire en (3, 2)
[T00][TRACE][TERRAIN] Effet expire en (3, 3)
[T00][TRACE][TERRAIN] Effet expire en (3, 4)
[T00][TRACE][TERRAIN] Effet expire en (4, 2)
[T00][TRACE][TERRAIN] Effet expire en (5, 2)
[T00][DBG][TERRAIN] Vieillissement des effets | { "actifs": 0, "expires": 9 }
* test_persistent_embers_does_not_affect_another_spell
[T00][INFO][SPELL] Elfe lance Sort de test sur (2, 0) | { "PA": 1, "Ferveur": 0, "empreinte": false, "portee": 3, "zone": 0 }
[T00][DBG][SPELL] Sort de test : 0 unite(s), 0 terrain(s) | { "cibles": [] }
* test_persistent_embers_remains_active_on_a_new_battlefield
[T00][INFO][SPELL] Elfe lance Boule de feu sur (3, 2) | { "PA": 1, "Ferveur": 0, "empreinte": false, "portee": 14, "zone": 2 }
[T00][DBG][TERRAIN] Pose lave en (3, 2) | { "duree": 3, "declencheur": 1, "degats": 15 }
[T00][DBG][TERRAIN] Pose lave en (3, 1) | { "duree": 3, "declencheur": 1, "degats": 15 }
[T00][DBG][TERRAIN] Pose lave en (3, 0) | { "duree": 3, "declencheur": 1, "degats": 15 }
[T00][DBG][TERRAIN] Pose lave en (3, 3) | { "duree": 3, "declencheur": 1, "degats": 15 }
[T00][DBG][TERRAIN] Pose lave en (3, 4) | { "duree": 3, "declencheur": 1, "degats": 15 }
[T00][DBG][TERRAIN] Pose lave en (2, 2) | { "duree": 3, "declencheur": 1, "degats": 15 }
[T00][DBG][TERRAIN] Pose lave en (1, 2) | { "duree": 3, "declencheur": 1, "degats": 15 }
[T00][DBG][TERRAIN] Pose lave en (4, 2) | { "duree": 3, "declencheur": 1, "degats": 15 }
[T00][DBG][TERRAIN] Pose lave en (5, 2) | { "duree": 3, "declencheur": 1, "degats": 15 }
[T00][TRACE][TERRAIN] feu remplace lave en (3, 2)
[T00][DBG][TERRAIN] Pose feu en (3, 2) | { "duree": 1, "declencheur": 1, "degats": 8 }
[T00][TRACE][TERRAIN] feu remplace lave en (3, 1)
[T00][DBG][TERRAIN] Pose feu en (3, 1) | { "duree": 1, "declencheur": 1, "degats": 8 }
[T00][TRACE][TERRAIN] feu remplace lave en (3, 0)
[T00][DBG][TERRAIN] Pose feu en (3, 0) | { "duree": 1, "declencheur": 1, "degats": 8 }
[T00][TRACE][TERRAIN] feu remplace lave en (3, 3)
[T00][DBG][TERRAIN] Pose feu en (3, 3) | { "duree": 1, "declencheur": 1, "degats": 8 }
[T00][TRACE][TERRAIN] feu remplace lave en (3, 4)
[T00][DBG][TERRAIN] Pose feu en (3, 4) | { "duree": 1, "declencheur": 1, "degats": 8 }
[T00][TRACE][TERRAIN] feu remplace lave en (2, 2)
[T00][DBG][TERRAIN] Pose feu en (2, 2) | { "duree": 1, "declencheur": 1, "degats": 8 }
[T00][TRACE][TERRAIN] feu remplace lave en (1, 2)
[T00][DBG][TERRAIN] Pose feu en (1, 2) | { "duree": 1, "declencheur": 1, "degats": 8 }
[T00][TRACE][TERRAIN] feu remplace lave en (4, 2)
[T00][DBG][TERRAIN] Pose feu en (4, 2) | { "duree": 1, "declencheur": 1, "degats": 8 }
[T00][TRACE][TERRAIN] feu remplace lave en (5, 2)
[T00][DBG][TERRAIN] Pose feu en (5, 2) | { "duree": 1, "declencheur": 1, "degats": 8 }
[T00][DBG][SPELL] Boule de feu : 0 unite(s), 9 terrain(s) | { "cibles": [] }
[T00][INFO][COMBAT] +1 XP Mage | { "personnage": "Elfe", "xp": 4, "rang": 2, "prochain_seuil": -1 }
[T00][INFO][SPELL] Elfe lance Boule de feu sur (3, 2) | { "PA": 1, "Ferveur": 0, "empreinte": false, "portee": 14, "zone": 2 }
[T00][DBG][TERRAIN] Pose lave en (3, 2) | { "duree": 3, "declencheur": 1, "degats": 15 }
[T00][DBG][TERRAIN] Pose lave en (3, 1) | { "duree": 3, "declencheur": 1, "degats": 15 }
[T00][DBG][TERRAIN] Pose lave en (3, 0) | { "duree": 3, "declencheur": 1, "degats": 15 }
[T00][DBG][TERRAIN] Pose lave en (3, 3) | { "duree": 3, "declencheur": 1, "degats": 15 }
[T00][DBG][TERRAIN] Pose lave en (3, 4) | { "duree": 3, "declencheur": 1, "degats": 15 }
[T00][DBG][TERRAIN] Pose lave en (2, 2) | { "duree": 3, "declencheur": 1, "degats": 15 }
[T00][DBG][TERRAIN] Pose lave en (1, 2) | { "duree": 3, "declencheur": 1, "degats": 15 }
[T00][DBG][TERRAIN] Pose lave en (4, 2) | { "duree": 3, "declencheur": 1, "degats": 15 }
[T00][DBG][TERRAIN] Pose lave en (5, 2) | { "duree": 3, "declencheur": 1, "degats": 15 }
[T00][TRACE][TERRAIN] feu remplace lave en (3, 2)
[T00][DBG][TERRAIN] Pose feu en (3, 2) | { "duree": 1, "declencheur": 1, "degats": 8 }
[T00][TRACE][TERRAIN] feu remplace lave en (3, 1)
[T00][DBG][TERRAIN] Pose feu en (3, 1) | { "duree": 1, "declencheur": 1, "degats": 8 }
[T00][TRACE][TERRAIN] feu remplace lave en (3, 0)
[T00][DBG][TERRAIN] Pose feu en (3, 0) | { "duree": 1, "declencheur": 1, "degats": 8 }
[T00][TRACE][TERRAIN] feu remplace lave en (3, 3)
[T00][DBG][TERRAIN] Pose feu en (3, 3) | { "duree": 1, "declencheur": 1, "degats": 8 }
[T00][TRACE][TERRAIN] feu remplace lave en (3, 4)
[T00][DBG][TERRAIN] Pose feu en (3, 4) | { "duree": 1, "declencheur": 1, "degats": 8 }
[T00][TRACE][TERRAIN] feu remplace lave en (2, 2)
[T00][DBG][TERRAIN] Pose feu en (2, 2) | { "duree": 1, "declencheur": 1, "degats": 8 }
[T00][TRACE][TERRAIN] feu remplace lave en (1, 2)
[T00][DBG][TERRAIN] Pose feu en (1, 2) | { "duree": 1, "declencheur": 1, "degats": 8 }
[T00][TRACE][TERRAIN] feu remplace lave en (4, 2)
[T00][DBG][TERRAIN] Pose feu en (4, 2) | { "duree": 1, "declencheur": 1, "degats": 8 }
[T00][TRACE][TERRAIN] feu remplace lave en (5, 2)
[T00][DBG][TERRAIN] Pose feu en (5, 2) | { "duree": 1, "declencheur": 1, "degats": 8 }
[T00][DBG][SPELL] Boule de feu : 0 unite(s), 9 terrain(s) | { "cibles": [] }
[T00][INFO][COMBAT] +1 XP Mage | { "personnage": "Elfe", "xp": 5, "rang": 2, "prochain_seuil": -1 }
* test_progression_screen_requires_selection_then_confirms_one_choice
* test_victory_with_pending_choice_opens_progression_then_next_room
* test_victory_without_pending_choice_skips_progression_screen
* test_last_room_resolves_progression_before_run_result
* test_historical_victory_still_routes_to_reward_screen
27/27 passed.


res://test/unit/test_elf_multiple_progression_queue.gd
* test_four_disciplines_pending_in_unit_data_order
* test_pending_queue_uses_hero_order_before_discipline_order
* test_one_screen_resolves_four_choices_sequentially_then_enters_next_room
* test_queue_keeps_one_registered_screen_during_successive_replacements
* test_new_run_discards_all_old_pending_choices
5/5 passed.


res://test/unit/test_elf_precise_shot_bow_vfx.gd
* test_production_player_contains_exact_imported_bow_clip
* test_precise_shot_selects_bow_once_and_other_spell_keeps_normal_cast
* test_magic_bow_tracks_projected_hand_midpoint_with_offset
* test_release_point_is_cast_origin_only_while_bow_is_active
* test_bow_release_is_driven_by_player_position_and_emitted_once
* test_death_and_cancel_remove_the_magic_bow
* test_bow_shot_finishes_back_in_idle_without_orphan
    --- Awaiting 0.8 seconds  ---
* test_unit_view_forwards_spell_and_waits_for_bow_release
* test_precise_shot_vfx_timing_matches_projectile_scene
* test_projectile_initialiser_travels_impacts_and_leaves_no_orphan
    --- Awaiting 0.8 seconds  ---
10/10 passed.


res://test/unit/test_elf_prototype_flow.gd
* test_elf_run_is_exactly_three_rooms_with_all_progression_pools_empty
* test_title_screen_exposes_solo_validation_and_historical_entries_explicitly
* test_preconfigured_elf_has_one_hero_without_energy_or_draft_trait
* test_preconfigured_builder_preserves_energy_owned_by_unit_data
* test_run_state_duplicates_room_and_reward_arrays
* test_historical_draft_still_overrides_energy_and_adds_selected_trait
* test_empty_reward_pool_skips_even_the_first_forced_reward
* test_filled_historical_pool_keeps_the_first_forced_reward
* test_result_state_keeps_outcome_and_run_name
* test_no_energy_unit_hides_the_whole_energy_hud_group
* test_energy_unit_restores_the_whole_energy_hud_group
* test_imprint_button_exists_only_for_units_with_energy
* test_result_screen_displays_both_outcomes_and_run_name
13/13 passed.


res://test/unit/test_elf_rank_two_disciplines.gd
* test_new_disciplines_reach_rank_two_at_three_xp_once
* test_each_new_rank_has_exactly_two_expected_exclusive_choices
* test_mage_rank_two_data_remains_unchanged
* test_upgrade_selection_is_exclusive_inside_each_new_discipline
* test_each_elf_spell_grants_xp_only_to_its_display_named_discipline
[T00][INFO][SPELL] Elfe lance Tir précis sur (3, 1) | { "PA": 2, "Ferveur": 0, "empreinte": false, "portee": 7, "zone": 0 }
[T00][INFO][COMBAT] Elfe inflige 7 degats a Cible | { "PV": "1000/1000", "Detail": "Degats finaux apres esquive, bouclier, armure/resistance et modificateurs.", "Categorie": 0, "Element": 0 }
[T00][DBG][SPELL] Tir précis : 1 unite(s), 0 terrain(s) | { "cibles": ["Cible"] }
[T00][INFO][COMBAT] +1 XP Archer | { "personnage": "Elfe", "xp": 1, "rang": 1, "prochain_seuil": 3 }
[T00][INFO][SPELL] Elfe lance Frappe sournoise sur (1, 1) | { "PA": 2, "Ferveur": 0, "empreinte": false, "portee": 1, "zone": 0 }
[T00][INFO][COMBAT] Elfe inflige 7 degats a Cible | { "PV": "1000/1000", "Detail": "Degats finaux apres esquive, bouclier, armure/resistance et modificateurs.", "Categorie": 0, "Element": 0 }
[T00][DBG][SPELL] Frappe sournoise : 1 unite(s), 0 terrain(s) | { "cibles": ["Cible"] }
[T00][INFO][COMBAT] +1 XP Assassin | { "personnage": "Elfe", "xp": 1, "rang": 1, "prochain_seuil": 3 }
[T00][INFO][SPELL] Elfe lance Boule de feu sur (3, 1) | { "PA": 1, "Ferveur": 0, "empreinte": false, "portee": 14, "zone": 2 }
[T00][INFO][COMBAT] Elfe inflige 400 degats a Cible | { "PV": "1000/1000", "Detail": "Degats finaux apres esquive, bouclier, armure/resistance et modificateurs.", "Categorie": 1, "Element": 1 }
[T00][DBG][TERRAIN] Pose lave en (3, 1) | { "duree": 3, "declencheur": 1, "degats": 15 }
[T00][DBG][TERRAIN] Pose lave en (3, 0) | { "duree": 3, "declencheur": 1, "degats": 15 }
[T00][DBG][TERRAIN] Pose lave en (3, 2) | { "duree": 3, "declencheur": 1, "degats": 15 }
[T00][DBG][TERRAIN] Pose lave en (3, 3) | { "duree": 3, "declencheur": 1, "degats": 15 }
[T00][DBG][TERRAIN] Pose lave en (2, 1) | { "duree": 3, "declencheur": 1, "degats": 15 }
[T00][DBG][TERRAIN] Pose lave en (1, 1) | { "duree": 3, "declencheur": 1, "degats": 15 }
[T00][DBG][TERRAIN] Pose lave en (4, 1) | { "duree": 3, "declencheur": 1, "degats": 15 }
[T00][DBG][TERRAIN] Pose lave en (5, 1) | { "duree": 3, "declencheur": 1, "degats": 15 }
[T00][DBG][SPELL] Boule de feu : 1 unite(s), 8 terrain(s) | { "cibles": ["Cible"] }
[T00][INFO][COMBAT] +1 XP Mage | { "personnage": "Elfe", "xp": 1, "rang": 1, "prochain_seuil": 3 }
[T00][INFO][SPELL] Elfe lance Soin sylvestre sur (1, 1) | { "PA": 2, "Ferveur": 0, "empreinte": false, "portee": 5, "zone": 0 }
[T00][INFO][COMBAT] Allié recupere 7 PV | { "PV": "57/100", "Detail": "Soin reel apres plafond de PV max." }
[T00][DBG][SPELL] Soin sylvestre : 1 unite(s), 0 terrain(s) | { "cibles": ["Allié"] }
[T00][INFO][COMBAT] +1 XP Soigneur | { "personnage": "Elfe", "xp": 1, "rang": 1, "prochain_seuil": 3 }
* test_eagle_eye_has_no_bonus_at_manhattan_distance_three
[T00][INFO][SPELL] Elfe lance Tir précis sur (3, 1) | { "PA": 2, "Ferveur": 0, "empreinte": false, "portee": 7, "zone": 0 }
[T00][INFO][COMBAT] Elfe inflige 7 degats a Cible | { "PV": "100/100", "Detail": "Degats finaux apres esquive, bouclier, armure/resistance et modificateurs.", "Categorie": 0, "Element": 0 }
[T00][DBG][SPELL] Tir précis : 1 unite(s), 0 terrain(s) | { "cibles": ["Cible"] }
[T00][INFO][COMBAT] +1 XP Archer | { "personnage": "Elfe", "xp": 4, "rang": 2, "prochain_seuil": 7 }
* test_eagle_eye_adds_three_at_distance_four
[T00][INFO][SPELL] Elfe lance Tir précis sur (4, 1) | { "PA": 2, "Ferveur": 0, "empreinte": false, "portee": 7, "zone": 0 }
[T00][INFO][COMBAT] Elfe inflige 10 degats a Cible | { "PV": "100/100", "Detail": "Degats finaux apres esquive, bouclier, armure/resistance et modificateurs.", "Categorie": 0, "Element": 0 }
[T00][DBG][SPELL] Tir précis : 1 unite(s), 0 terrain(s) | { "cibles": ["Cible"] }
[T00][INFO][COMBAT] +1 XP Archer | { "personnage": "Elfe", "xp": 4, "rang": 2, "prochain_seuil": 7 }
* test_eagle_eye_adds_three_beyond_distance_four
[T00][INFO][SPELL] Elfe lance Tir précis sur (5, 1) | { "PA": 2, "Ferveur": 0, "empreinte": false, "portee": 7, "zone": 0 }
[T00][INFO][COMBAT] Elfe inflige 10 degats a Cible | { "PV": "100/100", "Detail": "Degats finaux apres esquive, bouclier, armure/resistance et modificateurs.", "Categorie": 0, "Element": 0 }
[T00][DBG][SPELL] Tir précis : 1 unite(s), 0 terrain(s) | { "cibles": ["Cible"] }
[T00][INFO][COMBAT] +1 XP Archer | { "personnage": "Elfe", "xp": 4, "rang": 2, "prochain_seuil": 7 }
* test_eagle_eye_uses_the_range_system_manhattan_metric
[T00][INFO][SPELL] Elfe lance Tir précis sur (3, 1) | { "PA": 2, "Ferveur": 0, "empreinte": false, "portee": 7, "zone": 0 }
[T00][INFO][COMBAT] Elfe inflige 10 degats a Cible | { "PV": "100/100", "Detail": "Degats finaux apres esquive, bouclier, armure/resistance et modificateurs.", "Categorie": 0, "Element": 0 }
[T00][DBG][SPELL] Tir précis : 1 unite(s), 0 terrain(s) | { "cibles": ["Cible"] }
[T00][INFO][COMBAT] +1 XP Archer | { "personnage": "Elfe", "xp": 4, "rang": 2, "prochain_seuil": 7 }
* test_eagle_eye_does_not_affect_other_spell_or_caster_or_spell_resource
[T00][INFO][SPELL] Elfe lance Sort de test sur (4, 1) | { "PA": 1, "Ferveur": 0, "empreinte": false, "portee": 7, "zone": 0 }
[T00][INFO][COMBAT] Elfe inflige 7 degats a Cible | { "PV": "100/100", "Detail": "Degats finaux apres esquive, bouclier, armure/resistance et modificateurs.", "Categorie": 1, "Element": 0 }
[T00][DBG][SPELL] Sort de test : 1 unite(s), 0 terrain(s) | { "cibles": ["Cible"] }
[T00][INFO][SPELL] Autre lance Tir précis sur (4, 1) | { "PA": 2, "Ferveur": 0, "empreinte": false, "portee": 7, "zone": 0 }
[T00][INFO][COMBAT] Autre inflige 7 degats a Cible | { "PV": "100/100", "Detail": "Degats finaux apres esquive, bouclier, armure/resistance et modificateurs.", "Categorie": 0, "Element": 0 }
[T00][DBG][SPELL] Tir précis : 1 unite(s), 0 terrain(s) | { "cibles": ["Cible"] }
* test_repel_arrow_pushes_exactly_one_cell_even_with_force
[T00][INFO][SPELL] Elfe lance Tir précis sur (2, 1) | { "PA": 2, "Ferveur": 0, "empreinte": false, "portee": 7, "zone": 0 }
[T00][INFO][COMBAT] Elfe inflige 7 degats a Cible | { "PV": "100/100", "Detail": "Degats finaux apres esquive, bouclier, armure/resistance et modificateurs.", "Categorie": 0, "Element": 0 }
[T00][DBG][SPELL] Cible pousse de (2, 1) a (3, 1)
[T00][DBG][SPELL] Tir précis : 1 unite(s), 0 terrain(s) | { "cibles": ["Cible"] }
[T00][INFO][COMBAT] +1 XP Archer | { "personnage": "Elfe", "xp": 4, "rang": 2, "prochain_seuil": 7 }
* test_repel_arrow_respects_wall_and_keeps_cast_valid
[T00][INFO][SPELL] Elfe lance Tir précis sur (2, 1) | { "PA": 2, "Ferveur": 0, "empreinte": false, "portee": 7, "zone": 0 }
[T00][INFO][COMBAT] Elfe inflige 7 degats a Cible | { "PV": "100/100", "Detail": "Degats finaux apres esquive, bouclier, armure/resistance et modificateurs.", "Categorie": 0, "Element": 0 }
[T00][DBG][SPELL] Tir précis : 1 unite(s), 0 terrain(s) | { "cibles": ["Cible"] }
[T00][INFO][COMBAT] +1 XP Archer | { "personnage": "Elfe", "xp": 4, "rang": 2, "prochain_seuil": 7 }
* test_repel_arrow_respects_grid_boundary
[T00][INFO][SPELL] Elfe lance Tir précis sur (1, 0) | { "PA": 2, "Ferveur": 0, "empreinte": false, "portee": 7, "zone": 0 }
[T00][INFO][COMBAT] Elfe inflige 7 degats a Cible | { "PV": "100/100", "Detail": "Degats finaux apres esquive, bouclier, armure/resistance et modificateurs.", "Categorie": 0, "Element": 0 }
[T00][DBG][SPELL] Tir précis : 1 unite(s), 0 terrain(s) | { "cibles": ["Cible"] }
[T00][INFO][COMBAT] +1 XP Archer | { "personnage": "Elfe", "xp": 4, "rang": 2, "prochain_seuil": 7 }
* test_repel_arrow_respects_occupied_cell_collision
[T00][INFO][SPELL] Elfe lance Tir précis sur (1, 0) | { "PA": 2, "Ferveur": 0, "empreinte": false, "portee": 7, "zone": 0 }
[T00][INFO][COMBAT] Elfe inflige 7 degats a Cible | { "PV": "100/100", "Detail": "Degats finaux apres esquive, bouclier, armure/resistance et modificateurs.", "Categorie": 0, "Element": 0 }
[T00][DBG][SPELL] Tir précis : 1 unite(s), 0 terrain(s) | { "cibles": ["Cible"] }
[T00][INFO][COMBAT] +1 XP Archer | { "personnage": "Elfe", "xp": 4, "rang": 2, "prochain_seuil": 7 }
* test_repel_arrow_does_not_push_with_another_spell
[T00][INFO][SPELL] Elfe lance Sort de test sur (1, 0) | { "PA": 1, "Ferveur": 0, "empreinte": false, "portee": 5, "zone": 0 }
[T00][INFO][COMBAT] Elfe inflige 1 degats a Cible | { "PV": "100/100", "Detail": "Degats finaux apres esquive, bouclier, armure/resistance et modificateurs.", "Categorie": 1, "Element": 0 }
[T00][DBG][SPELL] Sort de test : 1 unite(s), 0 terrain(s) | { "cibles": ["Cible"] }
* test_repel_arrow_does_not_leak_to_another_caster
[T00][INFO][SPELL] Autre archer lance Tir précis sur (1, 0) | { "PA": 2, "Ferveur": 0, "empreinte": false, "portee": 7, "zone": 0 }
[T00][INFO][COMBAT] Autre archer inflige 7 degats a Cible | { "PV": "100/100", "Detail": "Degats finaux apres esquive, bouclier, armure/resistance et modificateurs.", "Categorie": 0, "Element": 0 }
[T00][DBG][SPELL] Tir précis : 1 unite(s), 0 terrain(s) | { "cibles": ["Cible"] }
* test_backstab_adds_four_for_all_logical_facings
[T00][INFO][SPELL] Elfe lance Frappe sournoise sur (2, 2) | { "PA": 2, "Ferveur": 0, "empreinte": false, "portee": 1, "zone": 0 }
[T00][INFO][COMBAT] Elfe inflige 11 degats a Cible | { "PV": "100/100", "Detail": "Degats finaux apres esquive, bouclier, armure/resistance et modificateurs.", "Categorie": 0, "Element": 0 }
[T00][DBG][SPELL] Frappe sournoise : 1 unite(s), 0 terrain(s) | { "cibles": ["Cible"] }
[T00][INFO][COMBAT] +1 XP Assassin | { "personnage": "Elfe", "xp": 4, "rang": 2, "prochain_seuil": -1 }
[T00][INFO][SPELL] Elfe lance Frappe sournoise sur (2, 2) | { "PA": 2, "Ferveur": 0, "empreinte": false, "portee": 1, "zone": 0 }
[T00][INFO][COMBAT] Elfe inflige 11 degats a Cible | { "PV": "100/100", "Detail": "Degats finaux apres esquive, bouclier, armure/resistance et modificateurs.", "Categorie": 0, "Element": 0 }
[T00][DBG][SPELL] Frappe sournoise : 1 unite(s), 0 terrain(s) | { "cibles": ["Cible"] }
[T00][INFO][COMBAT] +1 XP Assassin | { "personnage": "Elfe", "xp": 5, "rang": 2, "prochain_seuil": -1 }
[T00][INFO][SPELL] Elfe lance Frappe sournoise sur (2, 2) | { "PA": 2, "Ferveur": 0, "empreinte": false, "portee": 1, "zone": 0 }
[T00][INFO][COMBAT] Elfe inflige 11 degats a Cible | { "PV": "100/100", "Detail": "Degats finaux apres esquive, bouclier, armure/resistance et modificateurs.", "Categorie": 0, "Element": 0 }
[T00][DBG][SPELL] Frappe sournoise : 1 unite(s), 0 terrain(s) | { "cibles": ["Cible"] }
[T00][INFO][COMBAT] +1 XP Assassin | { "personnage": "Elfe", "xp": 6, "rang": 2, "prochain_seuil": -1 }
[T00][INFO][SPELL] Elfe lance Frappe sournoise sur (2, 2) | { "PA": 2, "Ferveur": 0, "empreinte": false, "portee": 1, "zone": 0 }
[T00][INFO][COMBAT] Elfe inflige 11 degats a Cible | { "PV": "100/100", "Detail": "Degats finaux apres esquive, bouclier, armure/resistance et modificateurs.", "Categorie": 0, "Element": 0 }
[T00][DBG][SPELL] Frappe sournoise : 1 unite(s), 0 terrain(s) | { "cibles": ["Cible"] }
[T00][INFO][COMBAT] +1 XP Assassin | { "personnage": "Elfe", "xp": 7, "rang": 2, "prochain_seuil": -1 }
* test_backstab_has_no_bonus_from_front_or_side
[T00][INFO][SPELL] Elfe lance Frappe sournoise sur (2, 2) | { "PA": 2, "Ferveur": 0, "empreinte": false, "portee": 1, "zone": 0 }
[T00][INFO][COMBAT] Elfe inflige 7 degats a Cible | { "PV": "100/100", "Detail": "Degats finaux apres esquive, bouclier, armure/resistance et modificateurs.", "Categorie": 0, "Element": 0 }
[T00][DBG][SPELL] Frappe sournoise : 1 unite(s), 0 terrain(s) | { "cibles": ["Cible"] }
[T00][INFO][COMBAT] +1 XP Assassin | { "personnage": "Elfe", "xp": 4, "rang": 2, "prochain_seuil": -1 }
[T00][INFO][SPELL] Elfe lance Frappe sournoise sur (2, 2) | { "PA": 2, "Ferveur": 0, "empreinte": false, "portee": 1, "zone": 0 }
[T00][INFO][COMBAT] Elfe inflige 7 degats a Cible | { "PV": "100/100", "Detail": "Degats finaux apres esquive, bouclier, armure/resistance et modificateurs.", "Categorie": 0, "Element": 0 }
[T00][DBG][SPELL] Frappe sournoise : 1 unite(s), 0 terrain(s) | { "cibles": ["Cible"] }
[T00][INFO][COMBAT] +1 XP Assassin | { "personnage": "Elfe", "xp": 5, "rang": 2, "prochain_seuil": -1 }
* test_backstab_does_not_affect_other_spell_or_caster_or_resource
[T00][INFO][SPELL] Elfe lance Sort de test sur (2, 2) | { "PA": 1, "Ferveur": 0, "empreinte": false, "portee": 1, "zone": 0 }
[T00][INFO][COMBAT] Elfe inflige 7 degats a Cible | { "PV": "100/100", "Detail": "Degats finaux apres esquive, bouclier, armure/resistance et modificateurs.", "Categorie": 1, "Element": 0 }
[T00][DBG][SPELL] Sort de test : 1 unite(s), 0 terrain(s) | { "cibles": ["Cible"] }
[T00][INFO][SPELL] Autre lance Frappe sournoise sur (2, 2) | { "PA": 2, "Ferveur": 0, "empreinte": false, "portee": 1, "zone": 0 }
[T00][INFO][COMBAT] Autre inflige 7 degats a Cible | { "PV": "100/100", "Detail": "Degats finaux apres esquive, bouclier, armure/resistance et modificateurs.", "Categorie": 0, "Element": 0 }
[T00][DBG][SPELL] Frappe sournoise : 1 unite(s), 0 terrain(s) | { "cibles": ["Cible"] }
* test_venomous_blade_deals_two_damage_for_exactly_two_turn_starts
[T00][INFO][SPELL] Elfe lance Frappe sournoise sur (2, 1) | { "PA": 2, "Ferveur": 0, "empreinte": false, "portee": 1, "zone": 0 }
[T00][INFO][COMBAT] Elfe inflige 7 degats a Cible | { "PV": "100/100", "Detail": "Degats finaux apres esquive, bouclier, armure/resistance et modificateurs.", "Categorie": 0, "Element": 0 }
[T00][DBG][SPELL] Frappe sournoise : 1 unite(s), 0 terrain(s) | { "cibles": ["Cible"] }
[T00][INFO][COMBAT] +1 XP Assassin | { "personnage": "Elfe", "xp": 4, "rang": 2, "prochain_seuil": -1 }
    [Failed]:  [<null>] expected to be same as  [(res://data/status/elf_venomous_blade_poison.tres):<Resource#-9223370883337284646>(status_data.gd)]:  
      at line 443
    [Failed]:  [<null>] expected to equal [2]:  
      at line 444
    [Failed]:  [93] expected to equal [91]:  
      at line 447
    [Failed]:  [93] expected to equal [89]:  
      at line 450
    [Failed]:  [93] expected to equal [89]:  
      at line 454
* test_venomous_blade_reapplication_refreshes_duration_without_stack
[T00][INFO][SPELL] Elfe lance Frappe sournoise sur (2, 1) | { "PA": 2, "Ferveur": 0, "empreinte": false, "portee": 1, "zone": 0 }
[T00][INFO][COMBAT] Elfe inflige 7 degats a Cible | { "PV": "100/100", "Detail": "Degats finaux apres esquive, bouclier, armure/resistance et modificateurs.", "Categorie": 0, "Element": 0 }
[T00][DBG][SPELL] Frappe sournoise : 1 unite(s), 0 terrain(s) | { "cibles": ["Cible"] }
[T00][INFO][COMBAT] +1 XP Assassin | { "personnage": "Elfe", "xp": 4, "rang": 2, "prochain_seuil": -1 }
    [Failed]:  [<null>] expected to equal [1]:  
      at line 468
[T00][INFO][SPELL] Elfe lance Frappe sournoise sur (2, 1) | { "PA": 2, "Ferveur": 0, "empreinte": false, "portee": 1, "zone": 0 }
[T00][INFO][COMBAT] Elfe inflige 7 degats a Cible | { "PV": "93/100", "Detail": "Degats finaux apres esquive, bouclier, armure/resistance et modificateurs.", "Categorie": 0, "Element": 0 }
[T00][DBG][SPELL] Frappe sournoise : 1 unite(s), 0 terrain(s) | { "cibles": ["Cible"] }
[T00][INFO][COMBAT] +1 XP Assassin | { "personnage": "Elfe", "xp": 5, "rang": 2, "prochain_seuil": -1 }
    [Failed]:  [0] expected to equal [1]:  
      at line 471
    [Failed]:  [<null>] expected to equal [2]:  
      at line 472
    [Failed]:  [86] expected to equal [82]:  
      at line 478
    [Failed]:  [86] expected to equal [82]:  
      at line 481
* test_venomous_blade_is_not_applied_on_refused_or_other_spell
[T00][INFO][SPELL] Elfe ne peut pas lancer Frappe sournoise (PA insuffisants : 0/2)
[T00][INFO][SPELL] Elfe lance Sort de test sur (1, 0) | { "PA": 1, "Ferveur": 0, "empreinte": false, "portee": 1, "zone": 0 }
[T00][INFO][COMBAT] Elfe inflige 1 degats a Cible | { "PV": "100/100", "Detail": "Degats finaux apres esquive, bouclier, armure/resistance et modificateurs.", "Categorie": 1, "Element": 0 }
[T00][DBG][SPELL] Sort de test : 1 unite(s), 0 terrain(s) | { "cibles": ["Cible"] }
* test_venomous_blade_does_not_leak_to_another_caster
[T00][INFO][SPELL] Autre assassin lance Frappe sournoise sur (1, 0) | { "PA": 2, "Ferveur": 0, "empreinte": false, "portee": 1, "zone": 0 }
[T00][INFO][COMBAT] Autre assassin inflige 7 degats a Cible | { "PV": "100/100", "Detail": "Degats finaux apres esquive, bouclier, armure/resistance et modificateurs.", "Categorie": 0, "Element": 0 }
[T00][DBG][SPELL] Frappe sournoise : 1 unite(s), 0 terrain(s) | { "cibles": ["Cible"] }
* test_venomous_blade_never_mutates_status_resource_runtime_duration
[T00][INFO][SPELL] Elfe lance Frappe sournoise sur (2, 1) | { "PA": 2, "Ferveur": 0, "empreinte": false, "portee": 1, "zone": 0 }
[T00][INFO][COMBAT] Elfe inflige 7 degats a Cible | { "PV": "100/100", "Detail": "Degats finaux apres esquive, bouclier, armure/resistance et modificateurs.", "Categorie": 0, "Element": 0 }
[T00][DBG][SPELL] Frappe sournoise : 1 unite(s), 0 terrain(s) | { "cibles": ["Cible"] }
[T00][INFO][COMBAT] +1 XP Assassin | { "personnage": "Elfe", "xp": 4, "rang": 2, "prochain_seuil": -1 }
* test_abundant_sap_adds_three_healing_and_reports_real_amount
[T00][INFO][SPELL] Elfe lance Soin sylvestre sur (1, 1) | { "PA": 2, "Ferveur": 0, "empreinte": false, "portee": 5, "zone": 0 }
[T00][INFO][COMBAT] Allié recupere 10 PV | { "PV": "60/100", "Detail": "Soin reel apres plafond de PV max." }
[T00][DBG][SPELL] Soin sylvestre : 1 unite(s), 0 terrain(s) | { "cibles": ["Allié"] }
[T00][INFO][COMBAT] +1 XP Soigneur | { "personnage": "Elfe", "xp": 4, "rang": 2, "prochain_seuil": -1 }
* test_abundant_sap_clamps_to_max_without_overheal_shield
[T00][INFO][SPELL] Elfe lance Soin sylvestre sur (1, 1) | { "PA": 2, "Ferveur": 0, "empreinte": false, "portee": 5, "zone": 0 }
[T00][INFO][COMBAT] Allié recupere 5 PV | { "PV": "100/100", "Detail": "Soin reel apres plafond de PV max." }
[T00][DBG][SPELL] Soin sylvestre : 1 unite(s), 0 terrain(s) | { "cibles": ["Allié"] }
[T00][INFO][COMBAT] +1 XP Soigneur | { "personnage": "Elfe", "xp": 4, "rang": 2, "prochain_seuil": -1 }
* test_abundant_sap_does_not_affect_another_heal_or_damage
[T00][INFO][SPELL] Elfe lance Sort de test sur (1, 1) | { "PA": 1, "Ferveur": 0, "empreinte": false, "portee": 5, "zone": 0 }
[T00][INFO][COMBAT] Allié recupere 7 PV | { "PV": "57/100", "Detail": "Soin reel apres plafond de PV max." }
[T00][DBG][SPELL] Sort de test : 1 unite(s), 0 terrain(s) | { "cibles": ["Allié"] }
[T00][INFO][SPELL] Elfe lance Sort de test sur (2, 1) | { "PA": 1, "Ferveur": 0, "empreinte": false, "portee": 2, "zone": 0 }
[T00][INFO][COMBAT] Elfe inflige 5 degats a Ennemi | { "PV": "100/100", "Detail": "Degats finaux apres esquive, bouclier, armure/resistance et modificateurs.", "Categorie": 1, "Element": 0 }
[T00][DBG][SPELL] Sort de test : 1 unite(s), 0 terrain(s) | { "cibles": ["Ennemi"] }
* test_abundant_sap_does_not_leak_to_another_caster
[T00][INFO][SPELL] Autre soigneur lance Soin sylvestre sur (1, 1) | { "PA": 2, "Ferveur": 0, "empreinte": false, "portee": 5, "zone": 0 }
[T00][INFO][COMBAT] Allié recupere 7 PV | { "PV": "57/100", "Detail": "Soin reel apres plafond de PV max." }
[T00][DBG][SPELL] Soin sylvestre : 1 unite(s), 0 terrain(s) | { "cibles": ["Allié"] }
* test_protective_bark_applies_shield_after_self_heal
[T00][INFO][SPELL] Elfe lance Soin sylvestre sur (1, 1) | { "PA": 2, "Ferveur": 0, "empreinte": false, "portee": 5, "zone": 0 }
[T00][INFO][COMBAT] Elfe recupere 7 PV | { "PV": "57/100", "Detail": "Soin reel apres plafond de PV max." }
[T00][DBG][STATS] Elfe reÃ§oit un bouclier de 3
[T00][DBG][SPELL] Soin sylvestre : 1 unite(s), 0 terrain(s) | { "cibles": ["Elfe"] }
[T00][INFO][COMBAT] +1 XP Soigneur | { "personnage": "Elfe", "xp": 4, "rang": 2, "prochain_seuil": -1 }
* test_protective_bark_applies_three_to_ally_and_replaces_without_stacking
[T00][INFO][SPELL] Elfe lance Soin sylvestre sur (1, 1) | { "PA": 2, "Ferveur": 0, "empreinte": false, "portee": 5, "zone": 0 }
[T00][INFO][COMBAT] Allié recupere 7 PV | { "PV": "57/100", "Detail": "Soin reel apres plafond de PV max." }
[T00][DBG][STATS] Allié reÃ§oit un bouclier de 3
[T00][DBG][SPELL] Soin sylvestre : 1 unite(s), 0 terrain(s) | { "cibles": ["Allié"] }
[T00][INFO][COMBAT] +1 XP Soigneur | { "personnage": "Elfe", "xp": 4, "rang": 2, "prochain_seuil": -1 }
[T00][INFO][SPELL] Elfe lance Soin sylvestre sur (1, 1) | { "PA": 2, "Ferveur": 0, "empreinte": false, "portee": 5, "zone": 0 }
[T00][INFO][COMBAT] Allié recupere 7 PV | { "PV": "64/100", "Detail": "Soin reel apres plafond de PV max." }
[T00][DBG][SPELL] Soin sylvestre : 1 unite(s), 0 terrain(s) | { "cibles": ["Allié"] }
[T00][INFO][COMBAT] +1 XP Soigneur | { "personnage": "Elfe", "xp": 5, "rang": 2, "prochain_seuil": -1 }
[T00][INFO][SPELL] Elfe lance Soin sylvestre sur (1, 1) | { "PA": 2, "Ferveur": 0, "empreinte": false, "portee": 5, "zone": 0 }
[T00][INFO][COMBAT] Allié recupere 7 PV | { "PV": "71/100", "Detail": "Soin reel apres plafond de PV max." }
[T00][DBG][SPELL] Soin sylvestre : 1 unite(s), 0 terrain(s) | { "cibles": ["Allié"] }
[T00][INFO][COMBAT] +1 XP Soigneur | { "personnage": "Elfe", "xp": 6, "rang": 2, "prochain_seuil": -1 }
* test_protective_bark_does_not_affect_other_heal_or_spell_resource
[T00][INFO][SPELL] Elfe lance Sort de test sur (1, 1) | { "PA": 1, "Ferveur": 0, "empreinte": false, "portee": 5, "zone": 0 }
[T00][INFO][COMBAT] Allié recupere 7 PV | { "PV": "57/100", "Detail": "Soin reel apres plafond de PV max." }
[T00][DBG][SPELL] Sort de test : 1 unite(s), 0 terrain(s) | { "cibles": ["Allié"] }
* test_protective_bark_does_not_leak_to_another_caster
[T00][INFO][SPELL] Autre soigneur lance Soin sylvestre sur (1, 1) | { "PA": 2, "Ferveur": 0, "empreinte": false, "portee": 5, "zone": 0 }
[T00][INFO][COMBAT] Allié recupere 7 PV | { "PV": "57/100", "Detail": "Soin reel apres plafond de PV max." }
[T00][DBG][SPELL] Soin sylvestre : 1 unite(s), 0 terrain(s) | { "cibles": ["Allié"] }
* test_cross_discipline_choices_install_independent_targeted_modifiers
    [Failed]:  [3] expected to equal [4]:  
      at line 700
    [Failed] 
      at line 702
    [Failed]:  [3] expected to equal [4]:  
      at line 706
30/33 passed.


res://test/unit/test_energy_gauge_awakening.gd
* test_activable_seulement_au_cout_atteint
* test_activation_depense_et_pose_l_etat
* test_la_duree_expire_et_emet_awakening_expired
* test_duree_minimale_d_un_tour
* test_reset_revient_a_start_energy_et_purge_l_eveil
* test_reset_sans_energie_revient_a_zero
6/6 passed.


res://test/unit/test_energy_gauge_gain.gd
* test_generation_par_verbe_credite_la_gain_table
* test_verbe_inconnu_ou_sans_energie
* test_plafond_max_energy_tronque_le_gain
* test_multiplicateurs_externes_appliques_au_gain
* test_multiplicateur_de_seuil_pendant_l_eveil
* test_depense_et_refus_de_decouvert
6/6 passed.


res://test/unit/test_fixed_trio_mage_contract.gd
* test_run_has_exact_rooms_and_no_progression_or_reward_pool
    [Failed]:  ARRAY(["res://data/rooms/bible/le_gue.tres", "res://data/rooms/terrain_2.tres", "res://dat...te.tres"]) != ARRAY(["res://data/rooms/bible/le_gue.tres", "res://data/rooms/bible/la_forge.tres", "res:...te.tres"]).
    ["res://data/rooms/bible/le_gue.tres", "...ute.tres"] != ["res://data/rooms/bible/le_gue.tres", "...ute.tres"]  3 of 4 indexes do not match.  
      at line 41
* test_fixed_composition_order_ids_states_and_loadouts_are_exact
* test_mage_spell_cast_grants_only_its_own_discipline_xp
[T00][INFO][COMBAT] +1 XP Pyromancie | { "personnage": "Mage", "xp": 1, "rang": 1, "prochain_seuil": -1 }
* test_same_mage_state_unit_hp_loadout_and_visual_persist_between_rooms
* test_hud_cycles_elf_mage_guardian_elf_without_buttons_or_state_residue
* test_battle_rejects_hidden_basic_attack_without_mage_special_case
5/6 passed.


res://test/unit/test_fixed_trio_mage_lifecycle.gd
* test_replacing_run_disposes_old_mage_state_loadout_and_modifiers
* test_cleanup_removes_all_three_states_and_pending_continuations
* test_freeing_mage_iso_disconnects_unit_and_event_bus_signals
* test_freed_mage_visual_cannot_emit_a_late_release
* test_three_successive_runs_keep_fresh_mage_instances_and_one_manager_callback
5/5 passed.


res://test/unit/test_force_multiplier.gd
* test_multiplicateur_de_base
* test_distance_de_poussee_scalee_par_la_force
[T00][INFO][SPELL] Heros lance Sort de test sur (1, 1) | { "PA": 1, "Ferveur": 0, "empreinte": false, "portee": 5, "zone": 0 }
[T00][DBG][SPELL] Cible pousse de (1, 1) a (5, 1)
[T00][DBG][SPELL] Sort de test : 0 unite(s), 0 terrain(s) | { "cibles": [] }
* test_distance_de_poussee_sans_force
[T00][INFO][SPELL] Heros lance Sort de test sur (1, 1) | { "PA": 1, "Ferveur": 0, "empreinte": false, "portee": 5, "zone": 0 }
[T00][DBG][SPELL] Cible pousse de (1, 1) a (3, 1)
[T00][DBG][SPELL] Sort de test : 0 unite(s), 0 terrain(s) | { "cibles": [] }
* test_degats_de_collision_scales_par_la_force
[T00][INFO][SPELL] Heros lance Sort de test sur (1, 1) | { "PA": 1, "Ferveur": 0, "empreinte": false, "portee": 5, "zone": 0 }
[T00][INFO][COMBAT] Heros inflige 20 degats a Cible | { "PV": "100/100", "Detail": "Degats finaux apres esquive, bouclier, armure/resistance et modificateurs.", "Categorie": 0, "Element": 0 }
[T00][DBG][SPELL] Collision : Cible subit 20
[T00][DBG][SPELL] Sort de test : 0 unite(s), 0 terrain(s) | { "cibles": [] }
* test_gain_energie_exploit_scale_par_la_force
* test_gain_energie_hors_exploit_non_scale
6/6 passed.


res://test/unit/test_forest_room_iso.gd
* test_round_trip_complet_de_la_grille_10_par_8
* test_scene_de_production_charge_et_contient_le_contrat_iso
* test_laboratoire_de_calibration_charge_avec_etat_valide
* test_laboratoire_et_production_partagent_une_calibration_unique
* test_placeholders_temporaires_sont_limites_a_la_scene_iso
* test_vraie_premiere_roomdata_reference_la_scene_iso
* test_zones_de_deploiement_sont_valides_dans_10_par_8
* test_ancienne_scene_et_anciennes_rooms_restent_chargeables
* test_overlay_transparent_reste_interactif_sans_muter_griddata
* test_textes_flottants_n_utilisent_aucune_formule_cartesienne
* test_battle_conserve_bounds_iso_et_repli_cartesien
11/11 passed.


res://test/unit/test_gain_table.gd
* test_chaque_verbe_credite_la_valeur_du_tres
* test_verbe_inconnu_ne_credite_rien
* test_take_damage_credite_via_le_flux_de_degats_reel
[T00][INFO][COMBAT] Terrain inflige 10 degats a Testeur | { "PV": "100/100", "Detail": "Degats finaux apres esquive, bouclier, armure/resistance et modificateurs.", "Categorie": 0, "Element": 0 }
* test_plafond_max_energy_jamais_depasse
* test_plafond_tenu_sous_generation_repetee_par_verbe
5/5 passed.


res://test/unit/test_iso_grid_view.gd
* test_round_trip_des_cellules_representatives
* test_round_trip_geometrique_des_coordonnees_negatives
* test_orientation_des_axes_logiques
* test_points_clairement_interieurs_au_losange
* test_bounds_contiennent_les_polygones_des_quatre_extremes
* test_tileset_isometrique_utilise_un_footprint_64_par_32
* test_interactions_visuelles_ne_modifient_pas_grid_data
* test_transform_du_tilemaplayer_ne_casse_pas_les_conversions
8/8 passed.


res://test/unit/test_iso_projection.gd
* test_grid_to_world_convertit_plusieurs_cellules
* test_aller_retour_grid_world_grid
* test_aller_retour_des_quatre_coins_de_la_grille
* test_coordonnees_negatives
* test_origine_non_nulle
* test_clics_proches_des_quatre_bordures_restent_dans_la_cellule
6/6 passed.


res://test/unit/test_log_definitions.gd
* test_logger_preserve_son_api_publique
* test_raccourcis_utilisent_les_definitions_canoniques
2/2 passed.


res://test/unit/test_mage_elemental_foundation.gd
* test_mage_has_four_ordered_rank_one_disciplines_without_rank_two_choices
* test_mage_loadout_has_exactly_four_known_and_equipped_spells_in_order
* test_action_bar_shows_four_ordered_spells_and_no_basic_attack
* test_each_successful_spell_grants_exactly_one_xp_to_its_discipline
[T00][INFO][SPELL] Mage lance Boule de feu du Mage sur (3, 2) | { "PA": 1, "Ferveur": 0, "empreinte": false, "portee": 14, "zone": 2 }
[T00][DBG][TERRAIN] Pose lave en (3, 2) | { "duree": 3, "declencheur": 1, "degats": 15 }
[T00][DBG][TERRAIN] Pose lave en (3, 1) | { "duree": 3, "declencheur": 1, "degats": 15 }
[T00][DBG][TERRAIN] Pose lave en (3, 0) | { "duree": 3, "declencheur": 1, "degats": 15 }
[T00][DBG][TERRAIN] Pose lave en (3, 3) | { "duree": 3, "declencheur": 1, "degats": 15 }
[T00][DBG][TERRAIN] Pose lave en (3, 4) | { "duree": 3, "declencheur": 1, "degats": 15 }
[T00][DBG][TERRAIN] Pose lave en (2, 2) | { "duree": 3, "declencheur": 1, "degats": 15 }
[T00][DBG][TERRAIN] Pose lave en (1, 2) | { "duree": 3, "declencheur": 1, "degats": 15 }
[T00][DBG][TERRAIN] Pose lave en (4, 2) | { "duree": 3, "declencheur": 1, "degats": 15 }
[T00][DBG][TERRAIN] Pose lave en (5, 2) | { "duree": 3, "declencheur": 1, "degats": 15 }
[T00][DBG][SPELL] Boule de feu du Mage : 0 unite(s), 9 terrain(s) | { "cibles": [] }
[T00][INFO][COMBAT] +1 XP Pyromancie | { "personnage": "Mage", "xp": 1, "rang": 1, "prochain_seuil": -1 }
[T00][INFO][SPELL] Mage lance Mur de glace sur (4, 2) | { "PA": 1, "Ferveur": 0, "empreinte": false, "portee": 6, "zone": 3 }
[T00][DBG][TERRAIN] Pose glace en (4, 2) | { "duree": 3, "declencheur": 2, "degats": 0 }
[T00][DBG][TERRAIN] Pose glace en (4, 1) | { "duree": 3, "declencheur": 2, "degats": 0 }
[T00][DBG][TERRAIN] Pose glace en (4, 0) | { "duree": 3, "declencheur": 2, "degats": 0 }
[T00][DBG][TERRAIN] Pose glace en (4, 3) | { "duree": 3, "declencheur": 2, "degats": 0 }
[T00][DBG][TERRAIN] Pose glace en (4, 4) | { "duree": 3, "declencheur": 2, "degats": 0 }
[T00][DBG][TERRAIN] Pose glace en (3, 2) | { "duree": 3, "declencheur": 2, "degats": 0 }
[T00][DBG][TERRAIN] Pose glace en (2, 2) | { "duree": 3, "declencheur": 2, "degats": 0 }
[T00][DBG][TERRAIN] Pose glace en (1, 2) | { "duree": 3, "declencheur": 2, "degats": 0 }
[T00][DBG][TERRAIN] Pose glace en (5, 2) | { "duree": 3, "declencheur": 2, "degats": 0 }
[T00][DBG][TERRAIN] Pose glace en (6, 2) | { "duree": 3, "declencheur": 2, "degats": 0 }
[T00][DBG][TERRAIN] Pose glace en (7, 2) | { "duree": 3, "declencheur": 2, "degats": 0 }
[T00][DBG][SPELL] Mur de glace : 0 unite(s), 11 terrain(s) | { "cibles": [] }
[T00][INFO][COMBAT] +1 XP Cryomancie | { "personnage": "Mage", "xp": 1, "rang": 1, "prochain_seuil": -1 }
[T00][INFO][SPELL] Mage lance Tempête orageuse sur (5, 2) | { "PA": 3, "Ferveur": 0, "empreinte": false, "portee": 5, "zone": 1 }
[T00][DBG][SPELL] Tempête orageuse : 0 unite(s), 0 terrain(s) | { "cibles": [] }
[T00][INFO][COMBAT] +1 XP Foudromancie | { "personnage": "Mage", "xp": 1, "rang": 1, "prochain_seuil": -1 }
[T00][INFO][SPELL] Mage lance Onde sismique sur (2, 2) | { "PA": 2, "Ferveur": 0, "empreinte": false, "portee": 3, "zone": 3 }
[T00][DBG][SPELL] Onde sismique : 0 unite(s), 0 terrain(s) | { "cibles": [] }
[T00][INFO][COMBAT] +1 XP Géomancie | { "personnage": "Mage", "xp": 1, "rang": 1, "prochain_seuil": -1 }
* test_thunderstorm_aoe_hits_three_targets_but_grants_only_one_xp
[T00][INFO][SPELL] Mage lance Tempête orageuse sur (3, 2) | { "PA": 3, "Ferveur": 0, "empreinte": false, "portee": 5, "zone": 1 }
[T00][INFO][COMBAT] Mage inflige 7 degats a Cible | { "PV": "100/100", "Detail": "Degats finaux apres esquive, bouclier, armure/resistance et modificateurs.", "Categorie": 1, "Element": 3 }
[T00][INFO][COMBAT] Mage inflige 7 degats a Cible | { "PV": "100/100", "Detail": "Degats finaux apres esquive, bouclier, armure/resistance et modificateurs.", "Categorie": 1, "Element": 3 }
[T00][INFO][COMBAT] Mage inflige 7 degats a Cible | { "PV": "100/100", "Detail": "Degats finaux apres esquive, bouclier, armure/resistance et modificateurs.", "Categorie": 1, "Element": 3 }
[T00][DBG][SPELL] Tempête orageuse : 3 unite(s), 0 terrain(s) | { "cibles": ["Cible", "Cible", "Cible"] }
[T00][INFO][COMBAT] +1 XP Foudromancie | { "personnage": "Mage", "xp": 1, "rang": 1, "prochain_seuil": -1 }
* test_mage_xp_persists_between_rooms_and_resets_on_new_run
* test_accumulated_mage_xp_never_creates_an_incomplete_pending_choice
7/7 passed.


res://test/unit/test_mage_seismic_wave.gd
* test_resource_matches_the_locked_seismic_wave_contract
* test_targeting_and_affected_cells_form_one_cardinal_line_from_caster
* test_wave_damages_and_pushes_each_enemy_in_the_line_once
[T00][INFO][SPELL] Mage lance Onde sismique sur (3, 1) | { "PA": 2, "Ferveur": 0, "empreinte": false, "portee": 3, "zone": 3 }
[T00][INFO][COMBAT] Mage inflige 6 degats a Premier | { "PV": "100/100", "Detail": "Degats finaux apres esquive, bouclier, armure/resistance et modificateurs.", "Categorie": 1, "Element": 6 }
[T00][INFO][COMBAT] Mage inflige 6 degats a Second | { "PV": "100/100", "Detail": "Degats finaux apres esquive, bouclier, armure/resistance et modificateurs.", "Categorie": 1, "Element": 6 }
[T00][DBG][SPELL] Premier pousse de (1, 1) a (2, 1)
[T00][DBG][SPELL] Second pousse de (3, 1) a (4, 1)
[T00][DBG][SPELL] Onde sismique : 2 unite(s), 0 terrain(s) | { "cibles": ["Premier", "Second"] }
* test_blocked_push_keeps_the_cast_valid_and_damage_resolved
[T00][INFO][SPELL] Mage lance Onde sismique sur (2, 1) | { "PA": 2, "Ferveur": 0, "empreinte": false, "portee": 3, "zone": 3 }
[T00][INFO][COMBAT] Mage inflige 6 degats a Cible | { "PV": "100/100", "Detail": "Degats finaux apres esquive, bouclier, armure/resistance et modificateurs.", "Categorie": 1, "Element": 6 }
[T00][DBG][SPELL] Onde sismique : 1 unite(s), 0 terrain(s) | { "cibles": ["Cible"] }
* test_grid_boundary_blocks_push_without_invalidating_the_cast
[T00][INFO][SPELL] Mage lance Onde sismique sur (2, 0) | { "PA": 2, "Ferveur": 0, "empreinte": false, "portee": 3, "zone": 3 }
[T00][INFO][COMBAT] Mage inflige 6 degats a Cible | { "PV": "100/100", "Detail": "Degats finaux apres esquive, bouclier, armure/resistance et modificateurs.", "Categorie": 1, "Element": 6 }
[T00][DBG][SPELL] Onde sismique : 1 unite(s), 0 terrain(s) | { "cibles": ["Cible"] }
* test_historical_line_spell_keeps_single_target_behavior_by_default
6/6 passed.


res://test/unit/test_mage_thunderstorm_gameplay.gd
* test_resource_matches_the_locked_thunderstorm_contract
* test_begin_cast_commits_costs_but_waits_for_one_explicit_resolution
[T00][INFO][SPELL] Mage lance Tempête orageuse sur (3, 2) | { "PA": 3, "Ferveur": 0, "empreinte": false, "portee": 5, "zone": 1 }
[T00][INFO][COMBAT] Mage inflige 7 degats a Cible | { "PV": "100/100", "Detail": "Degats finaux apres esquive, bouclier, armure/resistance et modificateurs.", "Categorie": 1, "Element": 3 }
[T00][INFO][COMBAT] Mage inflige 7 degats a Cible | { "PV": "100/100", "Detail": "Degats finaux apres esquive, bouclier, armure/resistance et modificateurs.", "Categorie": 1, "Element": 3 }
[T00][INFO][COMBAT] Mage inflige 7 degats a Cible | { "PV": "100/100", "Detail": "Degats finaux apres esquive, bouclier, armure/resistance et modificateurs.", "Categorie": 1, "Element": 3 }
[T00][DBG][SPELL] Tempête orageuse : 3 unite(s), 0 terrain(s) | { "cibles": ["Cible", "Cible", "Cible"] }
* test_refused_cast_spends_nothing_and_cannot_be_scheduled
* test_scheduler_resolves_once_after_the_data_driven_delay
[T00][INFO][SPELL] Mage lance Tempête orageuse sur (3, 2) | { "PA": 3, "Ferveur": 0, "empreinte": false, "portee": 5, "zone": 1 }
[T00][INFO][COMBAT] Mage inflige 7 degats a Cible | { "PV": "100/100", "Detail": "Degats finaux apres esquive, bouclier, armure/resistance et modificateurs.", "Categorie": 1, "Element": 3 }
[T00][INFO][COMBAT] Mage inflige 7 degats a Cible | { "PV": "100/100", "Detail": "Degats finaux apres esquive, bouclier, armure/resistance et modificateurs.", "Categorie": 1, "Element": 3 }
[T00][INFO][COMBAT] Mage inflige 7 degats a Cible | { "PV": "100/100", "Detail": "Degats finaux apres esquive, bouclier, armure/resistance et modificateurs.", "Categorie": 1, "Element": 3 }
[T00][DBG][SPELL] Tempête orageuse : 3 unite(s), 0 terrain(s) | { "cibles": ["Cible", "Cible", "Cible"] }
* test_scheduler_cleanup_prevents_late_impact
[T00][INFO][SPELL] Mage lance Tempête orageuse sur (3, 2) | { "PA": 3, "Ferveur": 0, "empreinte": false, "portee": 5, "zone": 1 }
* test_cast_released_before_caster_death_still_resolves_normally
[T00][INFO][SPELL] Mage lance Tempête orageuse sur (3, 2) | { "PA": 3, "Ferveur": 0, "empreinte": false, "portee": 5, "zone": 1 }
[T00][INFO][COMBAT] Mage inflige 7 degats a Cible | { "PV": "100/100", "Detail": "Degats finaux apres esquive, bouclier, armure/resistance et modificateurs.", "Categorie": 1, "Element": 3 }
[T00][INFO][COMBAT] Mage inflige 7 degats a Cible | { "PV": "100/100", "Detail": "Degats finaux apres esquive, bouclier, armure/resistance et modificateurs.", "Categorie": 1, "Element": 3 }
[T00][INFO][COMBAT] Mage inflige 7 degats a Cible | { "PV": "100/100", "Detail": "Degats finaux apres esquive, bouclier, armure/resistance et modificateurs.", "Categorie": 1, "Element": 3 }
[T00][DBG][SPELL] Tempête orageuse : 3 unite(s), 0 terrain(s) | { "cibles": ["Cible", "Cible", "Cible"] }
* test_target_cell_vfx_uses_vfx_layer_and_not_projectile_mount_origin
* test_vfx_is_instantiable_and_cancel_before_impact_emits_nothing_late
* test_vfx_script_has_no_damage_or_gameplay_authority
9/9 passed.


res://test/unit/test_mage_thunderstorm_visual_calibration.gd
* test_vfx_composition_is_centered_reduced_and_keeps_relative_art_direction
* test_cast_duration_tracks_and_watchdog_match_the_calibration_contract
* test_visual_impact_stays_near_point_three_one_and_emits_exactly_once
* test_two_successive_extended_casts_leave_no_active_instance
* test_gameplay_contract_remains_three_by_three_and_completely_unchanged
5/5 passed.


res://test/unit/test_mage_visual_profile.gd
* test_lab_provenance_keeps_only_validated_assets_in_production
* test_profile_maps_six_exact_animations_and_never_defines_attack
* test_mage_scale_is_uniform_profile_specific_and_keeps_elf_unchanged
* test_cast_release_is_absolute_exact_and_emitted_once
* test_interrupted_or_dead_cast_cannot_release_late
* test_projectile_mount_is_bound_to_the_runtime_right_hand
* test_mage_iso_view_uses_an_isolated_transparent_world_and_real_profile
* test_unit_view_projects_the_runtime_projectile_mount_as_cast_origin
* test_mage_unit_data_uses_profile_without_energy_or_basic_attack
9/9 passed.


res://test/unit/test_party_presentation_screen.gd
* test_screen_builds_three_data_driven_cards_in_fixed_order
* test_elf_and_mage_use_real_3d_previews_while_guardian_has_clean_fallback
* test_preview_replacement_frees_the_previous_true_visual
* test_start_uses_existing_preconfigured_run_api_with_exact_party
* test_back_emits_and_frees_cards_previews_without_navigation
* test_title_primary_entry_opens_presentation_and_keeps_dev_entries
6/6 passed.


res://test/unit/test_persistent_run_combat_hud.gd
* test_bind_is_idempotent_and_context_replacement_disconnects_the_old_room
* test_modes_hide_and_disable_combat_without_removing_future_layers
* test_active_character_refreshes_name_and_shared_draft_portrait
* test_refined_utility_dock_disables_missing_screens_and_reuses_skill_tree
* test_game_manager_keeps_one_hud_instance_across_contexts
* test_runtime_layout_never_rewrites_the_three_editor_anchors
* test_debug_overlay_targets_all_seven_layout_nodes_and_ignores_mouse
7/7 passed.


res://test/unit/test_progression_lifecycle.gd
* test_service_connection_is_idempotent_and_explicitly_disconnected
* test_three_successive_runs_each_gain_exactly_one_xp_per_cast
[T00][INFO][COMBAT] +1 XP Mage | { "personnage": "Elfe", "xp": 1, "rang": 1, "prochain_seuil": 3 }
[T00][INFO][COMBAT] +1 XP Mage | { "personnage": "Elfe", "xp": 1, "rang": 1, "prochain_seuil": 3 }
[T00][INFO][COMBAT] +1 XP Mage | { "personnage": "Elfe", "xp": 1, "rang": 1, "prochain_seuil": 3 }
* test_room_change_and_combat_reset_do_not_multiply_cast_callbacks
[T00][INFO][COMBAT] +1 XP Mage | { "personnage": "Elfe", "xp": 1, "rang": 1, "prochain_seuil": 3 }
[T00][INFO][COMBAT] +1 XP Mage | { "personnage": "Elfe", "xp": 2, "rang": 1, "prochain_seuil": 3 }
* test_removed_caster_cannot_change_the_current_run
[T00][INFO][COMBAT] +1 XP Mage | { "personnage": "Elfe", "xp": 1, "rang": 1, "prochain_seuil": 3 }
[T00][INFO][COMBAT] +1 XP Mage | { "personnage": "Elfe", "xp": 1, "rang": 1, "prochain_seuil": 3 }
* test_new_preconfigured_run_disposes_old_character_state
* test_old_unit_becomes_releasable_after_run_cleanup
* test_return_to_title_clears_all_progression_transients
* test_return_to_title_clears_each_new_rank_two_modifier
    [Failed]:  [0] expected to equal [1]:  
      at line 191
* test_new_run_starts_at_zero_xp_rank_one_without_choice_or_result
* test_failed_historical_rebuild_leaves_no_partial_run_state
* test_repeated_modifier_sync_and_room_change_keep_one_modifier
* test_unit_setter_deduplicates_the_same_progression_modifier
* test_two_characters_keep_independent_modifier_collections
* test_only_one_progression_screen_can_register
* test_double_confirmation_applies_only_one_upgrade
* test_successive_screen_choices_use_distinct_character_data
* test_cleanup_during_choice_blocks_late_confirmation
* test_duplicate_battle_win_signal_opens_progression_only_once
* test_repeated_run_stress_has_no_cumulative_xp_or_modifiers
[T00][INFO][COMBAT] +1 XP Mage | { "personnage": "Elfe", "xp": 1, "rang": 1, "prochain_seuil": 3 }
[T00][INFO][COMBAT] +1 XP Mage | { "personnage": "Elfe", "xp": 2, "rang": 1, "prochain_seuil": 3 }
[T00][INFO][COMBAT] +1 XP Mage | { "personnage": "Elfe", "xp": 3, "rang": 2, "prochain_seuil": -1 }
[T00][INFO][COMBAT] +1 XP Mage | { "personnage": "Elfe", "xp": 1, "rang": 1, "prochain_seuil": 3 }
[T00][INFO][COMBAT] +1 XP Mage | { "personnage": "Elfe", "xp": 1, "rang": 1, "prochain_seuil": 3 }
[T00][INFO][COMBAT] +1 XP Mage | { "personnage": "Elfe", "xp": 2, "rang": 1, "prochain_seuil": 3 }
[T00][INFO][COMBAT] +1 XP Mage | { "personnage": "Elfe", "xp": 3, "rang": 2, "prochain_seuil": -1 }
[T00][INFO][COMBAT] +1 XP Mage | { "personnage": "Elfe", "xp": 1, "rang": 1, "prochain_seuil": 3 }
[T00][INFO][COMBAT] +1 XP Mage | { "personnage": "Elfe", "xp": 1, "rang": 1, "prochain_seuil": 3 }
[T00][INFO][COMBAT] +1 XP Mage | { "personnage": "Elfe", "xp": 2, "rang": 1, "prochain_seuil": 3 }
[T00][INFO][COMBAT] +1 XP Mage | { "personnage": "Elfe", "xp": 3, "rang": 2, "prochain_seuil": -1 }
[T00][INFO][COMBAT] +1 XP Mage | { "personnage": "Elfe", "xp": 1, "rang": 1, "prochain_seuil": 3 }
[T00][INFO][COMBAT] +1 XP Mage | { "personnage": "Elfe", "xp": 1, "rang": 1, "prochain_seuil": 3 }
[T00][INFO][COMBAT] +1 XP Mage | { "personnage": "Elfe", "xp": 2, "rang": 1, "prochain_seuil": 3 }
[T00][INFO][COMBAT] +1 XP Mage | { "personnage": "Elfe", "xp": 3, "rang": 2, "prochain_seuil": -1 }
[T00][INFO][COMBAT] +1 XP Mage | { "personnage": "Elfe", "xp": 1, "rang": 1, "prochain_seuil": 3 }
[T00][INFO][COMBAT] +1 XP Mage | { "personnage": "Elfe", "xp": 1, "rang": 1, "prochain_seuil": 3 }
[T00][INFO][COMBAT] +1 XP Mage | { "personnage": "Elfe", "xp": 2, "rang": 1, "prochain_seuil": 3 }
[T00][INFO][COMBAT] +1 XP Mage | { "personnage": "Elfe", "xp": 3, "rang": 2, "prochain_seuil": -1 }
[T00][INFO][COMBAT] +1 XP Mage | { "personnage": "Elfe", "xp": 1, "rang": 1, "prochain_seuil": 3 }
18/19 passed.


res://test/unit/test_recraft_combat_hud_v1.gd
* test_recraft_components_and_processed_assets_load
* test_first_room_has_no_local_recraft_hud_and_battle_keeps_legacy_fallback
* test_first_room_launches_with_only_the_recraft_hud_active
DebugOverlay _ready appelé
Panel : Panel:<Panel#2143742334790>
* test_hud_reads_real_unit_resources_and_builds_real_spell_slots
* test_hud_uses_the_same_preview_source_as_the_party_presentation
* test_hud_selection_unaffordable_controls_and_end_turn_signal
* test_hud_switch_disconnects_all_resource_signals
* test_spell_slot_exposes_all_required_visual_states
* test_recraft_reference_metrics_and_independent_sections_align
9/9 passed.


res://test/unit/test_refined_character_hud_themes.gd
* test_theme_contract_covers_every_real_capability_in_unit_order
* test_refined_hud_applies_identity_resources_costs_shortcuts_and_icons
* test_every_character_keeps_shared_refined_chassis_inside_target_viewports
* test_banner_uses_each_active_character_identity_without_duplicates
* test_switching_all_characters_replaces_slots_without_residue
5/5 passed.


res://test/unit/test_skill_tree_consultation_ui.gd
* test_visual_presentation_covers_all_five_player_states
* test_status_button_tracks_elf_archer_and_ignores_other_signals
* test_structured_tooltip_lists_four_disciplines_and_named_path
* test_consultative_screen_builds_real_graph_without_mutation
* test_ui_cancel_closes_screen_without_awarding_xp
* test_persistent_run_ui_uses_refined_dock_and_restores_combat_controls
* test_lab_scene_exposes_requested_graybox_states
7/7 passed.


res://test/unit/test_skill_tree_refined_multi_character.gd
* test_eight_characters_use_hud_identity_and_only_real_branches
* test_branch_navigation_exposes_rank_xp_next_threshold_and_path
* test_nodes_and_detail_distinguish_acquired_available_excluded_and_future
* test_existing_selection_flow_updates_immediately_without_screen_mutation
* test_four_stable_zones_fit_three_resolutions_for_all_characters
* test_keyboard_shortcut_closes_and_focus_navigation_is_available
6/6 passed.


res://test/unit/test_skill_tree_resolver.gd
* test_default_node_keeps_the_skill_upgrade_contract
* test_rank_three_requires_the_selected_rank_two_branch
* test_rank_four_requires_the_selected_rank_three_node
* test_rank_five_requires_a_compatible_rank_two_branch
* test_exclusion_is_enforced_from_either_direction
* test_second_selection_in_the_same_rank_is_rejected
* test_later_pending_rank_cannot_be_selected_before_earlier_rank
* test_stale_candidate_is_revalidated_at_confirmation
* test_plain_skill_upgrade_data_remains_a_legacy_unconditional_choice
* test_invalid_tree_reports_duplicate_unknown_self_and_cyclic_references
* test_invalid_threshold_or_non_contiguous_rank_is_reported
* test_no_available_candidate_keeps_the_rank_pending
* test_incompatible_choice_submitted_by_ui_is_rejected_without_mutation
* test_pending_choices_are_recalculated_after_branch_selection
* test_synthetic_fixture_uses_future_cumulative_thresholds
* test_successful_cast_still_grants_one_xp_without_energy
[T00][INFO][COMBAT] +1 XP Arbre synthetique | { "personnage": "Hero synthetique", "xp": 1, "rang": 1, "prochain_seuil": 3 }
[T00][INFO][COMBAT] +1 XP Arbre synthetique | { "personnage": "Hero synthetique", "xp": 2, "rang": 1, "prochain_seuil": 3 }
* test_valid_selection_applies_spell_modifiers_exactly_once
* test_conditional_selections_persist_between_rooms_and_reset_on_new_run
18/18 passed.


res://test/unit/test_skill_tree_skin_ui.gd
* test_refined_runtime_has_no_legacy_texture_reference
* test_catalog_and_generated_assets_cover_real_semantics
* test_node_scene_exposes_non_intercepting_lock_layer
* test_rank_one_reveals_only_base_next_rank_and_rank_gates
* test_next_rank_detail_is_generic_and_leaks_no_mechanics
* test_rank_two_reveals_ranks_one_two_and_only_previews_rank_three
* test_max_rank_shows_all_real_nodes_without_fake_gate
* test_next_rank_name_and_icon_flags_are_data_driven
* test_node_family_sizes_and_responsive_zones_fit_three_resolutions
* test_lab_exposes_all_seventeen_real_preview_scenarios
* test_icon_mapping_manifest_is_complete_and_machine_readable
11/11 passed.


res://test/unit/test_spell_modifier.gd
* test_modifier_pose_un_terrain_a_l_arrivee_de_la_poussee
[T00][INFO][SPELL] Heros lance Sort de test sur (1, 0) | { "PA": 1, "Ferveur": 0, "empreinte": false, "portee": 5, "zone": 0 }
[T00][DBG][SPELL] Cible pousse de (1, 0) a (4, 0)
[T00][DBG][TERRAIN] Pose marque_test en (4, 0) | { "duree": 2, "declencheur": 0, "degats": 0 }
[T00][DBG][SPELL] Sort de test : 0 unite(s), 0 terrain(s) | { "cibles": [] }
* test_modifier_filtre_par_nom_de_sort
[T00][INFO][SPELL] Heros lance Sort de test sur (1, 0) | { "PA": 1, "Ferveur": 0, "empreinte": false, "portee": 5, "zone": 0 }
[T00][DBG][SPELL] Cible pousse de (1, 0) a (4, 0)
[T00][DBG][SPELL] Sort de test : 0 unite(s), 0 terrain(s) | { "cibles": [] }
* test_brassard_incendiaire_de_bout_en_bout
[T00][INFO][SPELL] Guerrier lance Coup d'epaule sur (1, 0) | { "PA": 3, "Ferveur": 0, "empreinte": false, "portee": 1, "zone": 0 }
[T00][INFO][COMBAT] Guerrier inflige 3 degats a Gobelin | { "PV": "100/100", "Detail": "Degats finaux apres esquive, bouclier, armure/resistance et modificateurs.", "Categorie": 0, "Element": 0 }
[T00][INFO][COMBAT] Guerrier inflige 8 degats a Gobelin | { "PV": "97/100", "Detail": "Degats finaux apres esquive, bouclier, armure/resistance et modificateurs.", "Categorie": 0, "Element": 0 }
[T00][DBG][SPELL] Collision : Gobelin subit 8
[T00][INFO][STATS] Gobelin subit Brûlure (2 tours) | { "Effet": "Perd des PV au debut du tour." }
[T00][DBG][SPELL] Coup d'epaule : 1 unite(s), 0 terrain(s) | { "cibles": ["Gobelin"] }
* test_brassard_inactif_sur_un_autre_sort
[T00][INFO][SPELL] Guerrier lance Sort de test sur (1, 0) | { "PA": 1, "Ferveur": 0, "empreinte": false, "portee": 5, "zone": 0 }
[T00][INFO][COMBAT] Guerrier inflige 3 degats a Gobelin | { "PV": "100/100", "Detail": "Degats finaux apres esquive, bouclier, armure/resistance et modificateurs.", "Categorie": 1, "Element": 0 }
[T00][INFO][COMBAT] Guerrier inflige 5 degats a Gobelin | { "PV": "97/100", "Detail": "Degats finaux apres esquive, bouclier, armure/resistance et modificateurs.", "Categorie": 0, "Element": 0 }
[T00][DBG][SPELL] Collision : Gobelin subit 5
[T00][DBG][SPELL] Sort de test : 1 unite(s), 0 terrain(s) | { "cibles": ["Gobelin"] }
4/4 passed.


res://test/unit/test_three_character_party_construction.gd
* test_validation_run_reuses_elf_rooms_and_keeps_every_pool_empty
* test_three_valid_sources_keep_composition_and_state_order
* test_duplicate_id_is_refused_before_previous_run_is_cleaned
ERROR: Identifiant de personnage duplique : elf
   at: push_error (core/variant/variant_utility.cpp:1023)
   GDScript backtrace (most recent call first):
       [0] _prepare_preconfigured_run (res://core/game_manager.gd:174)
       [1] test_duplicate_id_is_refused_before_previous_run_is_cleaned (res://test/unit/test_three_character_party_construction.gd:83)
       [2] _run_test (res://addons/gut/gut.gd:622)
       [3] _test_the_scripts (res://addons/gut/gut.gd:835)
[ExpectedError]Expected push_error error containing 'Identifiant de personnage duplique'.  
* test_invalid_effective_id_is_refused_without_partial_construction
ERROR: Identifiant de personnage preconfigure invalide : unit_data:unassigned
   at: push_error (core/variant/variant_utility.cpp:1023)
   GDScript backtrace (most recent call first):
       [0] _prepare_preconfigured_run (res://core/game_manager.gd:171)
       [1] test_invalid_effective_id_is_refused_without_partial_construction (res://test/unit/test_three_character_party_construction.gd:97)
       [2] _run_test (res://addons/gut/gut.gd:622)
       [3] _test_the_scripts (res://addons/gut/gut.gd:835)
[ExpectedError]Expected push_error error containing 'Identifiant de personnage preconfigure invalide'.  
* test_invalid_source_preserves_the_existing_party
ERROR: Identifiant de personnage preconfigure invalide : unit_data:unassigned
   at: push_error (core/variant/variant_utility.cpp:1023)
   GDScript backtrace (most recent call first):
       [0] _prepare_preconfigured_run (res://core/game_manager.gd:171)
       [1] test_invalid_source_preserves_the_existing_party (res://test/unit/test_three_character_party_construction.gd:108)
       [2] _run_test (res://addons/gut/gut.gd:622)
       [3] _test_the_scripts (res://addons/gut/gut.gd:835)
[ExpectedError]Expected push_error error containing 'Identifiant de personnage preconfigure invalide'.  
* test_production_loadouts_are_independent_known_and_capped_at_four
* test_warrior_historical_draft_still_exposes_all_eight_spells
* test_turn_queue_receives_three_allies_in_stable_logical_order
* test_three_units_keep_combat_state_and_collections_independent
[T00][DBG][STATS] Elfe reÃ§oit un bouclier de 9
[T00][INFO][STATS] Elfe subit Statut propre a l Elfe (2 tours) | { "Effet": "" }
9/9 passed.


res://test/unit/test_three_character_party_hud.gd
* test_hud_switches_elf_guardian_warrior_and_back_without_residue
* test_switch_disconnects_resource_signals_from_the_previous_unit
* test_battle_cancels_the_previous_spell_selection_before_hud_rebuild
3/3 passed.


res://test/unit/test_three_character_party_lifecycle.gd
* test_three_states_units_loadouts_xp_and_modifiers_persist_between_rooms
* test_three_to_solo_disposes_every_old_state_loadout_and_modifier
* test_solo_to_three_rebuilds_the_full_order_without_old_keys
* test_three_successive_party_runs_keep_one_callback_and_fresh_xp
[T00][INFO][COMBAT] +1 XP Mage | { "personnage": "Elfe", "xp": 1, "rang": 1, "prochain_seuil": 3 }
[T00][INFO][COMBAT] +1 XP Mage | { "personnage": "Elfe", "xp": 1, "rang": 1, "prochain_seuil": 3 }
[T00][INFO][COMBAT] +1 XP Mage | { "personnage": "Elfe", "xp": 1, "rang": 1, "prochain_seuil": 3 }
* test_old_party_hero_is_ignored_after_replacement
[T00][INFO][COMBAT] +1 XP Mage | { "personnage": "Elfe", "xp": 1, "rang": 1, "prochain_seuil": 3 }
[T00][INFO][COMBAT] +1 XP Mage | { "personnage": "Elfe", "xp": 1, "rang": 1, "prochain_seuil": 3 }
* test_cleanup_clears_all_party_state_pending_continuations_and_results
6/6 passed.


res://test/unit/test_three_character_party_progression.gd
* test_same_discipline_and_spell_ids_remain_independent_by_exact_caster
[T00][INFO][COMBAT] +1 XP Discipline partagee | { "personnage": "Heros A", "xp": 1, "rang": 1, "prochain_seuil": -1 }
[T00][INFO][COMBAT] +1 XP Discipline partagee | { "personnage": "Heros B", "xp": 1, "rang": 1, "prochain_seuil": -1 }
[T00][INFO][COMBAT] +1 XP Discipline partagee | { "personnage": "Heros C", "xp": 1, "rang": 1, "prochain_seuil": -1 }
* test_three_casts_produce_three_results_bound_to_three_runtime_units
[T00][INFO][COMBAT] +1 XP Discipline partagee | { "personnage": "Heros A", "xp": 1, "rang": 1, "prochain_seuil": -1 }
[T00][INFO][COMBAT] +1 XP Discipline partagee | { "personnage": "Heros B", "xp": 1, "rang": 1, "prochain_seuil": -1 }
[T00][INFO][COMBAT] +1 XP Discipline partagee | { "personnage": "Heros C", "xp": 1, "rang": 1, "prochain_seuil": -1 }
* test_foreign_instance_with_same_ids_is_ignored
* test_removed_caster_cannot_credit_a_new_party
[T00][INFO][COMBAT] +1 XP Discipline partagee | { "personnage": "Heros A", "xp": 1, "rang": 1, "prochain_seuil": -1 }
[T00][INFO][COMBAT] +1 XP Discipline partagee | { "personnage": "Heros A", "xp": 1, "rang": 1, "prochain_seuil": -1 }
* test_historical_heroes_without_disciplines_gain_no_xp_without_error
5/5 passed.


res://test/unit/test_three_character_party_progression_queue.gd
* test_pending_choices_follow_hero_then_discipline_then_rank_order
* test_one_screen_replaces_character_data_and_applies_each_choice_to_its_owner
2/2 passed.




==============================================
= Run Summary
==============================================

res://test/unit/test_elf_archer_skill_tree.gd
- test_all_eight_rank_two_upgrades_migrate_without_contract_loss
    [Failed]:  [0] expected to equal [1]:  res://data/characters/elf/upgrades/venomous_blade.tres
          at line 244
    [Failed]:  Unexpected Errors:
    [1] <engine-2>Out of bounds get index '0' (on base: 'Array[SpellModifier]')
          at line -1

res://test/unit/test_elf_rank_two_disciplines.gd
- test_venomous_blade_deals_two_damage_for_exactly_two_turn_starts
    [Failed]:  [<null>] expected to be same as  [(res://data/status/elf_venomous_blade_poison.tres):<Resource#-9223370883337284646>(status_data.gd)]:  
          at line 443
    [Failed]:  [<null>] expected to equal [2]:  
          at line 444
    [Failed]:  [93] expected to equal [91]:  
          at line 447
    [Failed]:  [93] expected to equal [89]:  
          at line 450
    [Failed]:  [93] expected to equal [89]:  
          at line 454
- test_venomous_blade_reapplication_refreshes_duration_without_stack
    [Failed]:  [<null>] expected to equal [1]:  
          at line 468
    [Failed]:  [0] expected to equal [1]:  
          at line 471
    [Failed]:  [<null>] expected to equal [2]:  
          at line 472
    [Failed]:  [86] expected to equal [82]:  
          at line 478
    [Failed]:  [86] expected to equal [82]:  
          at line 481
- test_cross_discipline_choices_install_independent_targeted_modifiers
    [Failed]:  [3] expected to equal [4]:  
          at line 700
    [Failed]:  
          at line 702
    [Failed]:  [3] expected to equal [4]:  
          at line 706

res://test/unit/test_fixed_trio_mage_contract.gd
- test_run_has_exact_rooms_and_no_progression_or_reward_pool
    [Failed]:  ARRAY(["res://data/rooms/bible/le_gue.tres", "res://data/rooms/terrain_2.tres", "res://dat...te.tres"]) != ARRAY(["res://data/rooms/bible/le_gue.tres", "res://data/rooms/bible/la_forge.tres", "res:...te.tres"]).
    ["res://data/rooms/bible/le_gue.tres", "...ute.tres"] != ["res://data/rooms/bible/le_gue.tres", "...ute.tres"]  3 of 4 indexes do not match.  
          at line 41

res://test/unit/test_progression_lifecycle.gd
- test_return_to_title_clears_each_new_rank_two_modifier
    [Failed]:  [0] expected to equal [1]:  
          at line 191

Totals
------
Warnings              1

Scripts              42
Tests               364
Passing Tests       358
Failing Tests         6
Asserts           6253/6270
Time              16.093s


---- 6 failing tests ----

