Godot Engine v4.7.1.stable.official.a13da4feb - https://godotengine.org
TextServer: Added interface "Dummy"
TextServer: Added interface "ICU / HarfBuzz / Graphite (Built-in)"
Using "default" pen tablet driver...

TextServer: Primary interface set to: "ICU / HarfBuzz / Graphite (Built-in)".
Loading resource: res://default_bus_layout.tres remapped: res://default_bus_layout.tres
Completed load for: 'res://default_bus_layout.tres' remapped 'res://default_bus_layout.tres' at thread -1
CORE API HASH: 3769296884
EDITOR API HASH: 3146738256
SceneTreeFTI: traversal method DEFAULT
Loading resource: C:/Users/paolo/AppData/Roaming/Godot/editor_settings-4.7.tres remapped: C:/Users/paolo/AppData/Roaming/Godot/editor_settings-4.7.tres
Completed load for: 'C:/Users/paolo/AppData/Roaming/Godot/editor_settings-4.7.tres' remapped 'C:/Users/paolo/AppData/Roaming/Godot/editor_settings-4.7.tres' at thread -1
EditorSettings: Load OK!
EditorTheme: Generating new theme for the config '3810048042'.
EditorTheme: Generating new icons.
EditorTheme: Generating new fonts.
EditorTheme: Generating new styles.
Asset Store not available (due to using Web editor, or SSL support disabled).
Loading resource: C:/Users/paolo/AppData/Local/Godot/editor_doc_cache-4.7.res remapped: C:/Users/paolo/AppData/Local/Godot/editor_doc_cache-4.7.res
MbedTLS: Some X509 certificates could not be parsed (1 certificates skipped).
Loaded system CA certificates
Completed load for: 'C:/Users/paolo/AppData/Local/Godot/editor_doc_cache-4.7.res' remapped 'C:/Users/paolo/AppData/Local/Godot/editor_doc_cache-4.7.res' at thread -1
[   0% ] first_scan_filesystem | Started Initialisation du projet (5 steps)
[  16% ] first_scan_filesystem | Chargement des noms des classes globales…
[  33% ] first_scan_filesystem | Vérification des GDExtensions…
[  50% ] first_scan_filesystem | Création des scripts de chargement automatique…
Loading resource: res://debug/debug_logger.gd remapped: res://debug/debug_logger.gd
Completed load for: 'res://debug/debug_logger.gd' remapped 'res://debug/debug_logger.gd' at thread -1
Loading resource: res://core/event_bus.gd remapped: res://core/event_bus.gd
Completed load for: 'res://core/event_bus.gd' remapped 'res://core/event_bus.gd' at thread -1
Loading resource: res://core/combat_logger.gd remapped: res://core/combat_logger.gd
Completed load for: 'res://core/combat_logger.gd' remapped 'res://core/combat_logger.gd' at thread -1
Loading resource: res://debug/DebugOverlay.tscn remapped: res://debug/DebugOverlay.tscn
Loading resource: res://debug/DebugOverlay.gd remapped: res://debug/DebugOverlay.gd
Completed load for: 'res://debug/DebugOverlay.gd' remapped 'res://debug/DebugOverlay.gd' at thread -1
Completed load for: 'res://debug/DebugOverlay.tscn' remapped 'res://debug/DebugOverlay.tscn' at thread -1
Loading resource: res://core/game_manager.gd remapped: res://core/game_manager.gd
Loading resource: res://ui/run/PersistentRunUI.tscn remapped: res://ui/run/PersistentRunUI.tscn
Loading resource: res://ui/run/persistent_run_ui.gd remapped: res://ui/run/persistent_run_ui.gd
Loading resource: res://ui/progression/components/skill_tree_effect_glyph.tscn remapped: res://ui/progression/components/skill_tree_effect_glyph.tscn
Loading resource: res://ui/progression/theme/skill_tree_graybox_theme.tres remapped: res://ui/progression/theme/skill_tree_graybox_theme.tres
Completed load for: 'res://ui/progression/theme/skill_tree_graybox_theme.tres' remapped 'res://ui/progression/theme/skill_tree_graybox_theme.tres' at thread -1
Completed load for: 'res://ui/progression/components/skill_tree_effect_glyph.tscn' remapped 'res://ui/progression/components/skill_tree_effect_glyph.tscn' at thread -1
Loading resource: res://ui/progression/components/skill_tree_discipline_tab.tscn remapped: res://ui/progression/components/skill_tree_discipline_tab.tscn
Loading resource: res://ui/progression/components/skill_tree_discipline_tab.gd remapped: res://ui/progression/components/skill_tree_discipline_tab.gd
Completed load for: 'res://ui/progression/components/skill_tree_discipline_tab.gd' remapped 'res://ui/progression/components/skill_tree_discipline_tab.gd' at thread -1
Completed load for: 'res://ui/progression/components/skill_tree_discipline_tab.tscn' remapped 'res://ui/progression/components/skill_tree_discipline_tab.tscn' at thread -1
Loading resource: res://ui/progression/components/skill_tree_node_view.tscn remapped: res://ui/progression/components/skill_tree_node_view.tscn
Loading resource: res://ui/progression/components/skill_tree_node_view.gd remapped: res://ui/progression/components/skill_tree_node_view.gd
Completed load for: 'res://ui/progression/components/skill_tree_node_view.gd' remapped 'res://ui/progression/components/skill_tree_node_view.gd' at thread -1
Completed load for: 'res://ui/progression/components/skill_tree_node_view.tscn' remapped 'res://ui/progression/components/skill_tree_node_view.tscn' at thread -1
Loading resource: res://data/ui/elf_hud_theme_refined.tres remapped: res://data/ui/elf_hud_theme_refined.tres
Loading resource: res://asset/ui/character_hud/refined/hunter_badge.png remapped: res://asset/ui/character_hud/refined/hunter_badge.png
EditorFileSystem: Importing file: res://asset/ui/character_hud/refined/hunter_badge.png
EditorFileSystem: "res://asset/ui/character_hud/refined/hunter_badge.png" import took 20 ms.
Loading resource: res://.godot/imported/hunter_badge.png-814a21c83908049c155bbe01911c9714.ctex remapped: res://.godot/imported/hunter_badge.png-814a21c83908049c155bbe01911c9714.ctex
Completed load for: 'res://asset/ui/character_hud/refined/hunter_badge.png' remapped 'res://asset/ui/character_hud/refined/hunter_badge.png' at thread -1
Loading resource: res://asset/ui/character_hud/generated/turn_intro_banner.png remapped: res://asset/ui/character_hud/generated/turn_intro_banner.png
EditorFileSystem: Importing file: res://asset/ui/character_hud/generated/turn_intro_banner.png
EditorFileSystem: "res://asset/ui/character_hud/generated/turn_intro_banner.png" import took 123 ms.
Loading resource: res://.godot/imported/turn_intro_banner.png-a12ce09c888c21c045800abb27ded058.ctex remapped: res://.godot/imported/turn_intro_banner.png-a12ce09c888c21c045800abb27ded058.ctex
Completed load for: 'res://asset/ui/character_hud/generated/turn_intro_banner.png' remapped 'res://asset/ui/character_hud/generated/turn_intro_banner.png' at thread -1
Loading resource: res://asset/ui/character_hud/refined/spells/precise_shot.png remapped: res://asset/ui/character_hud/refined/spells/precise_shot.png
EditorFileSystem: Importing file: res://asset/ui/character_hud/refined/spells/precise_shot.png
EditorFileSystem: "res://asset/ui/character_hud/refined/spells/precise_shot.png" import took 9 ms.
Loading resource: res://.godot/imported/precise_shot.png-fbbde3ee473196055268b790c014b5c2.ctex remapped: res://.godot/imported/precise_shot.png-fbbde3ee473196055268b790c014b5c2.ctex
Completed load for: 'res://asset/ui/character_hud/refined/spells/precise_shot.png' remapped 'res://asset/ui/character_hud/refined/spells/precise_shot.png' at thread -1
Loading resource: res://asset/ui/character_hud/refined/spells/sneak_strike.png remapped: res://asset/ui/character_hud/refined/spells/sneak_strike.png
EditorFileSystem: Importing file: res://asset/ui/character_hud/refined/spells/sneak_strike.png
EditorFileSystem: "res://asset/ui/character_hud/refined/spells/sneak_strike.png" import took 9 ms.
Loading resource: res://.godot/imported/sneak_strike.png-b376518329695f0ab072dfd0b2e97150.ctex remapped: res://.godot/imported/sneak_strike.png-b376518329695f0ab072dfd0b2e97150.ctex
Completed load for: 'res://asset/ui/character_hud/refined/spells/sneak_strike.png' remapped 'res://asset/ui/character_hud/refined/spells/sneak_strike.png' at thread -1
Loading resource: res://asset/ui/character_hud/refined/spells/fireball.png remapped: res://asset/ui/character_hud/refined/spells/fireball.png
EditorFileSystem: Importing file: res://asset/ui/character_hud/refined/spells/fireball.png
EditorFileSystem: "res://asset/ui/character_hud/refined/spells/fireball.png" import took 9 ms.
Loading resource: res://.godot/imported/fireball.png-49abe67629c88a59007f2c6b357064ea.ctex remapped: res://.godot/imported/fireball.png-49abe67629c88a59007f2c6b357064ea.ctex
Completed load for: 'res://asset/ui/character_hud/refined/spells/fireball.png' remapped 'res://asset/ui/character_hud/refined/spells/fireball.png' at thread -1
Loading resource: res://asset/ui/character_hud/refined/spells/sylvan_heal.png remapped: res://asset/ui/character_hud/refined/spells/sylvan_heal.png
EditorFileSystem: Importing file: res://asset/ui/character_hud/refined/spells/sylvan_heal.png
EditorFileSystem: "res://asset/ui/character_hud/refined/spells/sylvan_heal.png" import took 8 ms.
Loading resource: res://.godot/imported/sylvan_heal.png-b011146775be7a0432f5c51d5a6b385f.ctex remapped: res://.godot/imported/sylvan_heal.png-b011146775be7a0432f5c51d5a6b385f.ctex
Completed load for: 'res://asset/ui/character_hud/refined/spells/sylvan_heal.png' remapped 'res://asset/ui/character_hud/refined/spells/sylvan_heal.png' at thread -1
Loading resource: res://asset/ui/character_hud/refined/spells/basic_attack.png remapped: res://asset/ui/character_hud/refined/spells/basic_attack.png
EditorFileSystem: Importing file: res://asset/ui/character_hud/refined/spells/basic_attack.png
EditorFileSystem: "res://asset/ui/character_hud/refined/spells/basic_attack.png" import took 9 ms.
Loading resource: res://.godot/imported/basic_attack.png-df807bd2ed8c68a01bfb060dc6043be9.ctex remapped: res://.godot/imported/basic_attack.png-df807bd2ed8c68a01bfb060dc6043be9.ctex
Completed load for: 'res://asset/ui/character_hud/refined/spells/basic_attack.png' remapped 'res://asset/ui/character_hud/refined/spells/basic_attack.png' at thread -1
Loading resource: res://asset/ui/character_hud/refined/utility_inventory.png remapped: res://asset/ui/character_hud/refined/utility_inventory.png
EditorFileSystem: Importing file: res://asset/ui/character_hud/refined/utility_inventory.png
EditorFileSystem: "res://asset/ui/character_hud/refined/utility_inventory.png" import took 6 ms.
Loading resource: res://.godot/imported/utility_inventory.png-38f481db29c98f1a1e7bc038a28a61d3.ctex remapped: res://.godot/imported/utility_inventory.png-38f481db29c98f1a1e7bc038a28a61d3.ctex
Completed load for: 'res://asset/ui/character_hud/refined/utility_inventory.png' remapped 'res://asset/ui/character_hud/refined/utility_inventory.png' at thread -1
Loading resource: res://asset/ui/character_hud/refined/utility_map.png remapped: res://asset/ui/character_hud/refined/utility_map.png
EditorFileSystem: Importing file: res://asset/ui/character_hud/refined/utility_map.png
EditorFileSystem: "res://asset/ui/character_hud/refined/utility_map.png" import took 5 ms.
Loading resource: res://.godot/imported/utility_map.png-7e63418f76596de1a7cce62bb531221d.ctex remapped: res://.godot/imported/utility_map.png-7e63418f76596de1a7cce62bb531221d.ctex
Completed load for: 'res://asset/ui/character_hud/refined/utility_map.png' remapped 'res://asset/ui/character_hud/refined/utility_map.png' at thread -1
Loading resource: res://asset/ui/character_hud/refined/utility_skills.png remapped: res://asset/ui/character_hud/refined/utility_skills.png
EditorFileSystem: Importing file: res://asset/ui/character_hud/refined/utility_skills.png
EditorFileSystem: "res://asset/ui/character_hud/refined/utility_skills.png" import took 6 ms.
Loading resource: res://.godot/imported/utility_skills.png-e935c36b9c25782b08130badde08c6fd.ctex remapped: res://.godot/imported/utility_skills.png-e935c36b9c25782b08130badde08c6fd.ctex
Completed load for: 'res://asset/ui/character_hud/refined/utility_skills.png' remapped 'res://asset/ui/character_hud/refined/utility_skills.png' at thread -1
Loading resource: res://asset/ui/character_hud/refined/move_action_icon.svg remapped: res://asset/ui/character_hud/refined/move_action_icon.svg
EditorFileSystem: Importing file: res://asset/ui/character_hud/refined/move_action_icon.svg
EditorFileSystem: "res://asset/ui/character_hud/refined/move_action_icon.svg" import took 7 ms.
Loading resource: res://.godot/imported/move_action_icon.svg-af19ca37b6d05be571631606b6487b72.ctex remapped: res://.godot/imported/move_action_icon.svg-af19ca37b6d05be571631606b6487b72.ctex
Completed load for: 'res://asset/ui/character_hud/refined/move_action_icon.svg' remapped 'res://asset/ui/character_hud/refined/move_action_icon.svg' at thread -1
Completed load for: 'res://data/ui/elf_hud_theme_refined.tres' remapped 'res://data/ui/elf_hud_theme_refined.tres' at thread -1
Loading resource: res://data/ui/mage_hud_theme_refined.tres remapped: res://data/ui/mage_hud_theme_refined.tres
Loading resource: res://asset/ui/character_hud/generated/spell_icon_r06_c04.png remapped: res://asset/ui/character_hud/generated/spell_icon_r06_c04.png
EditorFileSystem: Importing file: res://asset/ui/character_hud/generated/spell_icon_r06_c04.png
EditorFileSystem: "res://asset/ui/character_hud/generated/spell_icon_r06_c04.png" import took 8 ms.
Loading resource: res://.godot/imported/spell_icon_r06_c04.png-36ca0651b9450ac1e6e9e452d843fefc.ctex remapped: res://.godot/imported/spell_icon_r06_c04.png-36ca0651b9450ac1e6e9e452d843fefc.ctex
Completed load for: 'res://asset/ui/character_hud/generated/spell_icon_r06_c04.png' remapped 'res://asset/ui/character_hud/generated/spell_icon_r06_c04.png' at thread -1
Loading resource: res://asset/icone/boule de feu.png remapped: res://asset/icone/boule de feu.png
EditorFileSystem: Importing file: res://asset/icone/boule de feu.png
EditorFileSystem: "res://asset/icone/boule de feu.png" import took 5 ms.
Loading resource: res://.godot/imported/boule de feu.png-7a49b079660dc4778bdae26ce0c91bb3.ctex remapped: res://.godot/imported/boule de feu.png-7a49b079660dc4778bdae26ce0c91bb3.ctex
Completed load for: 'res://asset/icone/boule de feu.png' remapped 'res://asset/icone/boule de feu.png' at thread -1
Loading resource: res://asset/ui/character_hud/generated/spell_icon_r08_c01.png remapped: res://asset/ui/character_hud/generated/spell_icon_r08_c01.png
EditorFileSystem: Importing file: res://asset/ui/character_hud/generated/spell_icon_r08_c01.png
EditorFileSystem: "res://asset/ui/character_hud/generated/spell_icon_r08_c01.png" import took 10 ms.
Loading resource: res://.godot/imported/spell_icon_r08_c01.png-fe0753098237256b97ad7c0bdfde8c07.ctex remapped: res://.godot/imported/spell_icon_r08_c01.png-fe0753098237256b97ad7c0bdfde8c07.ctex
Completed load for: 'res://asset/ui/character_hud/generated/spell_icon_r08_c01.png' remapped 'res://asset/ui/character_hud/generated/spell_icon_r08_c01.png' at thread -1
Loading resource: res://asset/sorts/tempete_orageuse/tex_storm_lightning_cluster.png.png remapped: res://asset/sorts/tempete_orageuse/tex_storm_lightning_cluster.png.png
EditorFileSystem: Importing file: res://asset/sorts/tempete_orageuse/tex_storm_lightning_cluster.png.png
EditorFileSystem: "res://asset/sorts/tempete_orageuse/tex_storm_lightning_cluster.png.png" import took 217 ms.
Loading resource: res://.godot/imported/tex_storm_lightning_cluster.png.png-1b00aaa2a4166b54e8b216d5afadf6e0.ctex remapped: res://.godot/imported/tex_storm_lightning_cluster.png.png-1b00aaa2a4166b54e8b216d5afadf6e0.ctex
Completed load for: 'res://asset/sorts/tempete_orageuse/tex_storm_lightning_cluster.png.png' remapped 'res://asset/sorts/tempete_orageuse/tex_storm_lightning_cluster.png.png' at thread -1
Loading resource: res://asset/ui/character_hud/generated/spell_icon_r06_c01.png remapped: res://asset/ui/character_hud/generated/spell_icon_r06_c01.png
EditorFileSystem: Importing file: res://asset/ui/character_hud/generated/spell_icon_r06_c01.png
EditorFileSystem: "res://asset/ui/character_hud/generated/spell_icon_r06_c01.png" import took 10 ms.
Loading resource: res://.godot/imported/spell_icon_r06_c01.png-f2ceb0a35a4d74cfed109cb2478e6438.ctex remapped: res://.godot/imported/spell_icon_r06_c01.png-f2ceb0a35a4d74cfed109cb2478e6438.ctex
Completed load for: 'res://asset/ui/character_hud/generated/spell_icon_r06_c01.png' remapped 'res://asset/ui/character_hud/generated/spell_icon_r06_c01.png' at thread -1
Loading resource: res://asset/ui/character_hud/generated/spell_icon_r05_c03.png remapped: res://asset/ui/character_hud/generated/spell_icon_r05_c03.png
EditorFileSystem: Importing file: res://asset/ui/character_hud/generated/spell_icon_r05_c03.png
EditorFileSystem: "res://asset/ui/character_hud/generated/spell_icon_r05_c03.png" import took 9 ms.
Loading resource: res://.godot/imported/spell_icon_r05_c03.png-f83219a566a5f13536252d0ef953d52d.ctex remapped: res://.godot/imported/spell_icon_r05_c03.png-f83219a566a5f13536252d0ef953d52d.ctex
Completed load for: 'res://asset/ui/character_hud/generated/spell_icon_r05_c03.png' remapped 'res://asset/ui/character_hud/generated/spell_icon_r05_c03.png' at thread -1
Completed load for: 'res://data/ui/mage_hud_theme_refined.tres' remapped 'res://data/ui/mage_hud_theme_refined.tres' at thread -1
Loading resource: res://data/ui/guardian_hud_theme_refined.tres remapped: res://data/ui/guardian_hud_theme_refined.tres
Loading resource: res://asset/ui/character_hud/generated/spell_icon_r07_c00.png remapped: res://asset/ui/character_hud/generated/spell_icon_r07_c00.png
EditorFileSystem: Importing file: res://asset/ui/character_hud/generated/spell_icon_r07_c00.png
EditorFileSystem: "res://asset/ui/character_hud/generated/spell_icon_r07_c00.png" import took 9 ms.
Loading resource: res://.godot/imported/spell_icon_r07_c00.png-57556b15acc9ce71c3e9e303b7641f2b.ctex remapped: res://.godot/imported/spell_icon_r07_c00.png-57556b15acc9ce71c3e9e303b7641f2b.ctex
Completed load for: 'res://asset/ui/character_hud/generated/spell_icon_r07_c00.png' remapped 'res://asset/ui/character_hud/generated/spell_icon_r07_c00.png' at thread -1
Loading resource: res://asset/personnage/alliés/500.png remapped: res://asset/personnage/alliés/500.png
EditorFileSystem: Importing file: res://asset/personnage/alliés/500.png
EditorFileSystem: "res://asset/personnage/alliés/500.png" import took 13 ms.
Loading resource: res://.godot/imported/500.png-a7b74a000323778c57eb9cbe96837795.ctex remapped: res://.godot/imported/500.png-a7b74a000323778c57eb9cbe96837795.ctex
Completed load for: 'res://asset/personnage/alliés/500.png' remapped 'res://asset/personnage/alliés/500.png' at thread -1
Loading resource: res://asset/icone/icone spell.png_11.png remapped: res://asset/icone/icone spell.png_11.png
EditorFileSystem: Importing file: res://asset/icone/icone spell.png_11.png
EditorFileSystem: "res://asset/icone/icone spell.png_11.png" import took 6 ms.
Loading resource: res://.godot/imported/icone spell.png_11.png-9d489c654ab8ab3161e47f06aa6d6a92.ctex remapped: res://.godot/imported/icone spell.png_11.png-9d489c654ab8ab3161e47f06aa6d6a92.ctex
Completed load for: 'res://asset/icone/icone spell.png_11.png' remapped 'res://asset/icone/icone spell.png_11.png' at thread -1
Loading resource: res://asset/ui/character_hud/generated/spell_icon_r04_c04.png remapped: res://asset/ui/character_hud/generated/spell_icon_r04_c04.png
EditorFileSystem: Importing file: res://asset/ui/character_hud/generated/spell_icon_r04_c04.png
EditorFileSystem: "res://asset/ui/character_hud/generated/spell_icon_r04_c04.png" import took 10 ms.
Loading resource: res://.godot/imported/spell_icon_r04_c04.png-f6edd0980d7e948e1ed8439a51708310.ctex remapped: res://.godot/imported/spell_icon_r04_c04.png-f6edd0980d7e948e1ed8439a51708310.ctex
Completed load for: 'res://asset/ui/character_hud/generated/spell_icon_r04_c04.png' remapped 'res://asset/ui/character_hud/generated/spell_icon_r04_c04.png' at thread -1
Loading resource: res://asset/ui/character_hud/generated/spell_icon_r03_c03.png remapped: res://asset/ui/character_hud/generated/spell_icon_r03_c03.png
EditorFileSystem: Importing file: res://asset/ui/character_hud/generated/spell_icon_r03_c03.png
EditorFileSystem: "res://asset/ui/character_hud/generated/spell_icon_r03_c03.png" import took 9 ms.
Loading resource: res://.godot/imported/spell_icon_r03_c03.png-a0330a091e90502a71625fbff20220c1.ctex remapped: res://.godot/imported/spell_icon_r03_c03.png-a0330a091e90502a71625fbff20220c1.ctex
Completed load for: 'res://asset/ui/character_hud/generated/spell_icon_r03_c03.png' remapped 'res://asset/ui/character_hud/generated/spell_icon_r03_c03.png' at thread -1
Loading resource: res://asset/ui/character_hud/generated/spell_icon_r00_c05.png remapped: res://asset/ui/character_hud/generated/spell_icon_r00_c05.png
EditorFileSystem: Importing file: res://asset/ui/character_hud/generated/spell_icon_r00_c05.png
EditorFileSystem: "res://asset/ui/character_hud/generated/spell_icon_r00_c05.png" import took 9 ms.
Loading resource: res://.godot/imported/spell_icon_r00_c05.png-2ad36b0435e12824014cfa3eec85e18b.ctex remapped: res://.godot/imported/spell_icon_r00_c05.png-2ad36b0435e12824014cfa3eec85e18b.ctex
Completed load for: 'res://asset/ui/character_hud/generated/spell_icon_r00_c05.png' remapped 'res://asset/ui/character_hud/generated/spell_icon_r00_c05.png' at thread -1
Loading resource: res://asset/ui/character_hud/generated/spell_icon_r08_c02.png remapped: res://asset/ui/character_hud/generated/spell_icon_r08_c02.png
EditorFileSystem: Importing file: res://asset/ui/character_hud/generated/spell_icon_r08_c02.png
EditorFileSystem: "res://asset/ui/character_hud/generated/spell_icon_r08_c02.png" import took 9 ms.
Loading resource: res://.godot/imported/spell_icon_r08_c02.png-38e4cf0040cd0f3d87897950318d26fc.ctex remapped: res://.godot/imported/spell_icon_r08_c02.png-38e4cf0040cd0f3d87897950318d26fc.ctex
Completed load for: 'res://asset/ui/character_hud/generated/spell_icon_r08_c02.png' remapped 'res://asset/ui/character_hud/generated/spell_icon_r08_c02.png' at thread -1
Completed load for: 'res://data/ui/guardian_hud_theme_refined.tres' remapped 'res://data/ui/guardian_hud_theme_refined.tres' at thread -1
Loading resource: res://data/ui/warrior_hud_theme_refined.tres remapped: res://data/ui/warrior_hud_theme_refined.tres
Loading resource: res://asset/ui/character_hud/generated/spell_icon_r04_c02.png remapped: res://asset/ui/character_hud/generated/spell_icon_r04_c02.png
EditorFileSystem: Importing file: res://asset/ui/character_hud/generated/spell_icon_r04_c02.png
EditorFileSystem: "res://asset/ui/character_hud/generated/spell_icon_r04_c02.png" import took 9 ms.
Loading resource: res://.godot/imported/spell_icon_r04_c02.png-fb93dc758145a72b8e0ffc73d07f7769.ctex remapped: res://.godot/imported/spell_icon_r04_c02.png-fb93dc758145a72b8e0ffc73d07f7769.ctex
Completed load for: 'res://asset/ui/character_hud/generated/spell_icon_r04_c02.png' remapped 'res://asset/ui/character_hud/generated/spell_icon_r04_c02.png' at thread -1
Loading resource: res://asset/personnage/alliés/495.png remapped: res://asset/personnage/alliés/495.png
EditorFileSystem: Importing file: res://asset/personnage/alliés/495.png
EditorFileSystem: "res://asset/personnage/alliés/495.png" import took 14 ms.
Loading resource: res://.godot/imported/495.png-acb4a4d5463cbdef4feaf1fb33713d1d.ctex remapped: res://.godot/imported/495.png-acb4a4d5463cbdef4feaf1fb33713d1d.ctex
Completed load for: 'res://asset/personnage/alliés/495.png' remapped 'res://asset/personnage/alliés/495.png' at thread -1
Loading resource: res://asset/ui/character_hud/generated/spell_icon_r03_c02.png remapped: res://asset/ui/character_hud/generated/spell_icon_r03_c02.png
EditorFileSystem: Importing file: res://asset/ui/character_hud/generated/spell_icon_r03_c02.png
EditorFileSystem: "res://asset/ui/character_hud/generated/spell_icon_r03_c02.png" import took 9 ms.
Loading resource: res://.godot/imported/spell_icon_r03_c02.png-ac39ddadbe5d9014e96d4fe19946c6ed.ctex remapped: res://.godot/imported/spell_icon_r03_c02.png-ac39ddadbe5d9014e96d4fe19946c6ed.ctex
Completed load for: 'res://asset/ui/character_hud/generated/spell_icon_r03_c02.png' remapped 'res://asset/ui/character_hud/generated/spell_icon_r03_c02.png' at thread -1
Loading resource: res://asset/ui/character_hud/generated/spell_icon_r09_c04.png remapped: res://asset/ui/character_hud/generated/spell_icon_r09_c04.png
EditorFileSystem: Importing file: res://asset/ui/character_hud/generated/spell_icon_r09_c04.png
EditorFileSystem: "res://asset/ui/character_hud/generated/spell_icon_r09_c04.png" import took 9 ms.
Loading resource: res://.godot/imported/spell_icon_r09_c04.png-c6a1ab07f494d548b7901e1b7152b724.ctex remapped: res://.godot/imported/spell_icon_r09_c04.png-c6a1ab07f494d548b7901e1b7152b724.ctex
Completed load for: 'res://asset/ui/character_hud/generated/spell_icon_r09_c04.png' remapped 'res://asset/ui/character_hud/generated/spell_icon_r09_c04.png' at thread -1
Loading resource: res://asset/ui/character_hud/generated/spell_icon_r02_c05.png remapped: res://asset/ui/character_hud/generated/spell_icon_r02_c05.png
EditorFileSystem: Importing file: res://asset/ui/character_hud/generated/spell_icon_r02_c05.png
EditorFileSystem: "res://asset/ui/character_hud/generated/spell_icon_r02_c05.png" import took 9 ms.
Loading resource: res://.godot/imported/spell_icon_r02_c05.png-94cc0ed88da35a7a2575688acf2a54be.ctex remapped: res://.godot/imported/spell_icon_r02_c05.png-94cc0ed88da35a7a2575688acf2a54be.ctex
Completed load for: 'res://asset/ui/character_hud/generated/spell_icon_r02_c05.png' remapped 'res://asset/ui/character_hud/generated/spell_icon_r02_c05.png' at thread -1
Loading resource: res://asset/ui/character_hud/generated/spell_icon_r03_c01.png remapped: res://asset/ui/character_hud/generated/spell_icon_r03_c01.png
EditorFileSystem: Importing file: res://asset/ui/character_hud/generated/spell_icon_r03_c01.png
EditorFileSystem: "res://asset/ui/character_hud/generated/spell_icon_r03_c01.png" import took 10 ms.
Loading resource: res://.godot/imported/spell_icon_r03_c01.png-431bb972c6514be8b5622a05d57a23a6.ctex remapped: res://.godot/imported/spell_icon_r03_c01.png-431bb972c6514be8b5622a05d57a23a6.ctex
Completed load for: 'res://asset/ui/character_hud/generated/spell_icon_r03_c01.png' remapped 'res://asset/ui/character_hud/generated/spell_icon_r03_c01.png' at thread -1
Loading resource: res://asset/ui/character_hud/generated/spell_icon_r05_c04.png remapped: res://asset/ui/character_hud/generated/spell_icon_r05_c04.png
EditorFileSystem: Importing file: res://asset/ui/character_hud/generated/spell_icon_r05_c04.png
EditorFileSystem: "res://asset/ui/character_hud/generated/spell_icon_r05_c04.png" import took 9 ms.
Loading resource: res://.godot/imported/spell_icon_r05_c04.png-7cf807372677866d762f12c919ba0f65.ctex remapped: res://.godot/imported/spell_icon_r05_c04.png-7cf807372677866d762f12c919ba0f65.ctex
Completed load for: 'res://asset/ui/character_hud/generated/spell_icon_r05_c04.png' remapped 'res://asset/ui/character_hud/generated/spell_icon_r05_c04.png' at thread -1
Loading resource: res://asset/ui/character_hud/generated/spell_icon_r02_c02.png remapped: res://asset/ui/character_hud/generated/spell_icon_r02_c02.png
EditorFileSystem: Importing file: res://asset/ui/character_hud/generated/spell_icon_r02_c02.png
EditorFileSystem: "res://asset/ui/character_hud/generated/spell_icon_r02_c02.png" import took 10 ms.
Loading resource: res://.godot/imported/spell_icon_r02_c02.png-70429b6bb56dc757f82cc019feb9c358.ctex remapped: res://.godot/imported/spell_icon_r02_c02.png-70429b6bb56dc757f82cc019feb9c358.ctex
Completed load for: 'res://asset/ui/character_hud/generated/spell_icon_r02_c02.png' remapped 'res://asset/ui/character_hud/generated/spell_icon_r02_c02.png' at thread -1
Loading resource: res://asset/ui/character_hud/generated/spell_icon_r01_c05.png remapped: res://asset/ui/character_hud/generated/spell_icon_r01_c05.png
EditorFileSystem: Importing file: res://asset/ui/character_hud/generated/spell_icon_r01_c05.png
EditorFileSystem: "res://asset/ui/character_hud/generated/spell_icon_r01_c05.png" import took 10 ms.
Loading resource: res://.godot/imported/spell_icon_r01_c05.png-f1345ed68b3f1809901602859b86870b.ctex remapped: res://.godot/imported/spell_icon_r01_c05.png-f1345ed68b3f1809901602859b86870b.ctex
Completed load for: 'res://asset/ui/character_hud/generated/spell_icon_r01_c05.png' remapped 'res://asset/ui/character_hud/generated/spell_icon_r01_c05.png' at thread -1
Completed load for: 'res://data/ui/warrior_hud_theme_refined.tres' remapped 'res://data/ui/warrior_hud_theme_refined.tres' at thread -1
Loading resource: res://data/ui/druid_hud_theme_refined.tres remapped: res://data/ui/druid_hud_theme_refined.tres
Loading resource: res://asset/ui/character_hud/generated/spell_icon_r01_c03.png remapped: res://asset/ui/character_hud/generated/spell_icon_r01_c03.png
EditorFileSystem: Importing file: res://asset/ui/character_hud/generated/spell_icon_r01_c03.png
EditorFileSystem: "res://asset/ui/character_hud/generated/spell_icon_r01_c03.png" import took 9 ms.
Loading resource: res://.godot/imported/spell_icon_r01_c03.png-55c53d00acc48040fb666c0a5c3f780b.ctex remapped: res://.godot/imported/spell_icon_r01_c03.png-55c53d00acc48040fb666c0a5c3f780b.ctex
Completed load for: 'res://asset/ui/character_hud/generated/spell_icon_r01_c03.png' remapped 'res://asset/ui/character_hud/generated/spell_icon_r01_c03.png' at thread -1
Loading resource: res://asset/personnage/alliés/480.png remapped: res://asset/personnage/alliés/480.png
EditorFileSystem: Importing file: res://asset/personnage/alliés/480.png
EditorFileSystem: "res://asset/personnage/alliés/480.png" import took 14 ms.
Loading resource: res://.godot/imported/480.png-9a70da0836eddd8330aef42f08bbbb3c.ctex remapped: res://.godot/imported/480.png-9a70da0836eddd8330aef42f08bbbb3c.ctex
Completed load for: 'res://asset/personnage/alliés/480.png' remapped 'res://asset/personnage/alliés/480.png' at thread -1
Loading resource: res://asset/ui/character_hud/generated/spell_icon_r02_c00.png remapped: res://asset/ui/character_hud/generated/spell_icon_r02_c00.png
EditorFileSystem: Importing file: res://asset/ui/character_hud/generated/spell_icon_r02_c00.png
EditorFileSystem: "res://asset/ui/character_hud/generated/spell_icon_r02_c00.png" import took 9 ms.
Loading resource: res://.godot/imported/spell_icon_r02_c00.png-8d44f63266b1ec7cac08c6defe7d1699.ctex remapped: res://.godot/imported/spell_icon_r02_c00.png-8d44f63266b1ec7cac08c6defe7d1699.ctex
Completed load for: 'res://asset/ui/character_hud/generated/spell_icon_r02_c00.png' remapped 'res://asset/ui/character_hud/generated/spell_icon_r02_c00.png' at thread -1
Loading resource: res://asset/ui/character_hud/generated/spell_icon_r02_c04.png remapped: res://asset/ui/character_hud/generated/spell_icon_r02_c04.png
EditorFileSystem: Importing file: res://asset/ui/character_hud/generated/spell_icon_r02_c04.png
EditorFileSystem: "res://asset/ui/character_hud/generated/spell_icon_r02_c04.png" import took 8 ms.
Loading resource: res://.godot/imported/spell_icon_r02_c04.png-a4b47b79a5e9a5a1a576ba2c3e87eed1.ctex remapped: res://.godot/imported/spell_icon_r02_c04.png-a4b47b79a5e9a5a1a576ba2c3e87eed1.ctex
Completed load for: 'res://asset/ui/character_hud/generated/spell_icon_r02_c04.png' remapped 'res://asset/ui/character_hud/generated/spell_icon_r02_c04.png' at thread -1
Loading resource: res://asset/ui/character_hud/generated/spell_icon_r07_c03.png remapped: res://asset/ui/character_hud/generated/spell_icon_r07_c03.png
EditorFileSystem: Importing file: res://asset/ui/character_hud/generated/spell_icon_r07_c03.png
EditorFileSystem: "res://asset/ui/character_hud/generated/spell_icon_r07_c03.png" import took 10 ms.
Loading resource: res://.godot/imported/spell_icon_r07_c03.png-120f5fefb69bdc5b2fc766a2eec034ef.ctex remapped: res://.godot/imported/spell_icon_r07_c03.png-120f5fefb69bdc5b2fc766a2eec034ef.ctex
Completed load for: 'res://asset/ui/character_hud/generated/spell_icon_r07_c03.png' remapped 'res://asset/ui/character_hud/generated/spell_icon_r07_c03.png' at thread -1
Completed load for: 'res://data/ui/druid_hud_theme_refined.tres' remapped 'res://data/ui/druid_hud_theme_refined.tres' at thread -1
Loading resource: res://data/ui/assassin_hud_theme_refined.tres remapped: res://data/ui/assassin_hud_theme_refined.tres
Loading resource: res://asset/ui/character_hud/generated/spell_icon_r06_c00.png remapped: res://asset/ui/character_hud/generated/spell_icon_r06_c00.png
EditorFileSystem: Importing file: res://asset/ui/character_hud/generated/spell_icon_r06_c00.png
EditorFileSystem: "res://asset/ui/character_hud/generated/spell_icon_r06_c00.png" import took 11 ms.
Loading resource: res://.godot/imported/spell_icon_r06_c00.png-6b25799e786ecabf3da031af264736a3.ctex remapped: res://.godot/imported/spell_icon_r06_c00.png-6b25799e786ecabf3da031af264736a3.ctex
Completed load for: 'res://asset/ui/character_hud/generated/spell_icon_r06_c00.png' remapped 'res://asset/ui/character_hud/generated/spell_icon_r06_c00.png' at thread -1
Loading resource: res://asset/personnage/alliés/493.png remapped: res://asset/personnage/alliés/493.png
EditorFileSystem: Importing file: res://asset/personnage/alliés/493.png
EditorFileSystem: "res://asset/personnage/alliés/493.png" import took 17 ms.
Loading resource: res://.godot/imported/493.png-11c0b77266fb9ddc96301260025d01e2.ctex remapped: res://.godot/imported/493.png-11c0b77266fb9ddc96301260025d01e2.ctex
Completed load for: 'res://asset/personnage/alliés/493.png' remapped 'res://asset/personnage/alliés/493.png' at thread -1
Loading resource: res://asset/ui/character_hud/generated/spell_icon_r05_c05.png remapped: res://asset/ui/character_hud/generated/spell_icon_r05_c05.png
EditorFileSystem: Importing file: res://asset/ui/character_hud/generated/spell_icon_r05_c05.png
EditorFileSystem: "res://asset/ui/character_hud/generated/spell_icon_r05_c05.png" import took 11 ms.
Loading resource: res://.godot/imported/spell_icon_r05_c05.png-52711dc3f8ccb1c43b7e1284ea4706c2.ctex remapped: res://.godot/imported/spell_icon_r05_c05.png-52711dc3f8ccb1c43b7e1284ea4706c2.ctex
Completed load for: 'res://asset/ui/character_hud/generated/spell_icon_r05_c05.png' remapped 'res://asset/ui/character_hud/generated/spell_icon_r05_c05.png' at thread -1
Completed load for: 'res://data/ui/assassin_hud_theme_refined.tres' remapped 'res://data/ui/assassin_hud_theme_refined.tres' at thread -1
Loading resource: res://data/ui/necromancer_hud_theme_refined.tres remapped: res://data/ui/necromancer_hud_theme_refined.tres
Loading resource: res://asset/ui/character_hud/generated/spell_icon_r05_c02.png remapped: res://asset/ui/character_hud/generated/spell_icon_r05_c02.png
EditorFileSystem: Importing file: res://asset/ui/character_hud/generated/spell_icon_r05_c02.png
EditorFileSystem: "res://asset/ui/character_hud/generated/spell_icon_r05_c02.png" import took 9 ms.
Loading resource: res://.godot/imported/spell_icon_r05_c02.png-d646869031e38ef450eba984d9d2f10c.ctex remapped: res://.godot/imported/spell_icon_r05_c02.png-d646869031e38ef450eba984d9d2f10c.ctex
Completed load for: 'res://asset/ui/character_hud/generated/spell_icon_r05_c02.png' remapped 'res://asset/ui/character_hud/generated/spell_icon_r05_c02.png' at thread -1
Loading resource: res://asset/ui/character_hud/generated/spell_icon_r05_c00.png remapped: res://asset/ui/character_hud/generated/spell_icon_r05_c00.png
EditorFileSystem: Importing file: res://asset/ui/character_hud/generated/spell_icon_r05_c00.png
EditorFileSystem: "res://asset/ui/character_hud/generated/spell_icon_r05_c00.png" import took 9 ms.
Loading resource: res://.godot/imported/spell_icon_r05_c00.png-71a3f98e47e37c6549e47d101db92361.ctex remapped: res://.godot/imported/spell_icon_r05_c00.png-71a3f98e47e37c6549e47d101db92361.ctex
Completed load for: 'res://asset/ui/character_hud/generated/spell_icon_r05_c00.png' remapped 'res://asset/ui/character_hud/generated/spell_icon_r05_c00.png' at thread -1
Loading resource: res://asset/ui/character_hud/generated/spell_icon_r06_c05.png remapped: res://asset/ui/character_hud/generated/spell_icon_r06_c05.png
EditorFileSystem: Importing file: res://asset/ui/character_hud/generated/spell_icon_r06_c05.png
EditorFileSystem: "res://asset/ui/character_hud/generated/spell_icon_r06_c05.png" import took 8 ms.
Loading resource: res://.godot/imported/spell_icon_r06_c05.png-1340746aacdb254971c451d08e524f14.ctex remapped: res://.godot/imported/spell_icon_r06_c05.png-1340746aacdb254971c451d08e524f14.ctex
Completed load for: 'res://asset/ui/character_hud/generated/spell_icon_r06_c05.png' remapped 'res://asset/ui/character_hud/generated/spell_icon_r06_c05.png' at thread -1
Completed load for: 'res://data/ui/necromancer_hud_theme_refined.tres' remapped 'res://data/ui/necromancer_hud_theme_refined.tres' at thread -1
Loading resource: res://data/ui/hoplite_hud_theme_refined.tres remapped: res://data/ui/hoplite_hud_theme_refined.tres
Completed load for: 'res://data/ui/hoplite_hud_theme_refined.tres' remapped 'res://data/ui/hoplite_hud_theme_refined.tres' at thread -1
Completed load for: 'res://ui/run/persistent_run_ui.gd' remapped 'res://ui/run/persistent_run_ui.gd' at thread -1
Loading resource: res://ui/recraft_hud_v1/combat/combat_hud_recraft_v1.tscn remapped: res://ui/recraft_hud_v1/combat/combat_hud_recraft_v1.tscn
Loading resource: res://ui/recraft_hud_v1/combat/combat_hud_recraft_v1.gd remapped: res://ui/recraft_hud_v1/combat/combat_hud_recraft_v1.gd
Loading resource: res://ui/recraft_hud_v1/components/spell_slot/spell_slot_view.tscn remapped: res://ui/recraft_hud_v1/components/spell_slot/spell_slot_view.tscn
Loading resource: res://ui/recraft_hud_v1/components/spell_slot/spell_slot_view.gd remapped: res://ui/recraft_hud_v1/components/spell_slot/spell_slot_view.gd
Completed load for: 'res://ui/recraft_hud_v1/components/spell_slot/spell_slot_view.gd' remapped 'res://ui/recraft_hud_v1/components/spell_slot/spell_slot_view.gd' at thread -1
Loading resource: res://asset/ui/recraft_hud_v1/processed/spell_slot_base.png remapped: res://asset/ui/recraft_hud_v1/processed/spell_slot_base.png
EditorFileSystem: Importing file: res://asset/ui/recraft_hud_v1/processed/spell_slot_base.png
EditorFileSystem: "res://asset/ui/recraft_hud_v1/processed/spell_slot_base.png" import took 530 ms.
Loading resource: res://.godot/imported/spell_slot_base.png-7af5c0a07ef92536bf0bf1de032b7af5.ctex remapped: res://.godot/imported/spell_slot_base.png-7af5c0a07ef92536bf0bf1de032b7af5.ctex
Completed load for: 'res://asset/ui/recraft_hud_v1/processed/spell_slot_base.png' remapped 'res://asset/ui/recraft_hud_v1/processed/spell_slot_base.png' at thread -1
Completed load for: 'res://ui/recraft_hud_v1/components/spell_slot/spell_slot_view.tscn' remapped 'res://ui/recraft_hud_v1/components/spell_slot/spell_slot_view.tscn' at thread -1
Loading resource: res://data/ui/elf_hud_theme.tres remapped: res://data/ui/elf_hud_theme.tres
Loading resource: res://asset/ui/character_hud/generated/elf_character_bar.png remapped: res://asset/ui/character_hud/generated/elf_character_bar.png
EditorFileSystem: Importing file: res://asset/ui/character_hud/generated/elf_character_bar.png
EditorFileSystem: "res://asset/ui/character_hud/generated/elf_character_bar.png" import took 68 ms.
Loading resource: res://.godot/imported/elf_character_bar.png-d6e7c67357316d2a18756cf07400c944.ctex remapped: res://.godot/imported/elf_character_bar.png-d6e7c67357316d2a18756cf07400c944.ctex
Completed load for: 'res://asset/ui/character_hud/generated/elf_character_bar.png' remapped 'res://asset/ui/character_hud/generated/elf_character_bar.png' at thread -1
Loading resource: res://asset/ui/character_hud/generated/elf_hunter_emblem.png remapped: res://asset/ui/character_hud/generated/elf_hunter_emblem.png
EditorFileSystem: Importing file: res://asset/ui/character_hud/generated/elf_hunter_emblem.png
EditorFileSystem: "res://asset/ui/character_hud/generated/elf_hunter_emblem.png" import took 22 ms.
Loading resource: res://.godot/imported/elf_hunter_emblem.png-6cb293839a138a26c213363ccc0d8a8e.ctex remapped: res://.godot/imported/elf_hunter_emblem.png-6cb293839a138a26c213363ccc0d8a8e.ctex
Completed load for: 'res://asset/ui/character_hud/generated/elf_hunter_emblem.png' remapped 'res://asset/ui/character_hud/generated/elf_hunter_emblem.png' at thread -1
Loading resource: res://asset/ui/character_hud/generated/spell_icon_r09_c01.png remapped: res://asset/ui/character_hud/generated/spell_icon_r09_c01.png
EditorFileSystem: Importing file: res://asset/ui/character_hud/generated/spell_icon_r09_c01.png
EditorFileSystem: "res://asset/ui/character_hud/generated/spell_icon_r09_c01.png" import took 9 ms.
Loading resource: res://.godot/imported/spell_icon_r09_c01.png-70f8cc3400dd96807440f533208c72eb.ctex remapped: res://.godot/imported/spell_icon_r09_c01.png-70f8cc3400dd96807440f533208c72eb.ctex
Completed load for: 'res://asset/ui/character_hud/generated/spell_icon_r09_c01.png' remapped 'res://asset/ui/character_hud/generated/spell_icon_r09_c01.png' at thread -1
Loading resource: res://asset/ui/character_hud/generated/spell_icon_r02_c03.png remapped: res://asset/ui/character_hud/generated/spell_icon_r02_c03.png
EditorFileSystem: Importing file: res://asset/ui/character_hud/generated/spell_icon_r02_c03.png
EditorFileSystem: "res://asset/ui/character_hud/generated/spell_icon_r02_c03.png" import took 9 ms.
Loading resource: res://.godot/imported/spell_icon_r02_c03.png-f3a24486da76d4e4881436b14173e7ed.ctex remapped: res://.godot/imported/spell_icon_r02_c03.png-f3a24486da76d4e4881436b14173e7ed.ctex
Completed load for: 'res://asset/ui/character_hud/generated/spell_icon_r02_c03.png' remapped 'res://asset/ui/character_hud/generated/spell_icon_r02_c03.png' at thread -1
Loading resource: res://asset/ui/character_hud/generated/spell_icon_r01_c04.png remapped: res://asset/ui/character_hud/generated/spell_icon_r01_c04.png
EditorFileSystem: Importing file: res://asset/ui/character_hud/generated/spell_icon_r01_c04.png
EditorFileSystem: "res://asset/ui/character_hud/generated/spell_icon_r01_c04.png" import took 10 ms.
Loading resource: res://.godot/imported/spell_icon_r01_c04.png-14ab16d4d739152abfab2f11118c0d22.ctex remapped: res://.godot/imported/spell_icon_r01_c04.png-14ab16d4d739152abfab2f11118c0d22.ctex
Completed load for: 'res://asset/ui/character_hud/generated/spell_icon_r01_c04.png' remapped 'res://asset/ui/character_hud/generated/spell_icon_r01_c04.png' at thread -1
Loading resource: res://asset/ui/character_hud/generated/v2/spell_frame_archer.png remapped: res://asset/ui/character_hud/generated/v2/spell_frame_archer.png
EditorFileSystem: Importing file: res://asset/ui/character_hud/generated/v2/spell_frame_archer.png
EditorFileSystem: "res://asset/ui/character_hud/generated/v2/spell_frame_archer.png" import took 258 ms.
Loading resource: res://.godot/imported/spell_frame_archer.png-d69b56d3c438fa186cf04e789299c629.ctex remapped: res://.godot/imported/spell_frame_archer.png-d69b56d3c438fa186cf04e789299c629.ctex
Completed load for: 'res://asset/ui/character_hud/generated/v2/spell_frame_archer.png' remapped 'res://asset/ui/character_hud/generated/v2/spell_frame_archer.png' at thread -1
Loading resource: res://asset/ui/character_hud/generated/v2/spell_frame_assassin.png remapped: res://asset/ui/character_hud/generated/v2/spell_frame_assassin.png
EditorFileSystem: Importing file: res://asset/ui/character_hud/generated/v2/spell_frame_assassin.png
EditorFileSystem: "res://asset/ui/character_hud/generated/v2/spell_frame_assassin.png" import took 241 ms.
Loading resource: res://.godot/imported/spell_frame_assassin.png-ae44b34b1356f86d3b71a77942c7d78b.ctex remapped: res://.godot/imported/spell_frame_assassin.png-ae44b34b1356f86d3b71a77942c7d78b.ctex
Completed load for: 'res://asset/ui/character_hud/generated/v2/spell_frame_assassin.png' remapped 'res://asset/ui/character_hud/generated/v2/spell_frame_assassin.png' at thread -1
Loading resource: res://asset/ui/character_hud/generated/v2/spell_frame_mage.png remapped: res://asset/ui/character_hud/generated/v2/spell_frame_mage.png
EditorFileSystem: Importing file: res://asset/ui/character_hud/generated/v2/spell_frame_mage.png
EditorFileSystem: "res://asset/ui/character_hud/generated/v2/spell_frame_mage.png" import took 230 ms.
Loading resource: res://.godot/imported/spell_frame_mage.png-cd158d080c033b53e68f9ad39b883408.ctex remapped: res://.godot/imported/spell_frame_mage.png-cd158d080c033b53e68f9ad39b883408.ctex
Completed load for: 'res://asset/ui/character_hud/generated/v2/spell_frame_mage.png' remapped 'res://asset/ui/character_hud/generated/v2/spell_frame_mage.png' at thread -1
Loading resource: res://asset/ui/character_hud/generated/v2/spell_frame_healer.png remapped: res://asset/ui/character_hud/generated/v2/spell_frame_healer.png
EditorFileSystem: Importing file: res://asset/ui/character_hud/generated/v2/spell_frame_healer.png
EditorFileSystem: "res://asset/ui/character_hud/generated/v2/spell_frame_healer.png" import took 193 ms.
Loading resource: res://.godot/imported/spell_frame_healer.png-ad5063b001ebbf9020dd338d3d35e8c7.ctex remapped: res://.godot/imported/spell_frame_healer.png-ad5063b001ebbf9020dd338d3d35e8c7.ctex
Completed load for: 'res://asset/ui/character_hud/generated/v2/spell_frame_healer.png' remapped 'res://asset/ui/character_hud/generated/v2/spell_frame_healer.png' at thread -1
Loading resource: res://asset/ui/character_hud/generated/v2/gold_health_bar_frame.png remapped: res://asset/ui/character_hud/generated/v2/gold_health_bar_frame.png
EditorFileSystem: Importing file: res://asset/ui/character_hud/generated/v2/gold_health_bar_frame.png
EditorFileSystem: "res://asset/ui/character_hud/generated/v2/gold_health_bar_frame.png" import took 6 ms.
Loading resource: res://.godot/imported/gold_health_bar_frame.png-c2dcf69d567d1789c0f5e321886d4793.ctex remapped: res://.godot/imported/gold_health_bar_frame.png-c2dcf69d567d1789c0f5e321886d4793.ctex
Completed load for: 'res://asset/ui/character_hud/generated/v2/gold_health_bar_frame.png' remapped 'res://asset/ui/character_hud/generated/v2/gold_health_bar_frame.png' at thread -1
Loading resource: res://asset/ui/character_hud/generated/v2/gold_end_turn_button.png remapped: res://asset/ui/character_hud/generated/v2/gold_end_turn_button.png
EditorFileSystem: Importing file: res://asset/ui/character_hud/generated/v2/gold_end_turn_button.png
EditorFileSystem: "res://asset/ui/character_hud/generated/v2/gold_end_turn_button.png" import took 7 ms.
Loading resource: res://.godot/imported/gold_end_turn_button.png-b82d5203649a23b6429650e5f8f69cfd.ctex remapped: res://.godot/imported/gold_end_turn_button.png-b82d5203649a23b6429650e5f8f69cfd.ctex
Completed load for: 'res://asset/ui/character_hud/generated/v2/gold_end_turn_button.png' remapped 'res://asset/ui/character_hud/generated/v2/gold_end_turn_button.png' at thread -1
Completed load for: 'res://data/ui/elf_hud_theme.tres' remapped 'res://data/ui/elf_hud_theme.tres' at thread -1
Loading resource: res://data/ui/elf_hud_theme_clean.tres remapped: res://data/ui/elf_hud_theme_clean.tres
Loading resource: res://asset/ui/recraft_hud_v1/processed/portrait_frame.png remapped: res://asset/ui/recraft_hud_v1/processed/portrait_frame.png
EditorFileSystem: Importing file: res://asset/ui/recraft_hud_v1/processed/portrait_frame.png
EditorFileSystem: "res://asset/ui/recraft_hud_v1/processed/portrait_frame.png" import took 576 ms.
Loading resource: res://.godot/imported/portrait_frame.png-275ed7ad7454553aa1be0a15fa83d3e4.ctex remapped: res://.godot/imported/portrait_frame.png-275ed7ad7454553aa1be0a15fa83d3e4.ctex
Completed load for: 'res://asset/ui/recraft_hud_v1/processed/portrait_frame.png' remapped 'res://asset/ui/recraft_hud_v1/processed/portrait_frame.png' at thread -1
Completed load for: 'res://data/ui/elf_hud_theme_clean.tres' remapped 'res://data/ui/elf_hud_theme_clean.tres' at thread -1
Loading resource: res://data/ui/combat_hud_layout_clean.tres remapped: res://data/ui/combat_hud_layout_clean.tres
Loading resource: res://ui/combat/combat_hud_layout_data.gd remapped: res://ui/combat/combat_hud_layout_data.gd
Completed load for: 'res://ui/combat/combat_hud_layout_data.gd' remapped 'res://ui/combat/combat_hud_layout_data.gd' at thread -1
Completed load for: 'res://data/ui/combat_hud_layout_clean.tres' remapped 'res://data/ui/combat_hud_layout_clean.tres' at thread -1
Completed load for: 'res://ui/recraft_hud_v1/combat/combat_hud_recraft_v1.gd' remapped 'res://ui/recraft_hud_v1/combat/combat_hud_recraft_v1.gd' at thread -1
Loading resource: res://ui/recraft_hud_v1/theme/recraft_hud_theme_v1.tres remapped: res://ui/recraft_hud_v1/theme/recraft_hud_theme_v1.tres
Completed load for: 'res://ui/recraft_hud_v1/theme/recraft_hud_theme_v1.tres' remapped 'res://ui/recraft_hud_v1/theme/recraft_hud_theme_v1.tres' at thread -1
Loading resource: res://ui/recraft_hud_v1/components/portrait/portrait_view.tscn remapped: res://ui/recraft_hud_v1/components/portrait/portrait_view.tscn
Loading resource: res://ui/characters/CharacterPreview3D.tscn remapped: res://ui/characters/CharacterPreview3D.tscn
Completed load for: 'res://ui/characters/CharacterPreview3D.tscn' remapped 'res://ui/characters/CharacterPreview3D.tscn' at thread -1
Completed load for: 'res://ui/recraft_hud_v1/components/portrait/portrait_view.tscn' remapped 'res://ui/recraft_hud_v1/components/portrait/portrait_view.tscn' at thread -1
Loading resource: res://ui/recraft_hud_v1/components/resource_bar/resource_bar_view.tscn remapped: res://ui/recraft_hud_v1/components/resource_bar/resource_bar_view.tscn
Loading resource: res://ui/recraft_hud_v1/components/resource_bar/resource_bar_view.gd remapped: res://ui/recraft_hud_v1/components/resource_bar/resource_bar_view.gd
Completed load for: 'res://ui/recraft_hud_v1/components/resource_bar/resource_bar_view.gd' remapped 'res://ui/recraft_hud_v1/components/resource_bar/resource_bar_view.gd' at thread -1
Loading resource: res://asset/ui/recraft_hud_v1/processed/resource_bar_frame.png remapped: res://asset/ui/recraft_hud_v1/processed/resource_bar_frame.png
EditorFileSystem: Importing file: res://asset/ui/recraft_hud_v1/processed/resource_bar_frame.png
EditorFileSystem: "res://asset/ui/recraft_hud_v1/processed/resource_bar_frame.png" import took 291 ms.
Loading resource: res://.godot/imported/resource_bar_frame.png-6b9c04900579e0906008c18c5a944f5c.ctex remapped: res://.godot/imported/resource_bar_frame.png-6b9c04900579e0906008c18c5a944f5c.ctex
Completed load for: 'res://asset/ui/recraft_hud_v1/processed/resource_bar_frame.png' remapped 'res://asset/ui/recraft_hud_v1/processed/resource_bar_frame.png' at thread -1
Completed load for: 'res://ui/recraft_hud_v1/components/resource_bar/resource_bar_view.tscn' remapped 'res://ui/recraft_hud_v1/components/resource_bar/resource_bar_view.tscn' at thread -1
Loading resource: res://ui/recraft_hud_v1/components/resource_badge/resource_badge_view.tscn remapped: res://ui/recraft_hud_v1/components/resource_badge/resource_badge_view.tscn
Loading resource: res://ui/recraft_hud_v1/components/resource_badge/resource_badge_view.gd remapped: res://ui/recraft_hud_v1/components/resource_badge/resource_badge_view.gd
Completed load for: 'res://ui/recraft_hud_v1/components/resource_badge/resource_badge_view.gd' remapped 'res://ui/recraft_hud_v1/components/resource_badge/resource_badge_view.gd' at thread -1
Loading resource: res://asset/ui/recraft_hud_v1/processed/resource_badge_base.png remapped: res://asset/ui/recraft_hud_v1/processed/resource_badge_base.png
EditorFileSystem: Importing file: res://asset/ui/recraft_hud_v1/processed/resource_badge_base.png
EditorFileSystem: "res://asset/ui/recraft_hud_v1/processed/resource_badge_base.png" import took 550 ms.
Loading resource: res://.godot/imported/resource_badge_base.png-d21fdcca5b9cb49eb69077e10e3ea4ed.ctex remapped: res://.godot/imported/resource_badge_base.png-d21fdcca5b9cb49eb69077e10e3ea4ed.ctex
Completed load for: 'res://asset/ui/recraft_hud_v1/processed/resource_badge_base.png' remapped 'res://asset/ui/recraft_hud_v1/processed/resource_badge_base.png' at thread -1
Completed load for: 'res://ui/recraft_hud_v1/components/resource_badge/resource_badge_view.tscn' remapped 'res://ui/recraft_hud_v1/components/resource_badge/resource_badge_view.tscn' at thread -1
Loading resource: res://ui/recraft_hud_v1/components/primary_button/primary_button_view.tscn remapped: res://ui/recraft_hud_v1/components/primary_button/primary_button_view.tscn
Loading resource: res://ui/recraft_hud_v1/components/primary_button/primary_button_view.gd remapped: res://ui/recraft_hud_v1/components/primary_button/primary_button_view.gd
Completed load for: 'res://ui/recraft_hud_v1/components/primary_button/primary_button_view.gd' remapped 'res://ui/recraft_hud_v1/components/primary_button/primary_button_view.gd' at thread -1
Loading resource: res://asset/ui/recraft_hud_v1/processed/primary_button_base.png remapped: res://asset/ui/recraft_hud_v1/processed/primary_button_base.png
EditorFileSystem: Importing file: res://asset/ui/recraft_hud_v1/processed/primary_button_base.png
EditorFileSystem: "res://asset/ui/recraft_hud_v1/processed/primary_button_base.png" import took 528 ms.
Loading resource: res://.godot/imported/primary_button_base.png-7b3aada445d9703b1abedf79dcb7f566.ctex remapped: res://.godot/imported/primary_button_base.png-7b3aada445d9703b1abedf79dcb7f566.ctex
Completed load for: 'res://asset/ui/recraft_hud_v1/processed/primary_button_base.png' remapped 'res://asset/ui/recraft_hud_v1/processed/primary_button_base.png' at thread -1
Completed load for: 'res://ui/recraft_hud_v1/components/primary_button/primary_button_view.tscn' remapped 'res://ui/recraft_hud_v1/components/primary_button/primary_button_view.tscn' at thread -1
Loading resource: res://asset/ui/recraft_hud_v1/processed/spellbar_panel.png remapped: res://asset/ui/recraft_hud_v1/processed/spellbar_panel.png
EditorFileSystem: Importing file: res://asset/ui/recraft_hud_v1/processed/spellbar_panel.png
EditorFileSystem: "res://asset/ui/recraft_hud_v1/processed/spellbar_panel.png" import took 410 ms.
Loading resource: res://.godot/imported/spellbar_panel.png-6996d17d747d50de07f906efb177e74e.ctex remapped: res://.godot/imported/spellbar_panel.png-6996d17d747d50de07f906efb177e74e.ctex
Completed load for: 'res://asset/ui/recraft_hud_v1/processed/spellbar_panel.png' remapped 'res://asset/ui/recraft_hud_v1/processed/spellbar_panel.png' at thread -1
Loading resource: res://ui/recraft_hud_v1/combat/layout_debug_overlay.gd remapped: res://ui/recraft_hud_v1/combat/layout_debug_overlay.gd
Completed load for: 'res://ui/recraft_hud_v1/combat/layout_debug_overlay.gd' remapped 'res://ui/recraft_hud_v1/combat/layout_debug_overlay.gd' at thread -1
Loading resource: res://ui/combat/turn_intro_banner.tscn remapped: res://ui/combat/turn_intro_banner.tscn
Completed load for: 'res://ui/combat/turn_intro_banner.tscn' remapped 'res://ui/combat/turn_intro_banner.tscn' at thread -1
Completed load for: 'res://ui/recraft_hud_v1/combat/combat_hud_recraft_v1.tscn' remapped 'res://ui/recraft_hud_v1/combat/combat_hud_recraft_v1.tscn' at thread -1
Loading resource: res://ui/progression/components/skill_tree_status_button.tscn remapped: res://ui/progression/components/skill_tree_status_button.tscn
Loading resource: res://ui/progression/components/skill_tree_tooltip_panel.tscn remapped: res://ui/progression/components/skill_tree_tooltip_panel.tscn
Loading resource: res://ui/progression/skin/dungeon_draft_skill_tree_skin.tres remapped: res://ui/progression/skin/dungeon_draft_skill_tree_skin.tres
Loading resource: res://data/ui/skill_tree_refined_config.tres remapped: res://data/ui/skill_tree_refined_config.tres
Loading resource: res://asset/ui/dungeon_draft/arbre_compétences/generated/lock_refined.png remapped: res://asset/ui/dungeon_draft/arbre_compétences/generated/lock_refined.png
EditorFileSystem: Importing file: res://asset/ui/dungeon_draft/arbre_compétences/generated/lock_refined.png
EditorFileSystem: "res://asset/ui/dungeon_draft/arbre_compétences/generated/lock_refined.png" import took 20 ms.
Loading resource: res://.godot/imported/lock_refined.png-dbe3c3f8fd6fccdd66276ade19a76f33.ctex remapped: res://.godot/imported/lock_refined.png-dbe3c3f8fd6fccdd66276ade19a76f33.ctex
Completed load for: 'res://asset/ui/dungeon_draft/arbre_compétences/generated/lock_refined.png' remapped 'res://asset/ui/dungeon_draft/arbre_compétences/generated/lock_refined.png' at thread -1
Completed load for: 'res://data/ui/skill_tree_refined_config.tres' remapped 'res://data/ui/skill_tree_refined_config.tres' at thread -1
Loading resource: res://data/ui/skill_tree_icon_catalog_refined.tres remapped: res://data/ui/skill_tree_icon_catalog_refined.tres
Loading resource: res://asset/ui/dungeon_draft/arbre_compétences/generated/icons/upgrade.svg remapped: res://asset/ui/dungeon_draft/arbre_compétences/generated/icons/upgrade.svg
EditorFileSystem: Importing file: res://asset/ui/dungeon_draft/arbre_compétences/generated/icons/upgrade.svg
EditorFileSystem: "res://asset/ui/dungeon_draft/arbre_compétences/generated/icons/upgrade.svg" import took 5 ms.
Loading resource: res://.godot/imported/upgrade.svg-e6d579b002587fea4f6b12654ad3ba8a.ctex remapped: res://.godot/imported/upgrade.svg-e6d579b002587fea4f6b12654ad3ba8a.ctex
Completed load for: 'res://asset/ui/dungeon_draft/arbre_compétences/generated/icons/upgrade.svg' remapped 'res://asset/ui/dungeon_draft/arbre_compétences/generated/icons/upgrade.svg' at thread -1
Loading resource: res://asset/ui/dungeon_draft/arbre_compétences/generated/icons/hidden.svg remapped: res://asset/ui/dungeon_draft/arbre_compétences/generated/icons/hidden.svg
EditorFileSystem: Importing file: res://asset/ui/dungeon_draft/arbre_compétences/generated/icons/hidden.svg
EditorFileSystem: "res://asset/ui/dungeon_draft/arbre_compétences/generated/icons/hidden.svg" import took 6 ms.
Loading resource: res://.godot/imported/hidden.svg-95a6ec26f8ccd8a24307b1b7ae1c64bf.ctex remapped: res://.godot/imported/hidden.svg-95a6ec26f8ccd8a24307b1b7ae1c64bf.ctex
Completed load for: 'res://asset/ui/dungeon_draft/arbre_compétences/generated/icons/hidden.svg' remapped 'res://asset/ui/dungeon_draft/arbre_compétences/generated/icons/hidden.svg' at thread -1
Loading resource: res://asset/ui/dungeon_draft/arbre_compétences/generated/icons/damage.svg remapped: res://asset/ui/dungeon_draft/arbre_compétences/generated/icons/damage.svg
EditorFileSystem: Importing file: res://asset/ui/dungeon_draft/arbre_compétences/generated/icons/damage.svg
EditorFileSystem: "res://asset/ui/dungeon_draft/arbre_compétences/generated/icons/damage.svg" import took 6 ms.
Loading resource: res://.godot/imported/damage.svg-81e16fd87e18f7b6d0062545ea196e8d.ctex remapped: res://.godot/imported/damage.svg-81e16fd87e18f7b6d0062545ea196e8d.ctex
Completed load for: 'res://asset/ui/dungeon_draft/arbre_compétences/generated/icons/damage.svg' remapped 'res://asset/ui/dungeon_draft/arbre_compétences/generated/icons/damage.svg' at thread -1
Loading resource: res://asset/ui/dungeon_draft/arbre_compétences/generated/icons/range.svg remapped: res://asset/ui/dungeon_draft/arbre_compétences/generated/icons/range.svg
EditorFileSystem: Importing file: res://asset/ui/dungeon_draft/arbre_compétences/generated/icons/range.svg
EditorFileSystem: "res://asset/ui/dungeon_draft/arbre_compétences/generated/icons/range.svg" import took 5 ms.
Loading resource: res://.godot/imported/range.svg-edee5d46762c473162324e5601be4c95.ctex remapped: res://.godot/imported/range.svg-edee5d46762c473162324e5601be4c95.ctex
Completed load for: 'res://asset/ui/dungeon_draft/arbre_compétences/generated/icons/range.svg' remapped 'res://asset/ui/dungeon_draft/arbre_compétences/generated/icons/range.svg' at thread -1
Loading resource: res://asset/ui/dungeon_draft/arbre_compétences/generated/icons/push.svg remapped: res://asset/ui/dungeon_draft/arbre_compétences/generated/icons/push.svg
EditorFileSystem: Importing file: res://asset/ui/dungeon_draft/arbre_compétences/generated/icons/push.svg
EditorFileSystem: "res://asset/ui/dungeon_draft/arbre_compétences/generated/icons/push.svg" import took 5 ms.
Loading resource: res://.godot/imported/push.svg-7e56f742c013aa3d7671adae148e8967.ctex remapped: res://.godot/imported/push.svg-7e56f742c013aa3d7671adae148e8967.ctex
Completed load for: 'res://asset/ui/dungeon_draft/arbre_compétences/generated/icons/push.svg' remapped 'res://asset/ui/dungeon_draft/arbre_compétences/generated/icons/push.svg' at thread -1
Loading resource: res://asset/ui/dungeon_draft/arbre_compétences/generated/icons/movement.svg remapped: res://asset/ui/dungeon_draft/arbre_compétences/generated/icons/movement.svg
EditorFileSystem: Importing file: res://asset/ui/dungeon_draft/arbre_compétences/generated/icons/movement.svg
EditorFileSystem: "res://asset/ui/dungeon_draft/arbre_compétences/generated/icons/movement.svg" import took 6 ms.
Loading resource: res://.godot/imported/movement.svg-33afa9d21ea276122edde7f40b48a650.ctex remapped: res://.godot/imported/movement.svg-33afa9d21ea276122edde7f40b48a650.ctex
Completed load for: 'res://asset/ui/dungeon_draft/arbre_compétences/generated/icons/movement.svg' remapped 'res://asset/ui/dungeon_draft/arbre_compétences/generated/icons/movement.svg' at thread -1
Loading resource: res://asset/ui/dungeon_draft/arbre_compétences/generated/icons/bleed.svg remapped: res://asset/ui/dungeon_draft/arbre_compétences/generated/icons/bleed.svg
EditorFileSystem: Importing file: res://asset/ui/dungeon_draft/arbre_compétences/generated/icons/bleed.svg
EditorFileSystem: "res://asset/ui/dungeon_draft/arbre_compétences/generated/icons/bleed.svg" import took 5 ms.
Loading resource: res://.godot/imported/bleed.svg-2bb37c88d682e77ac743a133c0351e8e.ctex remapped: res://.godot/imported/bleed.svg-2bb37c88d682e77ac743a133c0351e8e.ctex
Completed load for: 'res://asset/ui/dungeon_draft/arbre_compétences/generated/icons/bleed.svg' remapped 'res://asset/ui/dungeon_draft/arbre_compétences/generated/icons/bleed.svg' at thread -1
Loading resource: res://asset/ui/dungeon_draft/arbre_compétences/generated/icons/vulnerability.svg remapped: res://asset/ui/dungeon_draft/arbre_compétences/generated/icons/vulnerability.svg
EditorFileSystem: Importing file: res://asset/ui/dungeon_draft/arbre_compétences/generated/icons/vulnerability.svg
EditorFileSystem: "res://asset/ui/dungeon_draft/arbre_compétences/generated/icons/vulnerability.svg" import took 5 ms.
Loading resource: res://.godot/imported/vulnerability.svg-45a981ca2bad35b059f415b76a8ccd5b.ctex remapped: res://.godot/imported/vulnerability.svg-45a981ca2bad35b059f415b76a8ccd5b.ctex
Completed load for: 'res://asset/ui/dungeon_draft/arbre_compétences/generated/icons/vulnerability.svg' remapped 'res://asset/ui/dungeon_draft/arbre_compétences/generated/icons/vulnerability.svg' at thread -1
Loading resource: res://asset/ui/dungeon_draft/arbre_compétences/generated/icons/collision.svg remapped: res://asset/ui/dungeon_draft/arbre_compétences/generated/icons/collision.svg
EditorFileSystem: Importing file: res://asset/ui/dungeon_draft/arbre_compétences/generated/icons/collision.svg
EditorFileSystem: "res://asset/ui/dungeon_draft/arbre_compétences/generated/icons/collision.svg" import took 5 ms.
Loading resource: res://.godot/imported/collision.svg-cfeac4963bd1bcc1c0e5da1275651f86.ctex remapped: res://.godot/imported/collision.svg-cfeac4963bd1bcc1c0e5da1275651f86.ctex
Completed load for: 'res://asset/ui/dungeon_draft/arbre_compétences/generated/icons/collision.svg' remapped 'res://asset/ui/dungeon_draft/arbre_compétences/generated/icons/collision.svg' at thread -1
Loading resource: res://asset/ui/dungeon_draft/arbre_compétences/generated/icons/duration.svg remapped: res://asset/ui/dungeon_draft/arbre_compétences/generated/icons/duration.svg
EditorFileSystem: Importing file: res://asset/ui/dungeon_draft/arbre_compétences/generated/icons/duration.svg
EditorFileSystem: "res://asset/ui/dungeon_draft/arbre_compétences/generated/icons/duration.svg" import took 5 ms.
Loading resource: res://.godot/imported/duration.svg-bd4735916d50f70f6ea3c63613b47d6e.ctex remapped: res://.godot/imported/duration.svg-bd4735916d50f70f6ea3c63613b47d6e.ctex
Completed load for: 'res://asset/ui/dungeon_draft/arbre_compétences/generated/icons/duration.svg' remapped 'res://asset/ui/dungeon_draft/arbre_compétences/generated/icons/duration.svg' at thread -1
Loading resource: res://asset/ui/dungeon_draft/arbre_compétences/generated/icons/pierce.svg remapped: res://asset/ui/dungeon_draft/arbre_compétences/generated/icons/pierce.svg
EditorFileSystem: Importing file: res://asset/ui/dungeon_draft/arbre_compétences/generated/icons/pierce.svg
EditorFileSystem: "res://asset/ui/dungeon_draft/arbre_compétences/generated/icons/pierce.svg" import took 5 ms.
Loading resource: res://.godot/imported/pierce.svg-7e7339f71292c1df91bef5f7b67c2b02.ctex remapped: res://.godot/imported/pierce.svg-7e7339f71292c1df91bef5f7b67c2b02.ctex
Completed load for: 'res://asset/ui/dungeon_draft/arbre_compétences/generated/icons/pierce.svg' remapped 'res://asset/ui/dungeon_draft/arbre_compétences/generated/icons/pierce.svg' at thread -1
Loading resource: res://asset/ui/dungeon_draft/arbre_compétences/generated/icons/terrain.svg remapped: res://asset/ui/dungeon_draft/arbre_compétences/generated/icons/terrain.svg
EditorFileSystem: Importing file: res://asset/ui/dungeon_draft/arbre_compétences/generated/icons/terrain.svg
EditorFileSystem: "res://asset/ui/dungeon_draft/arbre_compétences/generated/icons/terrain.svg" import took 6 ms.
Loading resource: res://.godot/imported/terrain.svg-507d7af43c750a821386642d1fdd4e37.ctex remapped: res://.godot/imported/terrain.svg-507d7af43c750a821386642d1fdd4e37.ctex
Completed load for: 'res://asset/ui/dungeon_draft/arbre_compétences/generated/icons/terrain.svg' remapped 'res://asset/ui/dungeon_draft/arbre_compétences/generated/icons/terrain.svg' at thread -1
Loading resource: res://asset/ui/dungeon_draft/arbre_compétences/generated/icons/heal.svg remapped: res://asset/ui/dungeon_draft/arbre_compétences/generated/icons/heal.svg
EditorFileSystem: Importing file: res://asset/ui/dungeon_draft/arbre_compétences/generated/icons/heal.svg
EditorFileSystem: "res://asset/ui/dungeon_draft/arbre_compétences/generated/icons/heal.svg" import took 6 ms.
Loading resource: res://.godot/imported/heal.svg-8852c0d5dab1b6c8565b2bbf5a81cb8b.ctex remapped: res://.godot/imported/heal.svg-8852c0d5dab1b6c8565b2bbf5a81cb8b.ctex
Completed load for: 'res://asset/ui/dungeon_draft/arbre_compétences/generated/icons/heal.svg' remapped 'res://asset/ui/dungeon_draft/arbre_compétences/generated/icons/heal.svg' at thread -1
Loading resource: res://asset/ui/dungeon_draft/arbre_compétences/generated/icons/defense.svg remapped: res://asset/ui/dungeon_draft/arbre_compétences/generated/icons/defense.svg
EditorFileSystem: Importing file: res://asset/ui/dungeon_draft/arbre_compétences/generated/icons/defense.svg
EditorFileSystem: "res://asset/ui/dungeon_draft/arbre_compétences/generated/icons/defense.svg" import took 6 ms.
Loading resource: res://.godot/imported/defense.svg-069dd7116d9595dd8300510c5ec95bf1.ctex remapped: res://.godot/imported/defense.svg-069dd7116d9595dd8300510c5ec95bf1.ctex
Completed load for: 'res://asset/ui/dungeon_draft/arbre_compétences/generated/icons/defense.svg' remapped 'res://asset/ui/dungeon_draft/arbre_compétences/generated/icons/defense.svg' at thread -1
Loading resource: res://asset/ui/dungeon_draft/arbre_compétences/generated/icons/state_check.svg remapped: res://asset/ui/dungeon_draft/arbre_compétences/generated/icons/state_check.svg
EditorFileSystem: Importing file: res://asset/ui/dungeon_draft/arbre_compétences/generated/icons/state_check.svg
EditorFileSystem: "res://asset/ui/dungeon_draft/arbre_compétences/generated/icons/state_check.svg" import took 5 ms.
Loading resource: res://.godot/imported/state_check.svg-0ca856d722b0cf1a68254cbd035f72db.ctex remapped: res://.godot/imported/state_check.svg-0ca856d722b0cf1a68254cbd035f72db.ctex
Completed load for: 'res://asset/ui/dungeon_draft/arbre_compétences/generated/icons/state_check.svg' remapped 'res://asset/ui/dungeon_draft/arbre_compétences/generated/icons/state_check.svg' at thread -1
Loading resource: res://asset/ui/dungeon_draft/arbre_compétences/generated/icons/state_excluded.svg remapped: res://asset/ui/dungeon_draft/arbre_compétences/generated/icons/state_excluded.svg
EditorFileSystem: Importing file: res://asset/ui/dungeon_draft/arbre_compétences/generated/icons/state_excluded.svg
EditorFileSystem: "res://asset/ui/dungeon_draft/arbre_compétences/generated/icons/state_excluded.svg" import took 5 ms.
Loading resource: res://.godot/imported/state_excluded.svg-60258fffe256cf148ed6b0d93db27eeb.ctex remapped: res://.godot/imported/state_excluded.svg-60258fffe256cf148ed6b0d93db27eeb.ctex
Completed load for: 'res://asset/ui/dungeon_draft/arbre_compétences/generated/icons/state_excluded.svg' remapped 'res://asset/ui/dungeon_draft/arbre_compétences/generated/icons/state_excluded.svg' at thread -1
Loading resource: res://asset/ui/dungeon_draft/arbre_compétences/generated/icons/state_pending.svg remapped: res://asset/ui/dungeon_draft/arbre_compétences/generated/icons/state_pending.svg
EditorFileSystem: Importing file: res://asset/ui/dungeon_draft/arbre_compétences/generated/icons/state_pending.svg
EditorFileSystem: "res://asset/ui/dungeon_draft/arbre_compétences/generated/icons/state_pending.svg" import took 5 ms.
Loading resource: res://.godot/imported/state_pending.svg-9f3e7ec8df607cfde32fc70752ae64a4.ctex remapped: res://.godot/imported/state_pending.svg-9f3e7ec8df607cfde32fc70752ae64a4.ctex
Completed load for: 'res://asset/ui/dungeon_draft/arbre_compétences/generated/icons/state_pending.svg' remapped 'res://asset/ui/dungeon_draft/arbre_compétences/generated/icons/state_pending.svg' at thread -1
Loading resource: res://asset/ui/dungeon_draft/arbre_compétences/generated/icons/poison.svg remapped: res://asset/ui/dungeon_draft/arbre_compétences/generated/icons/poison.svg
EditorFileSystem: Importing file: res://asset/ui/dungeon_draft/arbre_compétences/generated/icons/poison.svg
EditorFileSystem: "res://asset/ui/dungeon_draft/arbre_compétences/generated/icons/poison.svg" import took 5 ms.
Loading resource: res://.godot/imported/poison.svg-3b5754011a77217fa357aaef5ee5937d.ctex remapped: res://.godot/imported/poison.svg-3b5754011a77217fa357aaef5ee5937d.ctex
Completed load for: 'res://asset/ui/dungeon_draft/arbre_compétences/generated/icons/poison.svg' remapped 'res://asset/ui/dungeon_draft/arbre_compétences/generated/icons/poison.svg' at thread -1
Completed load for: 'res://data/ui/skill_tree_icon_catalog_refined.tres' remapped 'res://data/ui/skill_tree_icon_catalog_refined.tres' at thread -1
Completed load for: 'res://ui/progression/skin/dungeon_draft_skill_tree_skin.tres' remapped 'res://ui/progression/skin/dungeon_draft_skill_tree_skin.tres' at thread -1
Completed load for: 'res://ui/progression/components/skill_tree_tooltip_panel.tscn' remapped 'res://ui/progression/components/skill_tree_tooltip_panel.tscn' at thread -1
Completed load for: 'res://ui/progression/components/skill_tree_status_button.tscn' remapped 'res://ui/progression/components/skill_tree_status_button.tscn' at thread -1
Loading resource: res://ui/progression/screens/skill_tree_screen.tscn remapped: res://ui/progression/screens/skill_tree_screen.tscn
Loading resource: res://ui/progression/components/skill_tree_graph_view.tscn remapped: res://ui/progression/components/skill_tree_graph_view.tscn
Loading resource: res://ui/progression/skin/elf_archer_visual_map.tres remapped: res://ui/progression/skin/elf_archer_visual_map.tres
Completed load for: 'res://ui/progression/skin/elf_archer_visual_map.tres' remapped 'res://ui/progression/skin/elf_archer_visual_map.tres' at thread -1
Completed load for: 'res://ui/progression/components/skill_tree_graph_view.tscn' remapped 'res://ui/progression/components/skill_tree_graph_view.tscn' at thread -1
Loading resource: res://ui/progression/components/skill_tree_node_detail_panel.tscn remapped: res://ui/progression/components/skill_tree_node_detail_panel.tscn
Completed load for: 'res://ui/progression/components/skill_tree_node_detail_panel.tscn' remapped 'res://ui/progression/components/skill_tree_node_detail_panel.tscn' at thread -1
Completed load for: 'res://ui/progression/screens/skill_tree_screen.tscn' remapped 'res://ui/progression/screens/skill_tree_screen.tscn' at thread -1
Loading resource: res://ui/menus/dark_pause_menu.tscn remapped: res://ui/menus/dark_pause_menu.tscn
Loading resource: res://ui/themes/dark_pause_menu_theme.tres remapped: res://ui/themes/dark_pause_menu_theme.tres
Loading resource: res://asset/ui/dark_menu/generated/button_normal.png remapped: res://asset/ui/dark_menu/generated/button_normal.png
EditorFileSystem: Importing file: res://asset/ui/dark_menu/generated/button_normal.png
EditorFileSystem: "res://asset/ui/dark_menu/generated/button_normal.png" import took 89 ms.
Loading resource: res://.godot/imported/button_normal.png-4bb5fa7e4095485eefaa689c3d19c500.ctex remapped: res://.godot/imported/button_normal.png-4bb5fa7e4095485eefaa689c3d19c500.ctex
Completed load for: 'res://asset/ui/dark_menu/generated/button_normal.png' remapped 'res://asset/ui/dark_menu/generated/button_normal.png' at thread -1
Loading resource: res://asset/ui/dark_menu/generated/button_hover.png remapped: res://asset/ui/dark_menu/generated/button_hover.png
EditorFileSystem: Importing file: res://asset/ui/dark_menu/generated/button_hover.png
EditorFileSystem: "res://asset/ui/dark_menu/generated/button_hover.png" import took 55 ms.
Loading resource: res://.godot/imported/button_hover.png-8a337b237d0ef81004ac2c6b12c31865.ctex remapped: res://.godot/imported/button_hover.png-8a337b237d0ef81004ac2c6b12c31865.ctex
Completed load for: 'res://asset/ui/dark_menu/generated/button_hover.png' remapped 'res://asset/ui/dark_menu/generated/button_hover.png' at thread -1
Loading resource: res://asset/ui/dark_menu/generated/button_pressed.png remapped: res://asset/ui/dark_menu/generated/button_pressed.png
EditorFileSystem: Importing file: res://asset/ui/dark_menu/generated/button_pressed.png
EditorFileSystem: "res://asset/ui/dark_menu/generated/button_pressed.png" import took 38 ms.
Loading resource: res://.godot/imported/button_pressed.png-e16840e1248e3ce4bf5e6571a90a0477.ctex remapped: res://.godot/imported/button_pressed.png-e16840e1248e3ce4bf5e6571a90a0477.ctex
Completed load for: 'res://asset/ui/dark_menu/generated/button_pressed.png' remapped 'res://asset/ui/dark_menu/generated/button_pressed.png' at thread -1
Completed load for: 'res://ui/themes/dark_pause_menu_theme.tres' remapped 'res://ui/themes/dark_pause_menu_theme.tres' at thread -1
Loading resource: res://asset/ui/dark_menu/generated/main_frame.png remapped: res://asset/ui/dark_menu/generated/main_frame.png
EditorFileSystem: Importing file: res://asset/ui/dark_menu/generated/main_frame.png
EditorFileSystem: "res://asset/ui/dark_menu/generated/main_frame.png" import took 171 ms.
Loading resource: res://.godot/imported/main_frame.png-8a86c42d3d8e3b1d99f115d68c6d5f4c.ctex remapped: res://.godot/imported/main_frame.png-8a86c42d3d8e3b1d99f115d68c6d5f4c.ctex
Completed load for: 'res://asset/ui/dark_menu/generated/main_frame.png' remapped 'res://asset/ui/dark_menu/generated/main_frame.png' at thread -1
Loading resource: res://asset/ui/dark_menu/generated/title_header.png remapped: res://asset/ui/dark_menu/generated/title_header.png
EditorFileSystem: Importing file: res://asset/ui/dark_menu/generated/title_header.png
EditorFileSystem: "res://asset/ui/dark_menu/generated/title_header.png" import took 117 ms.
Loading resource: res://.godot/imported/title_header.png-38519adc17b2661a49ac08a5729b35e3.ctex remapped: res://.godot/imported/title_header.png-38519adc17b2661a49ac08a5729b35e3.ctex
Completed load for: 'res://asset/ui/dark_menu/generated/title_header.png' remapped 'res://asset/ui/dark_menu/generated/title_header.png' at thread -1
Loading resource: res://asset/ui/dark_menu/generated/close_button.png remapped: res://asset/ui/dark_menu/generated/close_button.png
EditorFileSystem: Importing file: res://asset/ui/dark_menu/generated/close_button.png
EditorFileSystem: "res://asset/ui/dark_menu/generated/close_button.png" import took 149 ms.
Loading resource: res://.godot/imported/close_button.png-a8d749bc78e98b3fd89e0ebf51b7f3bb.ctex remapped: res://.godot/imported/close_button.png-a8d749bc78e98b3fd89e0ebf51b7f3bb.ctex
Completed load for: 'res://asset/ui/dark_menu/generated/close_button.png' remapped 'res://asset/ui/dark_menu/generated/close_button.png' at thread -1
Loading resource: res://asset/ui/dark_menu/generated/bottom_section.png remapped: res://asset/ui/dark_menu/generated/bottom_section.png
EditorFileSystem: Importing file: res://asset/ui/dark_menu/generated/bottom_section.png
EditorFileSystem: "res://asset/ui/dark_menu/generated/bottom_section.png" import took 147 ms.
Loading resource: res://.godot/imported/bottom_section.png-58cc2cd32cdc99b7a0177a8646f93cc3.ctex remapped: res://.godot/imported/bottom_section.png-58cc2cd32cdc99b7a0177a8646f93cc3.ctex
Completed load for: 'res://asset/ui/dark_menu/generated/bottom_section.png' remapped 'res://asset/ui/dark_menu/generated/bottom_section.png' at thread -1
Loading resource: res://ui/components/dark_menu_button.tscn remapped: res://ui/components/dark_menu_button.tscn
Completed load for: 'res://ui/components/dark_menu_button.tscn' remapped 'res://ui/components/dark_menu_button.tscn' at thread -1
Completed load for: 'res://ui/menus/dark_pause_menu.tscn' remapped 'res://ui/menus/dark_pause_menu.tscn' at thread -1
Completed load for: 'res://ui/run/PersistentRunUI.tscn' remapped 'res://ui/run/PersistentRunUI.tscn' at thread -1
Completed load for: 'res://core/game_manager.gd' remapped 'res://core/game_manager.gd' at thread -1
Loading resource: res://core/audio_manager.gd remapped: res://core/audio_manager.gd
Completed load for: 'res://core/audio_manager.gd' remapped 'res://core/audio_manager.gd' at thread -1
Loading resource: res://core/vfx_manager.gd remapped: res://core/vfx_manager.gd
Completed load for: 'res://core/vfx_manager.gd' remapped 'res://core/vfx_manager.gd' at thread -1
[  66% ] first_scan_filesystem | Initialisation des extensions…
Loading resource: res://addons/gut/gut_plugin.gd remapped: res://addons/gut/gut_plugin.gd
Loading resource: res://addons/gut/gui/GutBottomPanel.tscn remapped: res://addons/gut/gui/GutBottomPanel.tscn
Loading resource: res://addons/gut/gui/GutBottomPanel.gd remapped: res://addons/gut/gui/GutBottomPanel.gd
Loading resource: res://addons/gut/GutScene.tscn remapped: res://addons/gut/GutScene.tscn
Loading resource: res://addons/gut/GutScene.gd remapped: res://addons/gut/GutScene.gd
Completed load for: 'res://addons/gut/GutScene.gd' remapped 'res://addons/gut/GutScene.gd' at thread -1
Loading resource: res://addons/gut/gui/NormalGui.tscn remapped: res://addons/gut/gui/NormalGui.tscn
Loading resource: res://addons/gut/gui/GutSceneTheme.tres remapped: res://addons/gut/gui/GutSceneTheme.tres
Loading resource: res://addons/gut/fonts/AnonymousPro-Regular.ttf remapped: res://addons/gut/fonts/AnonymousPro-Regular.ttf
EditorFileSystem: Importing file: res://addons/gut/fonts/AnonymousPro-Regular.ttf
Importing dynamic font from: res://addons/gut/fonts/AnonymousPro-Regular.ttf
Saving to: res://.godot/imported/AnonymousPro-Regular.ttf-856c843fd6f89964d2ca8d8ff1724f13.fontdata
Done saving to: res://.godot/imported/AnonymousPro-Regular.ttf-856c843fd6f89964d2ca8d8ff1724f13.fontdata
EditorFileSystem: "res://addons/gut/fonts/AnonymousPro-Regular.ttf" import took 6 ms.
Loading resource: res://.godot/imported/AnonymousPro-Regular.ttf-856c843fd6f89964d2ca8d8ff1724f13.fontdata remapped: res://.godot/imported/AnonymousPro-Regular.ttf-856c843fd6f89964d2ca8d8ff1724f13.fontdata
Completed load for: 'res://addons/gut/fonts/AnonymousPro-Regular.ttf' remapped 'res://addons/gut/fonts/AnonymousPro-Regular.ttf' at thread -1
Completed load for: 'res://addons/gut/gui/GutSceneTheme.tres' remapped 'res://addons/gut/gui/GutSceneTheme.tres' at thread -1
Loading resource: res://addons/gut/gui/gut_gui.gd remapped: res://addons/gut/gui/gut_gui.gd
Completed load for: 'res://addons/gut/gui/gut_gui.gd' remapped 'res://addons/gut/gui/gut_gui.gd' at thread -1
Loading resource: res://addons/gut/fonts/CourierPrime-Regular.ttf remapped: res://addons/gut/fonts/CourierPrime-Regular.ttf
EditorFileSystem: Importing file: res://addons/gut/fonts/CourierPrime-Regular.ttf
Importing dynamic font from: res://addons/gut/fonts/CourierPrime-Regular.ttf
Saving to: res://.godot/imported/CourierPrime-Regular.ttf-3babe7e4a7a588dfc9a84c14b4f1fe23.fontdata
Done saving to: res://.godot/imported/CourierPrime-Regular.ttf-3babe7e4a7a588dfc9a84c14b4f1fe23.fontdata
EditorFileSystem: "res://addons/gut/fonts/CourierPrime-Regular.ttf" import took 5 ms.
Loading resource: res://.godot/imported/CourierPrime-Regular.ttf-3babe7e4a7a588dfc9a84c14b4f1fe23.fontdata remapped: res://.godot/imported/CourierPrime-Regular.ttf-3babe7e4a7a588dfc9a84c14b4f1fe23.fontdata
Completed load for: 'res://addons/gut/fonts/CourierPrime-Regular.ttf' remapped 'res://addons/gut/fonts/CourierPrime-Regular.ttf' at thread -1
Loading resource: res://addons/gut/gui/ResizeHandle.tscn remapped: res://addons/gut/gui/ResizeHandle.tscn
Loading resource: res://addons/gut/gui/ResizeHandle.gd remapped: res://addons/gut/gui/ResizeHandle.gd
Completed load for: 'res://addons/gut/gui/ResizeHandle.gd' remapped 'res://addons/gut/gui/ResizeHandle.gd' at thread -1
Completed load for: 'res://addons/gut/gui/ResizeHandle.tscn' remapped 'res://addons/gut/gui/ResizeHandle.tscn' at thread -1
Completed load for: 'res://addons/gut/gui/NormalGui.tscn' remapped 'res://addons/gut/gui/NormalGui.tscn' at thread -1
Loading resource: res://addons/gut/gui/MinGui.tscn remapped: res://addons/gut/gui/MinGui.tscn
Completed load for: 'res://addons/gut/gui/MinGui.tscn' remapped 'res://addons/gut/gui/MinGui.tscn' at thread -1
Completed load for: 'res://addons/gut/GutScene.tscn' remapped 'res://addons/gut/GutScene.tscn' at thread -1
Loading resource: res://addons/gut/lazy_loader.gd remapped: res://addons/gut/lazy_loader.gd
Loading resource: res://addons/gut/thing_counter.gd remapped: res://addons/gut/thing_counter.gd
Completed load for: 'res://addons/gut/thing_counter.gd' remapped 'res://addons/gut/thing_counter.gd' at thread -1
Loading resource: res://addons/gut/warnings_manager.gd remapped: res://addons/gut/warnings_manager.gd
Completed load for: 'res://addons/gut/warnings_manager.gd' remapped 'res://addons/gut/warnings_manager.gd' at thread -1
Completed load for: 'res://addons/gut/lazy_loader.gd' remapped 'res://addons/gut/lazy_loader.gd' at thread -1
Loading resource: res://addons/gut/version_numbers.gd remapped: res://addons/gut/version_numbers.gd
Completed load for: 'res://addons/gut/version_numbers.gd' remapped 'res://addons/gut/version_numbers.gd' at thread -1
Loading resource: res://addons/gut/gui/editor_globals.gd remapped: res://addons/gut/gui/editor_globals.gd
Loading resource: res://addons/gut/gui/gut_user_preferences.gd remapped: res://addons/gut/gui/gut_user_preferences.gd
Completed load for: 'res://addons/gut/gui/gut_user_preferences.gd' remapped 'res://addons/gut/gui/gut_user_preferences.gd' at thread -1
Completed load for: 'res://addons/gut/gui/editor_globals.gd' remapped 'res://addons/gut/gui/editor_globals.gd' at thread -1
Loading resource: res://addons/gut/gui/RunExternally.tscn remapped: res://addons/gut/gui/RunExternally.tscn
Loading resource: res://addons/gut/gui/RunExternally.gd remapped: res://addons/gut/gui/RunExternally.gd
Completed load for: 'res://addons/gut/gui/RunExternally.gd' remapped 'res://addons/gut/gui/RunExternally.gd' at thread -1
Completed load for: 'res://addons/gut/gui/RunExternally.tscn' remapped 'res://addons/gut/gui/RunExternally.tscn' at thread -1
Loading resource: res://addons/gut/gut_fonts.gd remapped: res://addons/gut/gut_fonts.gd
Completed load for: 'res://addons/gut/gut_fonts.gd' remapped 'res://addons/gut/gut_fonts.gd' at thread -1
Loading resource: res://addons/gut/strutils.gd remapped: res://addons/gut/strutils.gd
Completed load for: 'res://addons/gut/strutils.gd' remapped 'res://addons/gut/strutils.gd' at thread -1
Loading resource: res://addons/gut/inner_class_registry.gd remapped: res://addons/gut/inner_class_registry.gd
Completed load for: 'res://addons/gut/inner_class_registry.gd' remapped 'res://addons/gut/inner_class_registry.gd' at thread -1
Loading resource: res://addons/gut/dynamic_gdscript.gd remapped: res://addons/gut/dynamic_gdscript.gd
Completed load for: 'res://addons/gut/dynamic_gdscript.gd' remapped 'res://addons/gut/dynamic_gdscript.gd' at thread -1
Completed load for: 'res://addons/gut/gui/GutBottomPanel.gd' remapped 'res://addons/gut/gui/GutBottomPanel.gd' at thread -1
Loading resource: res://addons/gut/gui/RunAtCursor.tscn remapped: res://addons/gut/gui/RunAtCursor.tscn
Loading resource: res://addons/gut/gui/RunAtCursor.gd remapped: res://addons/gut/gui/RunAtCursor.gd
Completed load for: 'res://addons/gut/gui/RunAtCursor.gd' remapped 'res://addons/gut/gui/RunAtCursor.gd' at thread -1
Loading resource: res://addons/gut/gui/arrow.png remapped: res://addons/gut/gui/arrow.png
EditorFileSystem: Importing file: res://addons/gut/gui/arrow.png
EditorFileSystem: "res://addons/gut/gui/arrow.png" import took 4 ms.
Loading resource: res://.godot/imported/arrow.png-2b5b2d838b5b3467cf300ac2da1630d9.ctex remapped: res://.godot/imported/arrow.png-2b5b2d838b5b3467cf300ac2da1630d9.ctex
Completed load for: 'res://addons/gut/gui/arrow.png' remapped 'res://addons/gut/gui/arrow.png' at thread -1
Completed load for: 'res://addons/gut/gui/RunAtCursor.tscn' remapped 'res://addons/gut/gui/RunAtCursor.tscn' at thread -1
Loading resource: res://addons/gut/gui/play.png remapped: res://addons/gut/gui/play.png
EditorFileSystem: Importing file: res://addons/gut/gui/play.png
EditorFileSystem: "res://addons/gut/gui/play.png" import took 4 ms.
Loading resource: res://.godot/imported/play.png-5c90e88e8136487a183a099d67a7de24.ctex remapped: res://.godot/imported/play.png-5c90e88e8136487a183a099d67a7de24.ctex
Completed load for: 'res://addons/gut/gui/play.png' remapped 'res://addons/gut/gui/play.png' at thread -1
Loading resource: res://addons/gut/icon.png remapped: res://addons/gut/icon.png
EditorFileSystem: Importing file: res://addons/gut/icon.png
EditorFileSystem: "res://addons/gut/icon.png" import took 5 ms.
Loading resource: res://.godot/imported/icon.png-91b084043b8aaf2f1c906e7b9fa92969.ctex remapped: res://.godot/imported/icon.png-91b084043b8aaf2f1c906e7b9fa92969.ctex
Completed load for: 'res://addons/gut/icon.png' remapped 'res://addons/gut/icon.png' at thread -1
Loading resource: res://addons/gut/gui/RunResults.tscn remapped: res://addons/gut/gui/RunResults.tscn
Loading resource: res://addons/gut/gui/RunResults.gd remapped: res://addons/gut/gui/RunResults.gd
Completed load for: 'res://addons/gut/gui/RunResults.gd' remapped 'res://addons/gut/gui/RunResults.gd' at thread -1
Loading resource: res://addons/gut/gui/ResultsTree.tscn remapped: res://addons/gut/gui/ResultsTree.tscn
Loading resource: res://addons/gut/gui/ResultsTree.gd remapped: res://addons/gut/gui/ResultsTree.gd
Completed load for: 'res://addons/gut/gui/ResultsTree.gd' remapped 'res://addons/gut/gui/ResultsTree.gd' at thread -1
Completed load for: 'res://addons/gut/gui/ResultsTree.tscn' remapped 'res://addons/gut/gui/ResultsTree.tscn' at thread -1
Completed load for: 'res://addons/gut/gui/RunResults.tscn' remapped 'res://addons/gut/gui/RunResults.tscn' at thread -1
Loading resource: res://addons/gut/images/HSplitContainer.svg remapped: res://addons/gut/images/HSplitContainer.svg
EditorFileSystem: Importing file: res://addons/gut/images/HSplitContainer.svg
EditorFileSystem: "res://addons/gut/images/HSplitContainer.svg" import took 7 ms.
Loading resource: res://.godot/imported/HSplitContainer.svg-81e594d94ee80e4176e099672ef6025b.editor.ctex remapped: res://.godot/imported/HSplitContainer.svg-81e594d94ee80e4176e099672ef6025b.editor.ctex
Completed load for: 'res://addons/gut/images/HSplitContainer.svg' remapped 'res://addons/gut/images/HSplitContainer.svg' at thread -1
Loading resource: res://addons/gut/gui/OutputText.tscn remapped: res://addons/gut/gui/OutputText.tscn
Loading resource: res://addons/gut/gui/OutputText.gd remapped: res://addons/gut/gui/OutputText.gd
Completed load for: 'res://addons/gut/gui/OutputText.gd' remapped 'res://addons/gut/gui/OutputText.gd' at thread -1
Completed load for: 'res://addons/gut/gui/OutputText.tscn' remapped 'res://addons/gut/gui/OutputText.tscn' at thread -1
Loading resource: res://addons/gut/images/VSplitContainer.svg remapped: res://addons/gut/images/VSplitContainer.svg
EditorFileSystem: Importing file: res://addons/gut/images/VSplitContainer.svg
EditorFileSystem: "res://addons/gut/images/VSplitContainer.svg" import took 7 ms.
Loading resource: res://.godot/imported/VSplitContainer.svg-6cec29fefa7e65d6ff7c2fdb9a1bb9ab.editor.ctex remapped: res://.godot/imported/VSplitContainer.svg-6cec29fefa7e65d6ff7c2fdb9a1bb9ab.editor.ctex
Completed load for: 'res://addons/gut/images/VSplitContainer.svg' remapped 'res://addons/gut/images/VSplitContainer.svg' at thread -1
Loading resource: res://addons/gut/gui/ShortcutDialog.tscn remapped: res://addons/gut/gui/ShortcutDialog.tscn
Loading resource: res://addons/gut/gui/ShortcutDialog.gd remapped: res://addons/gut/gui/ShortcutDialog.gd
Completed load for: 'res://addons/gut/gui/ShortcutDialog.gd' remapped 'res://addons/gut/gui/ShortcutDialog.gd' at thread -1
Loading resource: res://addons/gut/gui/ShortcutButton.tscn remapped: res://addons/gut/gui/ShortcutButton.tscn
Loading resource: res://addons/gut/gui/ShortcutButton.gd remapped: res://addons/gut/gui/ShortcutButton.gd
Completed load for: 'res://addons/gut/gui/ShortcutButton.gd' remapped 'res://addons/gut/gui/ShortcutButton.gd' at thread -1
Completed load for: 'res://addons/gut/gui/ShortcutButton.tscn' remapped 'res://addons/gut/gui/ShortcutButton.tscn' at thread -1
Completed load for: 'res://addons/gut/gui/ShortcutDialog.tscn' remapped 'res://addons/gut/gui/ShortcutDialog.tscn' at thread -1
Loading resource: res://addons/gut/gui/ShellOutOptions.tscn remapped: res://addons/gut/gui/ShellOutOptions.tscn
Loading resource: res://addons/gut/gui/ShellOutOptions.gd remapped: res://addons/gut/gui/ShellOutOptions.gd
Completed load for: 'res://addons/gut/gui/ShellOutOptions.gd' remapped 'res://addons/gut/gui/ShellOutOptions.gd' at thread -1
Completed load for: 'res://addons/gut/gui/ShellOutOptions.tscn' remapped 'res://addons/gut/gui/ShellOutOptions.tscn' at thread -1
Completed load for: 'res://addons/gut/gui/GutBottomPanel.tscn' remapped 'res://addons/gut/gui/GutBottomPanel.tscn' at thread -1
Completed load for: 'res://addons/gut/gut_plugin.gd' remapped 'res://addons/gut/gut_plugin.gd' at thread -1
Loading resource: res://addons/meshy-godot-plugin/meshy_plugin.gd remapped: res://addons/meshy-godot-plugin/meshy_plugin.gd
Loading resource: res://addons/meshy-godot-plugin/main_panel.tscn remapped: res://addons/meshy-godot-plugin/main_panel.tscn
Loading resource: res://addons/meshy-godot-plugin/main_scripts.gd remapped: res://addons/meshy-godot-plugin/main_scripts.gd
Completed load for: 'res://addons/meshy-godot-plugin/main_scripts.gd' remapped 'res://addons/meshy-godot-plugin/main_scripts.gd' at thread -1
Completed load for: 'res://addons/meshy-godot-plugin/main_panel.tscn' remapped 'res://addons/meshy-godot-plugin/main_panel.tscn' at thread -1
Loading resource: res://addons/meshy-godot-plugin/Meshy_Icon_36.png remapped: res://addons/meshy-godot-plugin/Meshy_Icon_36.png
EditorFileSystem: Importing file: res://addons/meshy-godot-plugin/Meshy_Icon_36.png
EditorFileSystem: "res://addons/meshy-godot-plugin/Meshy_Icon_36.png" import took 5 ms.
Loading resource: res://.godot/imported/Meshy_Icon_36.png-45bf9fe5e79948bd21fa2b9d42bb6f48.ctex remapped: res://.godot/imported/Meshy_Icon_36.png-45bf9fe5e79948bd21fa2b9d42bb6f48.ctex
Completed load for: 'res://addons/meshy-godot-plugin/Meshy_Icon_36.png' remapped 'res://addons/meshy-godot-plugin/Meshy_Icon_36.png' at thread -1
Completed load for: 'res://addons/meshy-godot-plugin/meshy_plugin.gd' remapped 'res://addons/meshy-godot-plugin/meshy_plugin.gd' at thread -1
[  83% ] first_scan_filesystem | Démarrage du scan de fichiers…
[ DONE ] first_scan_filesystem

[   0% ] update_scripts_classes | Started Enregistrement des classes globales… (343 steps)
[   0% ] update_scripts_classes | 
[   0% ] update_scripts_classes | 
[   0% ] update_scripts_classes | 
[   0% ] update_scripts_classes | 
[   1% ] update_scripts_classes | 
[   1% ] update_scripts_classes | 
[   1% ] update_scripts_classes | 
[   2% ] update_scripts_classes | 
[   2% ] update_scripts_classes | 
[   2% ] update_scripts_classes | 
[   2% ] update_scripts_classes | 
[   3% ] update_scripts_classes | 
[   3% ] update_scripts_classes | 
[   3% ] update_scripts_classes | 
[   4% ] update_scripts_classes | 
[   4% ] update_scripts_classes | 
[   4% ] update_scripts_classes | 
[   4% ] update_scripts_classes | 
[   5% ] update_scripts_classes | 
[   5% ] update_scripts_classes | 
[   5% ] update_scripts_classes | 
[   6% ] update_scripts_classes | 
[   6% ] update_scripts_classes | 
[   6% ] update_scripts_classes | 
[   6% ] update_scripts_classes | 
[   7% ] update_scripts_classes | 
[   7% ] update_scripts_classes | 
[   7% ] update_scripts_classes | 
[   8% ] update_scripts_classes | 
[   8% ] update_scripts_classes | 
[   8% ] update_scripts_classes | 
[   9% ] update_scripts_classes | 
[   9% ] update_scripts_classes | 
[   9% ] update_scripts_classes | 
[   9% ] update_scripts_classes | 
[  10% ] update_scripts_classes | 
[  10% ] update_scripts_classes | 
[  10% ] update_scripts_classes | 
[  11% ] update_scripts_classes | 
[  11% ] update_scripts_classes | 
[  11% ] update_scripts_classes | 
[  11% ] update_scripts_classes | 
[  12% ] update_scripts_classes | 
[  12% ] update_scripts_classes | 
[  12% ] update_scripts_classes | 
[  13% ] update_scripts_classes | 
[  13% ] update_scripts_classes | 
[  13% ] update_scripts_classes | 
[  13% ] update_scripts_classes | 
[  14% ] update_scripts_classes | 
[  14% ] update_scripts_classes | 
[  14% ] update_scripts_classes | 
[  15% ] update_scripts_classes | 
[  15% ] update_scripts_classes | 
[  15% ] update_scripts_classes | 
[  15% ] update_scripts_classes | 
[  16% ] update_scripts_classes | 
[  16% ] update_scripts_classes | 
[  16% ] update_scripts_classes | 
[  17% ] update_scripts_classes | 
[  17% ] update_scripts_classes | 
[  17% ] update_scripts_classes | 
[  18% ] update_scripts_classes | 
[  18% ] update_scripts_classes | 
[  18% ] update_scripts_classes | 
[  18% ] update_scripts_classes | 
[  19% ] update_scripts_classes | GutErrorTracker
[  19% ] update_scripts_classes | 
[  19% ] update_scripts_classes | 
[  20% ] update_scripts_classes | GutMain
[  20% ] update_scripts_classes | 
[  20% ] update_scripts_classes | 
[  20% ] update_scripts_classes | 
[  21% ] update_scripts_classes | GutConstants
[  21% ] update_scripts_classes | 
[  21% ] update_scripts_classes | 
[  22% ] update_scripts_classes | 
[  22% ] update_scripts_classes | 
[  22% ] update_scripts_classes | 
[  22% ] update_scripts_classes | GutTrackedError
[  23% ] update_scripts_classes | 
[  23% ] update_scripts_classes | GutHookScript
[  23% ] update_scripts_classes | 
[  24% ] update_scripts_classes | GutInputFactory
[  24% ] update_scripts_classes | GutInputSender
[  24% ] update_scripts_classes | 
[  25% ] update_scripts_classes | 
[  25% ] update_scripts_classes | 
[  25% ] update_scripts_classes | 
[  25% ] update_scripts_classes | 
[  26% ] update_scripts_classes | 
[  26% ] update_scripts_classes | 
[  26% ] update_scripts_classes | 
[  27% ] update_scripts_classes | 
[  27% ] update_scripts_classes | 
[  27% ] update_scripts_classes | 
[  27% ] update_scripts_classes | 
[  28% ] update_scripts_classes | 
[  28% ] update_scripts_classes | 
[  28% ] update_scripts_classes | GutStringUtils
[  29% ] update_scripts_classes | 
[  29% ] update_scripts_classes | 
[  29% ] update_scripts_classes | 
[  29% ] update_scripts_classes | 
[  30% ] update_scripts_classes | GutTest
[  30% ] update_scripts_classes | 
[  30% ] update_scripts_classes | 
[  31% ] update_scripts_classes | 
[  31% ] update_scripts_classes | 
[  31% ] update_scripts_classes | GutUtils
[  31% ] update_scripts_classes | 
[  32% ] update_scripts_classes | 
[  32% ] update_scripts_classes | 
[  32% ] update_scripts_classes | 
[  33% ] update_scripts_classes | 
[  33% ] update_scripts_classes | 
[  33% ] update_scripts_classes | 
[  34% ] update_scripts_classes | ElfMagicBowCharge
[  34% ] update_scripts_classes | ElfMagicRonceImpact
[  34% ] update_scripts_classes | TempeteOrageuseVFX
[  34% ] update_scripts_classes | 
[  35% ] update_scripts_classes | 
[  35% ] update_scripts_classes | 
[  35% ] update_scripts_classes | IsoGridView
[  36% ] update_scripts_classes | IsoMapLab
[  36% ] update_scripts_classes | IsoProjection
[  36% ] update_scripts_classes | 
[  36% ] update_scripts_classes | 
[  37% ] update_scripts_classes | 
[  37% ] update_scripts_classes | 
[  37% ] update_scripts_classes | DeploymentController
[  38% ] update_scripts_classes | EnemyTurnRunner
[  38% ] update_scripts_classes | 
[  38% ] update_scripts_classes | 
[  38% ] update_scripts_classes | 
[  39% ] update_scripts_classes | ImpactJuice
[  39% ] update_scripts_classes | SituationRoomController
[  39% ] update_scripts_classes | TurnState
[  40% ] update_scripts_classes | 
[  40% ] update_scripts_classes | ElfIsoUnitView
[  40% ] update_scripts_classes | ElfVisual3D
[  40% ] update_scripts_classes | MageIsoUnitView
[  41% ] update_scripts_classes | MageVisual3D
[  41% ] update_scripts_classes | CharacterProgressionService
[  41% ] update_scripts_classes | CharacterRunState
[  42% ] update_scripts_classes | DisciplineProgressState
[  42% ] update_scripts_classes | SkillTreeResolver
[  42% ] update_scripts_classes | SpellLoadoutState
[  43% ] update_scripts_classes | CharacterIsoUnitView
[  43% ] update_scripts_classes | CharacterVisual3D
[  43% ] update_scripts_classes | BossBehavior
[  43% ] update_scripts_classes | BossPersephone
[  44% ] update_scripts_classes | BossRoiGobelin
[  44% ] update_scripts_classes | EnemyBehaviorAggressive
[  44% ] update_scripts_classes | EnemyBehaviorDisruptor
[  45% ] update_scripts_classes | EnemyBehaviorHazardPlacer
[  45% ] update_scripts_classes | EnemyBehaviorKiter
[  45% ] update_scripts_classes | EnemyBehaviorSpellUser
[  45% ] update_scripts_classes | EnemyBehaviorSupport
[  46% ] update_scripts_classes | SpellModAdditionalPush
[  46% ] update_scripts_classes | SpellModAdditionalShield
[  46% ] update_scripts_classes | SpellModAlignedSecondaryTarget
[  47% ] update_scripts_classes | SpellModApplyStatus
[  47% ] update_scripts_classes | SpellModBackstabDamageBonus
[  47% ] update_scripts_classes | SpellModCentralCellDamageBonus
[  47% ] update_scripts_classes | SpellModCollisionDamage
[  48% ] update_scripts_classes | SpellModDamageBonusAtMinRange
[  48% ] update_scripts_classes | SpellModExactPushDistance
[  48% ] update_scripts_classes | SpellModHealBonus
[  49% ] update_scripts_classes | SpellModNextTurnMovement
[  49% ] update_scripts_classes | SpellModRangeBonus
[  49% ] update_scripts_classes | SpellModStatusOnPush
[  50% ] update_scripts_classes | SpellModTerrainOnAffectedCells
[  50% ] update_scripts_classes | 
[  50% ] update_scripts_classes | CastContext
[  50% ] update_scripts_classes | 
[  51% ] update_scripts_classes | DamageResolver
[  51% ] update_scripts_classes | EnemyAI
[  51% ] update_scripts_classes | 
[  52% ] update_scripts_classes | 
[  52% ] update_scripts_classes | GridData
[  52% ] update_scripts_classes | Pathfinder
[  52% ] update_scripts_classes | SpellCaster
[  53% ] update_scripts_classes | SpellImpactScheduler
[  53% ] update_scripts_classes | SpellModifier
[  53% ] update_scripts_classes | TerrainEffects
[  54% ] update_scripts_classes | TurnQueue
[  54% ] update_scripts_classes | 
[  54% ] update_scripts_classes | BossMalusData
[  54% ] update_scripts_classes | DisciplineData
[  55% ] update_scripts_classes | DisciplineRankData
[  55% ] update_scripts_classes | SkillTreeNodeData
[  55% ] update_scripts_classes | SkillUpgradeData
[  56% ] update_scripts_classes | EnergyTypeData
[  56% ] update_scripts_classes | EquipmentData
[  56% ] update_scripts_classes | RunEventData
[  56% ] update_scripts_classes | RelicData
[  57% ] update_scripts_classes | RewardData
[  57% ] update_scripts_classes | RoomData
[  57% ] update_scripts_classes | RunData
[  58% ] update_scripts_classes | RunNodeData
[  58% ] update_scripts_classes | ChargedDamageVulnerabilityData
[  58% ] update_scripts_classes | StatusData
[  59% ] update_scripts_classes | TerrainEffectData
[  59% ] update_scripts_classes | Spell
[  59% ] update_scripts_classes | UnitData
[  59% ] update_scripts_classes | 
[  60% ] update_scripts_classes | 
[  60% ] update_scripts_classes | 
[  60% ] update_scripts_classes | 
[  61% ] update_scripts_classes | 
[  61% ] update_scripts_classes | 
[  61% ] update_scripts_classes | 
[  61% ] update_scripts_classes | 
[  62% ] update_scripts_classes | 
[  62% ] update_scripts_classes | 
[  62% ] update_scripts_classes | 
[  63% ] update_scripts_classes | 
[  63% ] update_scripts_classes | 
[  63% ] update_scripts_classes | 
[  63% ] update_scripts_classes | 
[  64% ] update_scripts_classes | 
[  64% ] update_scripts_classes | 
[  64% ] update_scripts_classes | 
[  65% ] update_scripts_classes | 
[  65% ] update_scripts_classes | 
[  65% ] update_scripts_classes | 
[  65% ] update_scripts_classes | 
[  66% ] update_scripts_classes | 
[  66% ] update_scripts_classes | 
[  66% ] update_scripts_classes | 
[  67% ] update_scripts_classes | 
[  67% ] update_scripts_classes | 
[  67% ] update_scripts_classes | 
[  68% ] update_scripts_classes | 
[  68% ] update_scripts_classes | 
[  68% ] update_scripts_classes | 
[  68% ] update_scripts_classes | 
[  69% ] update_scripts_classes | 
[  69% ] update_scripts_classes | 
[  69% ] update_scripts_classes | 
[  70% ] update_scripts_classes | 
[  70% ] update_scripts_classes | 
[  70% ] update_scripts_classes | 
[  70% ] update_scripts_classes | 
[  71% ] update_scripts_classes | 
[  71% ] update_scripts_classes | 
[  71% ] update_scripts_classes | 
[  72% ] update_scripts_classes | 
[  72% ] update_scripts_classes | 
[  72% ] update_scripts_classes | 
[  72% ] update_scripts_classes | 
[  73% ] update_scripts_classes | 
[  73% ] update_scripts_classes | 
[  73% ] update_scripts_classes | ElfImportAudit
[  74% ] update_scripts_classes | 
[  74% ] update_scripts_classes | 
[  74% ] update_scripts_classes | 
[  75% ] update_scripts_classes | 
[  75% ] update_scripts_classes | 
[  75% ] update_scripts_classes | 
[  75% ] update_scripts_classes | 
[  76% ] update_scripts_classes | ReliqueMarteauJugement
[  76% ] update_scripts_classes | Trait
[  76% ] update_scripts_classes | TraitBloodthirst
[  77% ] update_scripts_classes | TraitBonusFervorOnGeneration
[  77% ] update_scripts_classes | TraitChassisAssassin
[  77% ] update_scripts_classes | TraitChassisGardien
[  77% ] update_scripts_classes | TraitChassisGuerrier
[  78% ] update_scripts_classes | TraitChassisHealer
[  78% ] update_scripts_classes | TraitData
[  78% ] update_scripts_classes | TraitElanOnTurnStart
[  79% ] update_scripts_classes | TraitEnergyOnGenerator
[  79% ] update_scripts_classes | TraitFactory
[  79% ] update_scripts_classes | TraitGenRageOnHit
[  79% ] update_scripts_classes | TraitHardenedFront
[  80% ] update_scripts_classes | TraitHealOnAwakening
[  80% ] update_scripts_classes | TraitHealOnEnergySpent
[  80% ] update_scripts_classes | TraitSecondNature
[  81% ] update_scripts_classes | TraitShieldOnDamageDealt
[  81% ] update_scripts_classes | TraitSpellModifier
[  81% ] update_scripts_classes | TraitStatBonus
[  81% ] update_scripts_classes | TraitStigmata
[  82% ] update_scripts_classes | TraitThreshold
[  82% ] update_scripts_classes | TraitVengeance
[  82% ] update_scripts_classes | CharacterPreview3D
[  83% ] update_scripts_classes | CharacterHUDThemeCatalog
[  83% ] update_scripts_classes | CharacterHUDThemeData
[  83% ] update_scripts_classes | CombatHUDLayoutData
[  84% ] update_scripts_classes | CharacterTurnIntroBanner
[  84% ] update_scripts_classes | DarkMenuButton
[  84% ] update_scripts_classes | DarkPauseMenu
[  84% ] update_scripts_classes | 
[  85% ] update_scripts_classes | 
[  85% ] update_scripts_classes | 
[  85% ] update_scripts_classes | 
[  86% ] update_scripts_classes | CharacterPresentationCard
[  86% ] update_scripts_classes | PartyPresentationScreen
[  86% ] update_scripts_classes | SkillTreeDisciplineTab
[  86% ] update_scripts_classes | SkillTreeEffectGlyph
[  87% ] update_scripts_classes | SkillTreeGraphView
[  87% ] update_scripts_classes | SkillTreeNodeDetailPanel
[  87% ] update_scripts_classes | SkillTreeNodeView
[  88% ] update_scripts_classes | SkillTreeStatusButton
[  88% ] update_scripts_classes | SkillTreeTooltipPanel
[  88% ] update_scripts_classes | SkillTreeGrayboxLab
[  88% ] update_scripts_classes | SkillTreeScreen
[  89% ] update_scripts_classes | SkillTreeNodeVisualData
[  89% ] update_scripts_classes | SkillTreeSkinData
[  89% ] update_scripts_classes | SkillTreeVisualMapData
[  90% ] update_scripts_classes | SkillTreeIconCatalog
[  90% ] update_scripts_classes | SkillTreeRefinedConfig
[  90% ] update_scripts_classes | ProgressionChoiceScreen
[  90% ] update_scripts_classes | SkillTreeVisualPresentation
[  91% ] update_scripts_classes | 
[  91% ] update_scripts_classes | 
[  91% ] update_scripts_classes | RecraftPortraitView
[  92% ] update_scripts_classes | RecraftPrimaryButtonView
[  92% ] update_scripts_classes | RecraftResourceBadgeView
[  92% ] update_scripts_classes | RecraftResourceBarView
[  93% ] update_scripts_classes | RecraftSpellSlotView
[  93% ] update_scripts_classes | 
[  93% ] update_scripts_classes | RecraftHudMetricsV1
[  93% ] update_scripts_classes | PersistentRunUI
[  94% ] update_scripts_classes | DDUiMetrics
[  94% ] update_scripts_classes | DDUiPalette
[  94% ] update_scripts_classes | 
[  95% ] update_scripts_classes | CombatGlossary
[  95% ] update_scripts_classes | 
[  95% ] update_scripts_classes | 
[  95% ] update_scripts_classes | KeywordRichTextLabel
[  96% ] update_scripts_classes | KeywordTooltipLayer
[  96% ] update_scripts_classes | 
[  96% ] update_scripts_classes | 
[  97% ] update_scripts_classes | 
[  97% ] update_scripts_classes | 
[  97% ] update_scripts_classes | 
[  97% ] update_scripts_classes | 
[  98% ] update_scripts_classes | EnergyGauge
[  98% ] update_scripts_classes | Stat
[  98% ] update_scripts_classes | Unit
[  99% ] update_scripts_classes | 
[  99% ] update_scripts_classes | 
[ DONE ] update_scripts_classes

[   0% ] _update_scan_actions | Started Analyse des actions… (543 steps)
[   0% ] _update_scan_actions | icon.png
[   0% ] _update_scan_actions | AnonymousPro-Bold.ttf
[   0% ] _update_scan_actions | AnonymousPro-BoldItalic.ttf
[   0% ] _update_scan_actions | AnonymousPro-Italic.ttf
[   0% ] _update_scan_actions | AnonymousPro-Regular.ttf
[   0% ] _update_scan_actions | CourierPrime-Bold.ttf
[   1% ] _update_scan_actions | CourierPrime-BoldItalic.ttf
[   1% ] _update_scan_actions | CourierPrime-Italic.ttf
[   1% ] _update_scan_actions | CourierPrime-Regular.ttf
[   1% ] _update_scan_actions | LobsterTwo-Bold.ttf
[   1% ] _update_scan_actions | LobsterTwo-BoldItalic.ttf
[   2% ] _update_scan_actions | LobsterTwo-Italic.ttf
[   2% ] _update_scan_actions | LobsterTwo-Regular.ttf
[   2% ] _update_scan_actions | arrow.png
[   2% ] _update_scan_actions | play.png
[   2% ] _update_scan_actions | eyey.png
[   2% ] _update_scan_actions | Folder.svg
[   3% ] _update_scan_actions | green.png
[   3% ] _update_scan_actions | GutIconV2_base.png
[   3% ] _update_scan_actions | GutIconV2_no_shine.png
[   3% ] _update_scan_actions | HSplitContainer.svg
[   3% ] _update_scan_actions | red.png
[   4% ] _update_scan_actions | Script.svg
[   4% ] _update_scan_actions | VSplitContainer.svg
[   4% ] _update_scan_actions | yellow.png
[   4% ] _update_scan_actions | icon.png
[   4% ] _update_scan_actions | source_code_pro.fnt
[   4% ] _update_scan_actions | Meshy_Icon_36.png
[   5% ] _update_scan_actions | hud_clean_1280x720.png
[   5% ] _update_scan_actions | hud_clean_1920x1080.png
[   5% ] _update_scan_actions | hud_clean_1920x1080_blurred_reduced.png
[   5% ] _update_scan_actions | hud_clean_1920x1080_grayscale.png
[   5% ] _update_scan_actions | hud_clean_2560x1440.png
[   6% ] _update_scan_actions | hud_low_health.png
[   6% ] _update_scan_actions | hud_ornate_reference_1920x1080.png
[   6% ] _update_scan_actions | hud_ornate_vs_clean.png
[   6% ] _update_scan_actions | hud_preview_with_special_resource.png
[   6% ] _update_scan_actions | hud_selected_unavailable_cooldown.png
[   6% ] _update_scan_actions | hud_turn_banner.png
[   7% ] _update_scan_actions | hud_without_special_resource.png
[   7% ] _update_scan_actions | assets_contact_sheet.png
[   7% ] _update_scan_actions | hud_clean_v1_reference_1920x1080.png
[   7% ] _update_scan_actions | hud_clean_v1_vs_v2.png
[   7% ] _update_scan_actions | hud_clean_v2_1280x720.png
[   8% ] _update_scan_actions | hud_clean_v2_1920x1080.png
[   8% ] _update_scan_actions | hud_clean_v2_1920x1080_blurred_reduced.png
[   8% ] _update_scan_actions | hud_clean_v2_1920x1080_grayscale.png
[   8% ] _update_scan_actions | hud_clean_v2_2560x1440.png
[   8% ] _update_scan_actions | hud_clean_v2_low_health.png
[   9% ] _update_scan_actions | hud_clean_v2_preview_with_special_resource.png
[   9% ] _update_scan_actions | hud_clean_v2_selected_unavailable_cooldown.png
[   9% ] _update_scan_actions | hud_clean_v2_turn_banner.png
[   9% ] _update_scan_actions | hud_clean_v2_without_special_resource.png
[   9% ] _update_scan_actions | hud_ornate_reference_1920x1080.png
[   9% ] _update_scan_actions | clean_v2_vs_refined.png
[  10% ] _update_scan_actions | hud_refined_1280x720.png
[  10% ] _update_scan_actions | hud_refined_1920x1080.png
[  10% ] _update_scan_actions | hud_refined_2560x1440.png
[  10% ] _update_scan_actions | hud_refined_low_health.png
[  10% ] _update_scan_actions | hud_refined_preview_with_special_resource.png
[  11% ] _update_scan_actions | hud_refined_selected_unavailable_cooldown.png
[  11% ] _update_scan_actions | hud_refined_turn_banner.png
[  11% ] _update_scan_actions | hud_refined_without_special_resource.png
[  11% ] _update_scan_actions | assets_contact_sheet_refined.png
[  11% ] _update_scan_actions | used_components_contact_sheet.png
[  11% ] _update_scan_actions | hud_refined_assassin_selected_1920x1080.png
[  12% ] _update_scan_actions | hud_refined_assassin_turn_banner_1920x1080.png
[  12% ] _update_scan_actions | hud_refined_characters_contact_sheet.png
[  12% ] _update_scan_actions | hud_refined_druid_selected_1920x1080.png
[  12% ] _update_scan_actions | hud_refined_druid_turn_banner_1920x1080.png
[  12% ] _update_scan_actions | hud_refined_elf_selected_1280x720.png
[  13% ] _update_scan_actions | hud_refined_elf_selected_1920x1080.png
[  13% ] _update_scan_actions | hud_refined_elf_selected_2560x1440.png
[  13% ] _update_scan_actions | hud_refined_elf_turn_banner_1920x1080.png
[  13% ] _update_scan_actions | hud_refined_guardian_selected_1920x1080.png
[  13% ] _update_scan_actions | hud_refined_guardian_turn_banner_1920x1080.png
[  13% ] _update_scan_actions | hud_refined_hoplite_selected_1920x1080.png
[  14% ] _update_scan_actions | hud_refined_hoplite_turn_banner_1920x1080.png
[  14% ] _update_scan_actions | hud_refined_mage_selected_1920x1080.png
[  14% ] _update_scan_actions | hud_refined_mage_turn_banner_1920x1080.png
[  14% ] _update_scan_actions | hud_refined_necromancer_selected_1920x1080.png
[  14% ] _update_scan_actions | hud_refined_necromancer_turn_banner_1920x1080.png
[  15% ] _update_scan_actions | hud_refined_system_dock_1920x1080.png
[  15% ] _update_scan_actions | hud_refined_warrior_selected_1920x1080.png
[  15% ] _update_scan_actions | hud_refined_warrior_turn_banner_1920x1080.png
[  15% ] _update_scan_actions | hud_refined_before_after_polish.png
[  15% ] _update_scan_actions | hud_refined_polish_1280x720.png
[  15% ] _update_scan_actions | hud_refined_polish_1920x1080.png
[  16% ] _update_scan_actions | hud_refined_polish_2560x1440.png
[  16% ] _update_scan_actions | hud_refined_polish_blurred_reduced.png
[  16% ] _update_scan_actions | hud_refined_polish_cooldown.png
[  16% ] _update_scan_actions | hud_refined_polish_grayscale.png
[  16% ] _update_scan_actions | hud_refined_polish_low_health.png
[  17% ] _update_scan_actions | hud_refined_polish_move_selected.png
[  17% ] _update_scan_actions | hud_refined_polish_preview_energy.png
[  17% ] _update_scan_actions | hud_refined_polish_spell_selected.png
[  17% ] _update_scan_actions | hud_refined_polish_spell_unavailable.png
[  17% ] _update_scan_actions | hud_refined_polish_unaffordable.png
[  18% ] _update_scan_actions | hud_refined_polish_utility_dock.png
[  18% ] _update_scan_actions | hud_refined_polish_without_energy.png
[  18% ] _update_scan_actions | elf_hud_1280x720.png
[  18% ] _update_scan_actions | elf_hud_1920x1080.png
[  18% ] _update_scan_actions | elf_hud_2560x1440.png
[  18% ] _update_scan_actions | elf_turn_banner_1920x1080.png
[  19% ] _update_scan_actions | skill_tree_after_blurred_reduced.png
[  19% ] _update_scan_actions | skill_tree_after_elf_archer_1280x720.png
[  19% ] _update_scan_actions | skill_tree_after_elf_archer_2560x1440.png
[  19% ] _update_scan_actions | skill_tree_after_elf_archer_acquired_1920x1080.png
[  19% ] _update_scan_actions | skill_tree_after_elf_archer_available_1920x1080.png
[  20% ] _update_scan_actions | skill_tree_after_elf_archer_exclusive_1920x1080.png
[  20% ] _update_scan_actions | skill_tree_after_elf_archer_locked_1920x1080.png
[  20% ] _update_scan_actions | skill_tree_after_elf_archer_max_1920x1080.png
[  20% ] _update_scan_actions | skill_tree_after_elf_archer_specialization_1920x1080.png
[  20% ] _update_scan_actions | skill_tree_after_elf_assassin_1920x1080.png
[  20% ] _update_scan_actions | skill_tree_after_elf_healer_1920x1080.png
[  21% ] _update_scan_actions | skill_tree_after_elf_mage_1920x1080.png
[  21% ] _update_scan_actions | skill_tree_after_guardian_undefined_1920x1080.png
[  21% ] _update_scan_actions | skill_tree_after_mage_branches_1920x1080.png
[  21% ] _update_scan_actions | skill_tree_before_1920x1080.png
[  21% ] _update_scan_actions | skill_tree_before_after_comparison.png
[  22% ] _update_scan_actions | skill_tree_capture_contact_sheet.png
[  22% ] _update_scan_actions | drapeau.png
[  22% ] _update_scan_actions | drapeau.webp
[  22% ] _update_scan_actions | Dungeon background cartoon 2d 1.jpg
[  22% ] _update_scan_actions | Dungeon background cartoon 2d-8.jpg
[  22% ] _update_scan_actions | fantasy-dungeons_dragons-536932.png
[  23% ] _update_scan_actions | feuille_basique-removebg-preview.png
[  23% ] _update_scan_actions | fog.png
[  23% ] _update_scan_actions | fond terrain.webp
[  23% ] _update_scan_actions | Generated_ The word _COLOCNESS_ as an epic heroic fantasy gam....png
[  23% ] _update_scan_actions | montagne 2.webp
[  24% ] _update_scan_actions | pic center.png
[  24% ] _update_scan_actions | rocher escalier.png
[  24% ] _update_scan_actions | smoke1.png
[  24% ] _update_scan_actions | smoke2.png
[  24% ] _update_scan_actions | terrain caverne v2.png
[  25% ] _update_scan_actions | terrain caverne.png
[  25% ] _update_scan_actions | test test.png
[  25% ] _update_scan_actions | Village background cartoon 2d-6.jpg
[  25% ] _update_scan_actions | FIREIgn_Essence prend feu 3 (ID 1342)_LaSonotheque.fr.mp3
[  25% ] _update_scan_actions | MUSCPerc_Triangle 3 (ID 1689)_LaSonotheque.fr.mp3
[  25% ] _update_scan_actions | asset_8VAgXsXBQ1LGVT1K6HNc6a2R_fait moi un spritesheet contenant des sauts et la course avec cette image_img2img_1781891564.png
[  26% ] _update_scan_actions | boule de feu.png
[  26% ] _update_scan_actions | icone spell.png_1.png
[  26% ] _update_scan_actions | icone spell.png_2.png
[  26% ] _update_scan_actions | icone spell.png_3.png
[  26% ] _update_scan_actions | icone spell.png_4.png
[  27% ] _update_scan_actions | icone spell.png_5.png
[  27% ] _update_scan_actions | icone spell.png_6.png
[  27% ] _update_scan_actions | icone spell.png_7.png
[  27% ] _update_scan_actions | icone spell.png_8.png
[  27% ] _update_scan_actions | icone spell.png_9.png
[  27% ] _update_scan_actions | icone spell.png_10.png
[  28% ] _update_scan_actions | icone spell.png_11.png
[  28% ] _update_scan_actions | icone spell.png_12.png
[  28% ] _update_scan_actions | icone spell.png_13.png
[  28% ] _update_scan_actions | icone spell.png_14.png
[  28% ] _update_scan_actions | icone spell.png_15.png
[  29% ] _update_scan_actions | icone spell.png_16.png
[  29% ] _update_scan_actions | icone spell.png_17.png
[  29% ] _update_scan_actions | icone spell.png_18.png
[  29% ] _update_scan_actions | icone spell.png_19.png
[  29% ] _update_scan_actions | icone spell.png_20.png
[  29% ] _update_scan_actions | icone spell.png_21.png
[  30% ] _update_scan_actions | icone spell.png_22.png
[  30% ] _update_scan_actions | icone spell.png_23.png
[  30% ] _update_scan_actions | icone spell.png_24.png
[  30% ] _update_scan_actions | icone spell.png_25.png
[  30% ] _update_scan_actions | icone spell.png_26.png
[  31% ] _update_scan_actions | icone spell.png_27.png
[  31% ] _update_scan_actions | icone spell.png_28.png
[  31% ] _update_scan_actions | icone spell.png_29.png
[  31% ] _update_scan_actions | icone spell.png_30.png
[  31% ] _update_scan_actions | icone spell.png_31.png
[  31% ] _update_scan_actions | icone spell.png_32.png
[  32% ] _update_scan_actions | icone spell.png_33.png
[  32% ] _update_scan_actions | icone spell.png_34.png
[  32% ] _update_scan_actions | icone spell.png_35.png
[  32% ] _update_scan_actions | icone spell.png_36.png
[  32% ] _update_scan_actions | icone spell.png_37.png
[  33% ] _update_scan_actions | icone spell.png_38.png
[  33% ] _update_scan_actions | icone spell.png_39.png
[  33% ] _update_scan_actions | icone spell.png_40.png
[  33% ] _update_scan_actions | icone spell.png_41.png
[  33% ] _update_scan_actions | icone spell.png_42.png
[  34% ] _update_scan_actions | icone spell.png_43.png
[  34% ] _update_scan_actions | icone spell.png_44.png
[  34% ] _update_scan_actions | icone spell.png_45.png
[  34% ] _update_scan_actions | icone spell.png_46.png
[  34% ] _update_scan_actions | icone spell.png_47.png
[  34% ] _update_scan_actions | icone spell.png_48.png
[  35% ] _update_scan_actions | icone spell.png_49.png
[  35% ] _update_scan_actions | icone spell.png_50.png
[  35% ] _update_scan_actions | icone spell.png_51.png
[  35% ] _update_scan_actions | icone spell.png_52.png
[  35% ] _update_scan_actions | icone spell.png_53.png
[  36% ] _update_scan_actions | icone spell.png_54.png
[  36% ] _update_scan_actions | icone spell.png_55.png
[  36% ] _update_scan_actions | icone spell.png_56.png
[  36% ] _update_scan_actions | icone spell.png_57.png
[  36% ] _update_scan_actions | icone spell.png_58.png
[  36% ] _update_scan_actions | icone spell.png_59.png
[  37% ] _update_scan_actions | icone spell.png_60.png
[  37% ] _update_scan_actions | icone spell.png_61.png
[  37% ] _update_scan_actions | icone spell.png_62.png
[  37% ] _update_scan_actions | icone spell.png_63.png
[  37% ] _update_scan_actions | icone spell.png_64.png
[  38% ] _update_scan_actions | icone spell.png_65.png
[  38% ] _update_scan_actions | icone spell.png_66.png
[  38% ] _update_scan_actions | icone spell.png_67.png
[  38% ] _update_scan_actions | icone spell.png_68.png
[  38% ] _update_scan_actions | icone spell.png_69.png
[  38% ] _update_scan_actions | icone spell.png_70.png
[  39% ] _update_scan_actions | icone spell.png_71.png
[  39% ] _update_scan_actions | icone spell.png_72.png
[  39% ] _update_scan_actions | icone spell.png_73.png
[  39% ] _update_scan_actions | icone spell.png_74.png
[  39% ] _update_scan_actions | icone spell.png_75.png
[  40% ] _update_scan_actions | icone spell.png_76.png
[  40% ] _update_scan_actions | icone spell.png_77.png
[  40% ] _update_scan_actions | icone spell.png_78.png
[  40% ] _update_scan_actions | icone spell.png_79.png
[  40% ] _update_scan_actions | icone spell.png_80.png
[  40% ] _update_scan_actions | icone spell.png_81.png
[  41% ] _update_scan_actions | icone spell.png_82.png
[  41% ] _update_scan_actions | icone spell.png_83.png
[  41% ] _update_scan_actions | icone spell.png_84.png
[  41% ] _update_scan_actions | icone spell.png_85.png
[  41% ] _update_scan_actions | icone spell.png_86.png
[  42% ] _update_scan_actions | icone spell.png_87.png
[  42% ] _update_scan_actions | icone spell.png_88.png
[  42% ] _update_scan_actions | icone spell.png_89.png
[  42% ] _update_scan_actions | icone spell.png_90.png
[  42% ] _update_scan_actions | icone spell.png_91.png
[  43% ] _update_scan_actions | icone spell.png_92.png
[  43% ] _update_scan_actions | icone spell.png_93.png
[  43% ] _update_scan_actions | icone spell.png_94.png
[  43% ] _update_scan_actions | icone spell.png_95.png
[  43% ] _update_scan_actions | icone spell.png_96.png
[  43% ] _update_scan_actions | icone spell.png_97.png
[  44% ] _update_scan_actions | icone spell.png_98.png
[  44% ] _update_scan_actions | test.png
[  44% ] _update_scan_actions | forest_room_01_source.png
[  44% ] _update_scan_actions | Dungeon Draft Tactics.mp3
[  44% ] _update_scan_actions | rem_0014.png
[  45% ] _update_scan_actions | test_tileset_asphodel.png
[  45% ] _update_scan_actions | tilemap_packed (2).png
[  45% ] _update_scan_actions | tilemap_packed.png
[  45% ] _update_scan_actions | Dungeon Draft Oath.mp3
[  45% ] _update_scan_actions | Dungeon Draft Tactics.mp3
[  45% ] _update_scan_actions | Dungeon Draft.mp3
[  46% ] _update_scan_actions | Dungeon Draft_ First Footfalls.mp3
[  46% ] _update_scan_actions | Meshy_AI_Lumensteel_Knight_biped_Animation_Fall_Dead_from_Abdominal_Injury_withSkin.glb
[  46% ] _update_scan_actions | Meshy_AI_Lumensteel_Knight_biped_Animation_Lower_Weapon_Look_Raise_withSkin.glb
[  46% ] _update_scan_actions | Meshy_AI_Lumensteel_Knight_biped_Animation_Running_withSkin.glb
[  46% ] _update_scan_actions | Meshy_AI_Lumensteel_Knight_biped_Animation_Run_02_withSkin.glb
[  47% ] _update_scan_actions | Meshy_AI_Lumensteel_Knight_biped_Animation_Shouting_Angrily_withSkin.glb
[  47% ] _update_scan_actions | Meshy_AI_Lumensteel_Knight_biped_Animation_Skill_01_withSkin.glb
[  47% ] _update_scan_actions | Meshy_AI_Lumensteel_Knight_biped_Animation_Thrust_Slash_withSkin.glb
[  47% ] _update_scan_actions | Meshy_AI_Lumensteel_Knight_biped_Animation_Walking_withSkin.glb
[  47% ] _update_scan_actions | 473.png
[  47% ] _update_scan_actions | 474.png
[  48% ] _update_scan_actions | 475.png
[  48% ] _update_scan_actions | 479.png
[  48% ] _update_scan_actions | 480.png
[  48% ] _update_scan_actions | 481.png
[  48% ] _update_scan_actions | 482.png
[  49% ] _update_scan_actions | 483.png
[  49% ] _update_scan_actions | 484.png
[  49% ] _update_scan_actions | 485.png
[  49% ] _update_scan_actions | 486.png
[  49% ] _update_scan_actions | 487.png
[  50% ] _update_scan_actions | 488.png
[  50% ] _update_scan_actions | 489.png
[  50% ] _update_scan_actions | 490.png
[  50% ] _update_scan_actions | 491.png
[  50% ] _update_scan_actions | 492.png
[  50% ] _update_scan_actions | 493.png
[  51% ] _update_scan_actions | 494.png
[  51% ] _update_scan_actions | 495.png
[  51% ] _update_scan_actions | 496.png
[  51% ] _update_scan_actions | 497.png
[  51% ] _update_scan_actions | 498.png
[  52% ] _update_scan_actions | 499.png
[  52% ] _update_scan_actions | 500.png
[  52% ] _update_scan_actions | 501.png
[  52% ] _update_scan_actions | 505.png
[  52% ] _update_scan_actions | goebleinscenario.png
[  52% ] _update_scan_actions | pyromage.png
[  53% ] _update_scan_actions | pyromagev2.png
[  53% ] _update_scan_actions | pyromagev3.png
[  53% ] _update_scan_actions | pyromagev4.png
[  53% ] _update_scan_actions | Meshy_AI_14c3045b0900c06574f6024efd69c66673616be737a9e7d89fb95c8a4c3b20e9.png
[  53% ] _update_scan_actions | Meshy_AI_58e7958069a2b17a3131699f250e88716204d958abe9618c90aed37df322a7a3.png
[  54% ] _update_scan_actions | Meshy_AI_fa41a3267447c0eff9de1c960eec9ecfc15bffa2d3ff2d4c633f568a57b44b19 (1).png
[  54% ] _update_scan_actions | elf_magic_ronce_impact_sheet (1).png
[  54% ] _update_scan_actions | tex_storm_cloud.png.png
[  54% ] _update_scan_actions | tex_storm_ground_impact.png.png
[  54% ] _update_scan_actions | tex_storm_lightning_cluster.png.png
[  54% ] _update_scan_actions | gold_end_turn_button.png
[  55% ] _update_scan_actions | gold_health_bar_frame.png
[  55% ] _update_scan_actions | spell_frame_archer.png
[  55% ] _update_scan_actions | spell_frame_assassin.png
[  55% ] _update_scan_actions | spell_frame_healer.png
[  55% ] _update_scan_actions | spell_frame_mage.png
[  56% ] _update_scan_actions | elf_character_bar.png
[  56% ] _update_scan_actions | elf_hunter_emblem.png
[  56% ] _update_scan_actions | spell_icons_atlas.png
[  56% ] _update_scan_actions | spell_icon_r00_c00.png
[  56% ] _update_scan_actions | spell_icon_r00_c01.png
[  56% ] _update_scan_actions | spell_icon_r00_c02.png
[  57% ] _update_scan_actions | spell_icon_r00_c03.png
[  57% ] _update_scan_actions | spell_icon_r00_c04.png
[  57% ] _update_scan_actions | spell_icon_r00_c05.png
[  57% ] _update_scan_actions | spell_icon_r01_c00.png
[  57% ] _update_scan_actions | spell_icon_r01_c01.png
[  58% ] _update_scan_actions | spell_icon_r01_c02.png
[  58% ] _update_scan_actions | spell_icon_r01_c03.png
[  58% ] _update_scan_actions | spell_icon_r01_c04.png
[  58% ] _update_scan_actions | spell_icon_r01_c05.png
[  58% ] _update_scan_actions | spell_icon_r02_c00.png
[  59% ] _update_scan_actions | spell_icon_r02_c01.png
[  59% ] _update_scan_actions | spell_icon_r02_c02.png
[  59% ] _update_scan_actions | spell_icon_r02_c03.png
[  59% ] _update_scan_actions | spell_icon_r02_c04.png
[  59% ] _update_scan_actions | spell_icon_r02_c05.png
[  59% ] _update_scan_actions | spell_icon_r03_c00.png
[  60% ] _update_scan_actions | spell_icon_r03_c01.png
[  60% ] _update_scan_actions | spell_icon_r03_c02.png
[  60% ] _update_scan_actions | spell_icon_r03_c03.png
[  60% ] _update_scan_actions | spell_icon_r03_c04.png
[  60% ] _update_scan_actions | spell_icon_r03_c05.png
[  61% ] _update_scan_actions | spell_icon_r04_c00.png
[  61% ] _update_scan_actions | spell_icon_r04_c01.png
[  61% ] _update_scan_actions | spell_icon_r04_c02.png
[  61% ] _update_scan_actions | spell_icon_r04_c03.png
[  61% ] _update_scan_actions | spell_icon_r04_c04.png
[  61% ] _update_scan_actions | spell_icon_r04_c05.png
[  62% ] _update_scan_actions | spell_icon_r05_c00.png
[  62% ] _update_scan_actions | spell_icon_r05_c01.png
[  62% ] _update_scan_actions | spell_icon_r05_c02.png
[  62% ] _update_scan_actions | spell_icon_r05_c03.png
[  62% ] _update_scan_actions | spell_icon_r05_c04.png
[  63% ] _update_scan_actions | spell_icon_r05_c05.png
[  63% ] _update_scan_actions | spell_icon_r06_c00.png
[  63% ] _update_scan_actions | spell_icon_r06_c01.png
[  63% ] _update_scan_actions | spell_icon_r06_c02.png
[  63% ] _update_scan_actions | spell_icon_r06_c03.png
[  63% ] _update_scan_actions | spell_icon_r06_c04.png
[  64% ] _update_scan_actions | spell_icon_r06_c05.png
[  64% ] _update_scan_actions | spell_icon_r07_c00.png
[  64% ] _update_scan_actions | spell_icon_r07_c01.png
[  64% ] _update_scan_actions | spell_icon_r07_c02.png
[  64% ] _update_scan_actions | spell_icon_r07_c03.png
[  65% ] _update_scan_actions | spell_icon_r07_c04.png
[  65% ] _update_scan_actions | spell_icon_r07_c05.png
[  65% ] _update_scan_actions | spell_icon_r08_c00.png
[  65% ] _update_scan_actions | spell_icon_r08_c01.png
[  65% ] _update_scan_actions | spell_icon_r08_c02.png
[  65% ] _update_scan_actions | spell_icon_r08_c03.png
[  66% ] _update_scan_actions | spell_icon_r08_c04.png
[  66% ] _update_scan_actions | spell_icon_r08_c05.png
[  66% ] _update_scan_actions | spell_icon_r09_c00.png
[  66% ] _update_scan_actions | spell_icon_r09_c01.png
[  66% ] _update_scan_actions | spell_icon_r09_c02.png
[  67% ] _update_scan_actions | spell_icon_r09_c03.png
[  67% ] _update_scan_actions | spell_icon_r09_c04.png
[  67% ] _update_scan_actions | spell_icon_r09_c05.png
[  67% ] _update_scan_actions | turn_intro_banner.png
[  67% ] _update_scan_actions | basic_attack.png
[  68% ] _update_scan_actions | fireball.png
[  68% ] _update_scan_actions | precise_shot.png
[  68% ] _update_scan_actions | sneak_strike.png
[  68% ] _update_scan_actions | sylvan_heal.png
[  68% ] _update_scan_actions | hunter_badge.png
[  68% ] _update_scan_actions | move_action_icon.svg
[  69% ] _update_scan_actions | pdv_frame_pixel_candidate.png
[  69% ] _update_scan_actions | utility_inventory.png
[  69% ] _update_scan_actions | utility_map.png
[  69% ] _update_scan_actions | utility_skills.png
[  69% ] _update_scan_actions | bottom_section.png
[  70% ] _update_scan_actions | button_hover.png
[  70% ] _update_scan_actions | button_normal.png
[  70% ] _update_scan_actions | button_pressed.png
[  70% ] _update_scan_actions | close_button.png
[  70% ] _update_scan_actions | main_frame.png
[  70% ] _update_scan_actions | title_header.png
[  71% ] _update_scan_actions | barres.jpg
[  71% ] _update_scan_actions | barre_personnage.jpg
[  71% ] _update_scan_actions | pdv_mana.png
[  71% ] _update_scan_actions | branche_main_abre_competence.jpg
[  71% ] _update_scan_actions | extract-a-single-standalone-game-menu-button-in-th (1).png
[  72% ] _update_scan_actions | extract-a-single-standalone-game-menu-button-in-th (2).png
[  72% ] _update_scan_actions | extract-a-single-standalone-game-menu-button-in-th.png
[  72% ] _update_scan_actions | extract-only-the-small-round-red-close-button-with.png
[  72% ] _update_scan_actions | extract-the-plain-recessed-dark-stone-section-show.png
[  72% ] _update_scan_actions | using-the-ornamental-title-header-bar-shown-in-the.png
[  72% ] _update_scan_actions | using-the-ornate-dark-stone-game-menu-frame-shown-.png
[  73% ] _update_scan_actions | 84f1c661db9220f4e9d51fdfdbf6c787.jpg
[  73% ] _update_scan_actions | pack_bouton.jpg
[  73% ] _update_scan_actions | cadre_sort_archer.png
[  73% ] _update_scan_actions | cadre_sort_assassin.png
[  73% ] _update_scan_actions | cadre_sort_healer.png
[  74% ] _update_scan_actions | cadre_sort_mage.png
[  74% ] _update_scan_actions | flags.jpg
[  74% ] _update_scan_actions | icones2.jpg
[  74% ] _update_scan_actions | icones.jpg
[  74% ] _update_scan_actions | icone_sorts.jpg
[  75% ] _update_scan_actions | présentation_tour.jpg
[  75% ] _update_scan_actions | bleed.svg
[  75% ] _update_scan_actions | collision.svg
[  75% ] _update_scan_actions | damage.svg
[  75% ] _update_scan_actions | defense.svg
[  75% ] _update_scan_actions | duration.svg
[  76% ] _update_scan_actions | heal.svg
[  76% ] _update_scan_actions | hidden.svg
[  76% ] _update_scan_actions | movement.svg
[  76% ] _update_scan_actions | pierce.svg
[  76% ] _update_scan_actions | poison.svg
[  77% ] _update_scan_actions | push.svg
[  77% ] _update_scan_actions | range.svg
[  77% ] _update_scan_actions | state_check.svg
[  77% ] _update_scan_actions | state_excluded.svg
[  77% ] _update_scan_actions | state_pending.svg
[  77% ] _update_scan_actions | terrain.svg
[  78% ] _update_scan_actions | upgrade.svg
[  78% ] _update_scan_actions | vulnerability.svg
[  78% ] _update_scan_actions | lock_refined.png
[  78% ] _update_scan_actions | cadenas.jpg
[  78% ] _update_scan_actions | LobsterTwo-Bold.ttf
[  79% ] _update_scan_actions | LobsterTwo-Regular.ttf
[  79% ] _update_scan_actions | ui_portrait_frame_v1.png
[  79% ] _update_scan_actions | e9af9a35-df78-4e8f-9b15-035429e39d9e.png
[  79% ] _update_scan_actions | skill_node_frame_base.png
[  79% ] _update_scan_actions | portrait_frame.png
[  79% ] _update_scan_actions | primary_button_base.png
[  80% ] _update_scan_actions | resource_badge_base.png
[  80% ] _update_scan_actions | resource_bar_frame.png
[  80% ] _update_scan_actions | spellbar_panel.png
[  80% ] _update_scan_actions | spell_slot_base.png
[  80% ] _update_scan_actions | cadre_jauge_v1.png
[  81% ] _update_scan_actions | ui_button_primary_base_v1.png
[  81% ] _update_scan_actions | ui_resource_badge_base_v1.png
[  81% ] _update_scan_actions | ui_spellbar_panel_v1..png
[  81% ] _update_scan_actions | ui_spell_slot_base_v1.png.png
[  81% ] _update_scan_actions | marque_icon.png
[  81% ] _update_scan_actions | marque_icon_hd.png
[  82% ] _update_scan_actions | gobtest.glb
[  82% ] _update_scan_actions | GobTest_attack_v2.png
[  82% ] _update_scan_actions | GobTest_death_v2.png
[  82% ] _update_scan_actions | GobTest_idle.png
[  82% ] _update_scan_actions | GobTest_idle_v2.png
[  83% ] _update_scan_actions | gobtest_Material_Pbr_baseColor.png
[  83% ] _update_scan_actions | gobtest_Material_Pbr_normal.png
[  83% ] _update_scan_actions | GobTest_walk_v2.png
[  83% ] _update_scan_actions | MeleeRun.png
[  83% ] _update_scan_actions | Orc.png
[  84% ] _update_scan_actions | persephone.png
[  84% ] _update_scan_actions | Soldier.png
[  84% ] _update_scan_actions | elf_character_v01.glb
[  84% ] _update_scan_actions | elf_character_v01_texture_0.png
[  84% ] _update_scan_actions | mage_godot_baseline.glb
[  84% ] _update_scan_actions | mage_godot_baseline_texture_0.png
[  85% ] _update_scan_actions | iso_terrain_markers.png
[  85% ] _update_scan_actions | Armored Knight with T.glb
[  85% ] _update_scan_actions | Armored Knight with T_0.jpg
[  85% ] _update_scan_actions | Armored Knight with T_1.jpg
[  85% ] _update_scan_actions | Armored Knight with T_2.jpg
[  86% ] _update_scan_actions | Armored Knight with T_3.jpg
[  86% ] _update_scan_actions | Armored Knight with T_1.glb
[  86% ] _update_scan_actions | Armored Knight with T_1_0.jpg
[  86% ] _update_scan_actions | Armored Knight with T_1_1.jpg
[  86% ] _update_scan_actions | Armored Knight with T_1_2.jpg
[  86% ] _update_scan_actions | Armored Knight with T_1_3.jpg
[  87% ] _update_scan_actions | cave-grid-isometrique.png
[  87% ] _update_scan_actions | elf_cast_end_isometric.png
[  87% ] _update_scan_actions | elf_cast_hold_isometric.png
[  87% ] _update_scan_actions | elf_cast_isometric.png
[  87% ] _update_scan_actions | elf_cast_start_isometric.png
[  88% ] _update_scan_actions | elf_death_isometric.png
[  88% ] _update_scan_actions | elf_death_side.png
[  88% ] _update_scan_actions | elf_hit_isometric.png
[  88% ] _update_scan_actions | elf_idle_isometric.png
[  88% ] _update_scan_actions | elf_run_in_place_isometric.png
[  88% ] _update_scan_actions | elf_run_moving_isometric.png
[  89% ] _update_scan_actions | elf_sharpness_comparison.png
[  89% ] _update_scan_actions | elf_sharpness_final_cast.png
[  89% ] _update_scan_actions | elf_sharpness_final_idle.png
[  89% ] _update_scan_actions | elf_sharpness_final_walk.png
[  89% ] _update_scan_actions | elf_sockets_isometric.png
[  90% ] _update_scan_actions | elf_walk_in_place_isometric.png
[  90% ] _update_scan_actions | elf_walk_isometric.png
[  90% ] _update_scan_actions | final_elf_cast_origin.png
[  90% ] _update_scan_actions | final_elf_death.png
[  90% ] _update_scan_actions | final_elf_moving.png
[  90% ] _update_scan_actions | final_elf_selected.png
[  91% ] _update_scan_actions | final_elf_y_sort.png
[  91% ] _update_scan_actions | fireball_cleanup_after.png
[  91% ] _update_scan_actions | fireball_residue_before.png
[  91% ] _update_scan_actions | salle1_elf_behind_goblin.png
[  91% ] _update_scan_actions | salle1_elf_cast.png
[  92% ] _update_scan_actions | salle1_elf_death.png
[  92% ] _update_scan_actions | salle1_elf_hit.png
[  92% ] _update_scan_actions | salle1_elf_idle.png
[  92% ] _update_scan_actions | salle1_elf_in_front_of_goblin.png
[  92% ] _update_scan_actions | salle1_elf_walk_neg_x.png
[  93% ] _update_scan_actions | salle1_elf_walk_neg_y.png
[  93% ] _update_scan_actions | salle1_elf_walk_pos_x.png
[  93% ] _update_scan_actions | salle1_elf_walk_pos_y.png
[  93% ] _update_scan_actions | sharpness_512_linear_composite.png
[  93% ] _update_scan_actions | sharpness_512_linear_composite_crop.png
[  93% ] _update_scan_actions | sharpness_512_linear_viewport.png
[  94% ] _update_scan_actions | sharpness_512_linear_viewport_crop.png
[  94% ] _update_scan_actions | sharpness_512_nearest_composite.png
[  94% ] _update_scan_actions | sharpness_512_nearest_composite_crop.png
[  94% ] _update_scan_actions | sharpness_512_nearest_viewport.png
[  94% ] _update_scan_actions | sharpness_512_nearest_viewport_crop.png
[  95% ] _update_scan_actions | sharpness_640x512_linear_composite.png
[  95% ] _update_scan_actions | sharpness_640x512_linear_composite_crop.png
[  95% ] _update_scan_actions | sharpness_640x512_linear_viewport.png
[  95% ] _update_scan_actions | sharpness_640x512_linear_viewport_crop.png
[  95% ] _update_scan_actions | sharpness_768x512_linear_composite.png
[  95% ] _update_scan_actions | sharpness_768x512_linear_composite_crop.png
[  96% ] _update_scan_actions | sharpness_768x512_linear_viewport.png
[  96% ] _update_scan_actions | sharpness_768x512_linear_viewport_crop.png
[  96% ] _update_scan_actions | sharpness_768_linear_composite.png
[  96% ] _update_scan_actions | sharpness_768_linear_composite_crop.png
[  96% ] _update_scan_actions | sharpness_768_linear_viewport.png
[  97% ] _update_scan_actions | sharpness_768_linear_viewport_crop.png
[  97% ] _update_scan_actions | sharpness_before_composite.png
[  97% ] _update_scan_actions | sharpness_before_composite_crop.png
[  97% ] _update_scan_actions | sharpness_before_viewport.png
[  97% ] _update_scan_actions | sharpness_before_viewport_crop.png
[  97% ] _update_scan_actions | sharpness_final_idle_crop.png
[  98% ] _update_scan_actions | sharpness_final_idle_viewport.png
[  98% ] _update_scan_actions | sharpness_final_idle_viewport_crop.png
[  98% ] _update_scan_actions | sharpness_final_walk_crop.png
[  98% ] _update_scan_actions | sharpness_motion_cast_viewport.png
[  98% ] _update_scan_actions | sharpness_motion_death_viewport.png
[  99% ] _update_scan_actions | sharpness_motion_hit_viewport.png
[  99% ] _update_scan_actions | sharpness_motion_idle_viewport.png
[  99% ] _update_scan_actions | sharpness_motion_walk_viewport.png
[  99% ] _update_scan_actions | icon.svg
[ DONE ] _update_scan_actions

[   0% ] reimport | Started Ré-importation des assets (448 steps)
[   0% ] reimport | Préparation des fichiers pour la réimportation…
[   0% ] reimport | Préparation des fichiers pour la réimportation…
[   0% ] reimport | Préparation des fichiers pour la réimportation…
[   0% ] reimport | Préparation des fichiers pour la réimportation…
[   0% ] reimport | Préparation des fichiers pour la réimportation…
[   1% ] reimport | Préparation des fichiers pour la réimportation…
[   1% ] reimport | Préparation des fichiers pour la réimportation…
[   1% ] reimport | Préparation des fichiers pour la réimportation…
[   1% ] reimport | Préparation des fichiers pour la réimportation…
[   2% ] reimport | Préparation des fichiers pour la réimportation…
[   2% ] reimport | Préparation des fichiers pour la réimportation…
[   2% ] reimport | Préparation des fichiers pour la réimportation…
[   2% ] reimport | Préparation des fichiers pour la réimportation…
[   2% ] reimport | Préparation des fichiers pour la réimportation…
[   3% ] reimport | Préparation des fichiers pour la réimportation…
[   3% ] reimport | Préparation des fichiers pour la réimportation…
[   3% ] reimport | Préparation des fichiers pour la réimportation…
[   3% ] reimport | Préparation des fichiers pour la réimportation…
[   4% ] reimport | Préparation des fichiers pour la réimportation…
[   4% ] reimport | Préparation des fichiers pour la réimportation…
[   4% ] reimport | Préparation des fichiers pour la réimportation…
[   4% ] reimport | Préparation des fichiers pour la réimportation…
[   4% ] reimport | Préparation des fichiers pour la réimportation…
[   5% ] reimport | Préparation des fichiers pour la réimportation…
[   5% ] reimport | Préparation des fichiers pour la réimportation…
[   5% ] reimport | Préparation des fichiers pour la réimportation…
[   5% ] reimport | Préparation des fichiers pour la réimportation…
[   6% ] reimport | Préparation des fichiers pour la réimportation…
[   6% ] reimport | Préparation des fichiers pour la réimportation…
[   6% ] reimport | Préparation des fichiers pour la réimportation…
[   6% ] reimport | Préparation des fichiers pour la réimportation…
[   6% ] reimport | Préparation des fichiers pour la réimportation…
[   7% ] reimport | Préparation des fichiers pour la réimportation…
[   7% ] reimport | Préparation des fichiers pour la réimportation…
[   7% ] reimport | Préparation des fichiers pour la réimportation…
[   7% ] reimport | Préparation des fichiers pour la réimportation…
[   8% ] reimport | Préparation des fichiers pour la réimportation…
[   8% ] reimport | Préparation des fichiers pour la réimportation…
[   8% ] reimport | Préparation des fichiers pour la réimportation…
[   8% ] reimport | Préparation des fichiers pour la réimportation…
[   8% ] reimport | Préparation des fichiers pour la réimportation…
[   9% ] reimport | Préparation des fichiers pour la réimportation…
[   9% ] reimport | Préparation des fichiers pour la réimportation…
[   9% ] reimport | Préparation des fichiers pour la réimportation…
[   9% ] reimport | Préparation des fichiers pour la réimportation…
[  10% ] reimport | Préparation des fichiers pour la réimportation…
[  10% ] reimport | Préparation des fichiers pour la réimportation…
[  10% ] reimport | Préparation des fichiers pour la réimportation…
[  10% ] reimport | Préparation des fichiers pour la réimportation…
[  10% ] reimport | Préparation des fichiers pour la réimportation…
[  11% ] reimport | Préparation des fichiers pour la réimportation…
[  11% ] reimport | Préparation des fichiers pour la réimportation…
[  11% ] reimport | Préparation des fichiers pour la réimportation…
[  11% ] reimport | Préparation des fichiers pour la réimportation…
[  12% ] reimport | Préparation des fichiers pour la réimportation…
[  12% ] reimport | Préparation des fichiers pour la réimportation…
[  12% ] reimport | Préparation des fichiers pour la réimportation…
[  12% ] reimport | Préparation des fichiers pour la réimportation…
[  12% ] reimport | Préparation des fichiers pour la réimportation…
[  13% ] reimport | Préparation des fichiers pour la réimportation…
[  13% ] reimport | Préparation des fichiers pour la réimportation…
[  13% ] reimport | Préparation des fichiers pour la réimportation…
[  13% ] reimport | Préparation des fichiers pour la réimportation…
[  14% ] reimport | Préparation des fichiers pour la réimportation…
[  14% ] reimport | Préparation des fichiers pour la réimportation…
[  14% ] reimport | Préparation des fichiers pour la réimportation…
[  14% ] reimport | Préparation des fichiers pour la réimportation…
[  14% ] reimport | Préparation des fichiers pour la réimportation…
[  15% ] reimport | Préparation des fichiers pour la réimportation…
[  15% ] reimport | Préparation des fichiers pour la réimportation…
[  15% ] reimport | Préparation des fichiers pour la réimportation…
[  15% ] reimport | Préparation des fichiers pour la réimportation…
[  16% ] reimport | Préparation des fichiers pour la réimportation…
[  16% ] reimport | Préparation des fichiers pour la réimportation…
[  16% ] reimport | Préparation des fichiers pour la réimportation…
[  16% ] reimport | Préparation des fichiers pour la réimportation…
[  16% ] reimport | Préparation des fichiers pour la réimportation…
[  17% ] reimport | Préparation des fichiers pour la réimportation…
[  17% ] reimport | Préparation des fichiers pour la réimportation…
[  17% ] reimport | Préparation des fichiers pour la réimportation…
[  17% ] reimport | Préparation des fichiers pour la réimportation…
[  18% ] reimport | Préparation des fichiers pour la réimportation…
[  18% ] reimport | Préparation des fichiers pour la réimportation…
[  18% ] reimport | Préparation des fichiers pour la réimportation…
[  18% ] reimport | Préparation des fichiers pour la réimportation…
[  18% ] reimport | Préparation des fichiers pour la réimportation…
[  19% ] reimport | Préparation des fichiers pour la réimportation…
[  19% ] reimport | Préparation des fichiers pour la réimportation…
[  19% ] reimport | Préparation des fichiers pour la réimportation…
[  19% ] reimport | Préparation des fichiers pour la réimportation…
[  20% ] reimport | Préparation des fichiers pour la réimportation…
[  20% ] reimport | Préparation des fichiers pour la réimportation…
[  20% ] reimport | Préparation des fichiers pour la réimportation…
[  20% ] reimport | Préparation des fichiers pour la réimportation…
[  20% ] reimport | Préparation des fichiers pour la réimportation…
[  21% ] reimport | Préparation des fichiers pour la réimportation…
[  21% ] reimport | Préparation des fichiers pour la réimportation…
[  21% ] reimport | Préparation des fichiers pour la réimportation…
[  21% ] reimport | Préparation des fichiers pour la réimportation…
[  22% ] reimport | Préparation des fichiers pour la réimportation…
[  22% ] reimport | Préparation des fichiers pour la réimportation…
[  22% ] reimport | Préparation des fichiers pour la réimportation…
[  22% ] reimport | Préparation des fichiers pour la réimportation…
[  22% ] reimport | Préparation des fichiers pour la réimportation…
[  23% ] reimport | Préparation des fichiers pour la réimportation…
[  23% ] reimport | Préparation des fichiers pour la réimportation…
[  23% ] reimport | Préparation des fichiers pour la réimportation…
[  23% ] reimport | Préparation des fichiers pour la réimportation…
[  24% ] reimport | Préparation des fichiers pour la réimportation…
[  24% ] reimport | Préparation des fichiers pour la réimportation…
[  24% ] reimport | Préparation des fichiers pour la réimportation…
[  24% ] reimport | Préparation des fichiers pour la réimportation…
[  24% ] reimport | Préparation des fichiers pour la réimportation…
[  25% ] reimport | Préparation des fichiers pour la réimportation…
[  25% ] reimport | Préparation des fichiers pour la réimportation…
[  25% ] reimport | Préparation des fichiers pour la réimportation…
[  25% ] reimport | Préparation des fichiers pour la réimportation…
[  26% ] reimport | Préparation des fichiers pour la réimportation…
[  26% ] reimport | Préparation des fichiers pour la réimportation…
[  26% ] reimport | Préparation des fichiers pour la réimportation…
[  26% ] reimport | Préparation des fichiers pour la réimportation…
[  26% ] reimport | Préparation des fichiers pour la réimportation…
[  27% ] reimport | Préparation des fichiers pour la réimportation…
[  27% ] reimport | Préparation des fichiers pour la réimportation…
[  27% ] reimport | Préparation des fichiers pour la réimportation…
[  27% ] reimport | Préparation des fichiers pour la réimportation…
[  28% ] reimport | Préparation des fichiers pour la réimportation…
[  28% ] reimport | Préparation des fichiers pour la réimportation…
[  28% ] reimport | Préparation des fichiers pour la réimportation…
[  28% ] reimport | Préparation des fichiers pour la réimportation…
[  28% ] reimport | Préparation des fichiers pour la réimportation…
[  29% ] reimport | Préparation des fichiers pour la réimportation…
[  29% ] reimport | Préparation des fichiers pour la réimportation…
[  29% ] reimport | Préparation des fichiers pour la réimportation…
[  29% ] reimport | Préparation des fichiers pour la réimportation…
[  30% ] reimport | Préparation des fichiers pour la réimportation…
[  30% ] reimport | Préparation des fichiers pour la réimportation…
[  30% ] reimport | Préparation des fichiers pour la réimportation…
[  30% ] reimport | Préparation des fichiers pour la réimportation…
[  30% ] reimport | Préparation des fichiers pour la réimportation…
[  31% ] reimport | Préparation des fichiers pour la réimportation…
[  31% ] reimport | Préparation des fichiers pour la réimportation…
[  31% ] reimport | Préparation des fichiers pour la réimportation…
[  31% ] reimport | Préparation des fichiers pour la réimportation…
[  32% ] reimport | Préparation des fichiers pour la réimportation…
[  32% ] reimport | Préparation des fichiers pour la réimportation…
[  32% ] reimport | Préparation des fichiers pour la réimportation…
[  32% ] reimport | Préparation des fichiers pour la réimportation…
[  32% ] reimport | Préparation des fichiers pour la réimportation…
[  33% ] reimport | Préparation des fichiers pour la réimportation…
[  33% ] reimport | Préparation des fichiers pour la réimportation…
[  33% ] reimport | Préparation des fichiers pour la réimportation…
[  33% ] reimport | Préparation des fichiers pour la réimportation…
[  34% ] reimport | Préparation des fichiers pour la réimportation…
[  34% ] reimport | Préparation des fichiers pour la réimportation…
[  34% ] reimport | Préparation des fichiers pour la réimportation…
[  34% ] reimport | Préparation des fichiers pour la réimportation…
[  34% ] reimport | Préparation des fichiers pour la réimportation…
[  35% ] reimport | Préparation des fichiers pour la réimportation…
[  35% ] reimport | Préparation des fichiers pour la réimportation…
[  35% ] reimport | Préparation des fichiers pour la réimportation…
[  35% ] reimport | Préparation des fichiers pour la réimportation…
[  36% ] reimport | Préparation des fichiers pour la réimportation…
[  36% ] reimport | Préparation des fichiers pour la réimportation…
[  36% ] reimport | Préparation des fichiers pour la réimportation…
[  36% ] reimport | Préparation des fichiers pour la réimportation…
[  36% ] reimport | Préparation des fichiers pour la réimportation…
[  37% ] reimport | Préparation des fichiers pour la réimportation…
[  37% ] reimport | Préparation des fichiers pour la réimportation…
[  37% ] reimport | Préparation des fichiers pour la réimportation…
[  37% ] reimport | Préparation des fichiers pour la réimportation…
[  38% ] reimport | Préparation des fichiers pour la réimportation…
[  38% ] reimport | Préparation des fichiers pour la réimportation…
[  38% ] reimport | Préparation des fichiers pour la réimportation…
[  38% ] reimport | Préparation des fichiers pour la réimportation…
[  38% ] reimport | Préparation des fichiers pour la réimportation…
[  39% ] reimport | Préparation des fichiers pour la réimportation…
[  39% ] reimport | Préparation des fichiers pour la réimportation…
[  39% ] reimport | Préparation des fichiers pour la réimportation…
[  39% ] reimport | Préparation des fichiers pour la réimportation…
[  40% ] reimport | Préparation des fichiers pour la réimportation…
[  40% ] reimport | Préparation des fichiers pour la réimportation…
[  40% ] reimport | Préparation des fichiers pour la réimportation…
[  40% ] reimport | Préparation des fichiers pour la réimportation…
[  40% ] reimport | Préparation des fichiers pour la réimportation…
[  41% ] reimport | Préparation des fichiers pour la réimportation…
[  41% ] reimport | Préparation des fichiers pour la réimportation…
[  41% ] reimport | Préparation des fichiers pour la réimportation…
[  41% ] reimport | Préparation des fichiers pour la réimportation…
[  42% ] reimport | Préparation des fichiers pour la réimportation…
[  42% ] reimport | Préparation des fichiers pour la réimportation…
[  42% ] reimport | Préparation des fichiers pour la réimportation…
[  42% ] reimport | Préparation des fichiers pour la réimportation…
[  42% ] reimport | Préparation des fichiers pour la réimportation…
[  43% ] reimport | Préparation des fichiers pour la réimportation…
[  43% ] reimport | Préparation des fichiers pour la réimportation…
[  43% ] reimport | Préparation des fichiers pour la réimportation…
[  43% ] reimport | Préparation des fichiers pour la réimportation…
[  44% ] reimport | Préparation des fichiers pour la réimportation…
[  44% ] reimport | Préparation des fichiers pour la réimportation…
[  44% ] reimport | Préparation des fichiers pour la réimportation…
[  44% ] reimport | Préparation des fichiers pour la réimportation…
[  44% ] reimport | Préparation des fichiers pour la réimportation…
[  45% ] reimport | Préparation des fichiers pour la réimportation…
[  45% ] reimport | Préparation des fichiers pour la réimportation…
[  45% ] reimport | Préparation des fichiers pour la réimportation…
[  45% ] reimport | Préparation des fichiers pour la réimportation…
[  46% ] reimport | Préparation des fichiers pour la réimportation…
[  46% ] reimport | Préparation des fichiers pour la réimportation…
[  46% ] reimport | Préparation des fichiers pour la réimportation…
[  46% ] reimport | Préparation des fichiers pour la réimportation…
[  46% ] reimport | Préparation des fichiers pour la réimportation…
[  47% ] reimport | Préparation des fichiers pour la réimportation…
[  47% ] reimport | Préparation des fichiers pour la réimportation…
[  47% ] reimport | Préparation des fichiers pour la réimportation…
[  47% ] reimport | Préparation des fichiers pour la réimportation…
[  48% ] reimport | Préparation des fichiers pour la réimportation…
[  48% ] reimport | Préparation des fichiers pour la réimportation…
[  48% ] reimport | Préparation des fichiers pour la réimportation…
[  48% ] reimport | Préparation des fichiers pour la réimportation…
[  48% ] reimport | Préparation des fichiers pour la réimportation…
[  49% ] reimport | Préparation des fichiers pour la réimportation…
[  49% ] reimport | Préparation des fichiers pour la réimportation…
[  49% ] reimport | Préparation des fichiers pour la réimportation…
[  49% ] reimport | Préparation des fichiers pour la réimportation…
[  50% ] reimport | Préparation des fichiers pour la réimportation…
[  50% ] reimport | Préparation des fichiers pour la réimportation…
[  50% ] reimport | Préparation des fichiers pour la réimportation…
[  50% ] reimport | Préparation des fichiers pour la réimportation…
[  51% ] reimport | Préparation des fichiers pour la réimportation…
[  51% ] reimport | Préparation des fichiers pour la réimportation…
[  51% ] reimport | Préparation des fichiers pour la réimportation…
[  51% ] reimport | Préparation des fichiers pour la réimportation…
[  51% ] reimport | Préparation des fichiers pour la réimportation…
[  52% ] reimport | Préparation des fichiers pour la réimportation…
[  52% ] reimport | Préparation des fichiers pour la réimportation…
[  52% ] reimport | Préparation des fichiers pour la réimportation…
[  52% ] reimport | Préparation des fichiers pour la réimportation…
[  53% ] reimport | Préparation des fichiers pour la réimportation…
[  53% ] reimport | Préparation des fichiers pour la réimportation…
[  53% ] reimport | Préparation des fichiers pour la réimportation…
[  53% ] reimport | Préparation des fichiers pour la réimportation…
[  53% ] reimport | Préparation des fichiers pour la réimportation…
[  54% ] reimport | Préparation des fichiers pour la réimportation…
[  54% ] reimport | Préparation des fichiers pour la réimportation…
[  54% ] reimport | Préparation des fichiers pour la réimportation…
[  54% ] reimport | Préparation des fichiers pour la réimportation…
[  55% ] reimport | Préparation des fichiers pour la réimportation…
[  55% ] reimport | Préparation des fichiers pour la réimportation…
[  55% ] reimport | Préparation des fichiers pour la réimportation…
[  55% ] reimport | Préparation des fichiers pour la réimportation…
[  55% ] reimport | Préparation des fichiers pour la réimportation…
[  56% ] reimport | Préparation des fichiers pour la réimportation…
[  56% ] reimport | Préparation des fichiers pour la réimportation…
[  56% ] reimport | Préparation des fichiers pour la réimportation…
[  56% ] reimport | Préparation des fichiers pour la réimportation…
[  57% ] reimport | Préparation des fichiers pour la réimportation…
[  57% ] reimport | Préparation des fichiers pour la réimportation…
[  57% ] reimport | Préparation des fichiers pour la réimportation…
[  57% ] reimport | Préparation des fichiers pour la réimportation…
[  57% ] reimport | Préparation des fichiers pour la réimportation…
[  58% ] reimport | Préparation des fichiers pour la réimportation…
[  58% ] reimport | Préparation des fichiers pour la réimportation…
[  58% ] reimport | Préparation des fichiers pour la réimportation…
[  58% ] reimport | Préparation des fichiers pour la réimportation…
[  59% ] reimport | Préparation des fichiers pour la réimportation…
[  59% ] reimport | Préparation des fichiers pour la réimportation…
[  59% ] reimport | Préparation des fichiers pour la réimportation…
[  59% ] reimport | Préparation des fichiers pour la réimportation…
[  59% ] reimport | Préparation des fichiers pour la réimportation…
[  60% ] reimport | Préparation des fichiers pour la réimportation…
[  60% ] reimport | Préparation des fichiers pour la réimportation…
[  60% ] reimport | Préparation des fichiers pour la réimportation…
[  60% ] reimport | Préparation des fichiers pour la réimportation…
[  61% ] reimport | Préparation des fichiers pour la réimportation…
[  61% ] reimport | Préparation des fichiers pour la réimportation…
[  61% ] reimport | Préparation des fichiers pour la réimportation…
[  61% ] reimport | Préparation des fichiers pour la réimportation…
[  61% ] reimport | Préparation des fichiers pour la réimportation…
[  62% ] reimport | Préparation des fichiers pour la réimportation…
[  62% ] reimport | Préparation des fichiers pour la réimportation…
[  62% ] reimport | Préparation des fichiers pour la réimportation…
[  62% ] reimport | Préparation des fichiers pour la réimportation…
[  63% ] reimport | Préparation des fichiers pour la réimportation…
[  63% ] reimport | Préparation des fichiers pour la réimportation…
[  63% ] reimport | Préparation des fichiers pour la réimportation…
[  63% ] reimport | Préparation des fichiers pour la réimportation…
[  63% ] reimport | Préparation des fichiers pour la réimportation…
[  64% ] reimport | Préparation des fichiers pour la réimportation…
[  64% ] reimport | Préparation des fichiers pour la réimportation…
[  64% ] reimport | Préparation des fichiers pour la réimportation…
[  64% ] reimport | Préparation des fichiers pour la réimportation…
[  65% ] reimport | Préparation des fichiers pour la réimportation…
[  65% ] reimport | Préparation des fichiers pour la réimportation…
[  65% ] reimport | Préparation des fichiers pour la réimportation…
[  65% ] reimport | Préparation des fichiers pour la réimportation…
[  65% ] reimport | Préparation des fichiers pour la réimportation…
[  66% ] reimport | Préparation des fichiers pour la réimportation…
[  66% ] reimport | Préparation des fichiers pour la réimportation…
[  66% ] reimport | Préparation des fichiers pour la réimportation…
[  66% ] reimport | Préparation des fichiers pour la réimportation…
[  67% ] reimport | Préparation des fichiers pour la réimportation…
[  67% ] reimport | Préparation des fichiers pour la réimportation…
[  67% ] reimport | Préparation des fichiers pour la réimportation…
[  67% ] reimport | Préparation des fichiers pour la réimportation…
[  67% ] reimport | Préparation des fichiers pour la réimportation…
[  68% ] reimport | Préparation des fichiers pour la réimportation…
[  68% ] reimport | Préparation des fichiers pour la réimportation…
[  68% ] reimport | Préparation des fichiers pour la réimportation…
[  68% ] reimport | Préparation des fichiers pour la réimportation…
[  69% ] reimport | Préparation des fichiers pour la réimportation…
[  69% ] reimport | Préparation des fichiers pour la réimportation…
[  69% ] reimport | Préparation des fichiers pour la réimportation…
[  69% ] reimport | Préparation des fichiers pour la réimportation…
[  69% ] reimport | Préparation des fichiers pour la réimportation…
[  70% ] reimport | Préparation des fichiers pour la réimportation…
[  70% ] reimport | Préparation des fichiers pour la réimportation…
[  70% ] reimport | Préparation des fichiers pour la réimportation…
[  70% ] reimport | Préparation des fichiers pour la réimportation…
[  71% ] reimport | Préparation des fichiers pour la réimportation…
[  71% ] reimport | Préparation des fichiers pour la réimportation…
[  71% ] reimport | Préparation des fichiers pour la réimportation…
[  71% ] reimport | Préparation des fichiers pour la réimportation…
[  71% ] reimport | Préparation des fichiers pour la réimportation…
[  72% ] reimport | Préparation des fichiers pour la réimportation…
[  72% ] reimport | Préparation des fichiers pour la réimportation…
[  72% ] reimport | Préparation des fichiers pour la réimportation…
[  72% ] reimport | Préparation des fichiers pour la réimportation…
[  73% ] reimport | Préparation des fichiers pour la réimportation…
[  73% ] reimport | Préparation des fichiers pour la réimportation…
[  73% ] reimport | Préparation des fichiers pour la réimportation…
[  73% ] reimport | Préparation des fichiers pour la réimportation…
[  73% ] reimport | Préparation des fichiers pour la réimportation…
[  74% ] reimport | Préparation des fichiers pour la réimportation…
[  74% ] reimport | Préparation des fichiers pour la réimportation…
[  74% ] reimport | Préparation des fichiers pour la réimportation…
[  74% ] reimport | Préparation des fichiers pour la réimportation…
[  75% ] reimport | Préparation des fichiers pour la réimportation…
[  75% ] reimport | Préparation des fichiers pour la réimportation…
[  75% ] reimport | Préparation des fichiers pour la réimportation…
[  75% ] reimport | Préparation des fichiers pour la réimportation…
[  75% ] reimport | Préparation des fichiers pour la réimportation…
[  76% ] reimport | Préparation des fichiers pour la réimportation…
[  76% ] reimport | Préparation des fichiers pour la réimportation…
[  76% ] reimport | Préparation des fichiers pour la réimportation…
[  76% ] reimport | Préparation des fichiers pour la réimportation…
[  77% ] reimport | Préparation des fichiers pour la réimportation…
[  77% ] reimport | Préparation des fichiers pour la réimportation…
[  77% ] reimport | Préparation des fichiers pour la réimportation…
[  77% ] reimport | Préparation des fichiers pour la réimportation…
[  77% ] reimport | Préparation des fichiers pour la réimportation…
[  78% ] reimport | Préparation des fichiers pour la réimportation…
[  78% ] reimport | Préparation des fichiers pour la réimportation…
[  78% ] reimport | Préparation des fichiers pour la réimportation…
[  78% ] reimport | Préparation des fichiers pour la réimportation…
[  79% ] reimport | Préparation des fichiers pour la réimportation…
[  79% ] reimport | Préparation des fichiers pour la réimportation…
[  79% ] reimport | Préparation des fichiers pour la réimportation…
[  79% ] reimport | Préparation des fichiers pour la réimportation…
[  79% ] reimport | Préparation des fichiers pour la réimportation…
[  80% ] reimport | Préparation des fichiers pour la réimportation…
[  80% ] reimport | Préparation des fichiers pour la réimportation…
[  80% ] reimport | Préparation des fichiers pour la réimportation…
[  80% ] reimport | Préparation des fichiers pour la réimportation…
[  81% ] reimport | Préparation des fichiers pour la réimportation…
[  81% ] reimport | Préparation des fichiers pour la réimportation…
[  81% ] reimport | Préparation des fichiers pour la réimportation…
[  81% ] reimport | Préparation des fichiers pour la réimportation…
[  81% ] reimport | Préparation des fichiers pour la réimportation…
[  82% ] reimport | Préparation des fichiers pour la réimportation…
[  82% ] reimport | Préparation des fichiers pour la réimportation…
[  82% ] reimport | Préparation des fichiers pour la réimportation…
[  82% ] reimport | Préparation des fichiers pour la réimportation…
[  83% ] reimport | Préparation des fichiers pour la réimportation…
[  83% ] reimport | Préparation des fichiers pour la réimportation…
[  83% ] reimport | Préparation des fichiers pour la réimportation…
[  83% ] reimport | Préparation des fichiers pour la réimportation…
[  83% ] reimport | Préparation des fichiers pour la réimportation…
[  84% ] reimport | Préparation des fichiers pour la réimportation…
[  84% ] reimport | Préparation des fichiers pour la réimportation…
[  84% ] reimport | Préparation des fichiers pour la réimportation…
[  84% ] reimport | Préparation des fichiers pour la réimportation…
[  85% ] reimport | Préparation des fichiers pour la réimportation…
[  85% ] reimport | Préparation des fichiers pour la réimportation…
[  85% ] reimport | Préparation des fichiers pour la réimportation…
[  85% ] reimport | Préparation des fichiers pour la réimportation…
[  85% ] reimport | Préparation des fichiers pour la réimportation…
[  86% ] reimport | Préparation des fichiers pour la réimportation…
[  86% ] reimport | Préparation des fichiers pour la réimportation…
[  86% ] reimport | Préparation des fichiers pour la réimportation…
[  86% ] reimport | Préparation des fichiers pour la réimportation…
[  87% ] reimport | Préparation des fichiers pour la réimportation…
[  87% ] reimport | Préparation des fichiers pour la réimportation…
[  87% ] reimport | Préparation des fichiers pour la réimportation…
[  87% ] reimport | Préparation des fichiers pour la réimportation…
[  87% ] reimport | Préparation des fichiers pour la réimportation…
[  88% ] reimport | Préparation des fichiers pour la réimportation…
[  88% ] reimport | Préparation des fichiers pour la réimportation…
[  88% ] reimport | Préparation des fichiers pour la réimportation…
[  88% ] reimport | Préparation des fichiers pour la réimportation…
[  89% ] reimport | Préparation des fichiers pour la réimportation…
[  89% ] reimport | Préparation des fichiers pour la réimportation…
[  89% ] reimport | Préparation des fichiers pour la réimportation…
[  89% ] reimport | Préparation des fichiers pour la réimportation…
[  89% ] reimport | Préparation des fichiers pour la réimportation…
[  90% ] reimport | Préparation des fichiers pour la réimportation…
[  90% ] reimport | Préparation des fichiers pour la réimportation…
[  90% ] reimport | Préparation des fichiers pour la réimportation…
[  90% ] reimport | Préparation des fichiers pour la réimportation…
[  91% ] reimport | Préparation des fichiers pour la réimportation…
[  91% ] reimport | Préparation des fichiers pour la réimportation…
[  91% ] reimport | Préparation des fichiers pour la réimportation…
[  91% ] reimport | Préparation des fichiers pour la réimportation…
[  91% ] reimport | Préparation des fichiers pour la réimportation…
[  92% ] reimport | Préparation des fichiers pour la réimportation…
[  92% ] reimport | Préparation des fichiers pour la réimportation…
[  92% ] reimport | Préparation des fichiers pour la réimportation…
[  92% ] reimport | Préparation des fichiers pour la réimportation…
[  93% ] reimport | Préparation des fichiers pour la réimportation…
[  93% ] reimport | Préparation des fichiers pour la réimportation…
[  93% ] reimport | Préparation des fichiers pour la réimportation…
[  93% ] reimport | Préparation des fichiers pour la réimportation…
[  93% ] reimport | Préparation des fichiers pour la réimportation…
[  94% ] reimport | Préparation des fichiers pour la réimportation…
[  94% ] reimport | Préparation des fichiers pour la réimportation…
[  94% ] reimport | Préparation des fichiers pour la réimportation…
[  94% ] reimport | Préparation des fichiers pour la réimportation…
[  95% ] reimport | Préparation des fichiers pour la réimportation…
[  95% ] reimport | Préparation des fichiers pour la réimportation…
[  95% ] reimport | Préparation des fichiers pour la réimportation…
[  95% ] reimport | Préparation des fichiers pour la réimportation…
[  95% ] reimport | Préparation des fichiers pour la réimportation…
[  96% ] reimport | Préparation des fichiers pour la réimportation…
[  96% ] reimport | Préparation des fichiers pour la réimportation…
[  96% ] reimport | Préparation des fichiers pour la réimportation…
[  96% ] reimport | Préparation des fichiers pour la réimportation…
[  97% ] reimport | Préparation des fichiers pour la réimportation…
[  97% ] reimport | Préparation des fichiers pour la réimportation…
[  97% ] reimport | Préparation des fichiers pour la réimportation…
[  97% ] reimport | Préparation des fichiers pour la réimportation…
[  97% ] reimport | Préparation des fichiers pour la réimportation…
[  98% ] reimport | Préparation des fichiers pour la réimportation…
[  98% ] reimport | Préparation des fichiers pour la réimportation…
[  98% ] reimport | Préparation des fichiers pour la réimportation…
[  98% ] reimport | Préparation des fichiers pour la réimportation…
[  99% ] reimport | Préparation des fichiers pour la réimportation…
[  99% ] reimport | Préparation des fichiers pour la réimportation…
[  99% ] reimport | Préparation des fichiers pour la réimportation…
[   0% ] reimport | Exécution des opérations de pré-réimportation…
[   0% ] preload_reimporting_scene | Started Préparation des scènes à recharger (1 steps)
[   0% ] preload_reimporting_scene | Analyse de la scène [vide]
[  50% ] preload_reimporting_scene | Préparation terminée.
[ DONE ] preload_reimporting_scene

[   0% ] reimport | source_code_pro.fnt
EditorFileSystem: Importing file: res://addons/gut/source_code_pro.fnt
Importing BMFont font from: res://addons/gut/source_code_pro.fnt
Saving to: res://.godot/imported/source_code_pro.fnt-042fb383b3c7b4c19e67c852f7fbefca.fontdata
Done saving to: res://.godot/imported/source_code_pro.fnt-042fb383b3c7b4c19e67c852f7fbefca.fontdata
EditorFileSystem: "res://addons/gut/source_code_pro.fnt" import took 9 ms.
[   0% ] reimport | source_code_pro.fnt
EditorFileSystem: Importing file: res://asset/ui/dungeon_draft/fonts/LobsterTwo-Regular.ttf
EditorFileSystem: Importing file: res://addons/gut/fonts/LobsterTwo-BoldItalic.ttf
EditorFileSystem: Importing file: res://addons/gut/fonts/LobsterTwo-Italic.ttf
EditorFileSystem: Importing file: res://addons/gut/fonts/CourierPrime-Italic.ttf
EditorFileSystem: Importing file: res://addons/gut/fonts/AnonymousPro-Bold.ttf
EditorFileSystem: Importing file: res://addons/gut/fonts/LobsterTwo-Bold.ttf
EditorFileSystem: Importing file: res://addons/gut/fonts/AnonymousPro-Italic.ttf
EditorFileSystem: Importing file: res://asset/ui/dungeon_draft/fonts/LobsterTwo-Bold.ttf
EditorFileSystem: Importing file: res://addons/gut/fonts/CourierPrime-Bold.ttf
EditorFileSystem: Importing file: res://addons/gut/fonts/AnonymousPro-BoldItalic.ttf
EditorFileSystem: Importing file: res://addons/gut/fonts/LobsterTwo-Regular.ttf
EditorFileSystem: Importing file: res://addons/gut/fonts/CourierPrime-BoldItalic.ttf
Importing dynamic font from: res://addons/gut/fonts/LobsterTwo-BoldItalic.ttf
Importing dynamic font from: res://asset/ui/dungeon_draft/fonts/LobsterTwo-Regular.ttf
Importing dynamic font from: res://addons/gut/fonts/AnonymousPro-Bold.ttf
Importing dynamic font from: res://addons/gut/fonts/LobsterTwo-Bold.ttf
Importing dynamic font from: res://addons/gut/fonts/LobsterTwo-Italic.ttf
Importing dynamic font from: res://addons/gut/fonts/AnonymousPro-Italic.ttf
Importing dynamic font from: res://addons/gut/fonts/CourierPrime-Bold.ttf
Importing dynamic font from: res://addons/gut/fonts/CourierPrime-Italic.ttf
Importing dynamic font from: res://addons/gut/fonts/CourierPrime-BoldItalic.ttf
Saving to: res://.godot/imported/CourierPrime-Bold.ttf-1f003c66d63ebed70964e7756f4fa235.fontdata
Saving to: res://.godot/imported/AnonymousPro-Bold.ttf-9d8fef4d357af5b52cd60afbe608aa49.fontdata
Saving to: res://.godot/imported/LobsterTwo-BoldItalic.ttf-227406a33e84448e6aa974176016de19.fontdata
Saving to: res://.godot/imported/LobsterTwo-Bold.ttf-7c7f734103b58a32491a4788186f3dcb.fontdata
Importing dynamic font from: res://asset/ui/dungeon_draft/fonts/LobsterTwo-Bold.ttf
Importing dynamic font from: res://addons/gut/fonts/AnonymousPro-BoldItalic.ttf
Saving to: res://.godot/imported/LobsterTwo-Regular.ttf-03a64490fedc2a2e4ade421d8d0319cb.fontdata
Importing dynamic font from: res://addons/gut/fonts/LobsterTwo-Regular.ttf
Saving to: res://.godot/imported/CourierPrime-BoldItalic.ttf-65ebcc61dd5e1dfa8f96313da4ad7019.fontdata
Saving to: res://.godot/imported/CourierPrime-Italic.ttf-baa9156a73770735a0f72fb20b907112.fontdata
Saving to: res://.godot/imported/LobsterTwo-Italic.ttf-f93abf6c25390c85ad5fb6c4ee75159e.fontdata
Saving to: res://.godot/imported/AnonymousPro-Italic.ttf-9989590b02137b799e13d570de2a42c1.fontdata
Saving to: res://.godot/imported/AnonymousPro-BoldItalic.ttf-4274bf704d3d6b9cd32c4f0754d8c83d.fontdata
Saving to: res://.godot/imported/LobsterTwo-Bold.ttf-4833bbd73ba0ce4cdf58cf93c73ffa1c.fontdata
Saving to: res://.godot/imported/LobsterTwo-Regular.ttf-f3fcfa01cd671c8da433dd875d0fe04b.fontdata
Done saving to: res://.godot/imported/CourierPrime-Bold.ttf-1f003c66d63ebed70964e7756f4fa235.fontdata
Done saving to: res://.godot/imported/AnonymousPro-Bold.ttf-9d8fef4d357af5b52cd60afbe608aa49.fontdata
Done saving to: res://.godot/imported/LobsterTwo-Bold.ttf-7c7f734103b58a32491a4788186f3dcb.fontdata
Done saving to: res://.godot/imported/CourierPrime-Italic.ttf-baa9156a73770735a0f72fb20b907112.fontdata
Done saving to: res://.godot/imported/LobsterTwo-BoldItalic.ttf-227406a33e84448e6aa974176016de19.fontdata
Done saving to: res://.godot/imported/CourierPrime-BoldItalic.ttf-65ebcc61dd5e1dfa8f96313da4ad7019.fontdata
Done saving to: res://.godot/imported/AnonymousPro-BoldItalic.ttf-4274bf704d3d6b9cd32c4f0754d8c83d.fontdata
Done saving to: res://.godot/imported/AnonymousPro-Italic.ttf-9989590b02137b799e13d570de2a42c1.fontdata
Done saving to: res://.godot/imported/LobsterTwo-Regular.ttf-03a64490fedc2a2e4ade421d8d0319cb.fontdata
Done saving to: res://.godot/imported/LobsterTwo-Regular.ttf-f3fcfa01cd671c8da433dd875d0fe04b.fontdata
Done saving to: res://.godot/imported/LobsterTwo-Bold.ttf-4833bbd73ba0ce4cdf58cf93c73ffa1c.fontdata
Done saving to: res://.godot/imported/LobsterTwo-Italic.ttf-f93abf6c25390c85ad5fb6c4ee75159e.fontdata
EditorFileSystem: "res://addons/gut/fonts/CourierPrime-Bold.ttf" import took 19 ms.
[   0% ] reimport | LobsterTwo-Regular.ttf
EditorFileSystem: "res://addons/gut/fonts/AnonymousPro-Bold.ttf" import took 22 ms.
[   0% ] reimport | LobsterTwo-Bold.ttf
EditorFileSystem: "res://addons/gut/fonts/LobsterTwo-Bold.ttf" import took 23 ms.
[   0% ] reimport | LobsterTwo-Regular.ttf
EditorFileSystem: "res://addons/gut/fonts/CourierPrime-Italic.ttf" import took 24 ms.
[   1% ] reimport | LobsterTwo-Italic.ttf
EditorFileSystem: "res://addons/gut/fonts/LobsterTwo-BoldItalic.ttf" import took 26 ms.
[   1% ] reimport | LobsterTwo-BoldItalic.ttf
EditorFileSystem: "res://asset/ui/dungeon_draft/fonts/LobsterTwo-Bold.ttf" import took 28 ms.
[   1% ] reimport | LobsterTwo-Bold.ttf
EditorFileSystem: "res://asset/ui/dungeon_draft/fonts/LobsterTwo-Regular.ttf" import took 28 ms.
[   1% ] reimport | CourierPrime-Italic.ttf
EditorFileSystem: "res://addons/gut/fonts/CourierPrime-BoldItalic.ttf" import took 29 ms.
[   2% ] reimport | CourierPrime-BoldItalic.ttf
EditorFileSystem: "res://addons/gut/fonts/AnonymousPro-BoldItalic.ttf" import took 28 ms.
[   2% ] reimport | CourierPrime-Bold.ttf
EditorFileSystem: "res://addons/gut/fonts/AnonymousPro-Italic.ttf" import took 30 ms.
[   2% ] reimport | AnonymousPro-Italic.ttf
EditorFileSystem: "res://addons/gut/fonts/LobsterTwo-Regular.ttf" import took 29 ms.
[   2% ] reimport | AnonymousPro-BoldItalic.ttf
EditorFileSystem: "res://addons/gut/fonts/LobsterTwo-Italic.ttf" import took 31 ms.
[   2% ] reimport | source_code_pro.fnt
EditorFileSystem: Importing file: res://asset/bruitage sort/MUSCPerc_Triangle 3 (ID 1689)_LaSonotheque.fr.mp3
EditorFileSystem: Importing file: res://asset/musique/Dungeon Draft_ First Footfalls.mp3
EditorFileSystem: Importing file: res://asset/musique/Dungeon Draft Tactics.mp3
EditorFileSystem: Importing file: res://asset/map/Dungeon Draft Tactics.mp3
EditorFileSystem: Importing file: res://asset/musique/Dungeon Draft Oath.mp3
EditorFileSystem: Importing file: res://asset/musique/Dungeon Draft.mp3
EditorFileSystem: Importing file: res://asset/bruitage sort/FIREIgn_Essence prend feu 3 (ID 1342)_LaSonotheque.fr.mp3
EditorFileSystem: "res://asset/bruitage sort/MUSCPerc_Triangle 3 (ID 1689)_LaSonotheque.fr.mp3" import took 9 ms.
[   3% ] reimport | LobsterTwo-Regular.ttf
EditorFileSystem: "res://asset/musique/Dungeon Draft_ First Footfalls.mp3" import took 33 ms.
[   3% ] reimport | LobsterTwo-Bold.ttf
EditorFileSystem: "res://asset/musique/Dungeon Draft.mp3" import took 37 ms.
[   3% ] reimport | LobsterTwo-Regular.ttf
EditorFileSystem: "res://asset/map/Dungeon Draft Tactics.mp3" import took 40 ms.
[   3% ] reimport | LobsterTwo-Italic.ttf
EditorFileSystem: "res://asset/bruitage sort/FIREIgn_Essence prend feu 3 (ID 1342)_LaSonotheque.fr.mp3" import took 40 ms.
[   4% ] reimport | LobsterTwo-BoldItalic.ttf
EditorFileSystem: "res://asset/musique/Dungeon Draft Tactics.mp3" import took 40 ms.
[   4% ] reimport | LobsterTwo-Bold.ttf
EditorFileSystem: "res://asset/musique/Dungeon Draft Oath.mp3" import took 48 ms.
EditorFileSystem: Importing file: res://asset/ui/character_hud/generated/spell_icon_r07_c01.png
[   4% ] reimport | source_code_pro.fnt
EditorFileSystem: Importing file: res://asset/ui/character_hud/generated/spell_icon_r06_c02.png
EditorFileSystem: Importing file: res://asset/ui/character_hud/generated/spell_icon_r06_c03.png
EditorFileSystem: Importing file: res://asset/ui/character_hud/generated/spell_icon_r07_c04.png
EditorFileSystem: Importing file: res://asset/ui/character_hud/generated/spell_icon_r04_c00.png
EditorFileSystem: Importing file: res://asset/ui/character_hud/generated/spell_icon_r08_c03.png
EditorFileSystem: Importing file: res://asset/ui/character_hud/generated/spell_icon_r03_c00.png
EditorFileSystem: Importing file: res://asset/ui/character_hud/generated/spell_icon_r08_c00.png
EditorFileSystem: Importing file: res://asset/ui/character_hud/generated/spell_icon_r04_c05.png
EditorFileSystem: Importing file: res://asset/ui/character_hud/generated/spell_icon_r07_c02.png
EditorFileSystem: Importing file: res://asset/ui/character_hud/generated/spell_icon_r03_c05.png
EditorFileSystem: Importing file: res://asset/ui/character_hud/generated/spell_icon_r03_c04.png
EditorFileSystem: Importing file: res://asset/ui/character_hud/generated/spell_icon_r04_c01.png
EditorFileSystem: Importing file: res://asset/ui/character_hud/generated/spell_icon_r02_c01.png
EditorFileSystem: Importing file: res://asset/ui/character_hud/generated/spell_icon_r04_c03.png
EditorFileSystem: Importing file: res://asset/ui/character_hud/generated/spell_icon_r07_c05.png
EditorFileSystem: Importing file: res://asset/ui/character_hud/generated/spell_icon_r05_c01.png
EditorFileSystem: Importing file: res://asset/ui/character_hud/generated/spell_icon_r08_c04.png
EditorFileSystem: "res://asset/ui/character_hud/generated/spell_icon_r08_c03.png" import took 27 ms.
EditorFileSystem: Importing file: res://asset/ui/character_hud/generated/spell_icon_r01_c02.png
[   4% ] reimport | LobsterTwo-Regular.ttf
EditorFileSystem: "res://asset/ui/character_hud/generated/spell_icon_r03_c00.png" import took 28 ms.
EditorFileSystem: Importing file: res://asset/ui/character_hud/generated/spell_icon_r01_c01.png
[   4% ] reimport | LobsterTwo-Bold.ttf
EditorFileSystem: "res://asset/ui/character_hud/generated/spell_icon_r07_c01.png" import took 32 ms.
EditorFileSystem: Importing file: res://asset/ui/character_hud/generated/spell_icon_r01_c00.png
[   5% ] reimport | LobsterTwo-Regular.ttf
EditorFileSystem: "res://asset/ui/character_hud/generated/spell_icon_r06_c03.png" import took 35 ms.
EditorFileSystem: Importing file: res://asset/ui/character_hud/generated/spell_icon_r00_c04.png
[   5% ] reimport | LobsterTwo-Italic.ttf
EditorFileSystem: "res://asset/ui/character_hud/generated/spell_icon_r03_c04.png" import took 36 ms.
EditorFileSystem: Importing file: res://asset/ui/character_hud/generated/spell_icon_r00_c03.png
[   5% ] reimport | LobsterTwo-BoldItalic.ttf
EditorFileSystem: "res://asset/ui/character_hud/generated/spell_icon_r05_c01.png" import took 39 ms.
EditorFileSystem: Importing file: res://asset/ui/dark_menu/source/spell_icons/flags.jpg
[   5% ] reimport | LobsterTwo-Bold.ttf
EditorFileSystem: "res://asset/ui/character_hud/generated/spell_icon_r04_c00.png" import took 40 ms.
EditorFileSystem: Importing file: res://asset/ui/dark_menu/source/spell_icons/cadre_sort_mage.png
[   6% ] reimport | CourierPrime-Italic.ttf
EditorFileSystem: "res://asset/ui/character_hud/generated/spell_icon_r08_c00.png" import took 41 ms.
EditorFileSystem: Importing file: res://asset/ui/dark_menu/source/spell_icons/cadre_sort_healer.png
[   6% ] reimport | CourierPrime-BoldItalic.ttf
EditorFileSystem: "res://asset/ui/character_hud/generated/spell_icon_r08_c04.png" import took 43 ms.
EditorFileSystem: Importing file: res://asset/ui/dark_menu/source/spell_icons/cadre_sort_assassin.png
[   6% ] reimport | CourierPrime-Bold.ttf
EditorFileSystem: "res://asset/ui/character_hud/generated/spell_icon_r06_c02.png" import took 48 ms.
EditorFileSystem: Importing file: res://asset/ui/dark_menu/source/spell_icons/cadre_sort_archer.png
[   6% ] reimport | AnonymousPro-Italic.ttf
EditorFileSystem: "res://asset/ui/character_hud/generated/spell_icon_r03_c05.png" import took 49 ms.
EditorFileSystem: Importing file: res://asset/ui/dark_menu/source/pack/pack_bouton.jpg
[   6% ] reimport | AnonymousPro-BoldItalic.ttf
EditorFileSystem: "res://asset/ui/character_hud/generated/spell_icon_r04_c01.png" import took 50 ms.
EditorFileSystem: Importing file: res://asset/ui/dark_menu/source/pack/84f1c661db9220f4e9d51fdfdbf6c787.jpg
[   7% ] reimport | AnonymousPro-Bold.ttf
EditorFileSystem: "res://asset/ui/character_hud/generated/spell_icon_r04_c03.png" import took 52 ms.
EditorFileSystem: Importing file: res://asset/ui/dark_menu/source/menu/using-the-ornate-dark-stone-game-menu-frame-shown-.png
[   7% ] reimport | MUSCPerc_Triangle 3 (ID 1689)_LaSonotheque.fr.mp3
EditorFileSystem: "res://asset/ui/character_hud/generated/spell_icon_r07_c02.png" import took 52 ms.
EditorFileSystem: Importing file: res://asset/ui/dark_menu/source/menu/using-the-ornamental-title-header-bar-shown-in-the.png
EditorFileSystem: "res://asset/ui/character_hud/generated/spell_icon_r07_c04.png" import took 52 ms.
EditorFileSystem: "res://asset/ui/character_hud/generated/spell_icon_r04_c05.png" import took 52 ms.
EditorFileSystem: Importing file: res://asset/ui/dark_menu/source/menu/extract-the-plain-recessed-dark-stone-section-show.png
[   7% ] reimport | Dungeon Draft_ First Footfalls.mp3
EditorFileSystem: Importing file: res://asset/ui/dark_menu/source/menu/extract-only-the-small-round-red-close-button-with.png
EditorFileSystem: "res://asset/ui/character_hud/generated/spell_icon_r02_c01.png" import took 51 ms.
[   7% ] reimport | Dungeon Draft.mp3
EditorFileSystem: "res://asset/ui/character_hud/generated/spell_icon_r07_c05.png" import took 53 ms.
EditorFileSystem: Importing file: res://asset/ui/dark_menu/source/menu/extract-a-single-standalone-game-menu-button-in-th.png
[   8% ] reimport | Dungeon Draft Tactics.mp3
EditorFileSystem: Importing file: res://asset/ui/dark_menu/source/menu/extract-a-single-standalone-game-menu-button-in-th (2).png
[   8% ] reimport | Dungeon Draft Oath.mp3
EditorFileSystem: "res://asset/ui/character_hud/generated/spell_icon_r01_c02.png" import took 26 ms.
[   8% ] reimport | Dungeon Draft Tactics.mp3
EditorFileSystem: Importing file: res://asset/ui/dark_menu/source/menu/extract-a-single-standalone-game-menu-button-in-th (1).png
[   8% ] reimport | FIREIgn_Essence prend feu 3 (ID 1342)_LaSonotheque.fr.mp3
EditorFileSystem: "res://asset/ui/character_hud/generated/spell_icon_r01_c01.png" import took 29 ms.
EditorFileSystem: Importing file: res://asset/ui/dark_menu/source/class_emblems/branche_main_abre_competence.jpg
[   8% ] reimport | spell_icon_r07_c01.png
EditorFileSystem: "res://asset/ui/character_hud/generated/spell_icon_r00_c03.png" import took 22 ms.
EditorFileSystem: Importing file: res://asset/ui/dark_menu/source/character_bars/pdv_mana.png
[   9% ] reimport | spell_icon_r06_c03.png
EditorFileSystem: "res://asset/ui/character_hud/generated/spell_icon_r01_c00.png" import took 30 ms.
EditorFileSystem: Importing file: res://asset/ui/dark_menu/source/character_bars/barre_personnage.jpg
[   9% ] reimport | spell_icon_r06_c02.png
EditorFileSystem: "res://asset/ui/character_hud/generated/spell_icon_r00_c04.png" import took 28 ms.
EditorFileSystem: Importing file: res://asset/ui/dark_menu/source/character_bars/barres.jpg
[   9% ] reimport | spell_icon_r05_c01.png
EditorFileSystem: "res://asset/ui/dark_menu/source/pack/84f1c661db9220f4e9d51fdfdbf6c787.jpg" import took 97 ms.
EditorFileSystem: Importing file: res://asset/ui/character_hud/refined/pdv_frame_pixel_candidate.png
[   9% ] reimport | spell_icon_r04_c05.png
EditorFileSystem: "res://asset/ui/character_hud/refined/pdv_frame_pixel_candidate.png" import took 23 ms.
EditorFileSystem: Importing file: res://asset/ui/character_hud/generated/spell_icon_r09_c05.png
[  10% ] reimport | spell_icon_r07_c02.png
EditorFileSystem: "res://asset/ui/character_hud/generated/spell_icon_r09_c05.png" import took 18 ms.
EditorFileSystem: Importing file: res://asset/ui/character_hud/generated/spell_icon_r09_c03.png
[  10% ] reimport | spell_icon_r07_c04.png
EditorFileSystem: "res://asset/ui/character_hud/generated/spell_icon_r09_c03.png" import took 19 ms.
EditorFileSystem: Importing file: res://asset/ui/character_hud/generated/spell_icon_r09_c02.png
[  10% ] reimport | spell_icon_r07_c05.png
EditorFileSystem: "res://asset/ui/dark_menu/source/character_bars/barres.jpg" import took 149 ms.
EditorFileSystem: Importing file: res://asset/ui/character_hud/generated/spell_icon_r09_c00.png
[  10% ] reimport | spell_icon_r08_c00.png
EditorFileSystem: "res://asset/ui/character_hud/generated/spell_icon_r09_c02.png" import took 20 ms.
EditorFileSystem: Importing file: res://asset/ui/character_hud/generated/spell_icon_r08_c05.png
[  10% ] reimport | spell_icon_r08_c03.png
EditorFileSystem: "res://asset/ui/character_hud/generated/spell_icon_r09_c00.png" import took 23 ms.
EditorFileSystem: Importing file: res://asset/personnage/alliés/488.png
[  11% ] reimport | spell_icon_r08_c04.png
EditorFileSystem: "res://asset/ui/character_hud/generated/spell_icon_r08_c05.png" import took 18 ms.
EditorFileSystem: Importing file: res://asset/personnage/alliés/487.png
[  11% ] reimport | spell_icon_r04_c03.png
EditorFileSystem: "res://asset/personnage/alliés/488.png" import took 31 ms.
EditorFileSystem: Importing file: res://asset/personnage/alliés/486.png
[  11% ] reimport | spell_icon_r04_c01.png
EditorFileSystem: "res://asset/personnage/alliés/487.png" import took 26 ms.
EditorFileSystem: Importing file: res://asset/personnage/alliés/485.png
[  11% ] reimport | spell_icon_r04_c00.png
EditorFileSystem: "res://asset/ui/dark_menu/source/pack/pack_bouton.jpg" import took 247 ms.
EditorFileSystem: Importing file: res://asset/personnage/alliés/484.png
[  12% ] reimport | spell_icon_r03_c05.png
EditorFileSystem: "res://asset/personnage/alliés/486.png" import took 30 ms.
EditorFileSystem: Importing file: res://asset/personnage/alliés/483.png
[  12% ] reimport | spell_icon_r03_c04.png
EditorFileSystem: "res://asset/personnage/alliés/485.png" import took 29 ms.
EditorFileSystem: Importing file: res://asset/personnage/alliés/482.png
[  12% ] reimport | spell_icon_r03_c00.png
EditorFileSystem: "res://asset/personnage/alliés/484.png" import took 28 ms.
EditorFileSystem: "res://asset/ui/dark_menu/source/spell_icons/flags.jpg" import took 285 ms.
[  12% ] reimport | spell_icon_r02_c01.png
EditorFileSystem: Importing file: res://asset/personnage/alliés/481.png
EditorFileSystem: Importing file: res://asset/personnage/alliés/479.png
[  12% ] reimport | spell_icon_r01_c02.png
EditorFileSystem: "res://asset/personnage/alliés/483.png" import took 30 ms.
EditorFileSystem: Importing file: res://asset/personnage/alliés/475.png
[  13% ] reimport | spell_icon_r01_c01.png
EditorFileSystem: "res://asset/personnage/alliés/482.png" import took 28 ms.
EditorFileSystem: Importing file: res://asset/personnage/alliés/474.png
[  13% ] reimport | spell_icon_r01_c00.png
EditorFileSystem: "res://asset/personnage/alliés/481.png" import took 29 ms.
EditorFileSystem: Importing file: res://asset/personnage/alliés/473.png
[  13% ] reimport | spell_icon_r00_c04.png
EditorFileSystem: "res://asset/ui/dark_menu/source/menu/extract-the-plain-recessed-dark-stone-section-show.png" import took 305 ms.
EditorFileSystem: Importing file: res://asset/map/tilemap_packed.png
[  13% ] reimport | spell_icon_r00_c03.png
EditorFileSystem: "res://asset/ui/dark_menu/source/menu/using-the-ornate-dark-stone-game-menu-frame-shown-.png" import took 307 ms.
EditorFileSystem: Importing file: res://asset/map/tilemap_packed (2).png
[  14% ] reimport | flags.jpg
EditorFileSystem: "res://asset/personnage/alliés/479.png" import took 41 ms.
EditorFileSystem: Importing file: res://asset/map/test_tileset_asphodel.png
[  14% ] reimport | cadre_sort_mage.png
EditorFileSystem: "res://asset/personnage/alliés/475.png" import took 40 ms.
EditorFileSystem: Importing file: res://asset/map/rem_0014.png
[  14% ] reimport | cadre_sort_healer.png
EditorFileSystem: "res://asset/personnage/alliés/474.png" import took 40 ms.
EditorFileSystem: Importing file: res://asset/map/iso/forest_room_01_source.png
[  14% ] reimport | cadre_sort_assassin.png
EditorFileSystem: "res://asset/ui/dark_menu/source/menu/extract-a-single-standalone-game-menu-button-in-th (1).png" import took 324 ms.
EditorFileSystem: Importing file: res://asset/icone/test.png
[  14% ] reimport | cadre_sort_archer.png
EditorFileSystem: "res://asset/ui/dark_menu/source/spell_icons/cadre_sort_healer.png" import took 337 ms.
EditorFileSystem: Importing file: res://asset/icone/icone spell.png_98.png
[  15% ] reimport | pack_bouton.jpg
EditorFileSystem: "res://asset/map/tilemap_packed (2).png" import took 19 ms.
EditorFileSystem: Importing file: res://asset/icone/icone spell.png_97.png
[  15% ] reimport | 84f1c661db9220f4e9d51fdfdbf6c787.jpg
EditorFileSystem: "res://asset/map/tilemap_packed.png" import took 20 ms.
EditorFileSystem: Importing file: res://asset/icone/icone spell.png_96.png
[  15% ] reimport | using-the-ornate-dark-stone-game-menu-frame-shown-.png
EditorFileSystem: "res://asset/ui/dark_menu/source/menu/extract-a-single-standalone-game-menu-button-in-th.png" import took 327 ms.
EditorFileSystem: Importing file: res://asset/icone/icone spell.png_95.png
[  15% ] reimport | using-the-ornamental-title-header-bar-shown-in-the.png
EditorFileSystem: "res://asset/ui/dark_menu/source/menu/extract-a-single-standalone-game-menu-button-in-th (2).png" import took 328 ms.
EditorFileSystem: Importing file: res://asset/icone/icone spell.png_94.png
[  16% ] reimport | extract-the-plain-recessed-dark-stone-section-show.png
EditorFileSystem: "res://asset/personnage/alliés/473.png" import took 33 ms.
EditorFileSystem: Importing file: res://asset/icone/icone spell.png_93.png
[  16% ] reimport | extract-only-the-small-round-red-close-button-with.png
EditorFileSystem: "res://asset/icone/test.png" import took 18 ms.
EditorFileSystem: Importing file: res://asset/icone/icone spell.png_92.png
[  16% ] reimport | extract-a-single-standalone-game-menu-button-in-th.png
EditorFileSystem: "res://asset/icone/icone spell.png_97.png" import took 18 ms.
EditorFileSystem: Importing file: res://asset/ui/character_hud/generated/spell_icon_r00_c02.png
[  16% ] reimport | extract-a-single-standalone-game-menu-button-in-th (2).png
EditorFileSystem: "res://asset/icone/icone spell.png_96.png" import took 21 ms.
EditorFileSystem: Importing file: res://asset/ui/character_hud/generated/spell_icon_r00_c01.png
[  16% ] reimport | extract-a-single-standalone-game-menu-button-in-th (1).png
EditorFileSystem: "res://asset/icone/icone spell.png_98.png" import took 24 ms.
EditorFileSystem: Importing file: res://asset/ui/character_hud/generated/spell_icon_r00_c00.png
[  17% ] reimport | branche_main_abre_competence.jpg
EditorFileSystem: "res://asset/icone/icone spell.png_95.png" import took 25 ms.
EditorFileSystem: Importing file: res://asset/ui/character_hud/generated/spell_icons_atlas.png
[  17% ] reimport | pdv_mana.png
EditorFileSystem: "res://asset/icone/icone spell.png_94.png" import took 25 ms.
EditorFileSystem: Importing file: res://asset/sorts/tempete_orageuse/tex_storm_ground_impact.png.png
[  17% ] reimport | barre_personnage.jpg
EditorFileSystem: "res://asset/icone/icone spell.png_93.png" import took 20 ms.
EditorFileSystem: Importing file: res://asset/sorts/tempete_orageuse/tex_storm_cloud.png.png
[  17% ] reimport | barres.jpg
EditorFileSystem: "res://asset/ui/dark_menu/source/spell_icons/cadre_sort_mage.png" import took 370 ms.
EditorFileSystem: Importing file: res://asset/sorts/elfe_ronce/elf_magic_ronce_impact_sheet (1).png
[  18% ] reimport | pdv_frame_pixel_candidate.png
EditorFileSystem: "res://asset/ui/dark_menu/source/menu/extract-only-the-small-round-red-close-button-with.png" import took 358 ms.
EditorFileSystem: Importing file: res://asset/sorts/elfe_arc_magique/Meshy_AI_fa41a3267447c0eff9de1c960eec9ecfc15bffa2d3ff2d4c633f568a57b44b19 (1).png
[  18% ] reimport | spell_icon_r09_c05.png
EditorFileSystem: "res://asset/icone/icone spell.png_92.png" import took 16 ms.
EditorFileSystem: Importing file: res://asset/sorts/elfe_arc_magique/Meshy_AI_58e7958069a2b17a3131699f250e88716204d958abe9618c90aed37df322a7a3.png
[  18% ] reimport | spell_icon_r09_c03.png
EditorFileSystem: "res://asset/ui/dark_menu/source/menu/using-the-ornamental-title-header-bar-shown-in-the.png" import took 365 ms.
EditorFileSystem: Importing file: res://asset/sorts/elfe_arc_magique/Meshy_AI_14c3045b0900c06574f6024efd69c66673616be737a9e7d89fb95c8a4c3b20e9.png
[  18% ] reimport | spell_icon_r09_c02.png
EditorFileSystem: "res://asset/ui/character_hud/generated/spell_icon_r00_c02.png" import took 22 ms.
EditorFileSystem: Importing file: res://asset/personnage/ennemi/pyromagev4.png
[  18% ] reimport | spell_icon_r09_c00.png
EditorFileSystem: "res://asset/ui/character_hud/generated/spell_icon_r00_c01.png" import took 20 ms.
EditorFileSystem: Importing file: res://asset/personnage/ennemi/pyromagev3.png
[  19% ] reimport | spell_icon_r08_c05.png
EditorFileSystem: "res://asset/ui/character_hud/generated/spell_icon_r00_c00.png" import took 24 ms.
EditorFileSystem: Importing file: res://asset/personnage/ennemi/pyromagev2.png
[  19% ] reimport | 488.png
EditorFileSystem: "res://asset/ui/dark_menu/source/spell_icons/cadre_sort_assassin.png" import took 397 ms.
EditorFileSystem: Importing file: res://asset/personnage/ennemi/pyromage.png
[  19% ] reimport | 487.png
EditorFileSystem: "res://asset/ui/dark_menu/source/spell_icons/cadre_sort_archer.png" import took 396 ms.
EditorFileSystem: Importing file: res://asset/personnage/ennemi/goebleinscenario.png
[  19% ] reimport | 486.png
EditorFileSystem: "res://asset/ui/dark_menu/source/class_emblems/branche_main_abre_competence.jpg" import took 498 ms.
EditorFileSystem: Importing file: res://asset/personnage/alliés/505.png
[  20% ] reimport | 485.png
EditorFileSystem: "res://asset/personnage/alliés/505.png" import took 27 ms.
EditorFileSystem: Importing file: res://asset/personnage/alliés/501.png
[  20% ] reimport | 484.png
EditorFileSystem: "res://asset/map/test_tileset_asphodel.png" import took 239 ms.
EditorFileSystem: Importing file: res://asset/personnage/alliés/499.png
[  20% ] reimport | 483.png
EditorFileSystem: "res://asset/personnage/alliés/501.png" import took 28 ms.
EditorFileSystem: Importing file: res://asset/personnage/alliés/498.png
[  20% ] reimport | 482.png
EditorFileSystem: "res://asset/ui/dark_menu/source/character_bars/barre_personnage.jpg" import took 556 ms.
EditorFileSystem: Importing file: res://asset/personnage/alliés/497.png
[  20% ] reimport | 481.png
EditorFileSystem: "res://asset/personnage/alliés/499.png" import took 32 ms.
EditorFileSystem: Importing file: res://asset/personnage/alliés/496.png
[  21% ] reimport | 479.png
EditorFileSystem: "res://asset/personnage/alliés/498.png" import took 27 ms.
EditorFileSystem: Importing file: res://asset/personnage/alliés/494.png
[  21% ] reimport | 475.png
EditorFileSystem: "res://asset/personnage/alliés/497.png" import took 32 ms.
EditorFileSystem: Importing file: res://asset/personnage/alliés/492.png
[  21% ] reimport | 474.png
EditorFileSystem: "res://asset/personnage/alliés/494.png" import took 28 ms.
EditorFileSystem: Importing file: res://asset/personnage/alliés/491.png
[  21% ] reimport | 473.png
EditorFileSystem: "res://asset/personnage/alliés/496.png" import took 33 ms.
EditorFileSystem: Importing file: res://asset/personnage/alliés/490.png
[  22% ] reimport | tilemap_packed.png
EditorFileSystem: "res://asset/personnage/alliés/492.png" import took 33 ms.
EditorFileSystem: Importing file: res://asset/personnage/alliés/489.png
[  22% ] reimport | tilemap_packed (2).png
EditorFileSystem: "res://asset/personnage/alliés/491.png" import took 27 ms.
EditorFileSystem: Importing file: res://tests/characters/elf/screenshots/sharpness_512_nearest_viewport.png
[  22% ] reimport | test_tileset_asphodel.png
EditorFileSystem: "res://asset/personnage/alliés/490.png" import took 48 ms.
EditorFileSystem: Importing file: res://tests/characters/elf/screenshots/sharpness_512_nearest_composite_crop.png
[  22% ] reimport | rem_0014.png
EditorFileSystem: "res://asset/personnage/alliés/489.png" import took 40 ms.
EditorFileSystem: Importing file: res://tests/characters/elf/screenshots/sharpness_512_nearest_composite.png
[  22% ] reimport | forest_room_01_source.png
EditorFileSystem: "res://tests/characters/elf/screenshots/sharpness_512_nearest_composite_crop.png" import took 39 ms.
EditorFileSystem: Importing file: res://tests/characters/elf/screenshots/sharpness_512_linear_viewport_crop.png
[  23% ] reimport | test.png
EditorFileSystem: "res://asset/sorts/elfe_arc_magique/Meshy_AI_14c3045b0900c06574f6024efd69c66673616be737a9e7d89fb95c8a4c3b20e9.png" import took 359 ms.
EditorFileSystem: Importing file: res://tests/characters/elf/screenshots/sharpness_512_linear_viewport.png
[  23% ] reimport | icone spell.png_98.png
EditorFileSystem: "res://asset/sorts/tempete_orageuse/tex_storm_cloud.png.png" import took 375 ms.
EditorFileSystem: Importing file: res://tests/characters/elf/screenshots/sharpness_512_linear_composite_crop.png
[  23% ] reimport | icone spell.png_97.png
EditorFileSystem: "res://asset/ui/character_hud/generated/spell_icons_atlas.png" import took 387 ms.
EditorFileSystem: Importing file: res://tests/characters/elf/screenshots/sharpness_512_linear_composite.png
[  23% ] reimport | icone spell.png_96.png
EditorFileSystem: "res://asset/sorts/elfe_arc_magique/Meshy_AI_fa41a3267447c0eff9de1c960eec9ecfc15bffa2d3ff2d4c633f568a57b44b19 (1).png" import took 386 ms.
EditorFileSystem: Importing file: res://tests/characters/elf/screenshots/salle1_elf_walk_pos_y.png
[  24% ] reimport | icone spell.png_95.png
EditorFileSystem: "res://asset/ui/dark_menu/source/character_bars/pdv_mana.png" import took 755 ms.
EditorFileSystem: Importing file: res://tests/characters/elf/screenshots/salle1_elf_walk_pos_x.png
[  24% ] reimport | icone spell.png_94.png
EditorFileSystem: "res://tests/characters/elf/screenshots/sharpness_512_nearest_viewport.png" import took 123 ms.
EditorFileSystem: Importing file: res://tests/characters/elf/screenshots/salle1_elf_walk_neg_y.png
[  24% ] reimport | icone spell.png_93.png
EditorFileSystem: "res://tests/characters/elf/screenshots/sharpness_512_linear_composite_crop.png" import took 39 ms.
EditorFileSystem: Importing file: res://tests/characters/elf/screenshots/salle1_elf_walk_neg_x.png
[  24% ] reimport | icone spell.png_92.png
EditorFileSystem: "res://asset/sorts/elfe_arc_magique/Meshy_AI_58e7958069a2b17a3131699f250e88716204d958abe9618c90aed37df322a7a3.png" import took 413 ms.
EditorFileSystem: Importing file: res://tests/characters/elf/screenshots/salle1_elf_in_front_of_goblin.png
[  24% ] reimport | spell_icon_r00_c02.png
EditorFileSystem: "res://asset/sorts/tempete_orageuse/tex_storm_ground_impact.png.png" import took 420 ms.
EditorFileSystem: Importing file: res://tests/characters/elf/screenshots/salle1_elf_idle.png
[  25% ] reimport | spell_icon_r00_c01.png
EditorFileSystem: "res://tests/characters/elf/screenshots/sharpness_512_linear_viewport_crop.png" import took 78 ms.
EditorFileSystem: Importing file: res://tests/characters/elf/screenshots/salle1_elf_hit.png
[  25% ] reimport | spell_icon_r00_c00.png
EditorFileSystem: "res://tests/characters/elf/screenshots/sharpness_512_linear_viewport.png" import took 116 ms.
EditorFileSystem: Importing file: res://tests/characters/elf/screenshots/salle1_elf_death.png
[  25% ] reimport | spell_icons_atlas.png
EditorFileSystem: "res://asset/personnage/ennemi/pyromage.png" import took 511 ms.
EditorFileSystem: Importing file: res://tests/characters/elf/screenshots/salle1_elf_cast.png
[  25% ] reimport | tex_storm_ground_impact.png.png
EditorFileSystem: "res://asset/map/rem_0014.png" import took 588 ms.
EditorFileSystem: Importing file: res://tests/characters/elf/screenshots/salle1_elf_behind_goblin.png
[  26% ] reimport | tex_storm_cloud.png.png
EditorFileSystem: "res://asset/map/iso/forest_room_01_source.png" import took 606 ms.
EditorFileSystem: Importing file: res://tests/characters/elf/screenshots/fireball_residue_before.png
[  26% ] reimport | elf_magic_ronce_impact_sheet (1).png
EditorFileSystem: "res://asset/personnage/ennemi/pyromagev4.png" import took 605 ms.
EditorFileSystem: Importing file: res://tests/characters/elf/screenshots/fireball_cleanup_after.png
[  26% ] reimport | Meshy_AI_fa41a3267447c0eff9de1c960eec9ecfc15bffa2d3ff2d4c633f568a57b44b19 (1).png
EditorFileSystem: "res://tests/characters/elf/screenshots/sharpness_512_nearest_composite.png" import took 379 ms.
EditorFileSystem: Importing file: res://tests/characters/elf/screenshots/final_elf_y_sort.png
[  26% ] reimport | Meshy_AI_58e7958069a2b17a3131699f250e88716204d958abe9618c90aed37df322a7a3.png
EditorFileSystem: "res://asset/personnage/ennemi/pyromagev3.png" import took 705 ms.
EditorFileSystem: Importing file: res://tests/characters/elf/screenshots/final_elf_selected.png
[  26% ] reimport | Meshy_AI_14c3045b0900c06574f6024efd69c66673616be737a9e7d89fb95c8a4c3b20e9.png
EditorFileSystem: "res://tests/characters/elf/screenshots/sharpness_512_linear_composite.png" import took 361 ms.
EditorFileSystem: Importing file: res://tests/characters/elf/screenshots/final_elf_moving.png
[  27% ] reimport | pyromagev4.png
EditorFileSystem: "res://tests/characters/elf/screenshots/salle1_elf_walk_pos_y.png" import took 356 ms.
[  27% ] reimport | pyromagev3.png
EditorFileSystem: Importing file: res://tests/characters/elf/screenshots/final_elf_death.png
EditorFileSystem: "res://tests/characters/elf/screenshots/salle1_elf_walk_neg_y.png" import took 362 ms.
EditorFileSystem: Importing file: res://tests/characters/elf/screenshots/final_elf_cast_origin.png
[  27% ] reimport | pyromagev2.png
EditorFileSystem: "res://tests/characters/elf/screenshots/salle1_elf_walk_pos_x.png" import took 374 ms.
EditorFileSystem: Importing file: res://tests/characters/elf/screenshots/elf_walk_isometric.png
[  27% ] reimport | pyromage.png
EditorFileSystem: "res://tests/characters/elf/screenshots/salle1_elf_idle.png" import took 366 ms.
EditorFileSystem: Importing file: res://tests/characters/elf/screenshots/elf_walk_in_place_isometric.png
[  28% ] reimport | goebleinscenario.png
EditorFileSystem: "res://tests/characters/elf/screenshots/salle1_elf_walk_neg_x.png" import took 373 ms.
[  28% ] reimport | 505.png
EditorFileSystem: Importing file: res://icon.svg
EditorFileSystem: "res://tests/characters/elf/screenshots/salle1_elf_hit.png" import took 368 ms.
EditorFileSystem: Importing file: res://tests/characters/elf/screenshots/sharpness_motion_walk_viewport.png
[  28% ] reimport | 501.png
EditorFileSystem: "res://tests/characters/elf/screenshots/salle1_elf_in_front_of_goblin.png" import took 377 ms.
EditorFileSystem: Importing file: res://tests/characters/elf/screenshots/sharpness_motion_idle_viewport.png
[  28% ] reimport | 499.png
EditorFileSystem: "res://icon.svg" import took 13 ms.
EditorFileSystem: Importing file: res://tests/characters/elf/screenshots/sharpness_motion_hit_viewport.png
[  28% ] reimport | 498.png
EditorFileSystem: "res://tests/characters/elf/screenshots/salle1_elf_death.png" import took 382 ms.
EditorFileSystem: Importing file: res://tests/characters/elf/screenshots/sharpness_motion_death_viewport.png
[  29% ] reimport | 497.png
EditorFileSystem: "res://tests/characters/elf/screenshots/salle1_elf_cast.png" import took 381 ms.
EditorFileSystem: Importing file: res://tests/characters/elf/screenshots/sharpness_motion_cast_viewport.png
[  29% ] reimport | 496.png
EditorFileSystem: "res://tests/characters/elf/screenshots/salle1_elf_behind_goblin.png" import took 389 ms.
EditorFileSystem: Importing file: res://tests/characters/elf/screenshots/sharpness_final_walk_crop.png
[  29% ] reimport | 494.png
EditorFileSystem: "res://tests/characters/elf/screenshots/fireball_residue_before.png" import took 370 ms.
EditorFileSystem: Importing file: res://tests/characters/elf/screenshots/sharpness_final_idle_viewport_crop.png
[  29% ] reimport | 492.png
EditorFileSystem: "res://tests/characters/elf/screenshots/sharpness_motion_idle_viewport.png" import took 145 ms.
EditorFileSystem: Importing file: res://tests/characters/elf/screenshots/sharpness_final_idle_viewport.png
[  30% ] reimport | 491.png
EditorFileSystem: "res://tests/characters/elf/screenshots/sharpness_motion_hit_viewport.png" import took 157 ms.
EditorFileSystem: Importing file: res://tests/characters/elf/screenshots/sharpness_final_idle_crop.png
[  30% ] reimport | 490.png
EditorFileSystem: "res://tests/characters/elf/screenshots/sharpness_motion_walk_viewport.png" import took 173 ms.
EditorFileSystem: Importing file: res://tests/characters/elf/screenshots/sharpness_before_viewport_crop.png
[  30% ] reimport | 489.png
EditorFileSystem: "res://tests/characters/elf/screenshots/fireball_cleanup_after.png" import took 362 ms.
EditorFileSystem: Importing file: res://tests/characters/elf/screenshots/sharpness_before_viewport.png
[  30% ] reimport | sharpness_512_nearest_viewport.png
EditorFileSystem: "res://tests/characters/elf/screenshots/sharpness_final_walk_crop.png" import took 43 ms.
EditorFileSystem: Importing file: res://tests/characters/elf/screenshots/sharpness_before_composite_crop.png
[  30% ] reimport | sharpness_512_nearest_composite_crop.png
EditorFileSystem: "res://tests/characters/elf/screenshots/sharpness_before_viewport_crop.png" import took 20 ms.
EditorFileSystem: Importing file: res://tests/characters/elf/screenshots/sharpness_before_composite.png
[  31% ] reimport | sharpness_512_nearest_composite.png
EditorFileSystem: "res://tests/characters/elf/screenshots/sharpness_final_idle_crop.png" import took 37 ms.
EditorFileSystem: Importing file: res://tests/characters/elf/screenshots/sharpness_768_linear_viewport_crop.png
[  31% ] reimport | sharpness_512_linear_viewport_crop.png
EditorFileSystem: "res://tests/characters/elf/screenshots/sharpness_final_idle_viewport_crop.png" import took 76 ms.
EditorFileSystem: Importing file: res://tests/characters/elf/screenshots/sharpness_768_linear_viewport.png
[  31% ] reimport | sharpness_512_linear_viewport.png
EditorFileSystem: "res://asset/personnage/ennemi/pyromagev2.png" import took 998 ms.
EditorFileSystem: Importing file: res://tests/characters/elf/screenshots/sharpness_768_linear_composite_crop.png
[  31% ] reimport | sharpness_512_linear_composite_crop.png
EditorFileSystem: "res://tests/characters/elf/screenshots/elf_walk_isometric.png" import took 239 ms.
EditorFileSystem: Importing file: res://tests/characters/elf/screenshots/sharpness_768_linear_composite.png
[  32% ] reimport | sharpness_512_linear_composite.png
EditorFileSystem: "res://tests/characters/elf/screenshots/sharpness_before_composite_crop.png" import took 43 ms.
EditorFileSystem: Importing file: res://tests/characters/elf/screenshots/sharpness_768x512_linear_viewport_crop.png
[  32% ] reimport | salle1_elf_walk_pos_y.png
EditorFileSystem: "res://tests/characters/elf/screenshots/sharpness_motion_death_viewport.png" import took 167 ms.
EditorFileSystem: Importing file: res://tests/characters/elf/screenshots/sharpness_768x512_linear_viewport.png
[  32% ] reimport | salle1_elf_walk_pos_x.png
EditorFileSystem: "res://tests/characters/elf/screenshots/elf_walk_in_place_isometric.png" import took 249 ms.
EditorFileSystem: Importing file: res://tests/characters/elf/screenshots/sharpness_768x512_linear_composite_crop.png
[  32% ] reimport | salle1_elf_walk_neg_y.png
EditorFileSystem: "res://tests/characters/elf/screenshots/final_elf_y_sort.png" import took 356 ms.
EditorFileSystem: Importing file: res://tests/characters/elf/screenshots/sharpness_768x512_linear_composite.png
[  32% ] reimport | salle1_elf_walk_neg_x.png
EditorFileSystem: "res://tests/characters/elf/screenshots/sharpness_768_linear_composite_crop.png" import took 49 ms.
EditorFileSystem: Importing file: res://tests/characters/elf/screenshots/sharpness_640x512_linear_viewport_crop.png
[  33% ] reimport | salle1_elf_in_front_of_goblin.png
EditorFileSystem: "res://tests/characters/elf/screenshots/sharpness_768x512_linear_composite_crop.png" import took 40 ms.
EditorFileSystem: Importing file: res://tests/characters/elf/screenshots/sharpness_640x512_linear_viewport.png
[  33% ] reimport | salle1_elf_idle.png
EditorFileSystem: "res://tests/characters/elf/screenshots/sharpness_before_viewport.png" import took 100 ms.
EditorFileSystem: Importing file: res://tests/characters/elf/screenshots/sharpness_640x512_linear_composite_crop.png
[  33% ] reimport | salle1_elf_hit.png
EditorFileSystem: "res://tests/characters/elf/screenshots/sharpness_motion_cast_viewport.png" import took 160 ms.
EditorFileSystem: Importing file: res://tests/characters/elf/screenshots/sharpness_640x512_linear_composite.png
[  33% ] reimport | salle1_elf_death.png
EditorFileSystem: "res://tests/characters/elf/screenshots/sharpness_768x512_linear_viewport_crop.png" import took 79 ms.
EditorFileSystem: Importing file: res://tests/characters/elf/screenshots/sharpness_512_nearest_viewport_crop.png
[  34% ] reimport | salle1_elf_cast.png
EditorFileSystem: "res://tests/characters/elf/screenshots/final_elf_selected.png" import took 389 ms.
EditorFileSystem: Importing file: res://asset/Soldier.png
[  34% ] reimport | salle1_elf_behind_goblin.png
EditorFileSystem: "res://tests/characters/elf/screenshots/sharpness_final_idle_viewport.png" import took 165 ms.
EditorFileSystem: Importing file: res://asset/persephone.png
[  34% ] reimport | fireball_residue_before.png
EditorFileSystem: "res://tests/characters/elf/screenshots/sharpness_640x512_linear_composite_crop.png" import took 38 ms.
EditorFileSystem: Importing file: res://asset/Orc.png
[  34% ] reimport | fireball_cleanup_after.png
EditorFileSystem: "res://tests/characters/elf/screenshots/sharpness_768_linear_viewport_crop.png" import took 137 ms.
EditorFileSystem: Importing file: res://asset/MeleeRun.png
[  34% ] reimport | final_elf_y_sort.png
EditorFileSystem: "res://tests/characters/elf/screenshots/final_elf_death.png" import took 385 ms.
EditorFileSystem: Importing file: res://asset/GobTest_walk_v2.png
[  35% ] reimport | final_elf_selected.png
EditorFileSystem: "res://tests/characters/elf/screenshots/final_elf_moving.png" import took 387 ms.
EditorFileSystem: Importing file: res://asset/gobtest_Material_Pbr_normal.png
[  35% ] reimport | final_elf_moving.png
EditorFileSystem: "res://tests/characters/elf/screenshots/sharpness_640x512_linear_viewport_crop.png" import took 70 ms.
EditorFileSystem: Importing file: res://asset/gobtest_Material_Pbr_baseColor.png
[  35% ] reimport | final_elf_death.png
EditorFileSystem: "res://asset/persephone.png" import took 38 ms.
EditorFileSystem: Importing file: res://asset/GobTest_idle_v2.png
[  35% ] reimport | final_elf_cast_origin.png
EditorFileSystem: "res://tests/characters/elf/screenshots/final_elf_cast_origin.png" import took 383 ms.
EditorFileSystem: Importing file: res://asset/GobTest_idle.png
[  36% ] reimport | elf_walk_isometric.png
EditorFileSystem: "res://tests/characters/elf/screenshots/sharpness_512_nearest_viewport_crop.png" import took 76 ms.
EditorFileSystem: Importing file: res://asset/GobTest_death_v2.png
[  36% ] reimport | elf_walk_in_place_isometric.png
EditorFileSystem: "res://tests/characters/elf/screenshots/sharpness_768x512_linear_viewport.png" import took 150 ms.
EditorFileSystem: Importing file: res://asset/GobTest_attack_v2.png
[  36% ] reimport | icon.svg
EditorFileSystem: "res://asset/personnage/ennemi/goebleinscenario.png" import took 1161 ms.
EditorFileSystem: Importing file: res://asset/vfx/marque_icon_hd.png
[  36% ] reimport | sharpness_motion_walk_viewport.png
EditorFileSystem: "res://asset/Orc.png" import took 98 ms.
EditorFileSystem: Importing file: res://asset/vfx/marque_icon.png
[  36% ] reimport | sharpness_motion_idle_viewport.png
EditorFileSystem: "res://tests/characters/elf/screenshots/sharpness_640x512_linear_viewport.png" import took 141 ms.
EditorFileSystem: Importing file: res://asset/ui/recraft_hud_v1/raw/ui_spell_slot_base_v1.png.png
[  37% ] reimport | sharpness_motion_hit_viewport.png
EditorFileSystem: "res://asset/Soldier.png" import took 114 ms.
EditorFileSystem: Importing file: res://asset/ui/recraft_hud_v1/raw/ui_spellbar_panel_v1..png
[  37% ] reimport | sharpness_motion_death_viewport.png
EditorFileSystem: "res://tests/characters/elf/screenshots/sharpness_768_linear_viewport.png" import took 218 ms.
EditorFileSystem: Importing file: res://asset/ui/recraft_hud_v1/raw/ui_resource_badge_base_v1.png
[  37% ] reimport | sharpness_motion_cast_viewport.png
EditorFileSystem: "res://asset/vfx/marque_icon.png" import took 44 ms.
EditorFileSystem: Importing file: res://asset/ui/recraft_hud_v1/raw/ui_button_primary_base_v1.png
[  37% ] reimport | sharpness_final_walk_crop.png
EditorFileSystem: "res://asset/vfx/marque_icon_hd.png" import took 132 ms.
EditorFileSystem: Importing file: res://asset/ui/recraft_hud_v1/raw/cadre_jauge_v1.png
[  38% ] reimport | sharpness_final_idle_viewport_crop.png
EditorFileSystem: "res://tests/characters/elf/screenshots/sharpness_before_composite.png" import took 355 ms.
EditorFileSystem: Importing file: res://asset/ui/dungeon_draft/skill_node_frame_base.png
[  38% ] reimport | sharpness_final_idle_viewport.png
EditorFileSystem: "res://tests/characters/elf/screenshots/sharpness_768_linear_composite.png" import took 358 ms.
EditorFileSystem: Importing file: res://asset/ui/dungeon_draft/hud/e9af9a35-df78-4e8f-9b15-035429e39d9e.png
[  38% ] reimport | sharpness_final_idle_crop.png
EditorFileSystem: "res://tests/characters/elf/screenshots/sharpness_768x512_linear_composite.png" import took 354 ms.
EditorFileSystem: Importing file: res://asset/ui/dungeon_draft/generated/ui_portrait_frame_v1.png
[  38% ] reimport | sharpness_before_viewport_crop.png
EditorFileSystem: "res://tests/characters/elf/screenshots/sharpness_640x512_linear_composite.png" import took 364 ms.
EditorFileSystem: Importing file: res://asset/ui/dungeon_draft/arbre_compétences/cadenas.jpg
[  38% ] reimport | sharpness_before_viewport.png
EditorFileSystem: "res://asset/sorts/elfe_ronce/elf_magic_ronce_impact_sheet (1).png" import took 1503 ms.
EditorFileSystem: Importing file: res://asset/ui/dark_menu/source/turn_banner/présentation_tour.jpg
[  39% ] reimport | sharpness_before_composite_crop.png
EditorFileSystem: "res://asset/ui/dungeon_draft/arbre_compétences/cadenas.jpg" import took 84 ms.
EditorFileSystem: Importing file: res://asset/ui/dark_menu/source/spell_icons/icone_sorts.jpg
[  39% ] reimport | sharpness_before_composite.png
etcpak: Encoding took 117 ms.
EditorFileSystem: "res://asset/gobtest_Material_Pbr_baseColor.png" import took 526 ms.
EditorFileSystem: Importing file: res://asset/ui/dark_menu/source/spell_icons/icones.jpg
[  39% ] reimport | sharpness_768_linear_viewport_crop.png
EditorFileSystem: "res://asset/ui/dark_menu/source/turn_banner/présentation_tour.jpg" import took 243 ms.
EditorFileSystem: Importing file: res://asset/ui/dark_menu/source/spell_icons/icones2.jpg
[  39% ] reimport | sharpness_768_linear_viewport.png
etcpak: Encoding took 98 ms.
EditorFileSystem: "res://asset/ui/dark_menu/source/spell_icons/icone_sorts.jpg" import took 287 ms.
EditorFileSystem: Importing file: res://tests/characters/elf/screenshots/elf_sockets_isometric.png
[  40% ] reimport | sharpness_768_linear_composite_crop.png
EditorFileSystem: "res://asset/ui/dark_menu/source/spell_icons/icones2.jpg" import took 94 ms.
EditorFileSystem: Importing file: res://tests/characters/elf/screenshots/elf_sharpness_final_walk.png
[  40% ] reimport | sharpness_768_linear_composite.png
EditorFileSystem: "res://asset/gobtest_Material_Pbr_normal.png" import took 750 ms.
EditorFileSystem: Importing file: res://tests/characters/elf/screenshots/elf_sharpness_final_idle.png
[  40% ] reimport | sharpness_768x512_linear_viewport_crop.png
EditorFileSystem: "res://asset/ui/dark_menu/source/spell_icons/icones.jpg" import took 241 ms.
EditorFileSystem: Importing file: res://tests/characters/elf/screenshots/elf_sharpness_final_cast.png
[  40% ] reimport | sharpness_768x512_linear_viewport.png
EditorFileSystem: "res://asset/ui/dungeon_draft/hud/e9af9a35-df78-4e8f-9b15-035429e39d9e.png" import took 639 ms.
EditorFileSystem: Importing file: res://tests/characters/elf/screenshots/elf_sharpness_comparison.png
[  40% ] reimport | sharpness_768x512_linear_composite_crop.png
EditorFileSystem: "res://tests/characters/elf/screenshots/elf_sockets_isometric.png" import took 256 ms.
EditorFileSystem: Importing file: res://tests/characters/elf/screenshots/elf_run_moving_isometric.png
[  41% ] reimport | sharpness_768x512_linear_composite.png
EditorFileSystem: "res://asset/MeleeRun.png" import took 948 ms.
EditorFileSystem: Importing file: res://tests/characters/elf/screenshots/elf_run_in_place_isometric.png
[  41% ] reimport | sharpness_640x512_linear_viewport_crop.png
EditorFileSystem: "res://tests/characters/elf/screenshots/elf_sharpness_comparison.png" import took 148 ms.
EditorFileSystem: Importing file: res://tests/characters/elf/screenshots/elf_idle_isometric.png
[  41% ] reimport | sharpness_640x512_linear_viewport.png
EditorFileSystem: "res://tests/characters/elf/screenshots/elf_sharpness_final_walk.png" import took 396 ms.
EditorFileSystem: Importing file: res://tests/characters/elf/screenshots/elf_hit_isometric.png
[  41% ] reimport | sharpness_640x512_linear_composite_crop.png
EditorFileSystem: "res://tests/characters/elf/screenshots/elf_sharpness_final_idle.png" import took 368 ms.
EditorFileSystem: Importing file: res://tests/characters/elf/screenshots/elf_death_side.png
[  42% ] reimport | sharpness_640x512_linear_composite.png
EditorFileSystem: "res://tests/characters/elf/screenshots/elf_sharpness_final_cast.png" import took 368 ms.
EditorFileSystem: Importing file: res://tests/characters/elf/screenshots/elf_death_isometric.png
[  42% ] reimport | sharpness_512_nearest_viewport_crop.png
EditorFileSystem: "res://tests/characters/elf/screenshots/elf_run_moving_isometric.png" import took 249 ms.
EditorFileSystem: Importing file: res://tests/characters/elf/screenshots/elf_cast_start_isometric.png
[  42% ] reimport | Soldier.png
EditorFileSystem: "res://tests/characters/elf/screenshots/elf_run_in_place_isometric.png" import took 267 ms.
EditorFileSystem: Importing file: res://tests/characters/elf/screenshots/elf_cast_isometric.png
[  42% ] reimport | persephone.png
EditorFileSystem: "res://tests/characters/elf/screenshots/elf_idle_isometric.png" import took 276 ms.
EditorFileSystem: Importing file: res://tests/characters/elf/screenshots/elf_cast_hold_isometric.png
[  42% ] reimport | Orc.png
EditorFileSystem: "res://tests/characters/elf/screenshots/elf_hit_isometric.png" import took 236 ms.
EditorFileSystem: Importing file: res://tests/characters/elf/screenshots/elf_cast_end_isometric.png
[  43% ] reimport | MeleeRun.png
EditorFileSystem: "res://tests/characters/elf/screenshots/elf_death_side.png" import took 246 ms.
EditorFileSystem: Importing file: res://output/imagegen/cave-grid-isometrique.png
[  43% ] reimport | GobTest_walk_v2.png
EditorFileSystem: "res://tests/characters/elf/screenshots/elf_death_isometric.png" import took 250 ms.
EditorFileSystem: Importing file: res://imported_models/Armored Knight with T_1/Armored Knight with T_1_3.jpg
[  43% ] reimport | gobtest_Material_Pbr_normal.png
EditorFileSystem: "res://tests/characters/elf/screenshots/elf_cast_start_isometric.png" import took 248 ms.
EditorFileSystem: Importing file: res://imported_models/Armored Knight with T_1/Armored Knight with T_1_2.jpg
[  43% ] reimport | gobtest_Material_Pbr_baseColor.png
EditorFileSystem: "res://asset/ui/recraft_hud_v1/raw/ui_resource_badge_base_v1.png" import took 1356 ms.
EditorFileSystem: Importing file: res://imported_models/Armored Knight with T_1/Armored Knight with T_1_1.jpg
[  44% ] reimport | GobTest_idle_v2.png
EditorFileSystem: "res://asset/ui/recraft_hud_v1/raw/ui_spell_slot_base_v1.png.png" import took 1374 ms.
EditorFileSystem: Importing file: res://imported_models/Armored Knight with T_1/Armored Knight with T_1_0.jpg
[  44% ] reimport | GobTest_idle.png
etcpak: Encoding took 32 ms.
EditorFileSystem: "res://tests/characters/elf/screenshots/elf_cast_isometric.png" import took 269 ms.
EditorFileSystem: Importing file: res://imported_models/Armored Knight with T/Armored Knight with T_3.jpg
[  44% ] reimport | GobTest_death_v2.png
EditorFileSystem: "res://imported_models/Armored Knight with T_1/Armored Knight with T_1_3.jpg" import took 94 ms.
EditorFileSystem: Importing file: res://imported_models/Armored Knight with T/Armored Knight with T_2.jpg
[  44% ] reimport | GobTest_attack_v2.png
etcpak: Encoding took 29 ms.
EditorFileSystem: "res://tests/characters/elf/screenshots/elf_cast_hold_isometric.png" import took 249 ms.
EditorFileSystem: Importing file: res://imported_models/Armored Knight with T/Armored Knight with T_1.jpg
[  44% ] reimport | marque_icon_hd.png
EditorFileSystem: "res://asset/ui/recraft_hud_v1/raw/ui_button_primary_base_v1.png" import took 1437 ms.
EditorFileSystem: Importing file: res://imported_models/Armored Knight with T/Armored Knight with T_0.jpg
[  45% ] reimport | marque_icon.png
etcpak: Encoding took 32 ms.
EditorFileSystem: "res://imported_models/Armored Knight with T/Armored Knight with T_3.jpg" import took 86 ms.
EditorFileSystem: Importing file: res://data/rooms/iso_terrain_markers.png
[  45% ] reimport | ui_spell_slot_base_v1.png.png
EditorFileSystem: "res://data/rooms/iso_terrain_markers.png" import took 13 ms.
EditorFileSystem: Importing file: res://assets/characters/mage/mage_godot_baseline_texture_0.png
[  45% ] reimport | ui_spellbar_panel_v1..png
EditorFileSystem: "res://asset/ui/recraft_hud_v1/raw/cadre_jauge_v1.png" import took 1383 ms.
EditorFileSystem: Importing file: res://assets/characters/elf/elf_character_v01_texture_0.png
[  45% ] reimport | ui_resource_badge_base_v1.png
EditorFileSystem: "res://imported_models/Armored Knight with T_1/Armored Knight with T_1_1.jpg" import took 129 ms.
EditorFileSystem: Importing file: res://artifacts/hud_v2/elf_hud_1280x720.png
[  46% ] reimport | ui_button_primary_base_v1.png
EditorFileSystem: "res://asset/ui/recraft_hud_v1/raw/ui_spellbar_panel_v1..png" import took 1497 ms.
EditorFileSystem: Importing file: res://artifacts/hud_refined_polish/captures/hud_refined_polish_without_energy.png
[  46% ] reimport | cadre_jauge_v1.png
EditorFileSystem: "res://tests/characters/elf/screenshots/elf_cast_end_isometric.png" import took 248 ms.
EditorFileSystem: Importing file: res://artifacts/hud_refined_polish/captures/hud_refined_polish_utility_dock.png
[  46% ] reimport | skill_node_frame_base.png
EditorFileSystem: "res://asset/ui/dungeon_draft/skill_node_frame_base.png" import took 1424 ms.
EditorFileSystem: Importing file: res://artifacts/hud_refined_polish/captures/hud_refined_polish_unaffordable.png
[  46% ] reimport | e9af9a35-df78-4e8f-9b15-035429e39d9e.png
EditorFileSystem: "res://asset/ui/dungeon_draft/generated/ui_portrait_frame_v1.png" import took 1376 ms.
EditorFileSystem: Importing file: res://artifacts/hud_refined_polish/captures/hud_refined_polish_spell_unavailable.png
[  46% ] reimport | ui_portrait_frame_v1.png
etcpak: Encoding took 35 ms.
EditorFileSystem: "res://imported_models/Armored Knight with T/Armored Knight with T_1.jpg" import took 123 ms.
EditorFileSystem: Importing file: res://artifacts/hud_refined_polish/captures/hud_refined_polish_spell_selected.png
[  47% ] reimport | cadenas.jpg
etcpak: Encoding took 33 ms.
EditorFileSystem: "res://asset/GobTest_walk_v2.png" import took 1751 ms.
EditorFileSystem: Importing file: res://artifacts/hud_refined_polish/captures/hud_refined_polish_preview_energy.png
[  47% ] reimport | présentation_tour.jpg
EditorFileSystem: "res://asset/GobTest_idle_v2.png" import took 1762 ms.
EditorFileSystem: Importing file: res://artifacts/hud_refined_polish/captures/hud_refined_polish_move_selected.png
[  47% ] reimport | icone_sorts.jpg
EditorFileSystem: "res://assets/characters/mage/mage_godot_baseline_texture_0.png" import took 197 ms.
EditorFileSystem: Importing file: res://artifacts/hud_refined_polish/captures/hud_refined_polish_low_health.png
[  47% ] reimport | icones.jpg
etcpak: Encoding took 132 ms.
EditorFileSystem: "res://output/imagegen/cave-grid-isometrique.png" import took 554 ms.
EditorFileSystem: Importing file: res://artifacts/hud_refined_polish/captures/hud_refined_polish_grayscale.png
[  48% ] reimport | icones2.jpg
EditorFileSystem: "res://artifacts/hud_refined_polish/captures/hud_refined_polish_without_energy.png" import took 360 ms.
EditorFileSystem: Importing file: res://artifacts/hud_refined_polish/captures/hud_refined_polish_cooldown.png
[  48% ] reimport | elf_sockets_isometric.png
EditorFileSystem: "res://asset/GobTest_idle.png" import took 1943 ms.
EditorFileSystem: Importing file: res://artifacts/hud_refined_polish/captures/hud_refined_polish_blurred_reduced.png
[  48% ] reimport | elf_sharpness_final_walk.png
EditorFileSystem: "res://imported_models/Armored Knight with T_1/Armored Knight with T_1_0.jpg" import took 514 ms.
EditorFileSystem: Importing file: res://artifacts/hud_refined_polish/captures/hud_refined_polish_2560x1440.png
[  48% ] reimport | elf_sharpness_final_idle.png
EditorFileSystem: "res://artifacts/hud_refined_polish/captures/hud_refined_polish_utility_dock.png" import took 408 ms.
EditorFileSystem: Importing file: res://artifacts/hud_refined_polish/captures/hud_refined_polish_1920x1080.png
[  48% ] reimport | elf_sharpness_final_cast.png
etcpak: Encoding took 128 ms.
EditorFileSystem: "res://artifacts/hud_refined_polish/captures/hud_refined_polish_unaffordable.png" import took 408 ms.
EditorFileSystem: Importing file: res://artifacts/hud_refined_polish/captures/hud_refined_polish_1280x720.png
[  49% ] reimport | elf_sharpness_comparison.png
EditorFileSystem: "res://artifacts/hud_refined_polish/captures/hud_refined_polish_spell_unavailable.png" import took 405 ms.
EditorFileSystem: Importing file: res://artifacts/hud_refined_polish/captures/hud_refined_before_after_polish.png
[  49% ] reimport | elf_run_moving_isometric.png
EditorFileSystem: "res://artifacts/hud_v2/elf_hud_1280x720.png" import took 469 ms.
EditorFileSystem: Importing file: res://artifacts/hud_refined_characters/captures/hud_refined_warrior_turn_banner_1920x1080.png
[  49% ] reimport | elf_run_in_place_isometric.png
EditorFileSystem: "res://imported_models/Armored Knight with T/Armored Knight with T_0.jpg" import took 505 ms.
EditorFileSystem: Importing file: res://artifacts/hud_refined_characters/captures/hud_refined_warrior_selected_1920x1080.png
[  49% ] reimport | elf_idle_isometric.png
EditorFileSystem: "res://artifacts/hud_refined_polish/captures/hud_refined_polish_grayscale.png" import took 156 ms.
EditorFileSystem: Importing file: res://artifacts/hud_refined_characters/captures/hud_refined_system_dock_1920x1080.png
[  50% ] reimport | elf_hit_isometric.png
EditorFileSystem: "res://artifacts/hud_refined_polish/captures/hud_refined_polish_blurred_reduced.png" import took 112 ms.
EditorFileSystem: Importing file: res://artifacts/hud_refined_characters/captures/hud_refined_necromancer_turn_banner_1920x1080.png
[  50% ] reimport | elf_death_side.png
EditorFileSystem: "res://artifacts/hud_refined_polish/captures/hud_refined_polish_spell_selected.png" import took 455 ms.
EditorFileSystem: Importing file: res://artifacts/hud_refined_characters/captures/hud_refined_necromancer_selected_1920x1080.png
[  50% ] reimport | elf_death_isometric.png
etcpak: Encoding took 38 ms.
EditorFileSystem: "res://artifacts/hud_refined_polish/captures/hud_refined_polish_preview_energy.png" import took 408 ms.
EditorFileSystem: Importing file: res://artifacts/hud_refined_characters/captures/hud_refined_mage_turn_banner_1920x1080.png
[  50% ] reimport | elf_cast_start_isometric.png
EditorFileSystem: "res://artifacts/hud_refined_polish/captures/hud_refined_polish_move_selected.png" import took 407 ms.
EditorFileSystem: Importing file: res://artifacts/hud_refined_characters/captures/hud_refined_mage_selected_1920x1080.png
[  51% ] reimport | elf_cast_isometric.png
EditorFileSystem: "res://artifacts/hud_refined_polish/captures/hud_refined_polish_low_health.png" import took 451 ms.
EditorFileSystem: Importing file: res://artifacts/hud_refined_characters/captures/hud_refined_hoplite_turn_banner_1920x1080.png
[  51% ] reimport | elf_cast_hold_isometric.png
EditorFileSystem: "res://artifacts/hud_refined_polish/captures/hud_refined_polish_1280x720.png" import took 220 ms.
EditorFileSystem: Importing file: res://artifacts/hud_refined_characters/captures/hud_refined_hoplite_selected_1920x1080.png
[  51% ] reimport | elf_cast_end_isometric.png
etcpak: Encoding took 135 ms.
EditorFileSystem: "res://assets/characters/elf/elf_character_v01_texture_0.png" import took 727 ms.
EditorFileSystem: Importing file: res://artifacts/hud_refined_characters/captures/hud_refined_guardian_turn_banner_1920x1080.png
[  51% ] reimport | cave-grid-isometrique.png
EditorFileSystem: "res://artifacts/hud_refined_polish/captures/hud_refined_before_after_polish.png" import took 260 ms.
EditorFileSystem: Importing file: res://artifacts/hud_refined_characters/captures/hud_refined_guardian_selected_1920x1080.png
[  51% ] reimport | Armored Knight with T_1_3.jpg
etcpak: Encoding took 138 ms.
EditorFileSystem: "res://artifacts/hud_refined_polish/captures/hud_refined_polish_cooldown.png" import took 421 ms.
EditorFileSystem: Importing file: res://asset/Background/fog.png
[  52% ] reimport | Armored Knight with T_1_2.jpg
EditorFileSystem: "res://imported_models/Armored Knight with T_1/Armored Knight with T_1_2.jpg" import took 972 ms.
EditorFileSystem: Importing file: res://asset/Background/feuille_basique-removebg-preview.png
[  52% ] reimport | Armored Knight with T_1_1.jpg
EditorFileSystem: "res://asset/Background/fog.png" import took 79 ms.
EditorFileSystem: Importing file: res://asset/Background/fantasy-dungeons_dragons-536932.png
[  52% ] reimport | Armored Knight with T_1_0.jpg
EditorFileSystem: "res://asset/Background/feuille_basique-removebg-preview.png" import took 36 ms.
EditorFileSystem: Importing file: res://asset/Background/Dungeon background cartoon 2d-8.jpg
[  52% ] reimport | Armored Knight with T_3.jpg
EditorFileSystem: "res://artifacts/hud_refined_characters/captures/hud_refined_system_dock_1920x1080.png" import took 386 ms.
EditorFileSystem: Importing file: res://asset/Background/Dungeon background cartoon 2d 1.jpg
[  53% ] reimport | Armored Knight with T_2.jpg
EditorFileSystem: "res://artifacts/hud_refined_polish/captures/hud_refined_polish_1920x1080.png" import took 463 ms.
EditorFileSystem: "res://imported_models/Armored Knight with T/Armored Knight with T_2.jpg" import took 978 ms.
EditorFileSystem: Importing file: res://asset/Background/drapeau.webp
[  53% ] reimport | Armored Knight with T_1.jpg
EditorFileSystem: Importing file: res://asset/Background/drapeau.png
[  53% ] reimport | Armored Knight with T_0.jpg
EditorFileSystem: "res://asset/Background/drapeau.png" import took 85 ms.
EditorFileSystem: Importing file: res://artifacts/skill_tree_refined/captures/skill_tree_capture_contact_sheet.png
[  53% ] reimport | iso_terrain_markers.png
EditorFileSystem: "res://artifacts/hud_refined_characters/captures/hud_refined_warrior_selected_1920x1080.png" import took 486 ms.
EditorFileSystem: Importing file: res://artifacts/skill_tree_refined/captures/skill_tree_before_after_comparison.png
[  53% ] reimport | mage_godot_baseline_texture_0.png
EditorFileSystem: "res://artifacts/hud_refined_characters/captures/hud_refined_necromancer_selected_1920x1080.png" import took 456 ms.
EditorFileSystem: Importing file: res://artifacts/skill_tree_refined/captures/skill_tree_before_1920x1080.png
[  54% ] reimport | elf_character_v01_texture_0.png
EditorFileSystem: "res://artifacts/hud_refined_characters/captures/hud_refined_warrior_turn_banner_1920x1080.png" import took 542 ms.
EditorFileSystem: Importing file: res://artifacts/skill_tree_refined/captures/skill_tree_after_mage_branches_1920x1080.png
[  54% ] reimport | elf_hud_1280x720.png
EditorFileSystem: "res://artifacts/hud_refined_characters/captures/hud_refined_mage_selected_1920x1080.png" import took 447 ms.
EditorFileSystem: Importing file: res://artifacts/skill_tree_refined/captures/skill_tree_after_guardian_undefined_1920x1080.png
[  54% ] reimport | hud_refined_polish_without_energy.png
EditorFileSystem: "res://artifacts/hud_refined_characters/captures/hud_refined_necromancer_turn_banner_1920x1080.png" import took 555 ms.
EditorFileSystem: Importing file: res://artifacts/skill_tree_refined/captures/skill_tree_after_elf_mage_1920x1080.png
[  54% ] reimport | hud_refined_polish_utility_dock.png
EditorFileSystem: "res://artifacts/hud_refined_polish/captures/hud_refined_polish_2560x1440.png" import took 693 ms.
EditorFileSystem: Importing file: res://artifacts/skill_tree_refined/captures/skill_tree_after_elf_healer_1920x1080.png
[  55% ] reimport | hud_refined_polish_unaffordable.png
EditorFileSystem: "res://artifacts/hud_refined_characters/captures/hud_refined_hoplite_selected_1920x1080.png" import took 414 ms.
EditorFileSystem: Importing file: res://artifacts/skill_tree_refined/captures/skill_tree_after_elf_assassin_1920x1080.png
[  55% ] reimport | hud_refined_polish_spell_unavailable.png
EditorFileSystem: "res://artifacts/hud_refined_characters/captures/hud_refined_mage_turn_banner_1920x1080.png" import took 526 ms.
EditorFileSystem: Importing file: res://artifacts/skill_tree_refined/captures/skill_tree_after_elf_archer_specialization_1920x1080.png
[  55% ] reimport | hud_refined_polish_spell_selected.png
EditorFileSystem: "res://artifacts/hud_refined_characters/captures/hud_refined_guardian_selected_1920x1080.png" import took 402 ms.
EditorFileSystem: Importing file: res://artifacts/skill_tree_refined/captures/skill_tree_after_elf_archer_max_1920x1080.png
[  55% ] reimport | hud_refined_polish_preview_energy.png
EditorFileSystem: "res://asset/GobTest_death_v2.png" import took 2692 ms.
EditorFileSystem: Importing file: res://artifacts/skill_tree_refined/captures/skill_tree_after_elf_archer_locked_1920x1080.png
[  55% ] reimport | hud_refined_polish_move_selected.png
EditorFileSystem: "res://artifacts/hud_refined_characters/captures/hud_refined_hoplite_turn_banner_1920x1080.png" import took 529 ms.
EditorFileSystem: Importing file: res://artifacts/skill_tree_refined/captures/skill_tree_after_elf_archer_exclusive_1920x1080.png
[  56% ] reimport | hud_refined_polish_low_health.png
EditorFileSystem: "res://asset/Background/drapeau.webp" import took 370 ms.
EditorFileSystem: Importing file: res://artifacts/skill_tree_refined/captures/skill_tree_after_elf_archer_available_1920x1080.png
[  56% ] reimport | hud_refined_polish_grayscale.png
EditorFileSystem: "res://artifacts/hud_refined_characters/captures/hud_refined_guardian_turn_banner_1920x1080.png" import took 530 ms.
EditorFileSystem: Importing file: res://artifacts/skill_tree_refined/captures/skill_tree_after_elf_archer_acquired_1920x1080.png
[  56% ] reimport | hud_refined_polish_cooldown.png
EditorFileSystem: "res://asset/GobTest_attack_v2.png" import took 2884 ms.
EditorFileSystem: Importing file: res://artifacts/skill_tree_refined/captures/skill_tree_after_elf_archer_2560x1440.png
[  56% ] reimport | hud_refined_polish_blurred_reduced.png
EditorFileSystem: "res://artifacts/skill_tree_refined/captures/skill_tree_before_after_comparison.png" import took 423 ms.
EditorFileSystem: Importing file: res://artifacts/skill_tree_refined/captures/skill_tree_after_elf_archer_1280x720.png
[  57% ] reimport | hud_refined_polish_2560x1440.png
EditorFileSystem: "res://asset/Background/fantasy-dungeons_dragons-536932.png" import took 762 ms.
EditorFileSystem: Importing file: res://artifacts/skill_tree_refined/captures/skill_tree_after_blurred_reduced.png
[  57% ] reimport | hud_refined_polish_1920x1080.png
EditorFileSystem: "res://asset/Background/Dungeon background cartoon 2d 1.jpg" import took 749 ms.
EditorFileSystem: Importing file: res://artifacts/hud_v2/elf_turn_banner_1920x1080.png
[  57% ] reimport | hud_refined_polish_1280x720.png
EditorFileSystem: "res://asset/Background/Dungeon background cartoon 2d-8.jpg" import took 780 ms.
EditorFileSystem: Importing file: res://artifacts/hud_v2/elf_hud_2560x1440.png
[  57% ] reimport | hud_refined_before_after_polish.png
EditorFileSystem: "res://artifacts/skill_tree_refined/captures/skill_tree_after_mage_branches_1920x1080.png" import took 656 ms.
EditorFileSystem: Importing file: res://artifacts/hud_v2/elf_hud_1920x1080.png
[  57% ] reimport | hud_refined_warrior_turn_banner_1920x1080.png
EditorFileSystem: "res://artifacts/skill_tree_refined/captures/skill_tree_after_blurred_reduced.png" import took 74 ms.
EditorFileSystem: Importing file: res://artifacts/hud_clean_v2/captures/hud_clean_v2_1920x1080_blurred_reduced.png
[  58% ] reimport | hud_refined_warrior_selected_1920x1080.png
EditorFileSystem: "res://artifacts/skill_tree_refined/captures/skill_tree_after_guardian_undefined_1920x1080.png" import took 679 ms.
EditorFileSystem: Importing file: res://artifacts/hud_clean_v2/captures/hud_clean_v2_1920x1080.png
[  58% ] reimport | hud_refined_system_dock_1920x1080.png
EditorFileSystem: "res://artifacts/skill_tree_refined/captures/skill_tree_after_elf_archer_1280x720.png" import took 359 ms.
EditorFileSystem: Importing file: res://artifacts/hud_clean_v2/captures/hud_clean_v2_1280x720.png
[  58% ] reimport | hud_refined_necromancer_turn_banner_1920x1080.png
EditorFileSystem: "res://artifacts/skill_tree_refined/captures/skill_tree_after_elf_mage_1920x1080.png" import took 711 ms.
EditorFileSystem: Importing file: res://artifacts/hud_clean_v2/captures/hud_clean_v1_vs_v2.png
[  58% ] reimport | hud_refined_necromancer_selected_1920x1080.png
EditorFileSystem: "res://artifacts/skill_tree_refined/captures/skill_tree_after_elf_healer_1920x1080.png" import took 695 ms.
EditorFileSystem: Importing file: res://artifacts/hud_clean_v2/captures/hud_clean_v1_reference_1920x1080.png
[  59% ] reimport | hud_refined_mage_turn_banner_1920x1080.png
EditorFileSystem: "res://artifacts/skill_tree_refined/captures/skill_tree_after_elf_assassin_1920x1080.png" import took 695 ms.
EditorFileSystem: Importing file: res://artifacts/hud_clean_v1/assets_contact_sheet.png
[  59% ] reimport | hud_refined_mage_selected_1920x1080.png
EditorFileSystem: "res://artifacts/hud_clean_v2/captures/hud_clean_v2_1920x1080_blurred_reduced.png" import took 118 ms.
EditorFileSystem: Importing file: res://artifacts/hud_clean_v1/captures/hud_without_special_resource.png
[  59% ] reimport | hud_refined_hoplite_turn_banner_1920x1080.png
EditorFileSystem: "res://artifacts/skill_tree_refined/captures/skill_tree_after_elf_archer_specialization_1920x1080.png" import took 739 ms.
EditorFileSystem: Importing file: res://artifacts/hud_clean_v1/captures/hud_turn_banner.png
[  59% ] reimport | hud_refined_hoplite_selected_1920x1080.png
EditorFileSystem: "res://artifacts/skill_tree_refined/captures/skill_tree_before_1920x1080.png" import took 845 ms.
EditorFileSystem: Importing file: res://artifacts/hud_clean_v1/captures/hud_selected_unavailable_cooldown.png
[  59% ] reimport | hud_refined_guardian_turn_banner_1920x1080.png
EditorFileSystem: "res://artifacts/skill_tree_refined/captures/skill_tree_after_elf_archer_locked_1920x1080.png" import took 710 ms.
EditorFileSystem: Importing file: res://artifacts/hud_clean_v1/captures/hud_preview_with_special_resource.png
[  60% ] reimport | hud_refined_guardian_selected_1920x1080.png
EditorFileSystem: "res://artifacts/skill_tree_refined/captures/skill_tree_after_elf_archer_max_1920x1080.png" import took 747 ms.
EditorFileSystem: Importing file: res://artifacts/hud_clean_v1/captures/hud_ornate_vs_clean.png
[  60% ] reimport | fog.png
EditorFileSystem: "res://artifacts/skill_tree_refined/captures/skill_tree_after_elf_archer_exclusive_1920x1080.png" import took 705 ms.
EditorFileSystem: Importing file: res://artifacts/hud_clean_v1/captures/hud_ornate_reference_1920x1080.png
[  60% ] reimport | feuille_basique-removebg-preview.png
EditorFileSystem: "res://artifacts/skill_tree_refined/captures/skill_tree_after_elf_archer_available_1920x1080.png" import took 682 ms.
EditorFileSystem: Importing file: res://artifacts/hud_clean_v1/captures/hud_low_health.png
[  60% ] reimport | fantasy-dungeons_dragons-536932.png
EditorFileSystem: "res://artifacts/skill_tree_refined/captures/skill_tree_after_elf_archer_acquired_1920x1080.png" import took 739 ms.
EditorFileSystem: Importing file: res://artifacts/hud_clean_v1/captures/hud_clean_2560x1440.png
[  61% ] reimport | Dungeon background cartoon 2d-8.jpg
EditorFileSystem: "res://artifacts/hud_clean_v2/captures/hud_clean_v2_1280x720.png" import took 251 ms.
EditorFileSystem: Importing file: res://artifacts/hud_clean_v1/captures/hud_clean_1920x1080_grayscale.png
[  61% ] reimport | Dungeon background cartoon 2d 1.jpg
EditorFileSystem: "res://artifacts/hud_clean_v2/captures/hud_clean_v1_vs_v2.png" import took 287 ms.
EditorFileSystem: Importing file: res://artifacts/hud_clean_v1/captures/hud_clean_1920x1080_blurred_reduced.png
[  61% ] reimport | drapeau.webp
EditorFileSystem: "res://artifacts/hud_clean_v1/assets_contact_sheet.png" import took 335 ms.
EditorFileSystem: Importing file: res://artifacts/hud_clean_v1/captures/hud_clean_1920x1080.png
[  61% ] reimport | drapeau.png
EditorFileSystem: "res://artifacts/hud_clean_v1/captures/hud_clean_1920x1080_blurred_reduced.png" import took 108 ms.
EditorFileSystem: Importing file: res://artifacts/hud_clean_v1/captures/hud_clean_1280x720.png
[  61% ] reimport | skill_tree_capture_contact_sheet.png
EditorFileSystem: "res://artifacts/hud_clean_v1/captures/hud_clean_1920x1080_grayscale.png" import took 165 ms.
EditorFileSystem: Importing file: res://addons/gut/images/yellow.png
[  62% ] reimport | skill_tree_before_after_comparison.png
EditorFileSystem: "res://artifacts/hud_clean_v1/captures/hud_ornate_vs_clean.png" import took 290 ms.
EditorFileSystem: Importing file: res://addons/gut/images/Script.svg
[  62% ] reimport | skill_tree_before_1920x1080.png
EditorFileSystem: "res://addons/gut/images/yellow.png" import took 13 ms.
EditorFileSystem: Importing file: res://addons/gut/images/red.png
[  62% ] reimport | skill_tree_after_mage_branches_1920x1080.png
EditorFileSystem: "res://addons/gut/images/Script.svg" import took 17 ms.
EditorFileSystem: Importing file: res://addons/gut/images/GutIconV2_no_shine.png
[  62% ] reimport | skill_tree_after_guardian_undefined_1920x1080.png
EditorFileSystem: "res://addons/gut/images/red.png" import took 13 ms.
EditorFileSystem: Importing file: res://addons/gut/images/GutIconV2_base.png
[  63% ] reimport | skill_tree_after_elf_mage_1920x1080.png
EditorFileSystem: "res://artifacts/hud_clean_v2/captures/hud_clean_v2_1920x1080.png" import took 470 ms.
EditorFileSystem: Importing file: res://addons/gut/images/green.png
[  63% ] reimport | skill_tree_after_elf_healer_1920x1080.png
EditorFileSystem: "res://addons/gut/images/green.png" import took 14 ms.
EditorFileSystem: Importing file: res://addons/gut/images/Folder.svg
[  63% ] reimport | skill_tree_after_elf_assassin_1920x1080.png
EditorFileSystem: "res://addons/gut/images/Folder.svg" import took 14 ms.
EditorFileSystem: Importing file: res://addons/gut/images/eyey.png
[  63% ] reimport | skill_tree_after_elf_archer_specialization_1920x1080.png
EditorFileSystem: "res://artifacts/hud_clean_v2/captures/hud_clean_v1_reference_1920x1080.png" import took 449 ms.
EditorFileSystem: Importing file: res://addons/godot_ai_workbench/icon.png
[  63% ] reimport | skill_tree_after_elf_archer_max_1920x1080.png
EditorFileSystem: "res://artifacts/hud_clean_v1/captures/hud_preview_with_special_resource.png" import took 372 ms.
EditorFileSystem: Importing file: res://artifacts/hud_refined_characters/captures/hud_refined_elf_turn_banner_1920x1080.png
[  64% ] reimport | skill_tree_after_elf_archer_locked_1920x1080.png
EditorFileSystem: "res://addons/gut/images/eyey.png" import took 19 ms.
EditorFileSystem: Importing file: res://artifacts/hud_refined_characters/captures/hud_refined_elf_selected_2560x1440.png
[  64% ] reimport | skill_tree_after_elf_archer_exclusive_1920x1080.png
EditorFileSystem: "res://artifacts/skill_tree_refined/captures/skill_tree_after_elf_archer_2560x1440.png" import took 893 ms.
EditorFileSystem: Importing file: res://artifacts/hud_refined_characters/captures/hud_refined_elf_selected_1920x1080.png
[  64% ] reimport | skill_tree_after_elf_archer_available_1920x1080.png
EditorFileSystem: "res://artifacts/hud_clean_v1/captures/hud_without_special_resource.png" import took 436 ms.
EditorFileSystem: Importing file: res://artifacts/hud_refined_characters/captures/hud_refined_elf_selected_1280x720.png
[  64% ] reimport | skill_tree_after_elf_archer_acquired_1920x1080.png
EditorFileSystem: "res://artifacts/hud_clean_v1/captures/hud_selected_unavailable_cooldown.png" import took 442 ms.
EditorFileSystem: Importing file: res://artifacts/hud_refined_characters/captures/hud_refined_druid_turn_banner_1920x1080.png
[  65% ] reimport | skill_tree_after_elf_archer_2560x1440.png
EditorFileSystem: "res://artifacts/skill_tree_refined/captures/skill_tree_capture_contact_sheet.png" import took 1384 ms.
EditorFileSystem: Importing file: res://artifacts/hud_refined_characters/captures/hud_refined_druid_selected_1920x1080.png
[  65% ] reimport | skill_tree_after_elf_archer_1280x720.png
EditorFileSystem: "res://artifacts/hud_clean_v1/captures/hud_clean_1280x720.png" import took 194 ms.
EditorFileSystem: Importing file: res://artifacts/hud_refined_characters/captures/hud_refined_characters_contact_sheet.png
[  65% ] reimport | skill_tree_after_blurred_reduced.png
EditorFileSystem: "res://artifacts/hud_clean_v1/captures/hud_ornate_reference_1920x1080.png" import took 500 ms.
EditorFileSystem: Importing file: res://artifacts/hud_refined_characters/captures/hud_refined_assassin_turn_banner_1920x1080.png
[  65% ] reimport | elf_turn_banner_1920x1080.png
EditorFileSystem: "res://addons/gut/images/GutIconV2_no_shine.png" import took 197 ms.
EditorFileSystem: Importing file: res://artifacts/hud_refined_characters/captures/hud_refined_assassin_selected_1920x1080.png
[  65% ] reimport | elf_hud_2560x1440.png
EditorFileSystem: "res://artifacts/hud_clean_v1/captures/hud_turn_banner.png" import took 544 ms.
EditorFileSystem: Importing file: res://artifacts/hud_refined/used_components_contact_sheet.png
[  66% ] reimport | elf_hud_1920x1080.png
EditorFileSystem: "res://artifacts/hud_clean_v1/captures/hud_low_health.png" import took 462 ms.
EditorFileSystem: Importing file: res://artifacts/hud_refined/assets_contact_sheet_refined.png
[  66% ] reimport | hud_clean_v2_1920x1080_blurred_reduced.png
EditorFileSystem: "res://artifacts/hud_refined/used_components_contact_sheet.png" import took 55 ms.
EditorFileSystem: Importing file: res://artifacts/hud_refined/captures/hud_refined_without_special_resource.png
[  66% ] reimport | hud_clean_v2_1920x1080.png
EditorFileSystem: "res://artifacts/hud_refined_characters/captures/hud_refined_elf_selected_1280x720.png" import took 244 ms.
EditorFileSystem: Importing file: res://artifacts/hud_refined/captures/hud_refined_turn_banner.png
[  66% ] reimport | hud_clean_v2_1280x720.png
EditorFileSystem: "res://artifacts/hud_refined/assets_contact_sheet_refined.png" import took 139 ms.
EditorFileSystem: Importing file: res://artifacts/hud_refined/captures/hud_refined_selected_unavailable_cooldown.png
[  67% ] reimport | hud_clean_v1_vs_v2.png
EditorFileSystem: "res://artifacts/hud_clean_v1/captures/hud_clean_2560x1440.png" import took 607 ms.
EditorFileSystem: Importing file: res://artifacts/hud_refined/captures/hud_refined_preview_with_special_resource.png
[  67% ] reimport | hud_clean_v1_reference_1920x1080.png
EditorFileSystem: "res://artifacts/hud_clean_v1/captures/hud_clean_1920x1080.png" import took 480 ms.
EditorFileSystem: Importing file: res://artifacts/hud_refined/captures/hud_refined_low_health.png
[  67% ] reimport | assets_contact_sheet.png
EditorFileSystem: "res://artifacts/hud_refined_characters/captures/hud_refined_elf_selected_1920x1080.png" import took 391 ms.
EditorFileSystem: Importing file: res://artifacts/hud_refined/captures/hud_refined_2560x1440.png
[  67% ] reimport | hud_without_special_resource.png
EditorFileSystem: "res://addons/gut/images/GutIconV2_base.png" import took 517 ms.
EditorFileSystem: Importing file: res://artifacts/hud_refined/captures/hud_refined_1920x1080.png
[  67% ] reimport | hud_turn_banner.png
EditorFileSystem: "res://artifacts/hud_refined_characters/captures/hud_refined_elf_turn_banner_1920x1080.png" import took 527 ms.
EditorFileSystem: Importing file: res://artifacts/hud_refined/captures/hud_refined_1280x720.png
[  68% ] reimport | hud_selected_unavailable_cooldown.png
EditorFileSystem: "res://addons/godot_ai_workbench/icon.png" import took 594 ms.
EditorFileSystem: Importing file: res://artifacts/hud_refined/captures/clean_v2_vs_refined.png
[  68% ] reimport | hud_preview_with_special_resource.png
EditorFileSystem: "res://artifacts/hud_refined/captures/hud_refined_without_special_resource.png" import took 395 ms.
EditorFileSystem: Importing file: res://artifacts/hud_clean_v2/captures/hud_ornate_reference_1920x1080.png
[  68% ] reimport | hud_ornate_vs_clean.png
EditorFileSystem: "res://artifacts/hud_refined_characters/captures/hud_refined_druid_selected_1920x1080.png" import took 490 ms.
EditorFileSystem: Importing file: res://artifacts/hud_clean_v2/captures/hud_clean_v2_without_special_resource.png
[  68% ] reimport | hud_ornate_reference_1920x1080.png
EditorFileSystem: "res://artifacts/hud_refined_characters/captures/hud_refined_assassin_selected_1920x1080.png" import took 462 ms.
EditorFileSystem: Importing file: res://artifacts/hud_clean_v2/captures/hud_clean_v2_turn_banner.png
[  69% ] reimport | hud_low_health.png
EditorFileSystem: "res://artifacts/hud_refined_characters/captures/hud_refined_druid_turn_banner_1920x1080.png" import took 559 ms.
EditorFileSystem: Importing file: res://artifacts/hud_clean_v2/captures/hud_clean_v2_selected_unavailable_cooldown.png
[  69% ] reimport | hud_clean_2560x1440.png
EditorFileSystem: "res://artifacts/hud_refined_characters/captures/hud_refined_elf_selected_2560x1440.png" import took 635 ms.
EditorFileSystem: Importing file: res://artifacts/hud_clean_v2/captures/hud_clean_v2_preview_with_special_resource.png
[  69% ] reimport | hud_clean_1920x1080_grayscale.png
EditorFileSystem: "res://artifacts/hud_v2/elf_hud_1920x1080.png" import took 1219 ms.
EditorFileSystem: Importing file: res://artifacts/hud_clean_v2/captures/hud_clean_v2_low_health.png
[  69% ] reimport | hud_clean_1920x1080_blurred_reduced.png
EditorFileSystem: "res://artifacts/hud_refined_characters/captures/hud_refined_assassin_turn_banner_1920x1080.png" import took 555 ms.
EditorFileSystem: Importing file: res://artifacts/hud_clean_v2/captures/hud_clean_v2_2560x1440.png
[  69% ] reimport | hud_clean_1920x1080.png
EditorFileSystem: "res://artifacts/hud_refined_characters/captures/hud_refined_characters_contact_sheet.png" import took 594 ms.
EditorFileSystem: Importing file: res://artifacts/hud_clean_v2/captures/hud_clean_v2_1920x1080_grayscale.png
[  70% ] reimport | hud_clean_1280x720.png
EditorFileSystem: "res://artifacts/hud_v2/elf_turn_banner_1920x1080.png" import took 1352 ms.
EditorFileSystem: Importing file: res://asset/icone/icone spell.png_64.png
[  70% ] reimport | yellow.png
EditorFileSystem: "res://artifacts/hud_refined/captures/hud_refined_selected_unavailable_cooldown.png" import took 469 ms.
EditorFileSystem: Importing file: res://asset/icone/icone spell.png_63.png
[  70% ] reimport | Script.svg
EditorFileSystem: "res://artifacts/hud_refined/captures/hud_refined_1280x720.png" import took 240 ms.
EditorFileSystem: Importing file: res://asset/icone/icone spell.png_62.png
[  70% ] reimport | red.png
EditorFileSystem: "res://asset/icone/icone spell.png_64.png" import took 29 ms.
EditorFileSystem: Importing file: res://asset/icone/icone spell.png_61.png
[  71% ] reimport | GutIconV2_no_shine.png
EditorFileSystem: "res://asset/icone/icone spell.png_63.png" import took 19 ms.
EditorFileSystem: Importing file: res://asset/icone/icone spell.png_60.png
[  71% ] reimport | GutIconV2_base.png
EditorFileSystem: "res://artifacts/hud_refined/captures/hud_refined_turn_banner.png" import took 525 ms.
EditorFileSystem: Importing file: res://asset/icone/icone spell.png_59.png
[  71% ] reimport | green.png
EditorFileSystem: "res://asset/icone/icone spell.png_61.png" import took 20 ms.
EditorFileSystem: Importing file: res://asset/icone/icone spell.png_58.png
[  71% ] reimport | Folder.svg
EditorFileSystem: "res://asset/icone/icone spell.png_62.png" import took 21 ms.
[  71% ] reimport | eyey.png
EditorFileSystem: Importing file: res://asset/icone/icone spell.png_57.png
EditorFileSystem: "res://asset/icone/icone spell.png_60.png" import took 16 ms.
EditorFileSystem: Importing file: res://asset/icone/icone spell.png_56.png
[  72% ] reimport | icon.png
EditorFileSystem: "res://asset/icone/icone spell.png_59.png" import took 17 ms.
EditorFileSystem: Importing file: res://asset/icone/icone spell.png_55.png
[  72% ] reimport | hud_refined_elf_turn_banner_1920x1080.png
EditorFileSystem: "res://asset/icone/icone spell.png_58.png" import took 19 ms.
EditorFileSystem: Importing file: res://asset/icone/icone spell.png_54.png
[  72% ] reimport | hud_refined_elf_selected_2560x1440.png
EditorFileSystem: "res://asset/icone/icone spell.png_57.png" import took 21 ms.
EditorFileSystem: Importing file: res://asset/icone/icone spell.png_53.png
[  72% ] reimport | hud_refined_elf_selected_1920x1080.png
EditorFileSystem: "res://asset/icone/icone spell.png_56.png" import took 17 ms.
EditorFileSystem: "res://artifacts/hud_refined/captures/hud_refined_low_health.png" import took 447 ms.
EditorFileSystem: Importing file: res://asset/icone/icone spell.png_52.png
[  73% ] reimport | hud_refined_elf_selected_1280x720.png
EditorFileSystem: Importing file: res://asset/icone/icone spell.png_51.png
[  73% ] reimport | hud_refined_druid_turn_banner_1920x1080.png
EditorFileSystem: "res://asset/icone/icone spell.png_55.png" import took 17 ms.
EditorFileSystem: Importing file: res://asset/icone/icone spell.png_50.png
[  73% ] reimport | hud_refined_druid_selected_1920x1080.png
EditorFileSystem: "res://asset/icone/icone spell.png_54.png" import took 20 ms.
EditorFileSystem: Importing file: res://asset/icone/icone spell.png_49.png
[  73% ] reimport | hud_refined_characters_contact_sheet.png
EditorFileSystem: "res://asset/icone/icone spell.png_53.png" import took 20 ms.
EditorFileSystem: Importing file: res://asset/icone/icone spell.png_48.png
[  73% ] reimport | hud_refined_assassin_turn_banner_1920x1080.png
EditorFileSystem: "res://asset/icone/icone spell.png_52.png" import took 17 ms.
EditorFileSystem: Importing file: res://asset/icone/icone spell.png_47.png
[  74% ] reimport | hud_refined_assassin_selected_1920x1080.png
EditorFileSystem: "res://asset/icone/icone spell.png_50.png" import took 18 ms.
EditorFileSystem: Importing file: res://asset/icone/icone spell.png_46.png
[  74% ] reimport | used_components_contact_sheet.png
EditorFileSystem: "res://artifacts/hud_refined/captures/clean_v2_vs_refined.png" import took 255 ms.
EditorFileSystem: "res://asset/icone/icone spell.png_51.png" import took 21 ms.
EditorFileSystem: Importing file: res://asset/icone/icone spell.png_45.png
[  74% ] reimport | assets_contact_sheet_refined.png
EditorFileSystem: Importing file: res://asset/icone/icone spell.png_44.png
[  74% ] reimport | hud_refined_without_special_resource.png
EditorFileSystem: "res://artifacts/hud_refined/captures/hud_refined_preview_with_special_resource.png" import took 476 ms.
EditorFileSystem: Importing file: res://asset/icone/icone spell.png_43.png
[  75% ] reimport | hud_refined_turn_banner.png
EditorFileSystem: "res://asset/icone/icone spell.png_49.png" import took 20 ms.
EditorFileSystem: Importing file: res://asset/icone/icone spell.png_42.png
[  75% ] reimport | hud_refined_selected_unavailable_cooldown.png
EditorFileSystem: "res://asset/icone/icone spell.png_47.png" import took 18 ms.
EditorFileSystem: Importing file: res://asset/icone/icone spell.png_41.png
[  75% ] reimport | hud_refined_preview_with_special_resource.png
EditorFileSystem: "res://asset/icone/icone spell.png_48.png" import took 25 ms.
EditorFileSystem: Importing file: res://asset/icone/icone spell.png_40.png
[  75% ] reimport | hud_refined_low_health.png
EditorFileSystem: "res://asset/icone/icone spell.png_46.png" import took 20 ms.
EditorFileSystem: Importing file: res://asset/icone/icone spell.png_39.png
[  75% ] reimport | hud_refined_2560x1440.png
EditorFileSystem: "res://asset/icone/icone spell.png_44.png" import took 21 ms.
EditorFileSystem: Importing file: res://asset/icone/icone spell.png_91.png
[  76% ] reimport | hud_refined_1920x1080.png
EditorFileSystem: "res://asset/icone/icone spell.png_45.png" import took 23 ms.
EditorFileSystem: Importing file: res://asset/icone/icone spell.png_90.png
[  76% ] reimport | hud_refined_1280x720.png
EditorFileSystem: "res://asset/icone/icone spell.png_43.png" import took 19 ms.
EditorFileSystem: Importing file: res://asset/icone/icone spell.png_89.png
[  76% ] reimport | clean_v2_vs_refined.png
EditorFileSystem: "res://asset/icone/icone spell.png_42.png" import took 22 ms.
EditorFileSystem: Importing file: res://asset/icone/icone spell.png_88.png
[  76% ] reimport | hud_ornate_reference_1920x1080.png
EditorFileSystem: "res://asset/icone/icone spell.png_41.png" import took 20 ms.
EditorFileSystem: Importing file: res://asset/icone/icone spell.png_87.png
[  77% ] reimport | hud_clean_v2_without_special_resource.png
EditorFileSystem: "res://asset/icone/icone spell.png_39.png" import took 21 ms.
EditorFileSystem: Importing file: res://asset/icone/icone spell.png_86.png
[  77% ] reimport | hud_clean_v2_turn_banner.png
EditorFileSystem: "res://asset/icone/icone spell.png_40.png" import took 25 ms.
EditorFileSystem: Importing file: res://asset/icone/icone spell.png_85.png
[  77% ] reimport | hud_clean_v2_selected_unavailable_cooldown.png
EditorFileSystem: "res://asset/icone/icone spell.png_91.png" import took 24 ms.
EditorFileSystem: Importing file: res://asset/icone/icone spell.png_84.png
[  77% ] reimport | hud_clean_v2_preview_with_special_resource.png
EditorFileSystem: "res://asset/icone/icone spell.png_90.png" import took 25 ms.
EditorFileSystem: Importing file: res://asset/icone/icone spell.png_83.png
[  77% ] reimport | hud_clean_v2_low_health.png
EditorFileSystem: "res://asset/icone/icone spell.png_89.png" import took 24 ms.
EditorFileSystem: Importing file: res://asset/icone/icone spell.png_82.png
[  78% ] reimport | hud_clean_v2_2560x1440.png
EditorFileSystem: "res://asset/icone/icone spell.png_87.png" import took 20 ms.
EditorFileSystem: Importing file: res://asset/icone/icone spell.png_81.png
[  78% ] reimport | hud_clean_v2_1920x1080_grayscale.png
EditorFileSystem: "res://asset/icone/icone spell.png_88.png" import took 22 ms.
EditorFileSystem: Importing file: res://asset/icone/icone spell.png_80.png
[  78% ] reimport | icone spell.png_64.png
EditorFileSystem: "res://asset/icone/icone spell.png_86.png" import took 18 ms.
EditorFileSystem: Importing file: res://asset/icone/icone spell.png_79.png
[  78% ] reimport | icone spell.png_63.png
EditorFileSystem: "res://asset/icone/icone spell.png_85.png" import took 21 ms.
EditorFileSystem: Importing file: res://asset/icone/icone spell.png_78.png
[  79% ] reimport | icone spell.png_62.png
EditorFileSystem: "res://asset/icone/icone spell.png_84.png" import took 21 ms.
[  79% ] reimport | icone spell.png_61.png
EditorFileSystem: Importing file: res://asset/icone/icone spell.png_77.png
EditorFileSystem: "res://asset/icone/icone spell.png_83.png" import took 20 ms.
EditorFileSystem: Importing file: res://asset/icone/icone spell.png_76.png
[  79% ] reimport | icone spell.png_60.png
EditorFileSystem: "res://asset/icone/icone spell.png_81.png" import took 19 ms.
EditorFileSystem: Importing file: res://asset/icone/icone spell.png_75.png
[  79% ] reimport | icone spell.png_59.png
EditorFileSystem: "res://asset/icone/icone spell.png_82.png" import took 28 ms.
EditorFileSystem: Importing file: res://asset/icone/icone spell.png_74.png
[  79% ] reimport | icone spell.png_58.png
EditorFileSystem: "res://asset/icone/icone spell.png_79.png" import took 21 ms.
EditorFileSystem: Importing file: res://asset/icone/icone spell.png_73.png
[  80% ] reimport | icone spell.png_57.png
EditorFileSystem: "res://asset/icone/icone spell.png_80.png" import took 24 ms.
EditorFileSystem: Importing file: res://asset/icone/icone spell.png_72.png
[  80% ] reimport | icone spell.png_56.png
EditorFileSystem: "res://artifacts/hud_clean_v2/captures/hud_clean_v2_1920x1080_grayscale.png" import took 210 ms.
EditorFileSystem: Importing file: res://asset/icone/icone spell.png_71.png
[  80% ] reimport | icone spell.png_55.png
EditorFileSystem: "res://asset/icone/icone spell.png_78.png" import took 22 ms.
EditorFileSystem: Importing file: res://asset/icone/icone spell.png_70.png
[  80% ] reimport | icone spell.png_54.png
EditorFileSystem: "res://asset/icone/icone spell.png_75.png" import took 19 ms.
EditorFileSystem: Importing file: res://asset/icone/icone spell.png_69.png
[  81% ] reimport | icone spell.png_53.png
EditorFileSystem: "res://asset/icone/icone spell.png_76.png" import took 25 ms.
[  81% ] reimport | icone spell.png_52.png
EditorFileSystem: Importing file: res://asset/icone/icone spell.png_68.png
EditorFileSystem: "res://asset/icone/icone spell.png_77.png" import took 27 ms.
[  81% ] reimport | icone spell.png_51.png
EditorFileSystem: Importing file: res://asset/icone/icone spell.png_67.png
EditorFileSystem: "res://asset/icone/icone spell.png_74.png" import took 21 ms.
EditorFileSystem: Importing file: res://asset/icone/icone spell.png_66.png
[  81% ] reimport | icone spell.png_50.png
EditorFileSystem: "res://asset/icone/icone spell.png_73.png" import took 20 ms.
EditorFileSystem: Importing file: res://asset/icone/icone spell.png_65.png
[  81% ] reimport | icone spell.png_49.png
EditorFileSystem: "res://asset/icone/icone spell.png_71.png" import took 19 ms.
EditorFileSystem: Importing file: res://asset/icone/icone spell.png_15.png
[  82% ] reimport | icone spell.png_48.png
EditorFileSystem: "res://asset/icone/icone spell.png_72.png" import took 23 ms.
EditorFileSystem: Importing file: res://asset/icone/icone spell.png_14.png
[  82% ] reimport | icone spell.png_47.png
EditorFileSystem: "res://asset/icone/icone spell.png_70.png" import took 21 ms.
EditorFileSystem: Importing file: res://asset/icone/icone spell.png_13.png
[  82% ] reimport | icone spell.png_46.png
EditorFileSystem: "res://asset/icone/icone spell.png_69.png" import took 21 ms.
EditorFileSystem: Importing file: res://asset/icone/icone spell.png_12.png
[  82% ] reimport | icone spell.png_45.png
EditorFileSystem: "res://artifacts/hud_v2/elf_hud_2560x1440.png" import took 1541 ms.
EditorFileSystem: Importing file: res://asset/icone/icone spell.png_10.png
[  83% ] reimport | icone spell.png_44.png
EditorFileSystem: "res://asset/icone/icone spell.png_68.png" import took 22 ms.
EditorFileSystem: Importing file: res://asset/icone/icone spell.png_9.png
[  83% ] reimport | icone spell.png_43.png
EditorFileSystem: "res://asset/icone/icone spell.png_67.png" import took 25 ms.
EditorFileSystem: Importing file: res://asset/icone/icone spell.png_8.png
[  83% ] reimport | icone spell.png_42.png
EditorFileSystem: "res://artifacts/hud_refined/captures/hud_refined_1920x1080.png" import took 482 ms.
EditorFileSystem: Importing file: res://asset/icone/icone spell.png_7.png
[  83% ] reimport | icone spell.png_41.png
EditorFileSystem: "res://asset/icone/icone spell.png_65.png" import took 20 ms.
EditorFileSystem: Importing file: res://asset/icone/icone spell.png_6.png
[  83% ] reimport | icone spell.png_40.png
EditorFileSystem: "res://asset/icone/icone spell.png_66.png" import took 23 ms.
EditorFileSystem: Importing file: res://asset/icone/icone spell.png_5.png
[  84% ] reimport | icone spell.png_39.png
EditorFileSystem: "res://asset/icone/icone spell.png_15.png" import took 21 ms.
EditorFileSystem: Importing file: res://asset/icone/icone spell.png_4.png
[  84% ] reimport | icone spell.png_91.png
EditorFileSystem: "res://asset/icone/icone spell.png_14.png" import took 24 ms.
EditorFileSystem: Importing file: res://asset/icone/icone spell.png_3.png
[  84% ] reimport | icone spell.png_90.png
EditorFileSystem: "res://asset/icone/icone spell.png_13.png" import took 22 ms.
EditorFileSystem: Importing file: res://asset/icone/icone spell.png_2.png
[  84% ] reimport | icone spell.png_89.png
EditorFileSystem: "res://asset/icone/icone spell.png_12.png" import took 22 ms.
EditorFileSystem: Importing file: res://asset/icone/icone spell.png_1.png
[  85% ] reimport | icone spell.png_88.png
EditorFileSystem: "res://asset/icone/icone spell.png_10.png" import took 24 ms.
EditorFileSystem: Importing file: res://asset/icone/asset_8VAgXsXBQ1LGVT1K6HNc6a2R_fait moi un spritesheet contenant des sauts et la course avec cette image_img2img_1781891564.png
[  85% ] reimport | icone spell.png_87.png
EditorFileSystem: "res://asset/icone/icone spell.png_9.png" import took 23 ms.
EditorFileSystem: Importing file: res://asset/Background/Village background cartoon 2d-6.jpg
[  85% ] reimport | icone spell.png_86.png
EditorFileSystem: "res://asset/icone/icone spell.png_7.png" import took 20 ms.
EditorFileSystem: Importing file: res://asset/Background/test test.png
[  85% ] reimport | icone spell.png_85.png
EditorFileSystem: "res://asset/icone/icone spell.png_6.png" import took 22 ms.
EditorFileSystem: Importing file: res://asset/Background/terrain caverne.png
[  85% ] reimport | icone spell.png_84.png
EditorFileSystem: "res://asset/icone/icone spell.png_4.png" import took 21 ms.
EditorFileSystem: Importing file: res://asset/Background/terrain caverne v2.png
[  86% ] reimport | icone spell.png_83.png
EditorFileSystem: "res://asset/icone/icone spell.png_5.png" import took 24 ms.
EditorFileSystem: Importing file: res://asset/Background/smoke2.png
[  86% ] reimport | icone spell.png_82.png
EditorFileSystem: "res://asset/icone/icone spell.png_8.png" import took 28 ms.
EditorFileSystem: Importing file: res://asset/Background/smoke1.png
[  86% ] reimport | icone spell.png_81.png
EditorFileSystem: "res://asset/icone/icone spell.png_2.png" import took 19 ms.
EditorFileSystem: Importing file: res://asset/Background/rocher escalier.png
[  86% ] reimport | icone spell.png_80.png
EditorFileSystem: "res://asset/icone/icone spell.png_3.png" import took 23 ms.
EditorFileSystem: Importing file: res://asset/Background/pic center.png
[  87% ] reimport | icone spell.png_79.png
EditorFileSystem: "res://asset/icone/asset_8VAgXsXBQ1LGVT1K6HNc6a2R_fait moi un spritesheet contenant des sauts et la course avec cette image_img2img_1781891564.png" import took 16 ms.
EditorFileSystem: Importing file: res://asset/Background/montagne 2.webp
[  87% ] reimport | icone spell.png_78.png
EditorFileSystem: "res://asset/icone/icone spell.png_1.png" import took 70 ms.
EditorFileSystem: Importing file: res://asset/Background/Generated_ The word _COLOCNESS_ as an epic heroic fantasy gam....png
[  87% ] reimport | icone spell.png_77.png
EditorFileSystem: "res://artifacts/hud_clean_v2/captures/hud_clean_v2_without_special_resource.png" import took 462 ms.
EditorFileSystem: "res://asset/Background/smoke2.png" import took 79 ms.
EditorFileSystem: Importing file: res://asset/Background/fond terrain.webp
[  87% ] reimport | icone spell.png_76.png
EditorFileSystem: Importing file: res://asset/icone/icone spell.png_38.png
[  87% ] reimport | icone spell.png_75.png
EditorFileSystem: "res://asset/Background/smoke1.png" import took 90 ms.
EditorFileSystem: Importing file: res://asset/icone/icone spell.png_37.png
[  88% ] reimport | icone spell.png_74.png
EditorFileSystem: "res://asset/icone/icone spell.png_38.png" import took 17 ms.
EditorFileSystem: Importing file: res://asset/icone/icone spell.png_36.png
[  88% ] reimport | icone spell.png_73.png
EditorFileSystem: "res://artifacts/hud_clean_v2/captures/hud_clean_v2_selected_unavailable_cooldown.png" import took 464 ms.
EditorFileSystem: Importing file: res://asset/icone/icone spell.png_35.png
[  88% ] reimport | icone spell.png_72.png
EditorFileSystem: "res://asset/icone/icone spell.png_37.png" import took 19 ms.
EditorFileSystem: Importing file: res://asset/icone/icone spell.png_34.png
[  88% ] reimport | icone spell.png_71.png
EditorFileSystem: "res://artifacts/hud_clean_v2/captures/hud_ornate_reference_1920x1080.png" import took 496 ms.
EditorFileSystem: Importing file: res://asset/icone/icone spell.png_33.png
[  89% ] reimport | icone spell.png_70.png
EditorFileSystem: "res://asset/icone/icone spell.png_36.png" import took 19 ms.
EditorFileSystem: Importing file: res://asset/icone/icone spell.png_32.png
[  89% ] reimport | icone spell.png_69.png
EditorFileSystem: "res://asset/icone/icone spell.png_35.png" import took 16 ms.
EditorFileSystem: Importing file: res://asset/icone/icone spell.png_31.png
[  89% ] reimport | icone spell.png_68.png
EditorFileSystem: "res://artifacts/hud_refined/captures/hud_refined_2560x1440.png" import took 709 ms.
EditorFileSystem: Importing file: res://asset/icone/icone spell.png_30.png
[  89% ] reimport | icone spell.png_67.png
EditorFileSystem: "res://asset/icone/icone spell.png_33.png" import took 19 ms.
EditorFileSystem: Importing file: res://asset/icone/icone spell.png_29.png
[  89% ] reimport | icone spell.png_66.png
EditorFileSystem: "res://asset/icone/icone spell.png_34.png" import took 21 ms.
EditorFileSystem: Importing file: res://asset/icone/icone spell.png_28.png
[  90% ] reimport | icone spell.png_65.png
EditorFileSystem: "res://asset/icone/icone spell.png_32.png" import took 18 ms.
EditorFileSystem: Importing file: res://asset/icone/icone spell.png_27.png
[  90% ] reimport | icone spell.png_15.png
EditorFileSystem: "res://asset/icone/icone spell.png_31.png" import took 18 ms.
EditorFileSystem: Importing file: res://asset/icone/icone spell.png_26.png
[  90% ] reimport | icone spell.png_14.png
EditorFileSystem: "res://artifacts/hud_clean_v2/captures/hud_clean_v2_preview_with_special_resource.png" import took 482 ms.
EditorFileSystem: Importing file: res://asset/icone/icone spell.png_25.png
[  90% ] reimport | icone spell.png_13.png
EditorFileSystem: "res://asset/icone/icone spell.png_30.png" import took 17 ms.
EditorFileSystem: Importing file: res://asset/icone/icone spell.png_24.png
[  91% ] reimport | icone spell.png_12.png
EditorFileSystem: "res://artifacts/hud_clean_v2/captures/hud_clean_v2_low_health.png" import took 477 ms.
EditorFileSystem: Importing file: res://asset/icone/icone spell.png_23.png
[  91% ] reimport | icone spell.png_10.png
EditorFileSystem: "res://asset/icone/icone spell.png_29.png" import took 21 ms.
EditorFileSystem: Importing file: res://asset/icone/icone spell.png_16.png
[  91% ] reimport | icone spell.png_9.png
EditorFileSystem: "res://asset/icone/icone spell.png_28.png" import took 21 ms.
EditorFileSystem: Importing file: res://asset/icone/icone spell.png_17.png
[  91% ] reimport | icone spell.png_8.png
EditorFileSystem: "res://asset/icone/icone spell.png_26.png" import took 18 ms.
EditorFileSystem: Importing file: res://asset/icone/icone spell.png_18.png
[  91% ] reimport | icone spell.png_7.png
EditorFileSystem: "res://asset/icone/icone spell.png_27.png" import took 21 ms.
EditorFileSystem: "res://asset/icone/icone spell.png_25.png" import took 17 ms.
EditorFileSystem: Importing file: res://asset/icone/icone spell.png_19.png
[  92% ] reimport | icone spell.png_6.png
EditorFileSystem: Importing file: res://asset/icone/icone spell.png_20.png
[  92% ] reimport | icone spell.png_5.png
EditorFileSystem: "res://asset/icone/icone spell.png_24.png" import took 18 ms.
EditorFileSystem: Importing file: res://asset/icone/icone spell.png_21.png
[  92% ] reimport | icone spell.png_4.png
EditorFileSystem: "res://asset/icone/icone spell.png_23.png" import took 17 ms.
EditorFileSystem: Importing file: res://asset/icone/icone spell.png_22.png
[  92% ] reimport | icone spell.png_3.png
EditorFileSystem: "res://asset/icone/icone spell.png_16.png" import took 23 ms.
[  93% ] reimport | icone spell.png_2.png
EditorFileSystem: "res://asset/icone/icone spell.png_18.png" import took 19 ms.
[  93% ] reimport | icone spell.png_1.png
EditorFileSystem: "res://asset/icone/icone spell.png_17.png" import took 24 ms.
[  93% ] reimport | asset_8VAgXsXBQ1LGVT1K6HNc6a2R_fait moi un spritesheet contenant des sauts et la course avec cette image_img2img_1781891564.png
EditorFileSystem: "res://asset/icone/icone spell.png_20.png" import took 20 ms.
[  93% ] reimport | Village background cartoon 2d-6.jpg
EditorFileSystem: "res://asset/icone/icone spell.png_19.png" import took 22 ms.
[  93% ] reimport | test test.png
EditorFileSystem: "res://asset/icone/icone spell.png_22.png" import took 19 ms.
[  94% ] reimport | terrain caverne.png
EditorFileSystem: "res://asset/icone/icone spell.png_21.png" import took 19 ms.
[  94% ] reimport | terrain caverne v2.png
EditorFileSystem: "res://artifacts/hud_clean_v2/captures/hud_clean_v2_turn_banner.png" import took 559 ms.
[  94% ] reimport | smoke2.png
EditorFileSystem: "res://asset/Background/montagne 2.webp" import took 285 ms.
[  94% ] reimport | smoke1.png
EditorFileSystem: "res://asset/Background/terrain caverne.png" import took 301 ms.
[  95% ] reimport | rocher escalier.png
EditorFileSystem: "res://asset/Background/terrain caverne v2.png" import took 303 ms.
[  95% ] reimport | pic center.png
EditorFileSystem: "res://asset/Background/fond terrain.webp" import took 225 ms.
[  95% ] reimport | montagne 2.webp
EditorFileSystem: "res://artifacts/hud_clean_v2/captures/hud_clean_v2_2560x1440.png" import took 632 ms.
EditorFileSystem: "res://asset/Background/pic center.png" import took 341 ms.
[  95% ] reimport | Generated_ The word _COLOCNESS_ as an epic heroic fantasy gam....png
[  95% ] reimport | fond terrain.webp
EditorFileSystem: "res://asset/Background/rocher escalier.png" import took 361 ms.
[  96% ] reimport | icone spell.png_38.png
EditorFileSystem: "res://asset/Background/test test.png" import took 385 ms.
[  96% ] reimport | icone spell.png_37.png
EditorFileSystem: "res://asset/Background/Village background cartoon 2d-6.jpg" import took 565 ms.
[  96% ] reimport | icone spell.png_36.png
[  96% ] reimport | icone spell.png_36.png
EditorFileSystem: "res://asset/Background/Generated_ The word _COLOCNESS_ as an epic heroic fantasy gam....png" import took 2194 ms.
[  96% ] reimport | Armored Knight with T_1.glb
EditorFileSystem: Importing file: res://imported_models/Armored Knight with T_1/Armored Knight with T_1.glb
[   0% ] import | Started Importer une scène (104 steps)
[   0% ] import | Importation de la scène…
glTF: Total buffers: 1
glTF: Total buffer views: 8
glTF: Total accessors: 4
Loading resource: res://imported_models/Armored Knight with T_1/Armored Knight with T_1_0.jpg remapped: res://imported_models/Armored Knight with T_1/Armored Knight with T_1_0.jpg
Loading resource: res://.godot/imported/Armored Knight with T_1_0.jpg-17e6a9ab576b070b530a86d5b68a48c9.s3tc.ctex remapped: res://.godot/imported/Armored Knight with T_1_0.jpg-17e6a9ab576b070b530a86d5b68a48c9.s3tc.ctex
Completed load for: 'res://imported_models/Armored Knight with T_1/Armored Knight with T_1_0.jpg' remapped 'res://imported_models/Armored Knight with T_1/Armored Knight with T_1_0.jpg' at thread -1
Loading resource: res://imported_models/Armored Knight with T_1/Armored Knight with T_1_1.jpg remapped: res://imported_models/Armored Knight with T_1/Armored Knight with T_1_1.jpg
Loading resource: res://.godot/imported/Armored Knight with T_1_1.jpg-1a5d4d5d623a623a59cc39facb3a285c.s3tc.ctex remapped: res://.godot/imported/Armored Knight with T_1_1.jpg-1a5d4d5d623a623a59cc39facb3a285c.s3tc.ctex
Completed load for: 'res://imported_models/Armored Knight with T_1/Armored Knight with T_1_1.jpg' remapped 'res://imported_models/Armored Knight with T_1/Armored Knight with T_1_1.jpg' at thread -1
Loading resource: res://imported_models/Armored Knight with T_1/Armored Knight with T_1_2.jpg remapped: res://imported_models/Armored Knight with T_1/Armored Knight with T_1_2.jpg
Loading resource: res://.godot/imported/Armored Knight with T_1_2.jpg-01256cf5e169cb75780fe97767cb498a.s3tc.ctex remapped: res://.godot/imported/Armored Knight with T_1_2.jpg-01256cf5e169cb75780fe97767cb498a.s3tc.ctex
Completed load for: 'res://imported_models/Armored Knight with T_1/Armored Knight with T_1_2.jpg' remapped 'res://imported_models/Armored Knight with T_1/Armored Knight with T_1_2.jpg' at thread -1
Loading resource: res://imported_models/Armored Knight with T_1/Armored Knight with T_1_3.jpg remapped: res://imported_models/Armored Knight with T_1/Armored Knight with T_1_3.jpg
Loading resource: res://.godot/imported/Armored Knight with T_1_3.jpg-83906b41ac9209f57422611ead1eb35b.s3tc.ctex remapped: res://.godot/imported/Armored Knight with T_1_3.jpg-83906b41ac9209f57422611ead1eb35b.s3tc.ctex
Completed load for: 'res://imported_models/Armored Knight with T_1/Armored Knight with T_1_3.jpg' remapped 'res://imported_models/Armored Knight with T_1/Armored Knight with T_1_3.jpg' at thread -1
glTF: Total images: 4
Total materials: 1
glTF: Parsing mesh: 0
WARNING: glTF import: Buffer view byte stride should be declared for vertex attributes. Assuming packed data and reading anyway.
WARNING: glTF import: Buffer view byte stride should be declared for vertex attributes. Assuming packed data and reading anyway.
WARNING: glTF import: Buffer view byte stride should be declared for vertex attributes. Assuming packed data and reading anyway.
WARNING: glTF import: Buffer view byte stride should be declared for vertex attributes. Assuming packed data and reading anyway.
glTF: Total meshes: 1
glTF: Creating mesh for: Mesh
LOD Generation: Triangles 669230, vertices 353315 (merged 353315)
  LOD 1: 334614 triangles, error 0.00037624078686 (step error 0.00037624078686)
  LOD 2: 167306 triangles, error 0.00077203998808 (step error 0.00077203998808)
  LOD 3: 83652 triangles, error 0.00154303247109 (step error 0.00154303247109)
  LOD 4: 41826 triangles, error 0.00300467340276 (step error 0.00300467340276)
  LOD 5: 20908 triangles, error 0.00617566052824 (step error 0.00617566052824)
  LOD 6: 10452 triangles, error 0.01435199659318 (step error 0.01435199659318)
  LOD 7: 5226 triangles, error 0.0321785621345 (step error 0.0321785621345)
  LOD 8: 2612 triangles, error 0.0748635083437 (step error 0.0748635083437)
  LOD 9: 1544 triangles, error 0.76167339086533 (step error 0.76167339086533)
  LOD stop: got 1488 triangles when asking for 772
[   1% ] import | Lancement du script personnalisé…
[  99% ] import | Enregistrement…
Saving scene to: res://.godot/imported/Armored Knight with T_1.glb-566eba79e8d0c970fcc12e1c1e5b66b8.scn
[ DONE ] import

EditorFileSystem: "res://imported_models/Armored Knight with T_1/Armored Knight with T_1.glb" import took 3700 ms.
[  97% ] reimport | Meshy_AI_Lumensteel_Knight_biped_Animation_Thrust_Slash_withSkin.glb
EditorFileSystem: Importing file: res://asset/personnage/alliés/Meshy_AI_Lumensteel_Knight_biped/Meshy_AI_Lumensteel_Knight_biped_Animation_Thrust_Slash_withSkin.glb
[   0% ] import | Started Importer une scène (104 steps)
[   0% ] import | Importation de la scène…
glTF: Total buffers: 1
glTF: Total buffer views: 81
glTF: Total accessors: 81
glTF: Total skins: 1
glTF: Parsing mesh: 0
WARNING: glTF import: Buffer view byte stride should be declared for vertex attributes. Assuming packed data and reading anyway.
WARNING: glTF import: Buffer view byte stride should be declared for vertex attributes. Assuming packed data and reading anyway.
WARNING: glTF import: Buffer view byte stride should be declared for vertex attributes. Assuming packed data and reading anyway.
WARNING: glTF import: Buffer view byte stride should be declared for vertex attributes. Assuming packed data and reading anyway.
WARNING: glTF import: Buffer view byte stride should be declared for vertex attributes. Assuming packed data and reading anyway.
WARNING: glTF import: Buffer view byte stride should be declared for vertex attributes. Assuming packed data and reading anyway.
glTF: Total meshes: 1
glTF: Total animations '1'.
glTF: Converting spatial: Armature
glTF: Creating mesh for: char1
LOD Generation: Triangles 156925, vertices 255571 (merged 112520), deformable
  LOD 1: 78461 triangles, error 0.00182697968557 (step error 0.00182697968557)
  LOD 2: 39230 triangles, error 0.00338247651234 (step error 0.00338247651234)
  LOD 3: 19614 triangles, error 0.01069365348667 (step error 0.01069365348667)
  LOD stop: got 15958 triangles when asking for 9807
[   1% ] import | Lancement du script personnalisé…
[  99% ] import | Enregistrement…
Saving scene to: res://.godot/imported/Meshy_AI_Lumensteel_Knight_biped_Animation_Thrust_Slash_withSkin.glb-bce44d95544a323d88901be3374bd2b9.scn
[ DONE ] import

EditorFileSystem: "res://asset/personnage/alliés/Meshy_AI_Lumensteel_Knight_biped/Meshy_AI_Lumensteel_Knight_biped_Animation_Thrust_Slash_withSkin.glb" import took 738 ms.
[  97% ] reimport | Meshy_AI_Lumensteel_Knight_biped_Animation_Walking_withSkin.glb
EditorFileSystem: Importing file: res://asset/personnage/alliés/Meshy_AI_Lumensteel_Knight_biped/Meshy_AI_Lumensteel_Knight_biped_Animation_Walking_withSkin.glb
[   0% ] import | Started Importer une scène (104 steps)
[   0% ] import | Importation de la scène…
glTF: Total buffers: 1
glTF: Total buffer views: 81
glTF: Total accessors: 81
glTF: Total skins: 1
glTF: Parsing mesh: 0
WARNING: glTF import: Buffer view byte stride should be declared for vertex attributes. Assuming packed data and reading anyway.
WARNING: glTF import: Buffer view byte stride should be declared for vertex attributes. Assuming packed data and reading anyway.
WARNING: glTF import: Buffer view byte stride should be declared for vertex attributes. Assuming packed data and reading anyway.
WARNING: glTF import: Buffer view byte stride should be declared for vertex attributes. Assuming packed data and reading anyway.
WARNING: glTF import: Buffer view byte stride should be declared for vertex attributes. Assuming packed data and reading anyway.
WARNING: glTF import: Buffer view byte stride should be declared for vertex attributes. Assuming packed data and reading anyway.
glTF: Total meshes: 1
glTF: Total animations '1'.
glTF: Converting spatial: Armature
glTF: Creating mesh for: char1
LOD Generation: Triangles 156925, vertices 255571 (merged 112520), deformable
  LOD 1: 78461 triangles, error 0.00182697968557 (step error 0.00182697968557)
  LOD 2: 39230 triangles, error 0.00338247651234 (step error 0.00338247651234)
  LOD 3: 19614 triangles, error 0.01069365348667 (step error 0.01069365348667)
  LOD stop: got 15958 triangles when asking for 9807
[   1% ] import | Lancement du script personnalisé…
[  99% ] import | Enregistrement…
Saving scene to: res://.godot/imported/Meshy_AI_Lumensteel_Knight_biped_Animation_Walking_withSkin.glb-9a6b5b8aa5b4464e5f279d326b58c018.scn
[ DONE ] import

EditorFileSystem: "res://asset/personnage/alliés/Meshy_AI_Lumensteel_Knight_biped/Meshy_AI_Lumensteel_Knight_biped_Animation_Walking_withSkin.glb" import took 724 ms.
[  97% ] reimport | Meshy_AI_Lumensteel_Knight_biped_Animation_Skill_01_withSkin.glb
EditorFileSystem: Importing file: res://asset/personnage/alliés/Meshy_AI_Lumensteel_Knight_biped/Meshy_AI_Lumensteel_Knight_biped_Animation_Skill_01_withSkin.glb
[   0% ] import | Started Importer une scène (104 steps)
[   0% ] import | Importation de la scène…
glTF: Total buffers: 1
glTF: Total buffer views: 81
glTF: Total accessors: 81
glTF: Total skins: 1
glTF: Parsing mesh: 0
WARNING: glTF import: Buffer view byte stride should be declared for vertex attributes. Assuming packed data and reading anyway.
WARNING: glTF import: Buffer view byte stride should be declared for vertex attributes. Assuming packed data and reading anyway.
WARNING: glTF import: Buffer view byte stride should be declared for vertex attributes. Assuming packed data and reading anyway.
WARNING: glTF import: Buffer view byte stride should be declared for vertex attributes. Assuming packed data and reading anyway.
WARNING: glTF import: Buffer view byte stride should be declared for vertex attributes. Assuming packed data and reading anyway.
WARNING: glTF import: Buffer view byte stride should be declared for vertex attributes. Assuming packed data and reading anyway.
glTF: Total meshes: 1
glTF: Total animations '1'.
glTF: Converting spatial: Armature
glTF: Creating mesh for: char1
LOD Generation: Triangles 156925, vertices 255571 (merged 112520), deformable
  LOD 1: 78461 triangles, error 0.00182697968557 (step error 0.00182697968557)
  LOD 2: 39230 triangles, error 0.00338247651234 (step error 0.00338247651234)
  LOD 3: 19614 triangles, error 0.01069365348667 (step error 0.01069365348667)
  LOD stop: got 15958 triangles when asking for 9807
[   1% ] import | Lancement du script personnalisé…
[  99% ] import | Enregistrement…
Saving scene to: res://.godot/imported/Meshy_AI_Lumensteel_Knight_biped_Animation_Skill_01_withSkin.glb-6627892777fb28b0523dcf4a0f10939e.scn
[ DONE ] import

EditorFileSystem: "res://asset/personnage/alliés/Meshy_AI_Lumensteel_Knight_biped/Meshy_AI_Lumensteel_Knight_biped_Animation_Skill_01_withSkin.glb" import took 702 ms.
[  97% ] reimport | gobtest.glb
EditorFileSystem: Importing file: res://asset/gobtest.glb
[   0% ] import | Started Importer une scène (104 steps)
[   0% ] import | Importation de la scène…
glTF: Total buffers: 1
glTF: Total buffer views: 942
glTF: Total accessors: 940
Loading resource: res://asset/gobtest_Material_Pbr_normal.png remapped: res://asset/gobtest_Material_Pbr_normal.png
Loading resource: res://.godot/imported/gobtest_Material_Pbr_normal.png-8a34a636522ed332df26d67d88a96ed2.s3tc.ctex remapped: res://.godot/imported/gobtest_Material_Pbr_normal.png-8a34a636522ed332df26d67d88a96ed2.s3tc.ctex
Completed load for: 'res://asset/gobtest_Material_Pbr_normal.png' remapped 'res://asset/gobtest_Material_Pbr_normal.png' at thread -1
Loading resource: res://asset/gobtest_Material_Pbr_baseColor.png remapped: res://asset/gobtest_Material_Pbr_baseColor.png
Loading resource: res://.godot/imported/gobtest_Material_Pbr_baseColor.png-8d3a16ad4218d9f9e9b18aaae81eea1c.s3tc.ctex remapped: res://.godot/imported/gobtest_Material_Pbr_baseColor.png-8d3a16ad4218d9f9e9b18aaae81eea1c.s3tc.ctex
Completed load for: 'res://asset/gobtest_Material_Pbr_baseColor.png' remapped 'res://asset/gobtest_Material_Pbr_baseColor.png' at thread -1
glTF: Total images: 2
Total materials: 1
glTF: Total skins: 1
glTF: Parsing mesh: 0
WARNING: glTF import: Buffer view byte stride should be declared for vertex attributes. Assuming packed data and reading anyway.
WARNING: glTF import: Buffer view byte stride should be declared for vertex attributes. Assuming packed data and reading anyway.
WARNING: glTF import: Buffer view byte stride should be declared for vertex attributes. Assuming packed data and reading anyway.
WARNING: glTF import: Buffer view byte stride should be declared for vertex attributes. Assuming packed data and reading anyway.
WARNING: glTF import: Buffer view byte stride should be declared for vertex attributes. Assuming packed data and reading anyway.
WARNING: glTF import: Buffer view byte stride should be declared for vertex attributes. Assuming packed data and reading anyway.
WARNING: glTF import: Buffer view byte stride should be declared for vertex attributes. Assuming packed data and reading anyway.
glTF: Total meshes: 1
glTF: Total animations '2'.
glTF: Converting spatial: Sketchfab_model
glTF: Converting spatial: a7d030fb078e47459b8ce2d04e3c06ed_fbx
glTF: Converting spatial: Object_2
glTF: Converting spatial: RootNode
glTF: Converting spatial: Object_4
glTF: Converting spatial: node_0
glTF: Converting spatial: Object_6
glTF: Creating mesh for: Object_7
LOD Generation: Triangles 50000, vertices 33890 (merged 33863), deformable
  LOD 1: 25000 triangles, error 0.00317740882747 (step error 0.00317740882747)
  LOD 2: 12500 triangles, error 0.00676259538159 (step error 0.00676259538159)
  LOD 3: 6250 triangles, error 0.01561877503991 (step error 0.01561877503991)
  LOD 4: 3124 triangles, error 0.05409633368254 (step error 0.05409633368254)
  LOD 5: 2240 triangles, error 0.90725922584534 (step error 0.90725922584534)
  LOD stop: got 2214 triangles when asking for 1120
[   1% ] import | Lancement du script personnalisé…
[  99% ] import | Enregistrement…
Saving scene to: res://.godot/imported/gobtest.glb-557268a99a86d7839a9fc66865cdc048.scn
[ DONE ] import

EditorFileSystem: "res://asset/gobtest.glb" import took 832 ms.
[  97% ] reimport | Meshy_AI_Lumensteel_Knight_biped_Animation_Shouting_Angrily_withSkin.glb
EditorFileSystem: Importing file: res://asset/personnage/alliés/Meshy_AI_Lumensteel_Knight_biped/Meshy_AI_Lumensteel_Knight_biped_Animation_Shouting_Angrily_withSkin.glb
[   0% ] import | Started Importer une scène (104 steps)
[   0% ] import | Importation de la scène…
glTF: Total buffers: 1
glTF: Total buffer views: 81
glTF: Total accessors: 81
glTF: Total skins: 1
glTF: Parsing mesh: 0
WARNING: glTF import: Buffer view byte stride should be declared for vertex attributes. Assuming packed data and reading anyway.
WARNING: glTF import: Buffer view byte stride should be declared for vertex attributes. Assuming packed data and reading anyway.
WARNING: glTF import: Buffer view byte stride should be declared for vertex attributes. Assuming packed data and reading anyway.
WARNING: glTF import: Buffer view byte stride should be declared for vertex attributes. Assuming packed data and reading anyway.
WARNING: glTF import: Buffer view byte stride should be declared for vertex attributes. Assuming packed data and reading anyway.
WARNING: glTF import: Buffer view byte stride should be declared for vertex attributes. Assuming packed data and reading anyway.
glTF: Total meshes: 1
glTF: Total animations '1'.
glTF: Converting spatial: Armature
glTF: Creating mesh for: char1
LOD Generation: Triangles 156925, vertices 255571 (merged 112520), deformable
  LOD 1: 78461 triangles, error 0.00182697968557 (step error 0.00182697968557)
  LOD 2: 39230 triangles, error 0.00338247651234 (step error 0.00338247651234)
  LOD 3: 19614 triangles, error 0.01069365348667 (step error 0.01069365348667)
  LOD stop: got 15958 triangles when asking for 9807
[   1% ] import | Lancement du script personnalisé…
[  99% ] import | Enregistrement…
Saving scene to: res://.godot/imported/Meshy_AI_Lumensteel_Knight_biped_Animation_Shouting_Angrily_withSkin.glb-d05ed4695051ad5bcd245ea4838c6b65.scn
[ DONE ] import

EditorFileSystem: "res://asset/personnage/alliés/Meshy_AI_Lumensteel_Knight_biped/Meshy_AI_Lumensteel_Knight_biped_Animation_Shouting_Angrily_withSkin.glb" import took 719 ms.
[  98% ] reimport | mage_godot_baseline.glb
EditorFileSystem: Importing file: res://assets/characters/mage/mage_godot_baseline.glb
[   0% ] import | Started Importer une scène (104 steps)
[   0% ] import | Importation de la scène…
glTF: Total buffers: 1
glTF: Total buffer views: 464
glTF: Total accessors: 463
Loading resource: res://assets/characters/mage/mage_godot_baseline_texture_0.png remapped: res://assets/characters/mage/mage_godot_baseline_texture_0.png
Loading resource: res://.godot/imported/mage_godot_baseline_texture_0.png-78b513a31161fbd74edc69bb48f083e0.s3tc.ctex remapped: res://.godot/imported/mage_godot_baseline_texture_0.png-78b513a31161fbd74edc69bb48f083e0.s3tc.ctex
Completed load for: 'res://assets/characters/mage/mage_godot_baseline_texture_0.png' remapped 'res://assets/characters/mage/mage_godot_baseline_texture_0.png' at thread -1
glTF: Total images: 1
Total materials: 1
glTF: Total skins: 1
glTF: Parsing mesh: 0
WARNING: glTF import: Buffer view byte stride should be declared for vertex attributes. Assuming packed data and reading anyway.
WARNING: glTF import: Buffer view byte stride should be declared for vertex attributes. Assuming packed data and reading anyway.
WARNING: glTF import: Buffer view byte stride should be declared for vertex attributes. Assuming packed data and reading anyway.
WARNING: glTF import: Buffer view byte stride should be declared for vertex attributes. Assuming packed data and reading anyway.
WARNING: glTF import: Buffer view byte stride should be declared for vertex attributes. Assuming packed data and reading anyway.
WARNING: glTF import: Buffer view byte stride should be declared for vertex attributes. Assuming packed data and reading anyway.
glTF: Total meshes: 1
glTF: Total animations '6'.
glTF: Converting spatial: Armature__DD_NORMALIZED
glTF: Creating mesh for: char1__DD_NORMALIZED
LOD Generation: Triangles 4077, vertices 3301 (merged 3270), deformable
  LOD 1: 2037 triangles, error 0.02394931949675 (step error 0.02394931949675)
  LOD 2: 1017 triangles, error 0.06403417885303 (step error 0.06403417885303)
  LOD 3: 488 triangles, error 0.26807382702827 (step error 0.26807382702827)
  LOD 4: 239 triangles, error 0.40584820508957 (step error 0.40584820508957)
  LOD stop: got 227 triangles when asking for 119
[   1% ] import | Lancement du script personnalisé…
[  99% ] import | Enregistrement…
Saving scene to: res://.godot/imported/mage_godot_baseline.glb-bf70288b033040c16f389b871d4cb84d.scn
[ DONE ] import

EditorFileSystem: "res://assets/characters/mage/mage_godot_baseline.glb" import took 186 ms.
[  98% ] reimport | Meshy_AI_Lumensteel_Knight_biped_Animation_Run_02_withSkin.glb
EditorFileSystem: Importing file: res://asset/personnage/alliés/Meshy_AI_Lumensteel_Knight_biped/Meshy_AI_Lumensteel_Knight_biped_Animation_Run_02_withSkin.glb
[   0% ] import | Started Importer une scène (104 steps)
[   0% ] import | Importation de la scène…
glTF: Total buffers: 1
glTF: Total buffer views: 81
glTF: Total accessors: 81
glTF: Total skins: 1
glTF: Parsing mesh: 0
WARNING: glTF import: Buffer view byte stride should be declared for vertex attributes. Assuming packed data and reading anyway.
WARNING: glTF import: Buffer view byte stride should be declared for vertex attributes. Assuming packed data and reading anyway.
WARNING: glTF import: Buffer view byte stride should be declared for vertex attributes. Assuming packed data and reading anyway.
WARNING: glTF import: Buffer view byte stride should be declared for vertex attributes. Assuming packed data and reading anyway.
WARNING: glTF import: Buffer view byte stride should be declared for vertex attributes. Assuming packed data and reading anyway.
WARNING: glTF import: Buffer view byte stride should be declared for vertex attributes. Assuming packed data and reading anyway.
glTF: Total meshes: 1
glTF: Total animations '1'.
glTF: Converting spatial: Armature
glTF: Creating mesh for: char1
LOD Generation: Triangles 156925, vertices 255571 (merged 112520), deformable
  LOD 1: 78461 triangles, error 0.00182697968557 (step error 0.00182697968557)
  LOD 2: 39230 triangles, error 0.00338247651234 (step error 0.00338247651234)
  LOD 3: 19614 triangles, error 0.01069365348667 (step error 0.01069365348667)
  LOD stop: got 15958 triangles when asking for 9807
[   1% ] import | Lancement du script personnalisé…
[  99% ] import | Enregistrement…
Saving scene to: res://.godot/imported/Meshy_AI_Lumensteel_Knight_biped_Animation_Run_02_withSkin.glb-621e98a5dd0b6c33fdc6bf524733aa9c.scn
[ DONE ] import

EditorFileSystem: "res://asset/personnage/alliés/Meshy_AI_Lumensteel_Knight_biped/Meshy_AI_Lumensteel_Knight_biped_Animation_Run_02_withSkin.glb" import took 678 ms.
[  98% ] reimport | elf_character_v01.glb
EditorFileSystem: Importing file: res://assets/characters/elf/elf_character_v01.glb
[   0% ] import | Started Importer une scène (104 steps)
[   0% ] import | Importation de la scène…
glTF: Total buffers: 1
glTF: Total buffer views: 669
glTF: Total accessors: 668
Loading resource: res://assets/characters/elf/elf_character_v01_texture_0.png remapped: res://assets/characters/elf/elf_character_v01_texture_0.png
Loading resource: res://.godot/imported/elf_character_v01_texture_0.png-e8ce6527c2310297e5ce12a893d9b2f1.s3tc.ctex remapped: res://.godot/imported/elf_character_v01_texture_0.png-e8ce6527c2310297e5ce12a893d9b2f1.s3tc.ctex
Completed load for: 'res://assets/characters/elf/elf_character_v01_texture_0.png' remapped 'res://assets/characters/elf/elf_character_v01_texture_0.png' at thread -1
glTF: Total images: 1
Total materials: 1
glTF: Total skins: 1
glTF: Parsing mesh: 0
WARNING: glTF import: Buffer view byte stride should be declared for vertex attributes. Assuming packed data and reading anyway.
WARNING: glTF import: Buffer view byte stride should be declared for vertex attributes. Assuming packed data and reading anyway.
WARNING: glTF import: Buffer view byte stride should be declared for vertex attributes. Assuming packed data and reading anyway.
WARNING: glTF import: Buffer view byte stride should be declared for vertex attributes. Assuming packed data and reading anyway.
WARNING: glTF import: Buffer view byte stride should be declared for vertex attributes. Assuming packed data and reading anyway.
WARNING: glTF import: Buffer view byte stride should be declared for vertex attributes. Assuming packed data and reading anyway.
WARNING: glTF import: Buffer view byte stride should be declared for vertex attributes. Assuming packed data and reading anyway.
WARNING: glTF import: Buffer view byte stride should be declared for vertex attributes. Assuming packed data and reading anyway.
glTF: Total meshes: 1
glTF: Total animations '9'.
glTF: Converting spatial: EXP_Elf_Rig
glTF: Creating mesh for: EXP_Elf_Mesh
LOD Generation: Triangles 103797, vertices 83284 (merged 82603), deformable
  LOD 1: 51897 triangles, error 0.00218359800056 (step error 0.00218359800056)
  LOD 2: 25947 triangles, error 0.00468226894736 (step error 0.00468226894736)
  LOD 3: 12973 triangles, error 0.01066507026553 (step error 0.01066507026553)
  LOD 4: 7051 triangles, error 0.79507207870483 (step error 0.79507207870483)
  LOD stop: got 6615 triangles when asking for 3525
[   1% ] import | Lancement du script personnalisé…
[  99% ] import | Enregistrement…
Saving scene to: res://.godot/imported/elf_character_v01.glb-b5e8d1cf73176260f54b315a4bbb70e9.scn
[ DONE ] import

EditorFileSystem: "res://assets/characters/elf/elf_character_v01.glb" import took 915 ms.
[  98% ] reimport | Meshy_AI_Lumensteel_Knight_biped_Animation_Running_withSkin.glb
EditorFileSystem: Importing file: res://asset/personnage/alliés/Meshy_AI_Lumensteel_Knight_biped/Meshy_AI_Lumensteel_Knight_biped_Animation_Running_withSkin.glb
[   0% ] import | Started Importer une scène (104 steps)
[   0% ] import | Importation de la scène…
glTF: Total buffers: 1
glTF: Total buffer views: 81
glTF: Total accessors: 81
glTF: Total skins: 1
glTF: Parsing mesh: 0
WARNING: glTF import: Buffer view byte stride should be declared for vertex attributes. Assuming packed data and reading anyway.
WARNING: glTF import: Buffer view byte stride should be declared for vertex attributes. Assuming packed data and reading anyway.
WARNING: glTF import: Buffer view byte stride should be declared for vertex attributes. Assuming packed data and reading anyway.
WARNING: glTF import: Buffer view byte stride should be declared for vertex attributes. Assuming packed data and reading anyway.
WARNING: glTF import: Buffer view byte stride should be declared for vertex attributes. Assuming packed data and reading anyway.
WARNING: glTF import: Buffer view byte stride should be declared for vertex attributes. Assuming packed data and reading anyway.
glTF: Total meshes: 1
glTF: Total animations '1'.
glTF: Converting spatial: Armature
glTF: Creating mesh for: char1
LOD Generation: Triangles 156925, vertices 255571 (merged 112520), deformable
  LOD 1: 78461 triangles, error 0.00182697968557 (step error 0.00182697968557)
  LOD 2: 39230 triangles, error 0.00338247651234 (step error 0.00338247651234)
  LOD 3: 19614 triangles, error 0.01069365348667 (step error 0.01069365348667)
  LOD stop: got 15958 triangles when asking for 9807
[   1% ] import | Lancement du script personnalisé…
[  99% ] import | Enregistrement…
Saving scene to: res://.godot/imported/Meshy_AI_Lumensteel_Knight_biped_Animation_Running_withSkin.glb-e20df5073757638c8bc51eda07131bef.scn
[ DONE ] import

EditorFileSystem: "res://asset/personnage/alliés/Meshy_AI_Lumensteel_Knight_biped/Meshy_AI_Lumensteel_Knight_biped_Animation_Running_withSkin.glb" import took 650 ms.
[  99% ] reimport | Armored Knight with T.glb
EditorFileSystem: Importing file: res://imported_models/Armored Knight with T/Armored Knight with T.glb
[   0% ] import | Started Importer une scène (104 steps)
[   0% ] import | Importation de la scène…
glTF: Total buffers: 1
glTF: Total buffer views: 8
glTF: Total accessors: 4
Loading resource: res://imported_models/Armored Knight with T/Armored Knight with T_0.jpg remapped: res://imported_models/Armored Knight with T/Armored Knight with T_0.jpg
Loading resource: res://.godot/imported/Armored Knight with T_0.jpg-c1178ad030878cb96777898c9076c981.s3tc.ctex remapped: res://.godot/imported/Armored Knight with T_0.jpg-c1178ad030878cb96777898c9076c981.s3tc.ctex
Completed load for: 'res://imported_models/Armored Knight with T/Armored Knight with T_0.jpg' remapped 'res://imported_models/Armored Knight with T/Armored Knight with T_0.jpg' at thread -1
Loading resource: res://imported_models/Armored Knight with T/Armored Knight with T_1.jpg remapped: res://imported_models/Armored Knight with T/Armored Knight with T_1.jpg
Loading resource: res://.godot/imported/Armored Knight with T_1.jpg-e0e0e39f4230c8ed554120116c4cdb84.s3tc.ctex remapped: res://.godot/imported/Armored Knight with T_1.jpg-e0e0e39f4230c8ed554120116c4cdb84.s3tc.ctex
Completed load for: 'res://imported_models/Armored Knight with T/Armored Knight with T_1.jpg' remapped 'res://imported_models/Armored Knight with T/Armored Knight with T_1.jpg' at thread -1
Loading resource: res://imported_models/Armored Knight with T/Armored Knight with T_2.jpg remapped: res://imported_models/Armored Knight with T/Armored Knight with T_2.jpg
Loading resource: res://.godot/imported/Armored Knight with T_2.jpg-2940a86650c64ed59b6bf9ea7fcd2072.s3tc.ctex remapped: res://.godot/imported/Armored Knight with T_2.jpg-2940a86650c64ed59b6bf9ea7fcd2072.s3tc.ctex
Completed load for: 'res://imported_models/Armored Knight with T/Armored Knight with T_2.jpg' remapped 'res://imported_models/Armored Knight with T/Armored Knight with T_2.jpg' at thread -1
Loading resource: res://imported_models/Armored Knight with T/Armored Knight with T_3.jpg remapped: res://imported_models/Armored Knight with T/Armored Knight with T_3.jpg
Loading resource: res://.godot/imported/Armored Knight with T_3.jpg-85853413a2fa60cbf99607812156e7ec.s3tc.ctex remapped: res://.godot/imported/Armored Knight with T_3.jpg-85853413a2fa60cbf99607812156e7ec.s3tc.ctex
Completed load for: 'res://imported_models/Armored Knight with T/Armored Knight with T_3.jpg' remapped 'res://imported_models/Armored Knight with T/Armored Knight with T_3.jpg' at thread -1
glTF: Total images: 4
Total materials: 1
glTF: Parsing mesh: 0
WARNING: glTF import: Buffer view byte stride should be declared for vertex attributes. Assuming packed data and reading anyway.
WARNING: glTF import: Buffer view byte stride should be declared for vertex attributes. Assuming packed data and reading anyway.
WARNING: glTF import: Buffer view byte stride should be declared for vertex attributes. Assuming packed data and reading anyway.
WARNING: glTF import: Buffer view byte stride should be declared for vertex attributes. Assuming packed data and reading anyway.
glTF: Total meshes: 1
glTF: Creating mesh for: Mesh
LOD Generation: Triangles 669230, vertices 353315 (merged 353315)
  LOD 1: 334614 triangles, error 0.00037624078686 (step error 0.00037624078686)
  LOD 2: 167306 triangles, error 0.00077203998808 (step error 0.00077203998808)
  LOD 3: 83652 triangles, error 0.00154303247109 (step error 0.00154303247109)
  LOD 4: 41826 triangles, error 0.00300467340276 (step error 0.00300467340276)
  LOD 5: 20908 triangles, error 0.00617566052824 (step error 0.00617566052824)
  LOD 6: 10452 triangles, error 0.01435199659318 (step error 0.01435199659318)
  LOD 7: 5226 triangles, error 0.0321785621345 (step error 0.0321785621345)
  LOD 8: 2612 triangles, error 0.0748635083437 (step error 0.0748635083437)
  LOD 9: 1544 triangles, error 0.76167339086533 (step error 0.76167339086533)
  LOD stop: got 1488 triangles when asking for 772
[   1% ] import | Lancement du script personnalisé…
[  99% ] import | Enregistrement…
Saving scene to: res://.godot/imported/Armored Knight with T.glb-7be70d93793fcf0c8e6b512617b52102.scn
[ DONE ] import

EditorFileSystem: "res://imported_models/Armored Knight with T/Armored Knight with T.glb" import took 3505 ms.
[  99% ] reimport | Meshy_AI_Lumensteel_Knight_biped_Animation_Fall_Dead_from_Abdominal_Injury_withSkin.glb
EditorFileSystem: Importing file: res://asset/personnage/alliés/Meshy_AI_Lumensteel_Knight_biped/Meshy_AI_Lumensteel_Knight_biped_Animation_Fall_Dead_from_Abdominal_Injury_withSkin.glb
[   0% ] import | Started Importer une scène (104 steps)
[   0% ] import | Importation de la scène…
glTF: Total buffers: 1
glTF: Total buffer views: 81
glTF: Total accessors: 81
glTF: Total skins: 1
glTF: Parsing mesh: 0
WARNING: glTF import: Buffer view byte stride should be declared for vertex attributes. Assuming packed data and reading anyway.
WARNING: glTF import: Buffer view byte stride should be declared for vertex attributes. Assuming packed data and reading anyway.
WARNING: glTF import: Buffer view byte stride should be declared for vertex attributes. Assuming packed data and reading anyway.
WARNING: glTF import: Buffer view byte stride should be declared for vertex attributes. Assuming packed data and reading anyway.
WARNING: glTF import: Buffer view byte stride should be declared for vertex attributes. Assuming packed data and reading anyway.
WARNING: glTF import: Buffer view byte stride should be declared for vertex attributes. Assuming packed data and reading anyway.
glTF: Total meshes: 1
glTF: Total animations '1'.
glTF: Converting spatial: Armature
glTF: Creating mesh for: char1
LOD Generation: Triangles 156925, vertices 255571 (merged 112520), deformable
  LOD 1: 78461 triangles, error 0.00182697968557 (step error 0.00182697968557)
  LOD 2: 39230 triangles, error 0.00338247651234 (step error 0.00338247651234)
  LOD 3: 19614 triangles, error 0.01069365348667 (step error 0.01069365348667)
  LOD stop: got 15958 triangles when asking for 9807
[   1% ] import | Lancement du script personnalisé…
[  99% ] import | Enregistrement…
Saving scene to: res://.godot/imported/Meshy_AI_Lumensteel_Knight_biped_Animation_Fall_Dead_from_Abdominal_Injury_withSkin.glb-fc3d1dd0031128c73bf262abb16d98e5.scn
[ DONE ] import

EditorFileSystem: "res://asset/personnage/alliés/Meshy_AI_Lumensteel_Knight_biped/Meshy_AI_Lumensteel_Knight_biped_Animation_Fall_Dead_from_Abdominal_Injury_withSkin.glb" import took 637 ms.
[  99% ] reimport | Meshy_AI_Lumensteel_Knight_biped_Animation_Lower_Weapon_Look_Raise_withSkin.glb
EditorFileSystem: Importing file: res://asset/personnage/alliés/Meshy_AI_Lumensteel_Knight_biped/Meshy_AI_Lumensteel_Knight_biped_Animation_Lower_Weapon_Look_Raise_withSkin.glb
[   0% ] import | Started Importer une scène (104 steps)
[   0% ] import | Importation de la scène…
glTF: Total buffers: 1
glTF: Total buffer views: 81
glTF: Total accessors: 81
glTF: Total skins: 1
glTF: Parsing mesh: 0
WARNING: glTF import: Buffer view byte stride should be declared for vertex attributes. Assuming packed data and reading anyway.
WARNING: glTF import: Buffer view byte stride should be declared for vertex attributes. Assuming packed data and reading anyway.
WARNING: glTF import: Buffer view byte stride should be declared for vertex attributes. Assuming packed data and reading anyway.
WARNING: glTF import: Buffer view byte stride should be declared for vertex attributes. Assuming packed data and reading anyway.
WARNING: glTF import: Buffer view byte stride should be declared for vertex attributes. Assuming packed data and reading anyway.
WARNING: glTF import: Buffer view byte stride should be declared for vertex attributes. Assuming packed data and reading anyway.
glTF: Total meshes: 1
glTF: Total animations '1'.
glTF: Converting spatial: Armature
glTF: Creating mesh for: char1
LOD Generation: Triangles 156925, vertices 255571 (merged 112520), deformable
  LOD 1: 78461 triangles, error 0.00182697968557 (step error 0.00182697968557)
  LOD 2: 39230 triangles, error 0.00338247651234 (step error 0.00338247651234)
  LOD 3: 19614 triangles, error 0.01069365348667 (step error 0.01069365348667)
  LOD stop: got 15958 triangles when asking for 9807
[   1% ] import | Lancement du script personnalisé…
[  99% ] import | Enregistrement…
Saving scene to: res://.godot/imported/Meshy_AI_Lumensteel_Knight_biped_Animation_Lower_Weapon_Look_Raise_withSkin.glb-d6626ca71a6963286a2aaad0fff1c37b.scn
[ DONE ] import

EditorFileSystem: "res://asset/personnage/alliés/Meshy_AI_Lumensteel_Knight_biped/Meshy_AI_Lumensteel_Knight_biped_Animation_Lower_Weapon_Look_Raise_withSkin.glb" import took 658 ms.
[  99% ] reimport | Finalisation des importations de ressources…
[ DONE ] reimport

[   0% ] reimport | Started Ré-importation des assets (448 steps)
[   0% ] reimport | Exécution des opérations post-réimportation…
[ DONE ] reimport

[   0% ] loading_editor_layout | Started Chargement de l’éditeur (5 steps)
[   0% ] loading_editor_layout | Chargement de la disposition de l’éditeur…
[  16% ] loading_editor_layout | Chargement des docks…
[ DONE ] loading_editor_layout

Unloading addon: res://addons/gut/plugin.cfg
Unloading addon: res://addons/meshy-godot-plugin/plugin.cfg
Script docs haven't been properly loaded or regenerated, so don't save them to disk.
EditorSettings: Save OK!
