build,armor,kit,route,guard_rule,hp_scale,damage_scale,turns,won,hp_left,net_loss,gross_loss
duelliste,airain,aucun,puits,unlimited,0.8,0.8,3,True,90.8,19.2,19.2
duelliste,airain,aucun,puits,unlimited,0.8,1.0,3,True,86.0,24.0,24.0
duelliste,airain,aucun,puits,unlimited,0.8,1.2,3,True,81.2,28.8,28.8
duelliste,airain,aucun,puits,unlimited,1.0,0.8,3,True,90.8,19.2,19.2
duelliste,airain,aucun,puits,unlimited,1.0,1.0,3,True,86.0,24.0,24.0
duelliste,airain,aucun,puits,unlimited,1.0,1.2,3,True,81.2,28.8,28.8
duelliste,airain,aucun,puits,unlimited,1.2,0.8,4,True,81.2,28.8,28.8
duelliste,airain,aucun,puits,unlimited,1.2,1.0,4,True,74.0,36.0,36.0
duelliste,airain,aucun,puits,unlimited,1.2,1.2,4,True,66.8,43.2,43.2
duelliste,airain,aucun,porte,unlimited,0.8,0.8,6,True,77.48,32.52,32.52
duelliste,airain,aucun,porte,unlimited,0.8,1.0,6,True,69.35,40.65,40.65
duelliste,airain,aucun,porte,unlimited,0.8,1.2,6,True,61.23,48.77,48.77
duelliste,airain,aucun,porte,unlimited,1.0,0.8,6,True,77.48,32.52,32.52
duelliste,airain,aucun,porte,unlimited,1.0,1.0,6,True,69.35,40.65,40.65
duelliste,airain,aucun,porte,unlimited,1.0,1.2,6,True,61.23,48.77,48.77
duelliste,airain,aucun,porte,unlimited,1.2,0.8,7,True,68.19,41.81,41.81
duelliste,airain,aucun,porte,unlimited,1.2,1.0,7,True,57.74,52.26,52.26
duelliste,airain,aucun,porte,unlimited,1.2,1.2,7,True,47.29,62.71,62.71
duelliste,airain,aucun,barque,unlimited,0.8,0.8,5,True,82.13,27.87,27.87
duelliste,airain,aucun,barque,unlimited,0.8,1.0,5,True,75.16,34.84,34.84
duelliste,airain,aucun,barque,unlimited,0.8,1.2,5,True,68.19,41.81,41.81
duelliste,airain,aucun,barque,unlimited,1.0,0.8,6,True,72.84,37.16,37.16
duelliste,airain,aucun,barque,unlimited,1.0,1.0,6,True,63.55,46.45,46.45
duelliste,airain,aucun,barque,unlimited,1.0,1.2,6,True,54.26,55.74,55.74
duelliste,airain,aucun,barque,unlimited,1.2,0.8,6,True,55.39,54.61,54.61
duelliste,airain,aucun,barque,unlimited,1.2,1.0,6,True,41.74,68.26,68.26
duelliste,airain,aucun,barque,unlimited,1.2,1.2,6,True,28.09,81.91,81.91
duelliste,airain,purification,puits,unlimited,0.8,0.8,3,True,90.8,19.2,19.2
duelliste,airain,purification,puits,unlimited,0.8,1.0,3,True,86.0,24.0,24.0
duelliste,airain,purification,puits,unlimited,0.8,1.2,3,True,81.2,28.8,28.8
duelliste,airain,purification,puits,unlimited,1.0,0.8,3,True,90.8,19.2,19.2
duelliste,airain,purification,puits,unlimited,1.0,1.0,3,True,86.0,24.0,24.0
duelliste,airain,purification,puits,unlimited,1.0,1.2,3,True,81.2,28.8,28.8
duelliste,airain,purification,puits,unlimited,1.2,0.8,4,True,81.2,28.8,28.8
duelliste,airain,purification,puits,unlimited,1.2,1.0,4,True,74.0,36.0,36.0
duelliste,airain,purification,puits,unlimited,1.2,1.2,4,True,66.8,43.2,43.2
duelliste,airain,purification,porte,unlimited,0.8,0.8,6,True,77.48,32.52,32.52
duelliste,airain,purification,porte,unlimited,0.8,1.0,6,True,69.35,40.65,40.65
duelliste,airain,purification,porte,unlimited,0.8,1.2,6,True,61.23,48.77,48.77
duelliste,airain,purification,porte,unlimited,1.0,0.8,6,True,77.48,32.52,32.52
duelliste,airain,purification,porte,unlimited,1.0,1.0,6,True,69.35,40.65,40.65
duelliste,airain,purification,porte,unlimited,1.0,1.2,6,True,61.23,48.77,48.77
duelliste,airain,purification,porte,unlimited,1.2,0.8,7,True,68.19,41.81,41.81
duelliste,airain,purification,porte,unlimited,1.2,1.0,7,True,57.74,52.26,52.26
duelliste,airain,purification,porte,unlimited,1.2,1.2,7,True,47.29,62.71,62.71
duelliste,airain,purification,barque,unlimited,0.8,0.8,5,True,82.13,27.87,27.87
duelliste,airain,purification,barque,unlimited,0.8,1.0,5,True,75.16,34.84,34.84
duelliste,airain,purification,barque,unlimited,0.8,1.2,5,True,68.19,41.81,41.81
duelliste,airain,purification,barque,unlimited,1.0,0.8,6,True,72.84,37.16,37.16
duelliste,airain,purification,barque,unlimited,1.0,1.0,6,True,63.55,46.45,46.45
duelliste,airain,purification,barque,unlimited,1.0,1.2,6,True,54.26,55.74,55.74
duelliste,airain,purification,barque,unlimited,1.2,0.8,6,True,55.39,54.61,54.61
duelliste,airain,purification,barque,unlimited,1.2,1.0,6,True,41.74,68.26,68.26
duelliste,airain,purification,barque,unlimited,1.2,1.2,6,True,28.09,81.91,81.91
duelliste,airain,ancrage,puits,unlimited,0.8,0.8,3,True,90.8,19.2,19.2
duelliste,airain,ancrage,puits,unlimited,0.8,1.0,3,True,86.0,24.0,24.0
duelliste,airain,ancrage,puits,unlimited,0.8,1.2,3,True,81.2,28.8,28.8
duelliste,airain,ancrage,puits,unlimited,1.0,0.8,3,True,90.8,19.2,19.2
duelliste,airain,ancrage,puits,unlimited,1.0,1.0,3,True,86.0,24.0,24.0
duelliste,airain,ancrage,puits,unlimited,1.0,1.2,3,True,81.2,28.8,28.8
duelliste,airain,ancrage,puits,unlimited,1.2,0.8,4,True,81.2,28.8,28.8
duelliste,airain,ancrage,puits,unlimited,1.2,1.0,4,True,74.0,36.0,36.0
duelliste,airain,ancrage,puits,unlimited,1.2,1.2,4,True,66.8,43.2,43.2
duelliste,airain,ancrage,porte,unlimited,0.8,0.8,6,True,77.48,32.52,32.52
duelliste,airain,ancrage,porte,unlimited,0.8,1.0,6,True,69.35,40.65,40.65
duelliste,airain,ancrage,porte,unlimited,0.8,1.2,6,True,61.23,48.77,48.77
duelliste,airain,ancrage,porte,unlimited,1.0,0.8,6,True,77.48,32.52,32.52
duelliste,airain,ancrage,porte,unlimited,1.0,1.0,6,True,69.35,40.65,40.65
duelliste,airain,ancrage,porte,unlimited,1.0,1.2,6,True,61.23,48.77,48.77
duelliste,airain,ancrage,porte,unlimited,1.2,0.8,7,True,68.19,41.81,41.81
duelliste,airain,ancrage,porte,unlimited,1.2,1.0,7,True,57.74,52.26,52.26
duelliste,airain,ancrage,porte,unlimited,1.2,1.2,7,True,47.29,62.71,62.71
duelliste,airain,ancrage,barque,unlimited,0.8,0.8,4,True,86.77,23.23,23.23
duelliste,airain,ancrage,barque,unlimited,0.8,1.0,4,True,80.97,29.03,29.03
duelliste,airain,ancrage,barque,unlimited,0.8,1.2,4,True,75.16,34.84,34.84
duelliste,airain,ancrage,barque,unlimited,1.0,0.8,5,True,82.13,27.87,27.87
duelliste,airain,ancrage,barque,unlimited,1.0,1.0,5,True,75.16,34.84,34.84
duelliste,airain,ancrage,barque,unlimited,1.0,1.2,5,True,68.19,41.81,41.81
duelliste,airain,ancrage,barque,unlimited,1.2,0.8,5,True,77.48,32.52,32.52
duelliste,airain,ancrage,barque,unlimited,1.2,1.0,5,True,69.35,40.65,40.65
duelliste,airain,ancrage,barque,unlimited,1.2,1.2,5,True,61.23,48.77,48.77
duelliste,sceau,aucun,puits,unlimited,0.8,0.8,3,True,97.61,12.39,12.39
duelliste,sceau,aucun,puits,unlimited,0.8,1.0,3,True,94.52,15.48,15.48
duelliste,sceau,aucun,puits,unlimited,0.8,1.2,3,True,91.42,18.58,18.58
duelliste,sceau,aucun,puits,unlimited,1.0,0.8,3,True,97.61,12.39,12.39
duelliste,sceau,aucun,puits,unlimited,1.0,1.0,3,True,94.52,15.48,15.48
duelliste,sceau,aucun,puits,unlimited,1.0,1.2,3,True,91.42,18.58,18.58
duelliste,sceau,aucun,puits,unlimited,1.2,0.8,4,True,91.42,18.58,18.58
duelliste,sceau,aucun,puits,unlimited,1.2,1.0,4,True,86.77,23.23,23.23
duelliste,sceau,aucun,puits,unlimited,1.2,1.2,4,True,82.13,27.87,27.87
duelliste,sceau,aucun,porte,unlimited,0.8,0.8,6,True,59.6,50.4,50.4
duelliste,sceau,aucun,porte,unlimited,0.8,1.0,6,True,47.0,63.0,63.0
duelliste,sceau,aucun,porte,unlimited,0.8,1.2,6,True,34.4,75.6,75.6
duelliste,sceau,aucun,porte,unlimited,1.0,0.8,6,True,59.6,50.4,50.4
duelliste,sceau,aucun,porte,unlimited,1.0,1.0,6,True,47.0,63.0,63.0
duelliste,sceau,aucun,porte,unlimited,1.0,1.2,6,True,34.4,75.6,75.6
duelliste,sceau,aucun,porte,unlimited,1.2,0.8,7,True,45.2,64.8,64.8
duelliste,sceau,aucun,porte,unlimited,1.2,1.0,7,True,29.0,81.0,81.0
duelliste,sceau,aucun,porte,unlimited,1.2,1.2,7,True,12.8,97.2,97.2
duelliste,sceau,aucun,barque,unlimited,0.8,0.8,5,True,66.8,43.2,43.2
duelliste,sceau,aucun,barque,unlimited,0.8,1.0,5,True,56.0,54.0,54.0
duelliste,sceau,aucun,barque,unlimited,0.8,1.2,5,True,45.2,64.8,64.8
duelliste,sceau,aucun,barque,unlimited,1.0,0.8,6,True,52.4,57.6,57.6
duelliste,sceau,aucun,barque,unlimited,1.0,1.0,6,True,38.0,72.0,72.0
duelliste,sceau,aucun,barque,unlimited,1.0,1.2,6,True,23.6,86.4,86.4
duelliste,sceau,aucun,barque,unlimited,1.2,0.8,6,True,36.94,73.06,73.06
duelliste,sceau,aucun,barque,unlimited,1.2,1.0,6,True,18.68,91.32,91.32
duelliste,sceau,aucun,barque,unlimited,1.2,1.2,6,True,0.41,109.59,109.59
duelliste,sceau,purification,puits,unlimited,0.8,0.8,3,True,97.61,12.39,12.39
duelliste,sceau,purification,puits,unlimited,0.8,1.0,3,True,94.52,15.48,15.48
duelliste,sceau,purification,puits,unlimited,0.8,1.2,3,True,91.42,18.58,18.58
duelliste,sceau,purification,puits,unlimited,1.0,0.8,3,True,97.61,12.39,12.39
duelliste,sceau,purification,puits,unlimited,1.0,1.0,3,True,94.52,15.48,15.48
duelliste,sceau,purification,puits,unlimited,1.0,1.2,3,True,91.42,18.58,18.58
duelliste,sceau,purification,puits,unlimited,1.2,0.8,4,True,91.42,18.58,18.58
duelliste,sceau,purification,puits,unlimited,1.2,1.0,4,True,86.77,23.23,23.23
duelliste,sceau,purification,puits,unlimited,1.2,1.2,4,True,82.13,27.87,27.87
duelliste,sceau,purification,porte,unlimited,0.8,0.8,6,True,59.6,50.4,50.4
duelliste,sceau,purification,porte,unlimited,0.8,1.0,6,True,47.0,63.0,63.0
duelliste,sceau,purification,porte,unlimited,0.8,1.2,6,True,34.4,75.6,75.6
duelliste,sceau,purification,porte,unlimited,1.0,0.8,6,True,59.6,50.4,50.4
duelliste,sceau,purification,porte,unlimited,1.0,1.0,6,True,47.0,63.0,63.0
duelliste,sceau,purification,porte,unlimited,1.0,1.2,6,True,34.4,75.6,75.6
duelliste,sceau,purification,porte,unlimited,1.2,0.8,7,True,45.2,64.8,64.8
duelliste,sceau,purification,porte,unlimited,1.2,1.0,7,True,29.0,81.0,81.0
duelliste,sceau,purification,porte,unlimited,1.2,1.2,7,True,12.8,97.2,97.2
duelliste,sceau,purification,barque,unlimited,0.8,0.8,5,True,66.8,43.2,43.2
duelliste,sceau,purification,barque,unlimited,0.8,1.0,5,True,56.0,54.0,54.0
duelliste,sceau,purification,barque,unlimited,0.8,1.2,5,True,45.2,64.8,64.8
duelliste,sceau,purification,barque,unlimited,1.0,0.8,6,True,52.4,57.6,57.6
duelliste,sceau,purification,barque,unlimited,1.0,1.0,6,True,38.0,72.0,72.0
duelliste,sceau,purification,barque,unlimited,1.0,1.2,6,True,23.6,86.4,86.4
duelliste,sceau,purification,barque,unlimited,1.2,0.8,6,True,36.94,73.06,73.06
duelliste,sceau,purification,barque,unlimited,1.2,1.0,6,True,18.68,91.32,91.32
duelliste,sceau,purification,barque,unlimited,1.2,1.2,6,True,0.41,109.59,109.59
duelliste,sceau,ancrage,puits,unlimited,0.8,0.8,3,True,97.61,12.39,12.39
duelliste,sceau,ancrage,puits,unlimited,0.8,1.0,3,True,94.52,15.48,15.48
duelliste,sceau,ancrage,puits,unlimited,0.8,1.2,3,True,91.42,18.58,18.58
duelliste,sceau,ancrage,puits,unlimited,1.0,0.8,3,True,97.61,12.39,12.39
duelliste,sceau,ancrage,puits,unlimited,1.0,1.0,3,True,94.52,15.48,15.48
duelliste,sceau,ancrage,puits,unlimited,1.0,1.2,3,True,91.42,18.58,18.58
duelliste,sceau,ancrage,puits,unlimited,1.2,0.8,4,True,91.42,18.58,18.58
duelliste,sceau,ancrage,puits,unlimited,1.2,1.0,4,True,86.77,23.23,23.23
duelliste,sceau,ancrage,puits,unlimited,1.2,1.2,4,True,82.13,27.87,27.87
duelliste,sceau,ancrage,porte,unlimited,0.8,0.8,6,True,59.6,50.4,50.4
duelliste,sceau,ancrage,porte,unlimited,0.8,1.0,6,True,47.0,63.0,63.0
duelliste,sceau,ancrage,porte,unlimited,0.8,1.2,6,True,34.4,75.6,75.6
duelliste,sceau,ancrage,porte,unlimited,1.0,0.8,6,True,59.6,50.4,50.4
duelliste,sceau,ancrage,porte,unlimited,1.0,1.0,6,True,47.0,63.0,63.0
duelliste,sceau,ancrage,porte,unlimited,1.0,1.2,6,True,34.4,75.6,75.6
duelliste,sceau,ancrage,porte,unlimited,1.2,0.8,7,True,45.2,64.8,64.8
duelliste,sceau,ancrage,porte,unlimited,1.2,1.0,7,True,29.0,81.0,81.0
duelliste,sceau,ancrage,porte,unlimited,1.2,1.2,7,True,12.8,97.2,97.2
duelliste,sceau,ancrage,barque,unlimited,0.8,0.8,4,True,74.0,36.0,36.0
duelliste,sceau,ancrage,barque,unlimited,0.8,1.0,4,True,65.0,45.0,45.0
duelliste,sceau,ancrage,barque,unlimited,0.8,1.2,4,True,56.0,54.0,54.0
duelliste,sceau,ancrage,barque,unlimited,1.0,0.8,5,True,66.8,43.2,43.2
duelliste,sceau,ancrage,barque,unlimited,1.0,1.0,5,True,56.0,54.0,54.0
duelliste,sceau,ancrage,barque,unlimited,1.0,1.2,5,True,45.2,64.8,64.8
duelliste,sceau,ancrage,barque,unlimited,1.2,0.8,5,True,59.6,50.4,50.4
duelliste,sceau,ancrage,barque,unlimited,1.2,1.0,5,True,47.0,63.0,63.0
duelliste,sceau,ancrage,barque,unlimited,1.2,1.2,5,True,34.4,75.6,75.6
duelliste,mixte,aucun,puits,unlimited,0.8,0.8,3,True,94.26,15.74,15.74
duelliste,mixte,aucun,puits,unlimited,0.8,1.0,3,True,90.33,19.67,19.67
duelliste,mixte,aucun,puits,unlimited,0.8,1.2,3,True,86.39,23.61,23.61
duelliste,mixte,aucun,puits,unlimited,1.0,0.8,3,True,94.26,15.74,15.74
duelliste,mixte,aucun,puits,unlimited,1.0,1.0,3,True,90.33,19.67,19.67
duelliste,mixte,aucun,puits,unlimited,1.0,1.2,3,True,86.39,23.61,23.61
duelliste,mixte,aucun,puits,unlimited,1.2,0.8,4,True,86.39,23.61,23.61
duelliste,mixte,aucun,puits,unlimited,1.2,1.0,4,True,80.49,29.51,29.51
duelliste,mixte,aucun,puits,unlimited,1.2,1.2,4,True,74.59,35.41,35.41
duelliste,mixte,aucun,porte,unlimited,0.8,0.8,6,True,68.69,41.31,41.31
duelliste,mixte,aucun,porte,unlimited,0.8,1.0,6,True,58.36,51.64,51.64
duelliste,mixte,aucun,porte,unlimited,0.8,1.2,6,True,48.03,61.97,61.97
duelliste,mixte,aucun,porte,unlimited,1.0,0.8,6,True,68.69,41.31,41.31
duelliste,mixte,aucun,porte,unlimited,1.0,1.0,6,True,58.36,51.64,51.64
duelliste,mixte,aucun,porte,unlimited,1.0,1.2,6,True,48.03,61.97,61.97
duelliste,mixte,aucun,porte,unlimited,1.2,0.8,7,True,56.89,53.11,53.11
duelliste,mixte,aucun,porte,unlimited,1.2,1.0,7,True,43.61,66.39,66.39
duelliste,mixte,aucun,porte,unlimited,1.2,1.2,7,True,30.33,79.67,79.67
duelliste,mixte,aucun,barque,unlimited,0.8,0.8,5,True,74.59,35.41,35.41
duelliste,mixte,aucun,barque,unlimited,0.8,1.0,5,True,65.74,44.26,44.26
duelliste,mixte,aucun,barque,unlimited,0.8,1.2,5,True,56.89,53.11,53.11
duelliste,mixte,aucun,barque,unlimited,1.0,0.8,6,True,62.79,47.21,47.21
duelliste,mixte,aucun,barque,unlimited,1.0,1.0,6,True,50.98,59.02,59.02
duelliste,mixte,aucun,barque,unlimited,1.0,1.2,6,True,39.18,70.82,70.82
duelliste,mixte,aucun,barque,unlimited,1.2,0.8,6,True,46.39,63.61,63.61
duelliste,mixte,aucun,barque,unlimited,1.2,1.0,6,True,30.49,79.51,79.51
duelliste,mixte,aucun,barque,unlimited,1.2,1.2,6,True,14.59,95.41,95.41
duelliste,mixte,purification,puits,unlimited,0.8,0.8,3,True,94.26,15.74,15.74
duelliste,mixte,purification,puits,unlimited,0.8,1.0,3,True,90.33,19.67,19.67
duelliste,mixte,purification,puits,unlimited,0.8,1.2,3,True,86.39,23.61,23.61
duelliste,mixte,purification,puits,unlimited,1.0,0.8,3,True,94.26,15.74,15.74
duelliste,mixte,purification,puits,unlimited,1.0,1.0,3,True,90.33,19.67,19.67
duelliste,mixte,purification,puits,unlimited,1.0,1.2,3,True,86.39,23.61,23.61
duelliste,mixte,purification,puits,unlimited,1.2,0.8,4,True,86.39,23.61,23.61
duelliste,mixte,purification,puits,unlimited,1.2,1.0,4,True,80.49,29.51,29.51
duelliste,mixte,purification,puits,unlimited,1.2,1.2,4,True,74.59,35.41,35.41
duelliste,mixte,purification,porte,unlimited,0.8,0.8,6,True,68.69,41.31,41.31
duelliste,mixte,purification,porte,unlimited,0.8,1.0,6,True,58.36,51.64,51.64
duelliste,mixte,purification,porte,unlimited,0.8,1.2,6,True,48.03,61.97,61.97
duelliste,mixte,purification,porte,unlimited,1.0,0.8,6,True,68.69,41.31,41.31
duelliste,mixte,purification,porte,unlimited,1.0,1.0,6,True,58.36,51.64,51.64
duelliste,mixte,purification,porte,unlimited,1.0,1.2,6,True,48.03,61.97,61.97
duelliste,mixte,purification,porte,unlimited,1.2,0.8,7,True,56.89,53.11,53.11
duelliste,mixte,purification,porte,unlimited,1.2,1.0,7,True,43.61,66.39,66.39
duelliste,mixte,purification,porte,unlimited,1.2,1.2,7,True,30.33,79.67,79.67
duelliste,mixte,purification,barque,unlimited,0.8,0.8,5,True,74.59,35.41,35.41
duelliste,mixte,purification,barque,unlimited,0.8,1.0,5,True,65.74,44.26,44.26
duelliste,mixte,purification,barque,unlimited,0.8,1.2,5,True,56.89,53.11,53.11
duelliste,mixte,purification,barque,unlimited,1.0,0.8,6,True,62.79,47.21,47.21
duelliste,mixte,purification,barque,unlimited,1.0,1.0,6,True,50.98,59.02,59.02
duelliste,mixte,purification,barque,unlimited,1.0,1.2,6,True,39.18,70.82,70.82
duelliste,mixte,purification,barque,unlimited,1.2,0.8,6,True,46.39,63.61,63.61
duelliste,mixte,purification,barque,unlimited,1.2,1.0,6,True,30.49,79.51,79.51
duelliste,mixte,purification,barque,unlimited,1.2,1.2,6,True,14.59,95.41,95.41
duelliste,mixte,ancrage,puits,unlimited,0.8,0.8,3,True,94.26,15.74,15.74
duelliste,mixte,ancrage,puits,unlimited,0.8,1.0,3,True,90.33,19.67,19.67
duelliste,mixte,ancrage,puits,unlimited,0.8,1.2,3,True,86.39,23.61,23.61
duelliste,mixte,ancrage,puits,unlimited,1.0,0.8,3,True,94.26,15.74,15.74
duelliste,mixte,ancrage,puits,unlimited,1.0,1.0,3,True,90.33,19.67,19.67
duelliste,mixte,ancrage,puits,unlimited,1.0,1.2,3,True,86.39,23.61,23.61
duelliste,mixte,ancrage,puits,unlimited,1.2,0.8,4,True,86.39,23.61,23.61
duelliste,mixte,ancrage,puits,unlimited,1.2,1.0,4,True,80.49,29.51,29.51
duelliste,mixte,ancrage,puits,unlimited,1.2,1.2,4,True,74.59,35.41,35.41
duelliste,mixte,ancrage,porte,unlimited,0.8,0.8,6,True,68.69,41.31,41.31
duelliste,mixte,ancrage,porte,unlimited,0.8,1.0,6,True,58.36,51.64,51.64
duelliste,mixte,ancrage,porte,unlimited,0.8,1.2,6,True,48.03,61.97,61.97
duelliste,mixte,ancrage,porte,unlimited,1.0,0.8,6,True,68.69,41.31,41.31
duelliste,mixte,ancrage,porte,unlimited,1.0,1.0,6,True,58.36,51.64,51.64
duelliste,mixte,ancrage,porte,unlimited,1.0,1.2,6,True,48.03,61.97,61.97
duelliste,mixte,ancrage,porte,unlimited,1.2,0.8,7,True,56.89,53.11,53.11
duelliste,mixte,ancrage,porte,unlimited,1.2,1.0,7,True,43.61,66.39,66.39
duelliste,mixte,ancrage,porte,unlimited,1.2,1.2,7,True,30.33,79.67,79.67
duelliste,mixte,ancrage,barque,unlimited,0.8,0.8,4,True,80.49,29.51,29.51
duelliste,mixte,ancrage,barque,unlimited,0.8,1.0,4,True,73.11,36.89,36.89
duelliste,mixte,ancrage,barque,unlimited,0.8,1.2,4,True,65.74,44.26,44.26
duelliste,mixte,ancrage,barque,unlimited,1.0,0.8,5,True,74.59,35.41,35.41
duelliste,mixte,ancrage,barque,unlimited,1.0,1.0,5,True,65.74,44.26,44.26
duelliste,mixte,ancrage,barque,unlimited,1.0,1.2,5,True,56.89,53.11,53.11
duelliste,mixte,ancrage,barque,unlimited,1.2,0.8,5,True,68.69,41.31,41.31
duelliste,mixte,ancrage,barque,unlimited,1.2,1.0,5,True,58.36,51.64,51.64
duelliste,mixte,ancrage,barque,unlimited,1.2,1.2,5,True,48.03,61.97,61.97
duelliste,legere,aucun,puits,unlimited,0.8,0.8,3,True,92.55,17.45,17.45
duelliste,legere,aucun,puits,unlimited,0.8,1.0,3,True,88.18,21.82,21.82
duelliste,legere,aucun,puits,unlimited,0.8,1.2,3,True,83.82,26.18,26.18
duelliste,legere,aucun,puits,unlimited,1.0,0.8,3,True,92.55,17.45,17.45
duelliste,legere,aucun,puits,unlimited,1.0,1.0,3,True,88.18,21.82,21.82
duelliste,legere,aucun,puits,unlimited,1.0,1.2,3,True,83.82,26.18,26.18
duelliste,legere,aucun,puits,unlimited,1.2,0.8,4,True,83.82,26.18,26.18
duelliste,legere,aucun,puits,unlimited,1.2,1.0,4,True,77.27,32.73,32.73
duelliste,legere,aucun,puits,unlimited,1.2,1.2,4,True,70.73,39.27,39.27
duelliste,legere,aucun,porte,unlimited,0.8,0.8,6,True,64.18,45.82,45.82
duelliste,legere,aucun,porte,unlimited,0.8,1.0,6,True,52.73,57.27,57.27
duelliste,legere,aucun,porte,unlimited,0.8,1.2,6,True,41.27,68.73,68.73
duelliste,legere,aucun,porte,unlimited,1.0,0.8,6,True,64.18,45.82,45.82
duelliste,legere,aucun,porte,unlimited,1.0,1.0,6,True,52.73,57.27,57.27
duelliste,legere,aucun,porte,unlimited,1.0,1.2,6,True,41.27,68.73,68.73
duelliste,legere,aucun,porte,unlimited,1.2,0.8,7,True,51.09,58.91,58.91
duelliste,legere,aucun,porte,unlimited,1.2,1.0,7,True,36.36,73.64,73.64
duelliste,legere,aucun,porte,unlimited,1.2,1.2,7,True,21.64,88.36,88.36
duelliste,legere,aucun,barque,unlimited,0.8,0.8,5,True,70.73,39.27,39.27
duelliste,legere,aucun,barque,unlimited,0.8,1.0,5,True,60.91,49.09,49.09
duelliste,legere,aucun,barque,unlimited,0.8,1.2,5,True,51.09,58.91,58.91
duelliste,legere,aucun,barque,unlimited,1.0,0.8,6,True,57.64,52.36,52.36
duelliste,legere,aucun,barque,unlimited,1.0,1.0,6,True,44.55,65.45,65.45
duelliste,legere,aucun,barque,unlimited,1.0,1.2,6,True,31.45,78.55,78.55
duelliste,legere,aucun,barque,unlimited,1.2,0.8,6,True,39.45,70.55,70.55
duelliste,legere,aucun,barque,unlimited,1.2,1.0,6,True,21.82,88.18,88.18
duelliste,legere,aucun,barque,unlimited,1.2,1.2,6,True,4.18,105.82,105.82
duelliste,legere,purification,puits,unlimited,0.8,0.8,3,True,92.55,17.45,17.45
duelliste,legere,purification,puits,unlimited,0.8,1.0,3,True,88.18,21.82,21.82
duelliste,legere,purification,puits,unlimited,0.8,1.2,3,True,83.82,26.18,26.18
duelliste,legere,purification,puits,unlimited,1.0,0.8,3,True,92.55,17.45,17.45
duelliste,legere,purification,puits,unlimited,1.0,1.0,3,True,88.18,21.82,21.82
duelliste,legere,purification,puits,unlimited,1.0,1.2,3,True,83.82,26.18,26.18
duelliste,legere,purification,puits,unlimited,1.2,0.8,4,True,83.82,26.18,26.18
duelliste,legere,purification,puits,unlimited,1.2,1.0,4,True,77.27,32.73,32.73
duelliste,legere,purification,puits,unlimited,1.2,1.2,4,True,70.73,39.27,39.27
duelliste,legere,purification,porte,unlimited,0.8,0.8,6,True,64.18,45.82,45.82
duelliste,legere,purification,porte,unlimited,0.8,1.0,6,True,52.73,57.27,57.27
duelliste,legere,purification,porte,unlimited,0.8,1.2,6,True,41.27,68.73,68.73
duelliste,legere,purification,porte,unlimited,1.0,0.8,6,True,64.18,45.82,45.82
duelliste,legere,purification,porte,unlimited,1.0,1.0,6,True,52.73,57.27,57.27
duelliste,legere,purification,porte,unlimited,1.0,1.2,6,True,41.27,68.73,68.73
duelliste,legere,purification,porte,unlimited,1.2,0.8,7,True,51.09,58.91,58.91
duelliste,legere,purification,porte,unlimited,1.2,1.0,7,True,36.36,73.64,73.64
duelliste,legere,purification,porte,unlimited,1.2,1.2,7,True,21.64,88.36,88.36
duelliste,legere,purification,barque,unlimited,0.8,0.8,5,True,70.73,39.27,39.27
duelliste,legere,purification,barque,unlimited,0.8,1.0,5,True,60.91,49.09,49.09
duelliste,legere,purification,barque,unlimited,0.8,1.2,5,True,51.09,58.91,58.91
duelliste,legere,purification,barque,unlimited,1.0,0.8,6,True,57.64,52.36,52.36
duelliste,legere,purification,barque,unlimited,1.0,1.0,6,True,44.55,65.45,65.45
duelliste,legere,purification,barque,unlimited,1.0,1.2,6,True,31.45,78.55,78.55
duelliste,legere,purification,barque,unlimited,1.2,0.8,6,True,39.45,70.55,70.55
duelliste,legere,purification,barque,unlimited,1.2,1.0,6,True,21.82,88.18,88.18
duelliste,legere,purification,barque,unlimited,1.2,1.2,6,True,4.18,105.82,105.82
duelliste,legere,ancrage,puits,unlimited,0.8,0.8,3,True,92.55,17.45,17.45
duelliste,legere,ancrage,puits,unlimited,0.8,1.0,3,True,88.18,21.82,21.82
duelliste,legere,ancrage,puits,unlimited,0.8,1.2,3,True,83.82,26.18,26.18
duelliste,legere,ancrage,puits,unlimited,1.0,0.8,3,True,92.55,17.45,17.45
duelliste,legere,ancrage,puits,unlimited,1.0,1.0,3,True,88.18,21.82,21.82
duelliste,legere,ancrage,puits,unlimited,1.0,1.2,3,True,83.82,26.18,26.18
duelliste,legere,ancrage,puits,unlimited,1.2,0.8,4,True,83.82,26.18,26.18
duelliste,legere,ancrage,puits,unlimited,1.2,1.0,4,True,77.27,32.73,32.73
duelliste,legere,ancrage,puits,unlimited,1.2,1.2,4,True,70.73,39.27,39.27
duelliste,legere,ancrage,porte,unlimited,0.8,0.8,6,True,64.18,45.82,45.82
duelliste,legere,ancrage,porte,unlimited,0.8,1.0,6,True,52.73,57.27,57.27
duelliste,legere,ancrage,porte,unlimited,0.8,1.2,6,True,41.27,68.73,68.73
duelliste,legere,ancrage,porte,unlimited,1.0,0.8,6,True,64.18,45.82,45.82
duelliste,legere,ancrage,porte,unlimited,1.0,1.0,6,True,52.73,57.27,57.27
duelliste,legere,ancrage,porte,unlimited,1.0,1.2,6,True,41.27,68.73,68.73
duelliste,legere,ancrage,porte,unlimited,1.2,0.8,7,True,51.09,58.91,58.91
duelliste,legere,ancrage,porte,unlimited,1.2,1.0,7,True,36.36,73.64,73.64
duelliste,legere,ancrage,porte,unlimited,1.2,1.2,7,True,21.64,88.36,88.36
duelliste,legere,ancrage,barque,unlimited,0.8,0.8,4,True,77.27,32.73,32.73
duelliste,legere,ancrage,barque,unlimited,0.8,1.0,4,True,69.09,40.91,40.91
duelliste,legere,ancrage,barque,unlimited,0.8,1.2,4,True,60.91,49.09,49.09
duelliste,legere,ancrage,barque,unlimited,1.0,0.8,5,True,70.73,39.27,39.27
duelliste,legere,ancrage,barque,unlimited,1.0,1.0,5,True,60.91,49.09,49.09
duelliste,legere,ancrage,barque,unlimited,1.0,1.2,5,True,51.09,58.91,58.91
duelliste,legere,ancrage,barque,unlimited,1.2,0.8,5,True,64.18,45.82,45.82
duelliste,legere,ancrage,barque,unlimited,1.2,1.0,5,True,52.73,57.27,57.27
duelliste,legere,ancrage,barque,unlimited,1.2,1.2,5,True,41.27,68.73,68.73
rempart,airain,aucun,puits,unlimited,0.8,0.8,5,True,110.0,0.0,0.0
rempart,airain,aucun,puits,unlimited,0.8,1.0,5,True,106.0,4.0,4.0
rempart,airain,aucun,puits,unlimited,0.8,1.2,5,True,96.4,13.6,13.6
rempart,airain,aucun,puits,unlimited,1.0,0.8,5,True,110.0,0.0,0.0
rempart,airain,aucun,puits,unlimited,1.0,1.0,5,True,106.0,4.0,4.0
rempart,airain,aucun,puits,unlimited,1.0,1.2,5,True,96.4,13.6,13.6
rempart,airain,aucun,puits,unlimited,1.2,0.8,7,True,103.2,6.8,6.8
rempart,airain,aucun,puits,unlimited,1.2,1.0,7,True,92.0,18.0,18.0
rempart,airain,aucun,puits,unlimited,1.2,1.2,7,True,75.2,34.8,34.8
rempart,airain,aucun,porte,unlimited,0.8,0.8,10,True,110.0,0.0,0.0
rempart,airain,aucun,porte,unlimited,0.8,1.0,10,True,108.77,1.23,1.23
rempart,airain,aucun,porte,unlimited,0.8,1.2,10,True,104.13,5.87,5.87
rempart,airain,aucun,porte,unlimited,1.0,0.8,11,True,110.0,0.0,0.0
rempart,airain,aucun,porte,unlimited,1.0,1.0,11,True,108.77,1.23,1.23
rempart,airain,aucun,porte,unlimited,1.0,1.2,11,True,104.13,5.87,5.87
rempart,airain,aucun,porte,unlimited,1.2,0.8,12,True,110.0,0.0,0.0
rempart,airain,aucun,porte,unlimited,1.2,1.0,12,True,108.77,1.23,1.23
rempart,airain,aucun,porte,unlimited,1.2,1.2,12,True,104.13,5.87,5.87
rempart,airain,aucun,barque,unlimited,0.8,0.8,9,True,109.91,0.09,0.09
rempart,airain,aucun,barque,unlimited,0.8,1.0,9,True,104.39,5.61,5.61
rempart,airain,aucun,barque,unlimited,0.8,1.2,9,True,98.86,11.14,11.14
rempart,airain,aucun,barque,unlimited,1.0,0.8,14,True,109.82,0.18,0.18
rempart,airain,aucun,barque,unlimited,1.0,1.0,14,True,98.77,11.23,11.23
rempart,airain,aucun,barque,unlimited,1.0,1.2,14,True,87.73,22.27,22.27
rempart,airain,aucun,barque,unlimited,1.2,0.8,14,True,109.82,0.18,0.18
rempart,airain,aucun,barque,unlimited,1.2,1.0,14,True,98.77,11.23,11.23
rempart,airain,aucun,barque,unlimited,1.2,1.2,14,True,87.73,22.27,22.27
rempart,airain,purification,puits,unlimited,0.8,0.8,5,True,110.0,0.0,0.0
rempart,airain,purification,puits,unlimited,0.8,1.0,5,True,106.0,4.0,4.0
rempart,airain,purification,puits,unlimited,0.8,1.2,5,True,96.4,13.6,13.6
rempart,airain,purification,puits,unlimited,1.0,0.8,5,True,110.0,0.0,0.0
rempart,airain,purification,puits,unlimited,1.0,1.0,5,True,106.0,4.0,4.0
rempart,airain,purification,puits,unlimited,1.0,1.2,5,True,96.4,13.6,13.6
rempart,airain,purification,puits,unlimited,1.2,0.8,7,True,103.2,6.8,6.8
rempart,airain,purification,puits,unlimited,1.2,1.0,7,True,92.0,18.0,18.0
rempart,airain,purification,puits,unlimited,1.2,1.2,7,True,75.2,34.8,34.8
rempart,airain,purification,porte,unlimited,0.8,0.8,10,True,110.0,0.0,0.0
rempart,airain,purification,porte,unlimited,0.8,1.0,10,True,108.77,1.23,1.23
rempart,airain,purification,porte,unlimited,0.8,1.2,10,True,104.13,5.87,5.87
rempart,airain,purification,porte,unlimited,1.0,0.8,11,True,110.0,0.0,0.0
rempart,airain,purification,porte,unlimited,1.0,1.0,11,True,108.77,1.23,1.23
rempart,airain,purification,porte,unlimited,1.0,1.2,11,True,104.13,5.87,5.87
rempart,airain,purification,porte,unlimited,1.2,0.8,12,True,110.0,0.0,0.0
rempart,airain,purification,porte,unlimited,1.2,1.0,12,True,108.77,1.23,1.23
rempart,airain,purification,porte,unlimited,1.2,1.2,12,True,104.13,5.87,5.87
rempart,airain,purification,barque,unlimited,0.8,0.8,9,True,109.91,0.09,0.09
rempart,airain,purification,barque,unlimited,0.8,1.0,9,True,104.39,5.61,5.61
rempart,airain,purification,barque,unlimited,0.8,1.2,9,True,98.86,11.14,11.14
rempart,airain,purification,barque,unlimited,1.0,0.8,14,True,109.82,0.18,0.18
rempart,airain,purification,barque,unlimited,1.0,1.0,14,True,98.77,11.23,11.23
rempart,airain,purification,barque,unlimited,1.0,1.2,14,True,87.73,22.27,22.27
rempart,airain,purification,barque,unlimited,1.2,0.8,14,True,109.82,0.18,0.18
rempart,airain,purification,barque,unlimited,1.2,1.0,14,True,98.77,11.23,11.23
rempart,airain,purification,barque,unlimited,1.2,1.2,14,True,87.73,22.27,22.27
rempart,airain,ancrage,puits,unlimited,0.8,0.8,5,True,110.0,0.0,0.0
rempart,airain,ancrage,puits,unlimited,0.8,1.0,5,True,106.0,4.0,4.0
rempart,airain,ancrage,puits,unlimited,0.8,1.2,5,True,96.4,13.6,13.6
rempart,airain,ancrage,puits,unlimited,1.0,0.8,5,True,110.0,0.0,0.0
rempart,airain,ancrage,puits,unlimited,1.0,1.0,5,True,106.0,4.0,4.0
rempart,airain,ancrage,puits,unlimited,1.0,1.2,5,True,96.4,13.6,13.6
rempart,airain,ancrage,puits,unlimited,1.2,0.8,7,True,103.2,6.8,6.8
rempart,airain,ancrage,puits,unlimited,1.2,1.0,7,True,92.0,18.0,18.0
rempart,airain,ancrage,puits,unlimited,1.2,1.2,7,True,75.2,34.8,34.8
rempart,airain,ancrage,porte,unlimited,0.8,0.8,10,True,110.0,0.0,0.0
rempart,airain,ancrage,porte,unlimited,0.8,1.0,10,True,108.77,1.23,1.23
rempart,airain,ancrage,porte,unlimited,0.8,1.2,10,True,104.13,5.87,5.87
rempart,airain,ancrage,porte,unlimited,1.0,0.8,11,True,110.0,0.0,0.0
rempart,airain,ancrage,porte,unlimited,1.0,1.0,11,True,108.77,1.23,1.23
rempart,airain,ancrage,porte,unlimited,1.0,1.2,11,True,104.13,5.87,5.87
rempart,airain,ancrage,porte,unlimited,1.2,0.8,12,True,110.0,0.0,0.0
rempart,airain,ancrage,porte,unlimited,1.2,1.0,12,True,108.77,1.23,1.23
rempart,airain,ancrage,porte,unlimited,1.2,1.2,12,True,104.13,5.87,5.87
rempart,airain,ancrage,barque,unlimited,0.8,0.8,6,True,110.0,0.0,0.0
rempart,airain,ancrage,barque,unlimited,0.8,1.0,6,True,110.0,0.0,0.0
rempart,airain,ancrage,barque,unlimited,0.8,1.2,6,True,110.0,0.0,0.0
rempart,airain,ancrage,barque,unlimited,1.0,0.8,9,True,109.91,0.09,0.09
rempart,airain,ancrage,barque,unlimited,1.0,1.0,9,True,104.39,5.61,5.61
rempart,airain,ancrage,barque,unlimited,1.0,1.2,9,True,98.86,11.14,11.14
rempart,airain,ancrage,barque,unlimited,1.2,0.8,9,True,109.91,0.09,0.09
rempart,airain,ancrage,barque,unlimited,1.2,1.0,9,True,104.39,5.61,5.61
rempart,airain,ancrage,barque,unlimited,1.2,1.2,9,True,98.86,11.14,11.14
rempart,sceau,aucun,puits,unlimited,0.8,0.8,5,True,110.0,0.0,0.0
rempart,sceau,aucun,puits,unlimited,0.8,1.0,5,True,110.0,0.0,0.0
rempart,sceau,aucun,puits,unlimited,0.8,1.2,5,True,110.0,0.0,0.0
rempart,sceau,aucun,puits,unlimited,1.0,0.8,5,True,110.0,0.0,0.0
rempart,sceau,aucun,puits,unlimited,1.0,1.0,5,True,110.0,0.0,0.0
rempart,sceau,aucun,puits,unlimited,1.0,1.2,5,True,110.0,0.0,0.0
rempart,sceau,aucun,puits,unlimited,1.2,0.8,7,True,110.0,0.0,0.0
rempart,sceau,aucun,puits,unlimited,1.2,1.0,7,True,108.77,1.23,1.23
rempart,sceau,aucun,puits,unlimited,1.2,1.2,7,True,104.13,5.87,5.87
rempart,sceau,aucun,porte,unlimited,0.8,0.8,10,True,103.2,6.8,6.8
rempart,sceau,aucun,porte,unlimited,0.8,1.0,10,True,91.0,19.0,19.0
rempart,sceau,aucun,porte,unlimited,0.8,1.2,10,True,78.4,31.6,31.6
rempart,sceau,aucun,porte,unlimited,1.0,0.8,11,True,103.2,6.8,6.8
rempart,sceau,aucun,porte,unlimited,1.0,1.0,11,True,91.0,19.0,19.0
rempart,sceau,aucun,porte,unlimited,1.0,1.2,11,True,78.4,31.6,31.6
rempart,sceau,aucun,porte,unlimited,1.2,0.8,12,True,103.2,6.8,6.8
rempart,sceau,aucun,porte,unlimited,1.2,1.0,12,True,91.0,19.0,19.0
rempart,sceau,aucun,porte,unlimited,1.2,1.2,12,True,78.4,31.6,31.6
rempart,sceau,aucun,barque,unlimited,0.8,0.8,9,True,109.34,0.66,0.66
rempart,sceau,aucun,barque,unlimited,0.8,1.0,9,True,103.68,6.32,6.32
rempart,sceau,aucun,barque,unlimited,0.8,1.2,9,True,98.01,11.99,11.99
rempart,sceau,aucun,barque,unlimited,1.0,0.8,14,True,108.68,1.32,1.32
rempart,sceau,aucun,barque,unlimited,1.0,1.0,14,True,97.35,12.65,12.65
rempart,sceau,aucun,barque,unlimited,1.0,1.2,14,True,86.03,23.97,23.97
rempart,sceau,aucun,barque,unlimited,1.2,0.8,14,True,108.68,1.32,1.32
rempart,sceau,aucun,barque,unlimited,1.2,1.0,14,True,97.35,12.65,12.65
rempart,sceau,aucun,barque,unlimited,1.2,1.2,14,True,86.03,23.97,23.97
rempart,sceau,purification,puits,unlimited,0.8,0.8,5,True,110.0,0.0,0.0
rempart,sceau,purification,puits,unlimited,0.8,1.0,5,True,110.0,0.0,0.0
rempart,sceau,purification,puits,unlimited,0.8,1.2,5,True,110.0,0.0,0.0
rempart,sceau,purification,puits,unlimited,1.0,0.8,5,True,110.0,0.0,0.0
rempart,sceau,purification,puits,unlimited,1.0,1.0,5,True,110.0,0.0,0.0
rempart,sceau,purification,puits,unlimited,1.0,1.2,5,True,110.0,0.0,0.0
rempart,sceau,purification,puits,unlimited,1.2,0.8,7,True,110.0,0.0,0.0
rempart,sceau,purification,puits,unlimited,1.2,1.0,7,True,108.77,1.23,1.23
rempart,sceau,purification,puits,unlimited,1.2,1.2,7,True,104.13,5.87,5.87
rempart,sceau,purification,porte,unlimited,0.8,0.8,10,True,103.2,6.8,6.8
rempart,sceau,purification,porte,unlimited,0.8,1.0,10,True,91.0,19.0,19.0
rempart,sceau,purification,porte,unlimited,0.8,1.2,10,True,78.4,31.6,31.6
rempart,sceau,purification,porte,unlimited,1.0,0.8,11,True,103.2,6.8,6.8
rempart,sceau,purification,porte,unlimited,1.0,1.0,11,True,91.0,19.0,19.0
rempart,sceau,purification,porte,unlimited,1.0,1.2,11,True,78.4,31.6,31.6
rempart,sceau,purification,porte,unlimited,1.2,0.8,12,True,103.2,6.8,6.8
rempart,sceau,purification,porte,unlimited,1.2,1.0,12,True,91.0,19.0,19.0
rempart,sceau,purification,porte,unlimited,1.2,1.2,12,True,78.4,31.6,31.6
rempart,sceau,purification,barque,unlimited,0.8,0.8,9,True,109.34,0.66,0.66
rempart,sceau,purification,barque,unlimited,0.8,1.0,9,True,103.68,6.32,6.32
rempart,sceau,purification,barque,unlimited,0.8,1.2,9,True,98.01,11.99,11.99
rempart,sceau,purification,barque,unlimited,1.0,0.8,14,True,108.68,1.32,1.32
rempart,sceau,purification,barque,unlimited,1.0,1.0,14,True,97.35,12.65,12.65
rempart,sceau,purification,barque,unlimited,1.0,1.2,14,True,86.03,23.97,23.97
rempart,sceau,purification,barque,unlimited,1.2,0.8,14,True,108.68,1.32,1.32
rempart,sceau,purification,barque,unlimited,1.2,1.0,14,True,97.35,12.65,12.65
rempart,sceau,purification,barque,unlimited,1.2,1.2,14,True,86.03,23.97,23.97
rempart,sceau,ancrage,puits,unlimited,0.8,0.8,5,True,110.0,0.0,0.0
rempart,sceau,ancrage,puits,unlimited,0.8,1.0,5,True,110.0,0.0,0.0
rempart,sceau,ancrage,puits,unlimited,0.8,1.2,5,True,110.0,0.0,0.0
rempart,sceau,ancrage,puits,unlimited,1.0,0.8,5,True,110.0,0.0,0.0
rempart,sceau,ancrage,puits,unlimited,1.0,1.0,5,True,110.0,0.0,0.0
rempart,sceau,ancrage,puits,unlimited,1.0,1.2,5,True,110.0,0.0,0.0
rempart,sceau,ancrage,puits,unlimited,1.2,0.8,7,True,110.0,0.0,0.0
rempart,sceau,ancrage,puits,unlimited,1.2,1.0,7,True,108.77,1.23,1.23
rempart,sceau,ancrage,puits,unlimited,1.2,1.2,7,True,104.13,5.87,5.87
rempart,sceau,ancrage,porte,unlimited,0.8,0.8,10,True,103.2,6.8,6.8
rempart,sceau,ancrage,porte,unlimited,0.8,1.0,10,True,91.0,19.0,19.0
rempart,sceau,ancrage,porte,unlimited,0.8,1.2,10,True,78.4,31.6,31.6
rempart,sceau,ancrage,porte,unlimited,1.0,0.8,11,True,103.2,6.8,6.8
rempart,sceau,ancrage,porte,unlimited,1.0,1.0,11,True,91.0,19.0,19.0
rempart,sceau,ancrage,porte,unlimited,1.0,1.2,11,True,78.4,31.6,31.6
rempart,sceau,ancrage,porte,unlimited,1.2,0.8,12,True,103.2,6.8,6.8
rempart,sceau,ancrage,porte,unlimited,1.2,1.0,12,True,91.0,19.0,19.0
rempart,sceau,ancrage,porte,unlimited,1.2,1.2,12,True,78.4,31.6,31.6
rempart,sceau,ancrage,barque,unlimited,0.8,0.8,6,True,110.0,0.0,0.0
rempart,sceau,ancrage,barque,unlimited,0.8,1.0,6,True,110.0,0.0,0.0
rempart,sceau,ancrage,barque,unlimited,0.8,1.2,6,True,110.0,0.0,0.0
rempart,sceau,ancrage,barque,unlimited,1.0,0.8,9,True,109.34,0.66,0.66
rempart,sceau,ancrage,barque,unlimited,1.0,1.0,9,True,103.68,6.32,6.32
rempart,sceau,ancrage,barque,unlimited,1.0,1.2,9,True,98.01,11.99,11.99
rempart,sceau,ancrage,barque,unlimited,1.2,0.8,9,True,109.34,0.66,0.66
rempart,sceau,ancrage,barque,unlimited,1.2,1.0,9,True,103.68,6.32,6.32
rempart,sceau,ancrage,barque,unlimited,1.2,1.2,9,True,98.01,11.99,11.99
rempart,mixte,aucun,puits,unlimited,0.8,0.8,5,True,110.0,0.0,0.0
rempart,mixte,aucun,puits,unlimited,0.8,1.0,5,True,110.0,0.0,0.0
rempart,mixte,aucun,puits,unlimited,0.8,1.2,5,True,106.79,3.21,3.21
rempart,mixte,aucun,puits,unlimited,1.0,0.8,5,True,110.0,0.0,0.0
rempart,mixte,aucun,puits,unlimited,1.0,1.0,5,True,110.0,0.0,0.0
rempart,mixte,aucun,puits,unlimited,1.0,1.2,5,True,106.79,3.21,3.21
rempart,mixte,aucun,puits,unlimited,1.2,0.8,7,True,108.39,1.61,1.61
rempart,mixte,aucun,puits,unlimited,1.2,1.0,7,True,102.49,7.51,7.51
rempart,mixte,aucun,puits,unlimited,1.2,1.2,7,True,93.38,16.62,16.62
rempart,mixte,aucun,porte,unlimited,0.8,0.8,10,True,108.39,1.61,1.61
rempart,mixte,aucun,porte,unlimited,0.8,1.0,10,True,102.36,7.64,7.64
rempart,mixte,aucun,porte,unlimited,0.8,1.2,10,True,92.03,17.97,17.97
rempart,mixte,aucun,porte,unlimited,1.0,0.8,11,True,108.39,1.61,1.61
rempart,mixte,aucun,porte,unlimited,1.0,1.0,11,True,102.36,7.64,7.64
rempart,mixte,aucun,porte,unlimited,1.0,1.2,11,True,92.03,17.97,17.97
rempart,mixte,aucun,porte,unlimited,1.2,0.8,12,True,108.39,1.61,1.61
rempart,mixte,aucun,porte,unlimited,1.2,1.0,12,True,102.36,7.64,7.64
rempart,mixte,aucun,porte,unlimited,1.2,1.2,12,True,92.03,17.97,17.97
rempart,mixte,aucun,barque,unlimited,0.8,0.8,9,True,109.7,0.3,0.3
rempart,mixte,aucun,barque,unlimited,0.8,1.0,9,True,104.13,5.87,5.87
rempart,mixte,aucun,barque,unlimited,0.8,1.2,9,True,98.56,11.44,11.44
rempart,mixte,aucun,barque,unlimited,1.0,0.8,14,True,109.41,0.59,0.59
rempart,mixte,aucun,barque,unlimited,1.0,1.0,14,True,98.26,11.74,11.74
rempart,mixte,aucun,barque,unlimited,1.0,1.2,14,True,87.11,22.89,22.89
rempart,mixte,aucun,barque,unlimited,1.2,0.8,14,True,109.41,0.59,0.59
rempart,mixte,aucun,barque,unlimited,1.2,1.0,14,True,98.26,11.74,11.74
rempart,mixte,aucun,barque,unlimited,1.2,1.2,14,True,87.11,22.89,22.89
rempart,mixte,purification,puits,unlimited,0.8,0.8,5,True,110.0,0.0,0.0
rempart,mixte,purification,puits,unlimited,0.8,1.0,5,True,110.0,0.0,0.0
rempart,mixte,purification,puits,unlimited,0.8,1.2,5,True,106.79,3.21,3.21
rempart,mixte,purification,puits,unlimited,1.0,0.8,5,True,110.0,0.0,0.0
rempart,mixte,purification,puits,unlimited,1.0,1.0,5,True,110.0,0.0,0.0
rempart,mixte,purification,puits,unlimited,1.0,1.2,5,True,106.79,3.21,3.21
rempart,mixte,purification,puits,unlimited,1.2,0.8,7,True,108.39,1.61,1.61
rempart,mixte,purification,puits,unlimited,1.2,1.0,7,True,102.49,7.51,7.51
rempart,mixte,purification,puits,unlimited,1.2,1.2,7,True,93.38,16.62,16.62
rempart,mixte,purification,porte,unlimited,0.8,0.8,10,True,108.39,1.61,1.61
rempart,mixte,purification,porte,unlimited,0.8,1.0,10,True,102.36,7.64,7.64
rempart,mixte,purification,porte,unlimited,0.8,1.2,10,True,92.03,17.97,17.97
rempart,mixte,purification,porte,unlimited,1.0,0.8,11,True,108.39,1.61,1.61
rempart,mixte,purification,porte,unlimited,1.0,1.0,11,True,102.36,7.64,7.64
rempart,mixte,purification,porte,unlimited,1.0,1.2,11,True,92.03,17.97,17.97
rempart,mixte,purification,porte,unlimited,1.2,0.8,12,True,108.39,1.61,1.61
rempart,mixte,purification,porte,unlimited,1.2,1.0,12,True,102.36,7.64,7.64
rempart,mixte,purification,porte,unlimited,1.2,1.2,12,True,92.03,17.97,17.97
rempart,mixte,purification,barque,unlimited,0.8,0.8,9,True,109.7,0.3,0.3
rempart,mixte,purification,barque,unlimited,0.8,1.0,9,True,104.13,5.87,5.87
rempart,mixte,purification,barque,unlimited,0.8,1.2,9,True,98.56,11.44,11.44
rempart,mixte,purification,barque,unlimited,1.0,0.8,14,True,109.41,0.59,0.59
rempart,mixte,purification,barque,unlimited,1.0,1.0,14,True,98.26,11.74,11.74
rempart,mixte,purification,barque,unlimited,1.0,1.2,14,True,87.11,22.89,22.89
rempart,mixte,purification,barque,unlimited,1.2,0.8,14,True,109.41,0.59,0.59
rempart,mixte,purification,barque,unlimited,1.2,1.0,14,True,98.26,11.74,11.74
rempart,mixte,purification,barque,unlimited,1.2,1.2,14,True,87.11,22.89,22.89
rempart,mixte,ancrage,puits,unlimited,0.8,0.8,5,True,110.0,0.0,0.0
rempart,mixte,ancrage,puits,unlimited,0.8,1.0,5,True,110.0,0.0,0.0
rempart,mixte,ancrage,puits,unlimited,0.8,1.2,5,True,106.79,3.21,3.21
rempart,mixte,ancrage,puits,unlimited,1.0,0.8,5,True,110.0,0.0,0.0
rempart,mixte,ancrage,puits,unlimited,1.0,1.0,5,True,110.0,0.0,0.0
rempart,mixte,ancrage,puits,unlimited,1.0,1.2,5,True,106.79,3.21,3.21
rempart,mixte,ancrage,puits,unlimited,1.2,0.8,7,True,108.39,1.61,1.61
rempart,mixte,ancrage,puits,unlimited,1.2,1.0,7,True,102.49,7.51,7.51
rempart,mixte,ancrage,puits,unlimited,1.2,1.2,7,True,93.38,16.62,16.62
rempart,mixte,ancrage,porte,unlimited,0.8,0.8,10,True,108.39,1.61,1.61
rempart,mixte,ancrage,porte,unlimited,0.8,1.0,10,True,102.36,7.64,7.64
rempart,mixte,ancrage,porte,unlimited,0.8,1.2,10,True,92.03,17.97,17.97
rempart,mixte,ancrage,porte,unlimited,1.0,0.8,11,True,108.39,1.61,1.61
rempart,mixte,ancrage,porte,unlimited,1.0,1.0,11,True,102.36,7.64,7.64
rempart,mixte,ancrage,porte,unlimited,1.0,1.2,11,True,92.03,17.97,17.97
rempart,mixte,ancrage,porte,unlimited,1.2,0.8,12,True,108.39,1.61,1.61
rempart,mixte,ancrage,porte,unlimited,1.2,1.0,12,True,102.36,7.64,7.64
rempart,mixte,ancrage,porte,unlimited,1.2,1.2,12,True,92.03,17.97,17.97
rempart,mixte,ancrage,barque,unlimited,0.8,0.8,6,True,110.0,0.0,0.0
rempart,mixte,ancrage,barque,unlimited,0.8,1.0,6,True,110.0,0.0,0.0
rempart,mixte,ancrage,barque,unlimited,0.8,1.2,6,True,110.0,0.0,0.0
rempart,mixte,ancrage,barque,unlimited,1.0,0.8,9,True,109.7,0.3,0.3
rempart,mixte,ancrage,barque,unlimited,1.0,1.0,9,True,104.13,5.87,5.87
rempart,mixte,ancrage,barque,unlimited,1.0,1.2,9,True,98.56,11.44,11.44
rempart,mixte,ancrage,barque,unlimited,1.2,0.8,9,True,109.7,0.3,0.3
rempart,mixte,ancrage,barque,unlimited,1.2,1.0,9,True,104.13,5.87,5.87
rempart,mixte,ancrage,barque,unlimited,1.2,1.2,9,True,98.56,11.44,11.44
rempart,legere,aucun,puits,unlimited,0.8,0.8,5,True,110.0,0.0,0.0
rempart,legere,aucun,puits,unlimited,0.8,1.0,5,True,110.0,0.0,0.0
rempart,legere,aucun,puits,unlimited,0.8,1.2,5,True,101.64,8.36,8.36
rempart,legere,aucun,puits,unlimited,1.0,0.8,5,True,110.0,0.0,0.0
rempart,legere,aucun,puits,unlimited,1.0,1.0,5,True,110.0,0.0,0.0
rempart,legere,aucun,puits,unlimited,1.0,1.2,5,True,101.64,8.36,8.36
rempart,legere,aucun,puits,unlimited,1.2,0.8,7,True,105.82,4.18,4.18
rempart,legere,aucun,puits,unlimited,1.2,1.0,7,True,99.27,10.73,10.73
rempart,legere,aucun,puits,unlimited,1.2,1.2,7,True,84.36,25.64,25.64
rempart,legere,aucun,porte,unlimited,0.8,0.8,10,True,105.82,4.18,4.18
rempart,legere,aucun,porte,unlimited,0.8,1.0,10,True,96.73,13.27,13.27
rempart,legere,aucun,porte,unlimited,0.8,1.2,10,True,85.27,24.73,24.73
rempart,legere,aucun,porte,unlimited,1.0,0.8,11,True,105.82,4.18,4.18
rempart,legere,aucun,porte,unlimited,1.0,1.0,11,True,96.73,13.27,13.27
rempart,legere,aucun,porte,unlimited,1.0,1.2,11,True,85.27,24.73,24.73
rempart,legere,aucun,porte,unlimited,1.2,0.8,12,True,105.82,4.18,4.18
rempart,legere,aucun,porte,unlimited,1.2,1.0,12,True,96.73,13.27,13.27
rempart,legere,aucun,porte,unlimited,1.2,1.2,12,True,85.27,24.73,24.73
rempart,legere,aucun,barque,unlimited,0.8,0.8,9,True,107.27,2.73,2.73
rempart,legere,aucun,barque,unlimited,0.8,1.0,9,True,101.09,8.91,8.91
rempart,legere,aucun,barque,unlimited,0.8,1.2,9,True,94.91,15.09,15.09
rempart,legere,aucun,barque,unlimited,1.0,0.8,14,True,104.55,5.45,5.45
rempart,legere,aucun,barque,unlimited,1.0,1.0,14,True,92.18,17.82,17.82
rempart,legere,aucun,barque,unlimited,1.0,1.2,14,True,79.82,30.18,30.18
rempart,legere,aucun,barque,unlimited,1.2,0.8,14,True,104.55,5.45,5.45
rempart,legere,aucun,barque,unlimited,1.2,1.0,14,True,92.18,17.82,17.82
rempart,legere,aucun,barque,unlimited,1.2,1.2,14,True,79.82,30.18,30.18
rempart,legere,purification,puits,unlimited,0.8,0.8,5,True,110.0,0.0,0.0
rempart,legere,purification,puits,unlimited,0.8,1.0,5,True,110.0,0.0,0.0
rempart,legere,purification,puits,unlimited,0.8,1.2,5,True,101.64,8.36,8.36
rempart,legere,purification,puits,unlimited,1.0,0.8,5,True,110.0,0.0,0.0
rempart,legere,purification,puits,unlimited,1.0,1.0,5,True,110.0,0.0,0.0
rempart,legere,purification,puits,unlimited,1.0,1.2,5,True,101.64,8.36,8.36
rempart,legere,purification,puits,unlimited,1.2,0.8,7,True,105.82,4.18,4.18
rempart,legere,purification,puits,unlimited,1.2,1.0,7,True,99.27,10.73,10.73
rempart,legere,purification,puits,unlimited,1.2,1.2,7,True,84.36,25.64,25.64
rempart,legere,purification,porte,unlimited,0.8,0.8,10,True,105.82,4.18,4.18
rempart,legere,purification,porte,unlimited,0.8,1.0,10,True,96.73,13.27,13.27
rempart,legere,purification,porte,unlimited,0.8,1.2,10,True,85.27,24.73,24.73
rempart,legere,purification,porte,unlimited,1.0,0.8,11,True,105.82,4.18,4.18
rempart,legere,purification,porte,unlimited,1.0,1.0,11,True,96.73,13.27,13.27
rempart,legere,purification,porte,unlimited,1.0,1.2,11,True,85.27,24.73,24.73
rempart,legere,purification,porte,unlimited,1.2,0.8,12,True,105.82,4.18,4.18
rempart,legere,purification,porte,unlimited,1.2,1.0,12,True,96.73,13.27,13.27
rempart,legere,purification,porte,unlimited,1.2,1.2,12,True,85.27,24.73,24.73
rempart,legere,purification,barque,unlimited,0.8,0.8,9,True,107.27,2.73,2.73
rempart,legere,purification,barque,unlimited,0.8,1.0,9,True,101.09,8.91,8.91
rempart,legere,purification,barque,unlimited,0.8,1.2,9,True,94.91,15.09,15.09
rempart,legere,purification,barque,unlimited,1.0,0.8,14,True,104.55,5.45,5.45
rempart,legere,purification,barque,unlimited,1.0,1.0,14,True,92.18,17.82,17.82
rempart,legere,purification,barque,unlimited,1.0,1.2,14,True,79.82,30.18,30.18
rempart,legere,purification,barque,unlimited,1.2,0.8,14,True,104.55,5.45,5.45
rempart,legere,purification,barque,unlimited,1.2,1.0,14,True,92.18,17.82,17.82
rempart,legere,purification,barque,unlimited,1.2,1.2,14,True,79.82,30.18,30.18
rempart,legere,ancrage,puits,unlimited,0.8,0.8,5,True,110.0,0.0,0.0
rempart,legere,ancrage,puits,unlimited,0.8,1.0,5,True,110.0,0.0,0.0
rempart,legere,ancrage,puits,unlimited,0.8,1.2,5,True,101.64,8.36,8.36
rempart,legere,ancrage,puits,unlimited,1.0,0.8,5,True,110.0,0.0,0.0
rempart,legere,ancrage,puits,unlimited,1.0,1.0,5,True,110.0,0.0,0.0
rempart,legere,ancrage,puits,unlimited,1.0,1.2,5,True,101.64,8.36,8.36
rempart,legere,ancrage,puits,unlimited,1.2,0.8,7,True,105.82,4.18,4.18
rempart,legere,ancrage,puits,unlimited,1.2,1.0,7,True,99.27,10.73,10.73
rempart,legere,ancrage,puits,unlimited,1.2,1.2,7,True,84.36,25.64,25.64
rempart,legere,ancrage,porte,unlimited,0.8,0.8,10,True,105.82,4.18,4.18
rempart,legere,ancrage,porte,unlimited,0.8,1.0,10,True,96.73,13.27,13.27
rempart,legere,ancrage,porte,unlimited,0.8,1.2,10,True,85.27,24.73,24.73
rempart,legere,ancrage,porte,unlimited,1.0,0.8,11,True,105.82,4.18,4.18
rempart,legere,ancrage,porte,unlimited,1.0,1.0,11,True,96.73,13.27,13.27
rempart,legere,ancrage,porte,unlimited,1.0,1.2,11,True,85.27,24.73,24.73
rempart,legere,ancrage,porte,unlimited,1.2,0.8,12,True,105.82,4.18,4.18
rempart,legere,ancrage,porte,unlimited,1.2,1.0,12,True,96.73,13.27,13.27
rempart,legere,ancrage,porte,unlimited,1.2,1.2,12,True,85.27,24.73,24.73
rempart,legere,ancrage,barque,unlimited,0.8,0.8,6,True,110.0,0.0,0.0
rempart,legere,ancrage,barque,unlimited,0.8,1.0,6,True,110.0,0.0,0.0
rempart,legere,ancrage,barque,unlimited,0.8,1.2,6,True,110.0,0.0,0.0
rempart,legere,ancrage,barque,unlimited,1.0,0.8,9,True,107.27,2.73,2.73
rempart,legere,ancrage,barque,unlimited,1.0,1.0,9,True,101.09,8.91,8.91
rempart,legere,ancrage,barque,unlimited,1.0,1.2,9,True,94.91,15.09,15.09
rempart,legere,ancrage,barque,unlimited,1.2,0.8,9,True,107.27,2.73,2.73
rempart,legere,ancrage,barque,unlimited,1.2,1.0,9,True,101.09,8.91,8.91
rempart,legere,ancrage,barque,unlimited,1.2,1.2,9,True,94.91,15.09,15.09
briseur,airain,aucun,puits,unlimited,0.8,0.8,3,True,90.8,19.2,19.2
briseur,airain,aucun,puits,unlimited,0.8,1.0,3,True,86.0,24.0,24.0
briseur,airain,aucun,puits,unlimited,0.8,1.2,3,True,81.2,28.8,28.8
briseur,airain,aucun,puits,unlimited,1.0,0.8,4,True,81.2,28.8,28.8
briseur,airain,aucun,puits,unlimited,1.0,1.0,4,True,74.0,36.0,36.0
briseur,airain,aucun,puits,unlimited,1.0,1.2,4,True,66.8,43.2,43.2
briseur,airain,aucun,puits,unlimited,1.2,0.8,4,True,81.2,28.8,28.8
briseur,airain,aucun,puits,unlimited,1.2,1.0,4,True,74.0,36.0,36.0
briseur,airain,aucun,puits,unlimited,1.2,1.2,4,True,66.8,43.2,43.2
briseur,airain,aucun,porte,unlimited,0.8,0.8,5,True,77.48,32.52,32.52
briseur,airain,aucun,porte,unlimited,0.8,1.0,5,True,69.35,40.65,40.65
briseur,airain,aucun,porte,unlimited,0.8,1.2,5,True,61.23,48.77,48.77
briseur,airain,aucun,porte,unlimited,1.0,0.8,6,True,77.48,32.52,32.52
briseur,airain,aucun,porte,unlimited,1.0,1.0,6,True,69.35,40.65,40.65
briseur,airain,aucun,porte,unlimited,1.0,1.2,6,True,61.23,48.77,48.77
briseur,airain,aucun,porte,unlimited,1.2,0.8,7,True,68.19,41.81,41.81
briseur,airain,aucun,porte,unlimited,1.2,1.0,7,True,57.74,52.26,52.26
briseur,airain,aucun,porte,unlimited,1.2,1.2,7,True,47.29,62.71,62.71
briseur,airain,aucun,barque,unlimited,0.8,0.8,5,True,82.13,27.87,27.87
briseur,airain,aucun,barque,unlimited,0.8,1.0,5,True,75.16,34.84,34.84
briseur,airain,aucun,barque,unlimited,0.8,1.2,5,True,68.19,41.81,41.81
briseur,airain,aucun,barque,unlimited,1.0,0.8,6,True,72.84,37.16,37.16
briseur,airain,aucun,barque,unlimited,1.0,1.0,6,True,63.55,46.45,46.45
briseur,airain,aucun,barque,unlimited,1.0,1.2,6,True,54.26,55.74,55.74
briseur,airain,aucun,barque,unlimited,1.2,0.8,6,True,72.84,37.16,37.16
briseur,airain,aucun,barque,unlimited,1.2,1.0,6,True,63.55,46.45,46.45
briseur,airain,aucun,barque,unlimited,1.2,1.2,6,True,54.26,55.74,55.74
briseur,airain,purification,puits,unlimited,0.8,0.8,3,True,90.8,19.2,19.2
briseur,airain,purification,puits,unlimited,0.8,1.0,3,True,86.0,24.0,24.0
briseur,airain,purification,puits,unlimited,0.8,1.2,3,True,81.2,28.8,28.8
briseur,airain,purification,puits,unlimited,1.0,0.8,4,True,81.2,28.8,28.8
briseur,airain,purification,puits,unlimited,1.0,1.0,4,True,74.0,36.0,36.0
briseur,airain,purification,puits,unlimited,1.0,1.2,4,True,66.8,43.2,43.2
briseur,airain,purification,puits,unlimited,1.2,0.8,4,True,81.2,28.8,28.8
briseur,airain,purification,puits,unlimited,1.2,1.0,4,True,74.0,36.0,36.0
briseur,airain,purification,puits,unlimited,1.2,1.2,4,True,66.8,43.2,43.2
briseur,airain,purification,porte,unlimited,0.8,0.8,5,True,77.48,32.52,32.52
briseur,airain,purification,porte,unlimited,0.8,1.0,5,True,69.35,40.65,40.65
briseur,airain,purification,porte,unlimited,0.8,1.2,5,True,61.23,48.77,48.77
briseur,airain,purification,porte,unlimited,1.0,0.8,6,True,77.48,32.52,32.52
briseur,airain,purification,porte,unlimited,1.0,1.0,6,True,69.35,40.65,40.65
briseur,airain,purification,porte,unlimited,1.0,1.2,6,True,61.23,48.77,48.77
briseur,airain,purification,porte,unlimited,1.2,0.8,7,True,68.19,41.81,41.81
briseur,airain,purification,porte,unlimited,1.2,1.0,7,True,57.74,52.26,52.26
briseur,airain,purification,porte,unlimited,1.2,1.2,7,True,47.29,62.71,62.71
briseur,airain,purification,barque,unlimited,0.8,0.8,5,True,82.13,27.87,27.87
briseur,airain,purification,barque,unlimited,0.8,1.0,5,True,75.16,34.84,34.84
briseur,airain,purification,barque,unlimited,0.8,1.2,5,True,68.19,41.81,41.81
briseur,airain,purification,barque,unlimited,1.0,0.8,6,True,72.84,37.16,37.16
briseur,airain,purification,barque,unlimited,1.0,1.0,6,True,63.55,46.45,46.45
briseur,airain,purification,barque,unlimited,1.0,1.2,6,True,54.26,55.74,55.74
briseur,airain,purification,barque,unlimited,1.2,0.8,6,True,72.84,37.16,37.16
briseur,airain,purification,barque,unlimited,1.2,1.0,6,True,63.55,46.45,46.45
briseur,airain,purification,barque,unlimited,1.2,1.2,6,True,54.26,55.74,55.74
briseur,airain,ancrage,puits,unlimited,0.8,0.8,3,True,90.8,19.2,19.2
briseur,airain,ancrage,puits,unlimited,0.8,1.0,3,True,86.0,24.0,24.0
briseur,airain,ancrage,puits,unlimited,0.8,1.2,3,True,81.2,28.8,28.8
briseur,airain,ancrage,puits,unlimited,1.0,0.8,4,True,81.2,28.8,28.8
briseur,airain,ancrage,puits,unlimited,1.0,1.0,4,True,74.0,36.0,36.0
briseur,airain,ancrage,puits,unlimited,1.0,1.2,4,True,66.8,43.2,43.2
briseur,airain,ancrage,puits,unlimited,1.2,0.8,4,True,81.2,28.8,28.8
briseur,airain,ancrage,puits,unlimited,1.2,1.0,4,True,74.0,36.0,36.0
briseur,airain,ancrage,puits,unlimited,1.2,1.2,4,True,66.8,43.2,43.2
briseur,airain,ancrage,porte,unlimited,0.8,0.8,5,True,77.48,32.52,32.52
briseur,airain,ancrage,porte,unlimited,0.8,1.0,5,True,69.35,40.65,40.65
briseur,airain,ancrage,porte,unlimited,0.8,1.2,5,True,61.23,48.77,48.77
briseur,airain,ancrage,porte,unlimited,1.0,0.8,6,True,77.48,32.52,32.52
briseur,airain,ancrage,porte,unlimited,1.0,1.0,6,True,69.35,40.65,40.65
briseur,airain,ancrage,porte,unlimited,1.0,1.2,6,True,61.23,48.77,48.77
briseur,airain,ancrage,porte,unlimited,1.2,0.8,7,True,68.19,41.81,41.81
briseur,airain,ancrage,porte,unlimited,1.2,1.0,7,True,57.74,52.26,52.26
briseur,airain,ancrage,porte,unlimited,1.2,1.2,7,True,47.29,62.71,62.71
briseur,airain,ancrage,barque,unlimited,0.8,0.8,5,True,82.13,27.87,27.87
briseur,airain,ancrage,barque,unlimited,0.8,1.0,5,True,75.16,34.84,34.84
briseur,airain,ancrage,barque,unlimited,0.8,1.2,5,True,68.19,41.81,41.81
briseur,airain,ancrage,barque,unlimited,1.0,0.8,5,True,82.13,27.87,27.87
briseur,airain,ancrage,barque,unlimited,1.0,1.0,5,True,75.16,34.84,34.84
briseur,airain,ancrage,barque,unlimited,1.0,1.2,5,True,68.19,41.81,41.81
briseur,airain,ancrage,barque,unlimited,1.2,0.8,6,True,72.84,37.16,37.16
briseur,airain,ancrage,barque,unlimited,1.2,1.0,6,True,63.55,46.45,46.45
briseur,airain,ancrage,barque,unlimited,1.2,1.2,6,True,54.26,55.74,55.74
briseur,sceau,aucun,puits,unlimited,0.8,0.8,3,True,97.61,12.39,12.39
briseur,sceau,aucun,puits,unlimited,0.8,1.0,3,True,94.52,15.48,15.48
briseur,sceau,aucun,puits,unlimited,0.8,1.2,3,True,91.42,18.58,18.58
briseur,sceau,aucun,puits,unlimited,1.0,0.8,4,True,91.42,18.58,18.58
briseur,sceau,aucun,puits,unlimited,1.0,1.0,4,True,86.77,23.23,23.23
briseur,sceau,aucun,puits,unlimited,1.0,1.2,4,True,82.13,27.87,27.87
briseur,sceau,aucun,puits,unlimited,1.2,0.8,4,True,91.42,18.58,18.58
briseur,sceau,aucun,puits,unlimited,1.2,1.0,4,True,86.77,23.23,23.23
briseur,sceau,aucun,puits,unlimited,1.2,1.2,4,True,82.13,27.87,27.87
briseur,sceau,aucun,porte,unlimited,0.8,0.8,5,True,59.6,50.4,50.4
briseur,sceau,aucun,porte,unlimited,0.8,1.0,5,True,47.0,63.0,63.0
briseur,sceau,aucun,porte,unlimited,0.8,1.2,5,True,34.4,75.6,75.6
briseur,sceau,aucun,porte,unlimited,1.0,0.8,6,True,59.6,50.4,50.4
briseur,sceau,aucun,porte,unlimited,1.0,1.0,6,True,47.0,63.0,63.0
briseur,sceau,aucun,porte,unlimited,1.0,1.2,6,True,34.4,75.6,75.6
briseur,sceau,aucun,porte,unlimited,1.2,0.8,7,True,45.2,64.8,64.8
briseur,sceau,aucun,porte,unlimited,1.2,1.0,7,True,29.0,81.0,81.0
briseur,sceau,aucun,porte,unlimited,1.2,1.2,7,True,12.8,97.2,97.2
briseur,sceau,aucun,barque,unlimited,0.8,0.8,5,True,66.8,43.2,43.2
briseur,sceau,aucun,barque,unlimited,0.8,1.0,5,True,56.0,54.0,54.0
briseur,sceau,aucun,barque,unlimited,0.8,1.2,5,True,45.2,64.8,64.8
briseur,sceau,aucun,barque,unlimited,1.0,0.8,6,True,52.4,57.6,57.6
briseur,sceau,aucun,barque,unlimited,1.0,1.0,6,True,38.0,72.0,72.0
briseur,sceau,aucun,barque,unlimited,1.0,1.2,6,True,23.6,86.4,86.4
briseur,sceau,aucun,barque,unlimited,1.2,0.8,6,True,52.4,57.6,57.6
briseur,sceau,aucun,barque,unlimited,1.2,1.0,6,True,38.0,72.0,72.0
briseur,sceau,aucun,barque,unlimited,1.2,1.2,6,True,23.6,86.4,86.4
briseur,sceau,purification,puits,unlimited,0.8,0.8,3,True,97.61,12.39,12.39
briseur,sceau,purification,puits,unlimited,0.8,1.0,3,True,94.52,15.48,15.48
briseur,sceau,purification,puits,unlimited,0.8,1.2,3,True,91.42,18.58,18.58
briseur,sceau,purification,puits,unlimited,1.0,0.8,4,True,91.42,18.58,18.58
briseur,sceau,purification,puits,unlimited,1.0,1.0,4,True,86.77,23.23,23.23
briseur,sceau,purification,puits,unlimited,1.0,1.2,4,True,82.13,27.87,27.87
briseur,sceau,purification,puits,unlimited,1.2,0.8,4,True,91.42,18.58,18.58
briseur,sceau,purification,puits,unlimited,1.2,1.0,4,True,86.77,23.23,23.23
briseur,sceau,purification,puits,unlimited,1.2,1.2,4,True,82.13,27.87,27.87
briseur,sceau,purification,porte,unlimited,0.8,0.8,5,True,59.6,50.4,50.4
briseur,sceau,purification,porte,unlimited,0.8,1.0,5,True,47.0,63.0,63.0
briseur,sceau,purification,porte,unlimited,0.8,1.2,5,True,34.4,75.6,75.6
briseur,sceau,purification,porte,unlimited,1.0,0.8,6,True,59.6,50.4,50.4
briseur,sceau,purification,porte,unlimited,1.0,1.0,6,True,47.0,63.0,63.0
briseur,sceau,purification,porte,unlimited,1.0,1.2,6,True,34.4,75.6,75.6
briseur,sceau,purification,porte,unlimited,1.2,0.8,7,True,45.2,64.8,64.8
briseur,sceau,purification,porte,unlimited,1.2,1.0,7,True,29.0,81.0,81.0
briseur,sceau,purification,porte,unlimited,1.2,1.2,7,True,12.8,97.2,97.2
briseur,sceau,purification,barque,unlimited,0.8,0.8,5,True,66.8,43.2,43.2
briseur,sceau,purification,barque,unlimited,0.8,1.0,5,True,56.0,54.0,54.0
briseur,sceau,purification,barque,unlimited,0.8,1.2,5,True,45.2,64.8,64.8
briseur,sceau,purification,barque,unlimited,1.0,0.8,6,True,52.4,57.6,57.6
briseur,sceau,purification,barque,unlimited,1.0,1.0,6,True,38.0,72.0,72.0
briseur,sceau,purification,barque,unlimited,1.0,1.2,6,True,23.6,86.4,86.4
briseur,sceau,purification,barque,unlimited,1.2,0.8,6,True,52.4,57.6,57.6
briseur,sceau,purification,barque,unlimited,1.2,1.0,6,True,38.0,72.0,72.0
briseur,sceau,purification,barque,unlimited,1.2,1.2,6,True,23.6,86.4,86.4
briseur,sceau,ancrage,puits,unlimited,0.8,0.8,3,True,97.61,12.39,12.39
briseur,sceau,ancrage,puits,unlimited,0.8,1.0,3,True,94.52,15.48,15.48
briseur,sceau,ancrage,puits,unlimited,0.8,1.2,3,True,91.42,18.58,18.58
briseur,sceau,ancrage,puits,unlimited,1.0,0.8,4,True,91.42,18.58,18.58
briseur,sceau,ancrage,puits,unlimited,1.0,1.0,4,True,86.77,23.23,23.23
briseur,sceau,ancrage,puits,unlimited,1.0,1.2,4,True,82.13,27.87,27.87
briseur,sceau,ancrage,puits,unlimited,1.2,0.8,4,True,91.42,18.58,18.58
briseur,sceau,ancrage,puits,unlimited,1.2,1.0,4,True,86.77,23.23,23.23
briseur,sceau,ancrage,puits,unlimited,1.2,1.2,4,True,82.13,27.87,27.87
briseur,sceau,ancrage,porte,unlimited,0.8,0.8,5,True,59.6,50.4,50.4
briseur,sceau,ancrage,porte,unlimited,0.8,1.0,5,True,47.0,63.0,63.0
briseur,sceau,ancrage,porte,unlimited,0.8,1.2,5,True,34.4,75.6,75.6
briseur,sceau,ancrage,porte,unlimited,1.0,0.8,6,True,59.6,50.4,50.4
briseur,sceau,ancrage,porte,unlimited,1.0,1.0,6,True,47.0,63.0,63.0
briseur,sceau,ancrage,porte,unlimited,1.0,1.2,6,True,34.4,75.6,75.6
briseur,sceau,ancrage,porte,unlimited,1.2,0.8,7,True,45.2,64.8,64.8
briseur,sceau,ancrage,porte,unlimited,1.2,1.0,7,True,29.0,81.0,81.0
briseur,sceau,ancrage,porte,unlimited,1.2,1.2,7,True,12.8,97.2,97.2
briseur,sceau,ancrage,barque,unlimited,0.8,0.8,5,True,66.8,43.2,43.2
briseur,sceau,ancrage,barque,unlimited,0.8,1.0,5,True,56.0,54.0,54.0
briseur,sceau,ancrage,barque,unlimited,0.8,1.2,5,True,45.2,64.8,64.8
briseur,sceau,ancrage,barque,unlimited,1.0,0.8,5,True,66.8,43.2,43.2
briseur,sceau,ancrage,barque,unlimited,1.0,1.0,5,True,56.0,54.0,54.0
briseur,sceau,ancrage,barque,unlimited,1.0,1.2,5,True,45.2,64.8,64.8
briseur,sceau,ancrage,barque,unlimited,1.2,0.8,6,True,52.4,57.6,57.6
briseur,sceau,ancrage,barque,unlimited,1.2,1.0,6,True,38.0,72.0,72.0
briseur,sceau,ancrage,barque,unlimited,1.2,1.2,6,True,23.6,86.4,86.4
briseur,mixte,aucun,puits,unlimited,0.8,0.8,3,True,94.26,15.74,15.74
briseur,mixte,aucun,puits,unlimited,0.8,1.0,3,True,90.33,19.67,19.67
briseur,mixte,aucun,puits,unlimited,0.8,1.2,3,True,86.39,23.61,23.61
briseur,mixte,aucun,puits,unlimited,1.0,0.8,4,True,86.39,23.61,23.61
briseur,mixte,aucun,puits,unlimited,1.0,1.0,4,True,80.49,29.51,29.51
briseur,mixte,aucun,puits,unlimited,1.0,1.2,4,True,74.59,35.41,35.41
briseur,mixte,aucun,puits,unlimited,1.2,0.8,4,True,86.39,23.61,23.61
briseur,mixte,aucun,puits,unlimited,1.2,1.0,4,True,80.49,29.51,29.51
briseur,mixte,aucun,puits,unlimited,1.2,1.2,4,True,74.59,35.41,35.41
briseur,mixte,aucun,porte,unlimited,0.8,0.8,5,True,68.69,41.31,41.31
briseur,mixte,aucun,porte,unlimited,0.8,1.0,5,True,58.36,51.64,51.64
briseur,mixte,aucun,porte,unlimited,0.8,1.2,5,True,48.03,61.97,61.97
briseur,mixte,aucun,porte,unlimited,1.0,0.8,6,True,68.69,41.31,41.31
briseur,mixte,aucun,porte,unlimited,1.0,1.0,6,True,58.36,51.64,51.64
briseur,mixte,aucun,porte,unlimited,1.0,1.2,6,True,48.03,61.97,61.97
briseur,mixte,aucun,porte,unlimited,1.2,0.8,7,True,56.89,53.11,53.11
briseur,mixte,aucun,porte,unlimited,1.2,1.0,7,True,43.61,66.39,66.39
briseur,mixte,aucun,porte,unlimited,1.2,1.2,7,True,30.33,79.67,79.67
briseur,mixte,aucun,barque,unlimited,0.8,0.8,5,True,74.59,35.41,35.41
briseur,mixte,aucun,barque,unlimited,0.8,1.0,5,True,65.74,44.26,44.26
briseur,mixte,aucun,barque,unlimited,0.8,1.2,5,True,56.89,53.11,53.11
briseur,mixte,aucun,barque,unlimited,1.0,0.8,6,True,62.79,47.21,47.21
briseur,mixte,aucun,barque,unlimited,1.0,1.0,6,True,50.98,59.02,59.02
briseur,mixte,aucun,barque,unlimited,1.0,1.2,6,True,39.18,70.82,70.82
briseur,mixte,aucun,barque,unlimited,1.2,0.8,6,True,62.79,47.21,47.21
briseur,mixte,aucun,barque,unlimited,1.2,1.0,6,True,50.98,59.02,59.02
briseur,mixte,aucun,barque,unlimited,1.2,1.2,6,True,39.18,70.82,70.82
briseur,mixte,purification,puits,unlimited,0.8,0.8,3,True,94.26,15.74,15.74
briseur,mixte,purification,puits,unlimited,0.8,1.0,3,True,90.33,19.67,19.67
briseur,mixte,purification,puits,unlimited,0.8,1.2,3,True,86.39,23.61,23.61
briseur,mixte,purification,puits,unlimited,1.0,0.8,4,True,86.39,23.61,23.61
briseur,mixte,purification,puits,unlimited,1.0,1.0,4,True,80.49,29.51,29.51
briseur,mixte,purification,puits,unlimited,1.0,1.2,4,True,74.59,35.41,35.41
briseur,mixte,purification,puits,unlimited,1.2,0.8,4,True,86.39,23.61,23.61
briseur,mixte,purification,puits,unlimited,1.2,1.0,4,True,80.49,29.51,29.51
briseur,mixte,purification,puits,unlimited,1.2,1.2,4,True,74.59,35.41,35.41
briseur,mixte,purification,porte,unlimited,0.8,0.8,5,True,68.69,41.31,41.31
briseur,mixte,purification,porte,unlimited,0.8,1.0,5,True,58.36,51.64,51.64
briseur,mixte,purification,porte,unlimited,0.8,1.2,5,True,48.03,61.97,61.97
briseur,mixte,purification,porte,unlimited,1.0,0.8,6,True,68.69,41.31,41.31
briseur,mixte,purification,porte,unlimited,1.0,1.0,6,True,58.36,51.64,51.64
briseur,mixte,purification,porte,unlimited,1.0,1.2,6,True,48.03,61.97,61.97
briseur,mixte,purification,porte,unlimited,1.2,0.8,7,True,56.89,53.11,53.11
briseur,mixte,purification,porte,unlimited,1.2,1.0,7,True,43.61,66.39,66.39
briseur,mixte,purification,porte,unlimited,1.2,1.2,7,True,30.33,79.67,79.67
briseur,mixte,purification,barque,unlimited,0.8,0.8,5,True,74.59,35.41,35.41
briseur,mixte,purification,barque,unlimited,0.8,1.0,5,True,65.74,44.26,44.26
briseur,mixte,purification,barque,unlimited,0.8,1.2,5,True,56.89,53.11,53.11
briseur,mixte,purification,barque,unlimited,1.0,0.8,6,True,62.79,47.21,47.21
briseur,mixte,purification,barque,unlimited,1.0,1.0,6,True,50.98,59.02,59.02
briseur,mixte,purification,barque,unlimited,1.0,1.2,6,True,39.18,70.82,70.82
briseur,mixte,purification,barque,unlimited,1.2,0.8,6,True,62.79,47.21,47.21
briseur,mixte,purification,barque,unlimited,1.2,1.0,6,True,50.98,59.02,59.02
briseur,mixte,purification,barque,unlimited,1.2,1.2,6,True,39.18,70.82,70.82
briseur,mixte,ancrage,puits,unlimited,0.8,0.8,3,True,94.26,15.74,15.74
briseur,mixte,ancrage,puits,unlimited,0.8,1.0,3,True,90.33,19.67,19.67
briseur,mixte,ancrage,puits,unlimited,0.8,1.2,3,True,86.39,23.61,23.61
briseur,mixte,ancrage,puits,unlimited,1.0,0.8,4,True,86.39,23.61,23.61
briseur,mixte,ancrage,puits,unlimited,1.0,1.0,4,True,80.49,29.51,29.51
briseur,mixte,ancrage,puits,unlimited,1.0,1.2,4,True,74.59,35.41,35.41
briseur,mixte,ancrage,puits,unlimited,1.2,0.8,4,True,86.39,23.61,23.61
briseur,mixte,ancrage,puits,unlimited,1.2,1.0,4,True,80.49,29.51,29.51
briseur,mixte,ancrage,puits,unlimited,1.2,1.2,4,True,74.59,35.41,35.41
briseur,mixte,ancrage,porte,unlimited,0.8,0.8,5,True,68.69,41.31,41.31
briseur,mixte,ancrage,porte,unlimited,0.8,1.0,5,True,58.36,51.64,51.64
briseur,mixte,ancrage,porte,unlimited,0.8,1.2,5,True,48.03,61.97,61.97
briseur,mixte,ancrage,porte,unlimited,1.0,0.8,6,True,68.69,41.31,41.31
briseur,mixte,ancrage,porte,unlimited,1.0,1.0,6,True,58.36,51.64,51.64
briseur,mixte,ancrage,porte,unlimited,1.0,1.2,6,True,48.03,61.97,61.97
briseur,mixte,ancrage,porte,unlimited,1.2,0.8,7,True,56.89,53.11,53.11
briseur,mixte,ancrage,porte,unlimited,1.2,1.0,7,True,43.61,66.39,66.39
briseur,mixte,ancrage,porte,unlimited,1.2,1.2,7,True,30.33,79.67,79.67
briseur,mixte,ancrage,barque,unlimited,0.8,0.8,5,True,74.59,35.41,35.41
briseur,mixte,ancrage,barque,unlimited,0.8,1.0,5,True,65.74,44.26,44.26
briseur,mixte,ancrage,barque,unlimited,0.8,1.2,5,True,56.89,53.11,53.11
briseur,mixte,ancrage,barque,unlimited,1.0,0.8,5,True,74.59,35.41,35.41
briseur,mixte,ancrage,barque,unlimited,1.0,1.0,5,True,65.74,44.26,44.26
briseur,mixte,ancrage,barque,unlimited,1.0,1.2,5,True,56.89,53.11,53.11
briseur,mixte,ancrage,barque,unlimited,1.2,0.8,6,True,62.79,47.21,47.21
briseur,mixte,ancrage,barque,unlimited,1.2,1.0,6,True,50.98,59.02,59.02
briseur,mixte,ancrage,barque,unlimited,1.2,1.2,6,True,39.18,70.82,70.82
briseur,legere,aucun,puits,unlimited,0.8,0.8,3,True,92.55,17.45,17.45
briseur,legere,aucun,puits,unlimited,0.8,1.0,3,True,88.18,21.82,21.82
briseur,legere,aucun,puits,unlimited,0.8,1.2,3,True,83.82,26.18,26.18
briseur,legere,aucun,puits,unlimited,1.0,0.8,4,True,83.82,26.18,26.18
briseur,legere,aucun,puits,unlimited,1.0,1.0,4,True,77.27,32.73,32.73
briseur,legere,aucun,puits,unlimited,1.0,1.2,4,True,70.73,39.27,39.27
briseur,legere,aucun,puits,unlimited,1.2,0.8,4,True,83.82,26.18,26.18
briseur,legere,aucun,puits,unlimited,1.2,1.0,4,True,77.27,32.73,32.73
briseur,legere,aucun,puits,unlimited,1.2,1.2,4,True,70.73,39.27,39.27
briseur,legere,aucun,porte,unlimited,0.8,0.8,5,True,64.18,45.82,45.82
briseur,legere,aucun,porte,unlimited,0.8,1.0,5,True,52.73,57.27,57.27
briseur,legere,aucun,porte,unlimited,0.8,1.2,5,True,41.27,68.73,68.73
briseur,legere,aucun,porte,unlimited,1.0,0.8,6,True,64.18,45.82,45.82
briseur,legere,aucun,porte,unlimited,1.0,1.0,6,True,52.73,57.27,57.27
briseur,legere,aucun,porte,unlimited,1.0,1.2,6,True,41.27,68.73,68.73
briseur,legere,aucun,porte,unlimited,1.2,0.8,7,True,51.09,58.91,58.91
briseur,legere,aucun,porte,unlimited,1.2,1.0,7,True,36.36,73.64,73.64
briseur,legere,aucun,porte,unlimited,1.2,1.2,7,True,21.64,88.36,88.36
briseur,legere,aucun,barque,unlimited,0.8,0.8,5,True,70.73,39.27,39.27
briseur,legere,aucun,barque,unlimited,0.8,1.0,5,True,60.91,49.09,49.09
briseur,legere,aucun,barque,unlimited,0.8,1.2,5,True,51.09,58.91,58.91
briseur,legere,aucun,barque,unlimited,1.0,0.8,6,True,57.64,52.36,52.36
briseur,legere,aucun,barque,unlimited,1.0,1.0,6,True,44.55,65.45,65.45
briseur,legere,aucun,barque,unlimited,1.0,1.2,6,True,31.45,78.55,78.55
briseur,legere,aucun,barque,unlimited,1.2,0.8,6,True,57.64,52.36,52.36
briseur,legere,aucun,barque,unlimited,1.2,1.0,6,True,44.55,65.45,65.45
briseur,legere,aucun,barque,unlimited,1.2,1.2,6,True,31.45,78.55,78.55
briseur,legere,purification,puits,unlimited,0.8,0.8,3,True,92.55,17.45,17.45
briseur,legere,purification,puits,unlimited,0.8,1.0,3,True,88.18,21.82,21.82
briseur,legere,purification,puits,unlimited,0.8,1.2,3,True,83.82,26.18,26.18
briseur,legere,purification,puits,unlimited,1.0,0.8,4,True,83.82,26.18,26.18
briseur,legere,purification,puits,unlimited,1.0,1.0,4,True,77.27,32.73,32.73
briseur,legere,purification,puits,unlimited,1.0,1.2,4,True,70.73,39.27,39.27
briseur,legere,purification,puits,unlimited,1.2,0.8,4,True,83.82,26.18,26.18
briseur,legere,purification,puits,unlimited,1.2,1.0,4,True,77.27,32.73,32.73
briseur,legere,purification,puits,unlimited,1.2,1.2,4,True,70.73,39.27,39.27
briseur,legere,purification,porte,unlimited,0.8,0.8,5,True,64.18,45.82,45.82
briseur,legere,purification,porte,unlimited,0.8,1.0,5,True,52.73,57.27,57.27
briseur,legere,purification,porte,unlimited,0.8,1.2,5,True,41.27,68.73,68.73
briseur,legere,purification,porte,unlimited,1.0,0.8,6,True,64.18,45.82,45.82
briseur,legere,purification,porte,unlimited,1.0,1.0,6,True,52.73,57.27,57.27
briseur,legere,purification,porte,unlimited,1.0,1.2,6,True,41.27,68.73,68.73
briseur,legere,purification,porte,unlimited,1.2,0.8,7,True,51.09,58.91,58.91
briseur,legere,purification,porte,unlimited,1.2,1.0,7,True,36.36,73.64,73.64
briseur,legere,purification,porte,unlimited,1.2,1.2,7,True,21.64,88.36,88.36
briseur,legere,purification,barque,unlimited,0.8,0.8,5,True,70.73,39.27,39.27
briseur,legere,purification,barque,unlimited,0.8,1.0,5,True,60.91,49.09,49.09
briseur,legere,purification,barque,unlimited,0.8,1.2,5,True,51.09,58.91,58.91
briseur,legere,purification,barque,unlimited,1.0,0.8,6,True,57.64,52.36,52.36
briseur,legere,purification,barque,unlimited,1.0,1.0,6,True,44.55,65.45,65.45
briseur,legere,purification,barque,unlimited,1.0,1.2,6,True,31.45,78.55,78.55
briseur,legere,purification,barque,unlimited,1.2,0.8,6,True,57.64,52.36,52.36
briseur,legere,purification,barque,unlimited,1.2,1.0,6,True,44.55,65.45,65.45
briseur,legere,purification,barque,unlimited,1.2,1.2,6,True,31.45,78.55,78.55
briseur,legere,ancrage,puits,unlimited,0.8,0.8,3,True,92.55,17.45,17.45
briseur,legere,ancrage,puits,unlimited,0.8,1.0,3,True,88.18,21.82,21.82
briseur,legere,ancrage,puits,unlimited,0.8,1.2,3,True,83.82,26.18,26.18
briseur,legere,ancrage,puits,unlimited,1.0,0.8,4,True,83.82,26.18,26.18
briseur,legere,ancrage,puits,unlimited,1.0,1.0,4,True,77.27,32.73,32.73
briseur,legere,ancrage,puits,unlimited,1.0,1.2,4,True,70.73,39.27,39.27
briseur,legere,ancrage,puits,unlimited,1.2,0.8,4,True,83.82,26.18,26.18
briseur,legere,ancrage,puits,unlimited,1.2,1.0,4,True,77.27,32.73,32.73
briseur,legere,ancrage,puits,unlimited,1.2,1.2,4,True,70.73,39.27,39.27
briseur,legere,ancrage,porte,unlimited,0.8,0.8,5,True,64.18,45.82,45.82
briseur,legere,ancrage,porte,unlimited,0.8,1.0,5,True,52.73,57.27,57.27
briseur,legere,ancrage,porte,unlimited,0.8,1.2,5,True,41.27,68.73,68.73
briseur,legere,ancrage,porte,unlimited,1.0,0.8,6,True,64.18,45.82,45.82
briseur,legere,ancrage,porte,unlimited,1.0,1.0,6,True,52.73,57.27,57.27
briseur,legere,ancrage,porte,unlimited,1.0,1.2,6,True,41.27,68.73,68.73
briseur,legere,ancrage,porte,unlimited,1.2,0.8,7,True,51.09,58.91,58.91
briseur,legere,ancrage,porte,unlimited,1.2,1.0,7,True,36.36,73.64,73.64
briseur,legere,ancrage,porte,unlimited,1.2,1.2,7,True,21.64,88.36,88.36
briseur,legere,ancrage,barque,unlimited,0.8,0.8,5,True,70.73,39.27,39.27
briseur,legere,ancrage,barque,unlimited,0.8,1.0,5,True,60.91,49.09,49.09
briseur,legere,ancrage,barque,unlimited,0.8,1.2,5,True,51.09,58.91,58.91
briseur,legere,ancrage,barque,unlimited,1.0,0.8,5,True,70.73,39.27,39.27
briseur,legere,ancrage,barque,unlimited,1.0,1.0,5,True,60.91,49.09,49.09
briseur,legere,ancrage,barque,unlimited,1.0,1.2,5,True,51.09,58.91,58.91
briseur,legere,ancrage,barque,unlimited,1.2,0.8,6,True,57.64,52.36,52.36
briseur,legere,ancrage,barque,unlimited,1.2,1.0,6,True,44.55,65.45,65.45
briseur,legere,ancrage,barque,unlimited,1.2,1.2,6,True,31.45,78.55,78.55
voltigeur,airain,aucun,puits,unlimited,0.8,0.8,4,True,81.2,28.8,28.8
voltigeur,airain,aucun,puits,unlimited,0.8,1.0,4,True,74.0,36.0,36.0
voltigeur,airain,aucun,puits,unlimited,0.8,1.2,4,True,66.8,43.2,43.2
voltigeur,airain,aucun,puits,unlimited,1.0,0.8,5,True,62.0,48.0,48.0
voltigeur,airain,aucun,puits,unlimited,1.0,1.0,5,True,50.0,60.0,60.0
voltigeur,airain,aucun,puits,unlimited,1.0,1.2,5,True,38.0,72.0,72.0
voltigeur,airain,aucun,puits,unlimited,1.2,0.8,6,True,52.4,57.6,57.6
voltigeur,airain,aucun,puits,unlimited,1.2,1.0,6,True,38.0,72.0,72.0
voltigeur,airain,aucun,puits,unlimited,1.2,1.2,6,True,23.6,86.4,86.4
voltigeur,airain,aucun,porte,unlimited,0.8,0.8,8,True,82.83,27.17,27.17
voltigeur,airain,aucun,porte,unlimited,0.8,1.0,8,True,76.03,33.97,33.97
voltigeur,airain,aucun,porte,unlimited,0.8,1.2,8,True,69.24,40.76,40.76
voltigeur,airain,aucun,porte,unlimited,1.0,0.8,9,True,76.79,33.21,33.21
voltigeur,airain,aucun,porte,unlimited,1.0,1.0,9,True,68.48,41.52,41.52
voltigeur,airain,aucun,porte,unlimited,1.0,1.2,9,True,60.18,49.82,49.82
voltigeur,airain,aucun,porte,unlimited,1.2,0.8,11,True,67.73,42.27,42.27
voltigeur,airain,aucun,porte,unlimited,1.2,1.0,11,True,57.16,52.84,52.84
voltigeur,airain,aucun,porte,unlimited,1.2,1.2,11,True,46.59,63.41,63.41
voltigeur,airain,aucun,barque,unlimited,0.8,0.8,6,True,80.97,29.03,29.03
voltigeur,airain,aucun,barque,unlimited,0.8,1.0,6,True,73.71,36.29,36.29
voltigeur,airain,aucun,barque,unlimited,0.8,1.2,6,True,66.45,43.55,43.55
voltigeur,airain,aucun,barque,unlimited,1.0,0.8,7,True,60.5,49.5,49.5
voltigeur,airain,aucun,barque,unlimited,1.0,1.0,7,True,48.13,61.87,61.87
voltigeur,airain,aucun,barque,unlimited,1.0,1.2,7,True,35.75,74.25,74.25
voltigeur,airain,aucun,barque,unlimited,1.2,0.8,8,True,52.84,57.16,57.16
voltigeur,airain,aucun,barque,unlimited,1.2,1.0,8,True,38.55,71.45,71.45
voltigeur,airain,aucun,barque,unlimited,1.2,1.2,8,True,24.26,85.74,85.74
voltigeur,airain,purification,puits,unlimited,0.8,0.8,4,True,81.2,28.8,28.8
voltigeur,airain,purification,puits,unlimited,0.8,1.0,4,True,74.0,36.0,36.0
voltigeur,airain,purification,puits,unlimited,0.8,1.2,4,True,66.8,43.2,43.2
voltigeur,airain,purification,puits,unlimited,1.0,0.8,5,True,62.0,48.0,48.0
voltigeur,airain,purification,puits,unlimited,1.0,1.0,5,True,50.0,60.0,60.0
voltigeur,airain,purification,puits,unlimited,1.0,1.2,5,True,38.0,72.0,72.0
voltigeur,airain,purification,puits,unlimited,1.2,0.8,6,True,62.0,48.0,48.0
voltigeur,airain,purification,puits,unlimited,1.2,1.0,6,True,50.0,60.0,60.0
voltigeur,airain,purification,puits,unlimited,1.2,1.2,6,True,38.0,72.0,72.0
voltigeur,airain,purification,porte,unlimited,0.8,0.8,8,True,82.83,27.17,27.17
voltigeur,airain,purification,porte,unlimited,0.8,1.0,8,True,76.03,33.97,33.97
voltigeur,airain,purification,porte,unlimited,0.8,1.2,8,True,69.24,40.76,40.76
voltigeur,airain,purification,porte,unlimited,1.0,0.8,9,True,76.79,33.21,33.21
voltigeur,airain,purification,porte,unlimited,1.0,1.0,9,True,68.48,41.52,41.52
voltigeur,airain,purification,porte,unlimited,1.0,1.2,9,True,60.18,49.82,49.82
voltigeur,airain,purification,porte,unlimited,1.2,0.8,11,True,67.73,42.27,42.27
voltigeur,airain,purification,porte,unlimited,1.2,1.0,11,True,57.16,52.84,52.84
voltigeur,airain,purification,porte,unlimited,1.2,1.2,11,True,46.59,63.41,63.41
voltigeur,airain,purification,barque,unlimited,0.8,0.8,6,True,80.97,29.03,29.03
voltigeur,airain,purification,barque,unlimited,0.8,1.0,6,True,73.71,36.29,36.29
voltigeur,airain,purification,barque,unlimited,0.8,1.2,6,True,66.45,43.55,43.55
voltigeur,airain,purification,barque,unlimited,1.0,0.8,7,True,60.5,49.5,49.5
voltigeur,airain,purification,barque,unlimited,1.0,1.0,7,True,48.13,61.87,61.87
voltigeur,airain,purification,barque,unlimited,1.0,1.2,7,True,35.75,74.25,74.25
voltigeur,airain,purification,barque,unlimited,1.2,0.8,8,True,52.84,57.16,57.16
voltigeur,airain,purification,barque,unlimited,1.2,1.0,8,True,38.55,71.45,71.45
voltigeur,airain,purification,barque,unlimited,1.2,1.2,8,True,24.26,85.74,85.74
voltigeur,airain,ancrage,puits,unlimited,0.8,0.8,4,True,81.2,28.8,28.8
voltigeur,airain,ancrage,puits,unlimited,0.8,1.0,4,True,74.0,36.0,36.0
voltigeur,airain,ancrage,puits,unlimited,0.8,1.2,4,True,66.8,43.2,43.2
voltigeur,airain,ancrage,puits,unlimited,1.0,0.8,5,True,62.0,48.0,48.0
voltigeur,airain,ancrage,puits,unlimited,1.0,1.0,5,True,50.0,60.0,60.0
voltigeur,airain,ancrage,puits,unlimited,1.0,1.2,5,True,38.0,72.0,72.0
voltigeur,airain,ancrage,puits,unlimited,1.2,0.8,6,True,52.4,57.6,57.6
voltigeur,airain,ancrage,puits,unlimited,1.2,1.0,6,True,38.0,72.0,72.0
voltigeur,airain,ancrage,puits,unlimited,1.2,1.2,6,True,23.6,86.4,86.4
voltigeur,airain,ancrage,porte,unlimited,0.8,0.8,8,True,82.83,27.17,27.17
voltigeur,airain,ancrage,porte,unlimited,0.8,1.0,8,True,76.03,33.97,33.97
voltigeur,airain,ancrage,porte,unlimited,0.8,1.2,8,True,69.24,40.76,40.76
voltigeur,airain,ancrage,porte,unlimited,1.0,0.8,9,True,76.79,33.21,33.21
voltigeur,airain,ancrage,porte,unlimited,1.0,1.0,9,True,68.48,41.52,41.52
voltigeur,airain,ancrage,porte,unlimited,1.0,1.2,9,True,60.18,49.82,49.82
voltigeur,airain,ancrage,porte,unlimited,1.2,0.8,11,True,67.73,42.27,42.27
voltigeur,airain,ancrage,porte,unlimited,1.2,1.0,11,True,57.16,52.84,52.84
voltigeur,airain,ancrage,porte,unlimited,1.2,1.2,11,True,46.59,63.41,63.41
voltigeur,airain,ancrage,barque,unlimited,0.8,0.8,6,True,85.85,24.15,24.15
voltigeur,airain,ancrage,barque,unlimited,0.8,1.0,6,True,79.81,30.19,30.19
voltigeur,airain,ancrage,barque,unlimited,0.8,1.2,6,True,73.77,36.23,36.23
voltigeur,airain,ancrage,barque,unlimited,1.0,0.8,7,True,67.01,42.99,42.99
voltigeur,airain,ancrage,barque,unlimited,1.0,1.0,7,True,56.26,53.74,53.74
voltigeur,airain,ancrage,barque,unlimited,1.0,1.2,7,True,45.51,64.49,64.49
voltigeur,airain,ancrage,barque,unlimited,1.2,0.8,8,True,60.97,49.03,49.03
voltigeur,airain,ancrage,barque,unlimited,1.2,1.0,8,True,48.71,61.29,61.29
voltigeur,airain,ancrage,barque,unlimited,1.2,1.2,8,True,36.45,73.55,73.55
voltigeur,sceau,aucun,puits,unlimited,0.8,0.8,4,True,91.42,18.58,18.58
voltigeur,sceau,aucun,puits,unlimited,0.8,1.0,4,True,86.77,23.23,23.23
voltigeur,sceau,aucun,puits,unlimited,0.8,1.2,4,True,82.13,27.87,27.87
voltigeur,sceau,aucun,puits,unlimited,1.0,0.8,5,True,79.03,30.97,30.97
voltigeur,sceau,aucun,puits,unlimited,1.0,1.0,5,True,71.29,38.71,38.71
voltigeur,sceau,aucun,puits,unlimited,1.0,1.2,5,True,63.55,46.45,46.45
voltigeur,sceau,aucun,puits,unlimited,1.2,0.8,6,True,72.84,37.16,37.16
voltigeur,sceau,aucun,puits,unlimited,1.2,1.0,6,True,63.55,46.45,46.45
voltigeur,sceau,aucun,puits,unlimited,1.2,1.2,6,True,54.26,55.74,55.74
voltigeur,sceau,aucun,porte,unlimited,0.8,0.8,8,True,67.88,42.12,42.12
voltigeur,sceau,aucun,porte,unlimited,0.8,1.0,8,True,57.35,52.65,52.65
voltigeur,sceau,aucun,porte,unlimited,0.8,1.2,8,True,46.82,63.18,63.18
voltigeur,sceau,aucun,porte,unlimited,1.0,0.8,9,True,58.52,51.48,51.48
voltigeur,sceau,aucun,porte,unlimited,1.0,1.0,9,True,45.65,64.35,64.35
voltigeur,sceau,aucun,porte,unlimited,1.0,1.2,9,True,32.78,77.22,77.22
voltigeur,sceau,aucun,porte,unlimited,1.2,0.8,11,True,44.48,65.52,65.52
voltigeur,sceau,aucun,porte,unlimited,1.2,1.0,11,True,28.1,81.9,81.9
voltigeur,sceau,aucun,porte,unlimited,1.2,1.2,11,True,11.72,98.28,98.28
voltigeur,sceau,aucun,barque,unlimited,0.8,0.8,6,True,65.0,45.0,45.0
voltigeur,sceau,aucun,barque,unlimited,0.8,1.0,6,True,53.75,56.25,56.25
voltigeur,sceau,aucun,barque,unlimited,0.8,1.2,6,True,42.5,67.5,67.5
voltigeur,sceau,aucun,barque,unlimited,1.0,0.8,7,True,44.86,65.14,65.14
voltigeur,sceau,aucun,barque,unlimited,1.0,1.0,7,True,28.58,81.42,81.42
voltigeur,sceau,aucun,barque,unlimited,1.0,1.2,7,True,12.29,97.71,97.71
voltigeur,sceau,aucun,barque,unlimited,1.2,0.8,8,True,32.98,77.02,77.02
voltigeur,sceau,aucun,barque,unlimited,1.2,1.0,8,True,13.73,96.27,96.27
voltigeur,sceau,aucun,barque,unlimited,1.2,1.2,7,False,0,110,115.53
voltigeur,sceau,purification,puits,unlimited,0.8,0.8,4,True,91.42,18.58,18.58
voltigeur,sceau,purification,puits,unlimited,0.8,1.0,4,True,86.77,23.23,23.23
voltigeur,sceau,purification,puits,unlimited,0.8,1.2,4,True,82.13,27.87,27.87
voltigeur,sceau,purification,puits,unlimited,1.0,0.8,5,True,79.03,30.97,30.97
voltigeur,sceau,purification,puits,unlimited,1.0,1.0,5,True,71.29,38.71,38.71
voltigeur,sceau,purification,puits,unlimited,1.0,1.2,5,True,63.55,46.45,46.45
voltigeur,sceau,purification,puits,unlimited,1.2,0.8,6,True,79.03,30.97,30.97
voltigeur,sceau,purification,puits,unlimited,1.2,1.0,6,True,71.29,38.71,38.71
voltigeur,sceau,purification,puits,unlimited,1.2,1.2,6,True,63.55,46.45,46.45
voltigeur,sceau,purification,porte,unlimited,0.8,0.8,8,True,67.88,42.12,42.12
voltigeur,sceau,purification,porte,unlimited,0.8,1.0,8,True,57.35,52.65,52.65
voltigeur,sceau,purification,porte,unlimited,0.8,1.2,8,True,46.82,63.18,63.18
voltigeur,sceau,purification,porte,unlimited,1.0,0.8,9,True,58.52,51.48,51.48
voltigeur,sceau,purification,porte,unlimited,1.0,1.0,9,True,45.65,64.35,64.35
voltigeur,sceau,purification,porte,unlimited,1.0,1.2,9,True,32.78,77.22,77.22
voltigeur,sceau,purification,porte,unlimited,1.2,0.8,11,True,44.48,65.52,65.52
voltigeur,sceau,purification,porte,unlimited,1.2,1.0,11,True,28.1,81.9,81.9
voltigeur,sceau,purification,porte,unlimited,1.2,1.2,11,True,11.72,98.28,98.28
voltigeur,sceau,purification,barque,unlimited,0.8,0.8,6,True,65.0,45.0,45.0
voltigeur,sceau,purification,barque,unlimited,0.8,1.0,6,True,53.75,56.25,56.25
voltigeur,sceau,purification,barque,unlimited,0.8,1.2,6,True,42.5,67.5,67.5
voltigeur,sceau,purification,barque,unlimited,1.0,0.8,7,True,44.86,65.14,65.14
voltigeur,sceau,purification,barque,unlimited,1.0,1.0,7,True,28.58,81.42,81.42
voltigeur,sceau,purification,barque,unlimited,1.0,1.2,7,True,12.29,97.71,97.71
voltigeur,sceau,purification,barque,unlimited,1.2,0.8,8,True,32.98,77.02,77.02
voltigeur,sceau,purification,barque,unlimited,1.2,1.0,8,True,13.73,96.27,96.27
voltigeur,sceau,purification,barque,unlimited,1.2,1.2,7,False,0,110,115.53
voltigeur,sceau,ancrage,puits,unlimited,0.8,0.8,4,True,91.42,18.58,18.58
voltigeur,sceau,ancrage,puits,unlimited,0.8,1.0,4,True,86.77,23.23,23.23
voltigeur,sceau,ancrage,puits,unlimited,0.8,1.2,4,True,82.13,27.87,27.87
voltigeur,sceau,ancrage,puits,unlimited,1.0,0.8,5,True,79.03,30.97,30.97
voltigeur,sceau,ancrage,puits,unlimited,1.0,1.0,5,True,71.29,38.71,38.71
voltigeur,sceau,ancrage,puits,unlimited,1.0,1.2,5,True,63.55,46.45,46.45
voltigeur,sceau,ancrage,puits,unlimited,1.2,0.8,6,True,72.84,37.16,37.16
voltigeur,sceau,ancrage,puits,unlimited,1.2,1.0,6,True,63.55,46.45,46.45
voltigeur,sceau,ancrage,puits,unlimited,1.2,1.2,6,True,54.26,55.74,55.74
voltigeur,sceau,ancrage,porte,unlimited,0.8,0.8,8,True,67.88,42.12,42.12
voltigeur,sceau,ancrage,porte,unlimited,0.8,1.0,8,True,57.35,52.65,52.65
voltigeur,sceau,ancrage,porte,unlimited,0.8,1.2,8,True,46.82,63.18,63.18
voltigeur,sceau,ancrage,porte,unlimited,1.0,0.8,9,True,58.52,51.48,51.48
voltigeur,sceau,ancrage,porte,unlimited,1.0,1.0,9,True,45.65,64.35,64.35
voltigeur,sceau,ancrage,porte,unlimited,1.0,1.2,9,True,32.78,77.22,77.22
voltigeur,sceau,ancrage,porte,unlimited,1.2,0.8,11,True,44.48,65.52,65.52
voltigeur,sceau,ancrage,porte,unlimited,1.2,1.0,11,True,28.1,81.9,81.9
voltigeur,sceau,ancrage,porte,unlimited,1.2,1.2,11,True,11.72,98.28,98.28
voltigeur,sceau,ancrage,barque,unlimited,0.8,0.8,6,True,72.56,37.44,37.44
voltigeur,sceau,ancrage,barque,unlimited,0.8,1.0,6,True,63.2,46.8,46.8
voltigeur,sceau,ancrage,barque,unlimited,0.8,1.2,6,True,53.84,56.16,56.16
voltigeur,sceau,ancrage,barque,unlimited,1.0,0.8,7,True,54.94,55.06,55.06
voltigeur,sceau,ancrage,barque,unlimited,1.0,1.0,7,True,41.18,68.82,68.82
voltigeur,sceau,ancrage,barque,unlimited,1.0,1.2,7,True,27.41,82.59,82.59
voltigeur,sceau,ancrage,barque,unlimited,1.2,0.8,8,True,45.58,64.42,64.42
voltigeur,sceau,ancrage,barque,unlimited,1.2,1.0,8,True,29.48,80.52,80.52
voltigeur,sceau,ancrage,barque,unlimited,1.2,1.2,8,True,13.37,96.63,96.63
voltigeur,mixte,aucun,puits,unlimited,0.8,0.8,4,True,86.39,23.61,23.61
voltigeur,mixte,aucun,puits,unlimited,0.8,1.0,4,True,80.49,29.51,29.51
voltigeur,mixte,aucun,puits,unlimited,0.8,1.2,4,True,74.59,35.41,35.41
voltigeur,mixte,aucun,puits,unlimited,1.0,0.8,5,True,70.66,39.34,39.34
voltigeur,mixte,aucun,puits,unlimited,1.0,1.0,5,True,60.82,49.18,49.18
voltigeur,mixte,aucun,puits,unlimited,1.0,1.2,5,True,50.98,59.02,59.02
voltigeur,mixte,aucun,puits,unlimited,1.2,0.8,6,True,62.79,47.21,47.21
voltigeur,mixte,aucun,puits,unlimited,1.2,1.0,6,True,50.98,59.02,59.02
voltigeur,mixte,aucun,puits,unlimited,1.2,1.2,6,True,39.18,70.82,70.82
voltigeur,mixte,aucun,porte,unlimited,0.8,0.8,8,True,75.48,34.52,34.52
voltigeur,mixte,aucun,porte,unlimited,0.8,1.0,8,True,66.84,43.16,43.16
voltigeur,mixte,aucun,porte,unlimited,0.8,1.2,8,True,58.21,51.79,51.79
voltigeur,mixte,aucun,porte,unlimited,1.0,0.8,9,True,67.8,42.2,42.2
voltigeur,mixte,aucun,porte,unlimited,1.0,1.0,9,True,57.25,52.75,52.75
voltigeur,mixte,aucun,porte,unlimited,1.0,1.2,9,True,46.7,63.3,63.3
voltigeur,mixte,aucun,porte,unlimited,1.2,0.8,11,True,56.3,53.7,53.7
voltigeur,mixte,aucun,porte,unlimited,1.2,1.0,11,True,42.87,67.13,67.13
voltigeur,mixte,aucun,porte,unlimited,1.2,1.2,11,True,29.44,80.56,80.56
voltigeur,mixte,aucun,barque,unlimited,0.8,0.8,6,True,73.11,36.89,36.89
voltigeur,mixte,aucun,barque,unlimited,0.8,1.0,6,True,63.89,46.11,46.11
voltigeur,mixte,aucun,barque,unlimited,0.8,1.2,6,True,54.67,55.33,55.33
voltigeur,mixte,aucun,barque,unlimited,1.0,0.8,7,True,52.89,57.11,57.11
voltigeur,mixte,aucun,barque,unlimited,1.0,1.0,7,True,38.61,71.39,71.39
voltigeur,mixte,aucun,barque,unlimited,1.0,1.2,7,True,24.33,85.67,85.67
voltigeur,mixte,aucun,barque,unlimited,1.2,0.8,8,True,43.15,66.85,66.85
voltigeur,mixte,aucun,barque,unlimited,1.2,1.0,8,True,26.43,83.57,83.57
voltigeur,mixte,aucun,barque,unlimited,1.2,1.2,8,True,9.72,100.28,100.28
voltigeur,mixte,purification,puits,unlimited,0.8,0.8,4,True,86.39,23.61,23.61
voltigeur,mixte,purification,puits,unlimited,0.8,1.0,4,True,80.49,29.51,29.51
voltigeur,mixte,purification,puits,unlimited,0.8,1.2,4,True,74.59,35.41,35.41
voltigeur,mixte,purification,puits,unlimited,1.0,0.8,5,True,70.66,39.34,39.34
voltigeur,mixte,purification,puits,unlimited,1.0,1.0,5,True,60.82,49.18,49.18
voltigeur,mixte,purification,puits,unlimited,1.0,1.2,5,True,50.98,59.02,59.02
voltigeur,mixte,purification,puits,unlimited,1.2,0.8,6,True,70.66,39.34,39.34
voltigeur,mixte,purification,puits,unlimited,1.2,1.0,6,True,60.82,49.18,49.18
voltigeur,mixte,purification,puits,unlimited,1.2,1.2,6,True,50.98,59.02,59.02
voltigeur,mixte,purification,porte,unlimited,0.8,0.8,8,True,75.48,34.52,34.52
voltigeur,mixte,purification,porte,unlimited,0.8,1.0,8,True,66.84,43.16,43.16
voltigeur,mixte,purification,porte,unlimited,0.8,1.2,8,True,58.21,51.79,51.79
voltigeur,mixte,purification,porte,unlimited,1.0,0.8,9,True,67.8,42.2,42.2
voltigeur,mixte,purification,porte,unlimited,1.0,1.0,9,True,57.25,52.75,52.75
voltigeur,mixte,purification,porte,unlimited,1.0,1.2,9,True,46.7,63.3,63.3
voltigeur,mixte,purification,porte,unlimited,1.2,0.8,11,True,56.3,53.7,53.7
voltigeur,mixte,purification,porte,unlimited,1.2,1.0,11,True,42.87,67.13,67.13
voltigeur,mixte,purification,porte,unlimited,1.2,1.2,11,True,29.44,80.56,80.56
voltigeur,mixte,purification,barque,unlimited,0.8,0.8,6,True,73.11,36.89,36.89
voltigeur,mixte,purification,barque,unlimited,0.8,1.0,6,True,63.89,46.11,46.11
voltigeur,mixte,purification,barque,unlimited,0.8,1.2,6,True,54.67,55.33,55.33
voltigeur,mixte,purification,barque,unlimited,1.0,0.8,7,True,52.89,57.11,57.11
voltigeur,mixte,purification,barque,unlimited,1.0,1.0,7,True,38.61,71.39,71.39
voltigeur,mixte,purification,barque,unlimited,1.0,1.2,7,True,24.33,85.67,85.67
voltigeur,mixte,purification,barque,unlimited,1.2,0.8,8,True,43.15,66.85,66.85
voltigeur,mixte,purification,barque,unlimited,1.2,1.0,8,True,26.43,83.57,83.57
voltigeur,mixte,purification,barque,unlimited,1.2,1.2,8,True,9.72,100.28,100.28
voltigeur,mixte,ancrage,puits,unlimited,0.8,0.8,4,True,86.39,23.61,23.61
voltigeur,mixte,ancrage,puits,unlimited,0.8,1.0,4,True,80.49,29.51,29.51
voltigeur,mixte,ancrage,puits,unlimited,0.8,1.2,4,True,74.59,35.41,35.41
voltigeur,mixte,ancrage,puits,unlimited,1.0,0.8,5,True,70.66,39.34,39.34
voltigeur,mixte,ancrage,puits,unlimited,1.0,1.0,5,True,60.82,49.18,49.18
voltigeur,mixte,ancrage,puits,unlimited,1.0,1.2,5,True,50.98,59.02,59.02
voltigeur,mixte,ancrage,puits,unlimited,1.2,0.8,6,True,62.79,47.21,47.21
voltigeur,mixte,ancrage,puits,unlimited,1.2,1.0,6,True,50.98,59.02,59.02
voltigeur,mixte,ancrage,puits,unlimited,1.2,1.2,6,True,39.18,70.82,70.82
voltigeur,mixte,ancrage,porte,unlimited,0.8,0.8,8,True,75.48,34.52,34.52
voltigeur,mixte,ancrage,porte,unlimited,0.8,1.0,8,True,66.84,43.16,43.16
voltigeur,mixte,ancrage,porte,unlimited,0.8,1.2,8,True,58.21,51.79,51.79
voltigeur,mixte,ancrage,porte,unlimited,1.0,0.8,9,True,67.8,42.2,42.2
voltigeur,mixte,ancrage,porte,unlimited,1.0,1.0,9,True,57.25,52.75,52.75
voltigeur,mixte,ancrage,porte,unlimited,1.0,1.2,9,True,46.7,63.3,63.3
voltigeur,mixte,ancrage,porte,unlimited,1.2,0.8,11,True,56.3,53.7,53.7
voltigeur,mixte,ancrage,porte,unlimited,1.2,1.0,11,True,42.87,67.13,67.13
voltigeur,mixte,ancrage,porte,unlimited,1.2,1.2,11,True,29.44,80.56,80.56
voltigeur,mixte,ancrage,barque,unlimited,0.8,0.8,6,True,79.31,30.69,30.69
voltigeur,mixte,ancrage,barque,unlimited,0.8,1.0,6,True,71.64,38.36,38.36
voltigeur,mixte,ancrage,barque,unlimited,0.8,1.2,6,True,63.97,46.03,46.03
voltigeur,mixte,ancrage,barque,unlimited,1.0,0.8,7,True,61.15,48.85,48.85
voltigeur,mixte,ancrage,barque,unlimited,1.0,1.0,7,True,48.93,61.07,61.07
voltigeur,mixte,ancrage,barque,unlimited,1.0,1.2,7,True,36.72,73.28,73.28
voltigeur,mixte,ancrage,barque,unlimited,1.2,0.8,8,True,53.48,56.52,56.52
voltigeur,mixte,ancrage,barque,unlimited,1.2,1.0,8,True,39.34,70.66,70.66
voltigeur,mixte,ancrage,barque,unlimited,1.2,1.2,8,True,25.21,84.79,84.79
voltigeur,legere,aucun,puits,unlimited,0.8,0.8,4,True,83.82,26.18,26.18
voltigeur,legere,aucun,puits,unlimited,0.8,1.0,4,True,77.27,32.73,32.73
voltigeur,legere,aucun,puits,unlimited,0.8,1.2,4,True,70.73,39.27,39.27
voltigeur,legere,aucun,puits,unlimited,1.0,0.8,5,True,66.36,43.64,43.64
voltigeur,legere,aucun,puits,unlimited,1.0,1.0,5,True,55.45,54.55,54.55
voltigeur,legere,aucun,puits,unlimited,1.0,1.2,5,True,44.55,65.45,65.45
voltigeur,legere,aucun,puits,unlimited,1.2,0.8,6,True,57.64,52.36,52.36
voltigeur,legere,aucun,puits,unlimited,1.2,1.0,6,True,44.55,65.45,65.45
voltigeur,legere,aucun,puits,unlimited,1.2,1.2,6,True,31.45,78.55,78.55
voltigeur,legere,aucun,porte,unlimited,0.8,0.8,8,True,71.71,38.29,38.29
voltigeur,legere,aucun,porte,unlimited,0.8,1.0,8,True,62.14,47.86,47.86
voltigeur,legere,aucun,porte,unlimited,0.8,1.2,8,True,52.56,57.44,57.44
voltigeur,legere,aucun,porte,unlimited,1.0,0.8,9,True,63.2,46.8,46.8
voltigeur,legere,aucun,porte,unlimited,1.0,1.0,9,True,51.5,58.5,58.5
voltigeur,legere,aucun,porte,unlimited,1.0,1.2,9,True,39.8,70.2,70.2
voltigeur,legere,aucun,porte,unlimited,1.2,0.8,11,True,50.44,59.56,59.56
voltigeur,legere,aucun,porte,unlimited,1.2,1.0,11,True,35.55,74.45,74.45
voltigeur,legere,aucun,porte,unlimited,1.2,1.2,11,True,20.65,89.35,89.35
voltigeur,legere,aucun,barque,unlimited,0.8,0.8,6,True,69.09,40.91,40.91
voltigeur,legere,aucun,barque,unlimited,0.8,1.0,6,True,58.86,51.14,51.14
voltigeur,legere,aucun,barque,unlimited,0.8,1.2,6,True,48.64,61.36,61.36
voltigeur,legere,aucun,barque,unlimited,1.0,0.8,7,True,46.65,63.35,63.35
voltigeur,legere,aucun,barque,unlimited,1.0,1.0,7,True,30.82,79.18,79.18
voltigeur,legere,aucun,barque,unlimited,1.0,1.2,7,True,14.98,95.02,95.02
voltigeur,legere,aucun,barque,unlimited,1.2,0.8,8,True,35.85,74.15,74.15
voltigeur,legere,aucun,barque,unlimited,1.2,1.0,8,True,17.32,92.68,92.68
voltigeur,legere,aucun,barque,unlimited,1.2,1.2,7,False,0,110,111.22
voltigeur,legere,purification,puits,unlimited,0.8,0.8,4,True,83.82,26.18,26.18
voltigeur,legere,purification,puits,unlimited,0.8,1.0,4,True,77.27,32.73,32.73
voltigeur,legere,purification,puits,unlimited,0.8,1.2,4,True,70.73,39.27,39.27
voltigeur,legere,purification,puits,unlimited,1.0,0.8,5,True,66.36,43.64,43.64
voltigeur,legere,purification,puits,unlimited,1.0,1.0,5,True,55.45,54.55,54.55
voltigeur,legere,purification,puits,unlimited,1.0,1.2,5,True,44.55,65.45,65.45
voltigeur,legere,purification,puits,unlimited,1.2,0.8,6,True,66.36,43.64,43.64
voltigeur,legere,purification,puits,unlimited,1.2,1.0,6,True,55.45,54.55,54.55
voltigeur,legere,purification,puits,unlimited,1.2,1.2,6,True,44.55,65.45,65.45
voltigeur,legere,purification,porte,unlimited,0.8,0.8,8,True,71.71,38.29,38.29
voltigeur,legere,purification,porte,unlimited,0.8,1.0,8,True,62.14,47.86,47.86
voltigeur,legere,purification,porte,unlimited,0.8,1.2,8,True,52.56,57.44,57.44
voltigeur,legere,purification,porte,unlimited,1.0,0.8,9,True,63.2,46.8,46.8
voltigeur,legere,purification,porte,unlimited,1.0,1.0,9,True,51.5,58.5,58.5
voltigeur,legere,purification,porte,unlimited,1.0,1.2,9,True,39.8,70.2,70.2
voltigeur,legere,purification,porte,unlimited,1.2,0.8,11,True,50.44,59.56,59.56
voltigeur,legere,purification,porte,unlimited,1.2,1.0,11,True,35.55,74.45,74.45
voltigeur,legere,purification,porte,unlimited,1.2,1.2,11,True,20.65,89.35,89.35
voltigeur,legere,purification,barque,unlimited,0.8,0.8,6,True,69.09,40.91,40.91
voltigeur,legere,purification,barque,unlimited,0.8,1.0,6,True,58.86,51.14,51.14
voltigeur,legere,purification,barque,unlimited,0.8,1.2,6,True,48.64,61.36,61.36
voltigeur,legere,purification,barque,unlimited,1.0,0.8,7,True,46.65,63.35,63.35
voltigeur,legere,purification,barque,unlimited,1.0,1.0,7,True,30.82,79.18,79.18
voltigeur,legere,purification,barque,unlimited,1.0,1.2,7,True,14.98,95.02,95.02
voltigeur,legere,purification,barque,unlimited,1.2,0.8,8,True,35.85,74.15,74.15
voltigeur,legere,purification,barque,unlimited,1.2,1.0,8,True,17.32,92.68,92.68
voltigeur,legere,purification,barque,unlimited,1.2,1.2,7,False,0,110,111.22
voltigeur,legere,ancrage,puits,unlimited,0.8,0.8,4,True,83.82,26.18,26.18
voltigeur,legere,ancrage,puits,unlimited,0.8,1.0,4,True,77.27,32.73,32.73
voltigeur,legere,ancrage,puits,unlimited,0.8,1.2,4,True,70.73,39.27,39.27
voltigeur,legere,ancrage,puits,unlimited,1.0,0.8,5,True,66.36,43.64,43.64
voltigeur,legere,ancrage,puits,unlimited,1.0,1.0,5,True,55.45,54.55,54.55
voltigeur,legere,ancrage,puits,unlimited,1.0,1.2,5,True,44.55,65.45,65.45
voltigeur,legere,ancrage,puits,unlimited,1.2,0.8,6,True,57.64,52.36,52.36
voltigeur,legere,ancrage,puits,unlimited,1.2,1.0,6,True,44.55,65.45,65.45
voltigeur,legere,ancrage,puits,unlimited,1.2,1.2,6,True,31.45,78.55,78.55
voltigeur,legere,ancrage,porte,unlimited,0.8,0.8,8,True,71.71,38.29,38.29
voltigeur,legere,ancrage,porte,unlimited,0.8,1.0,8,True,62.14,47.86,47.86
voltigeur,legere,ancrage,porte,unlimited,0.8,1.2,8,True,52.56,57.44,57.44
voltigeur,legere,ancrage,porte,unlimited,1.0,0.8,9,True,63.2,46.8,46.8
voltigeur,legere,ancrage,porte,unlimited,1.0,1.0,9,True,51.5,58.5,58.5
voltigeur,legere,ancrage,porte,unlimited,1.0,1.2,9,True,39.8,70.2,70.2
voltigeur,legere,ancrage,porte,unlimited,1.2,0.8,11,True,50.44,59.56,59.56
voltigeur,legere,ancrage,porte,unlimited,1.2,1.0,11,True,35.55,74.45,74.45
voltigeur,legere,ancrage,porte,unlimited,1.2,1.2,11,True,20.65,89.35,89.35
voltigeur,legere,ancrage,barque,unlimited,0.8,0.8,6,True,75.96,34.04,34.04
voltigeur,legere,ancrage,barque,unlimited,0.8,1.0,6,True,67.45,42.55,42.55
voltigeur,legere,ancrage,barque,unlimited,0.8,1.2,6,True,58.95,51.05,51.05
voltigeur,legere,ancrage,barque,unlimited,1.0,0.8,7,True,55.82,54.18,54.18
voltigeur,legere,ancrage,barque,unlimited,1.0,1.0,7,True,42.27,67.73,67.73
voltigeur,legere,ancrage,barque,unlimited,1.0,1.2,7,True,28.73,81.27,81.27
voltigeur,legere,ancrage,barque,unlimited,1.2,0.8,8,True,47.31,62.69,62.69
voltigeur,legere,ancrage,barque,unlimited,1.2,1.0,8,True,31.64,78.36,78.36
voltigeur,legere,ancrage,barque,unlimited,1.2,1.2,8,True,15.96,94.04,94.04
cendre,airain,aucun,puits,unlimited,0.8,0.8,4,True,81.2,28.8,28.8
cendre,airain,aucun,puits,unlimited,0.8,1.0,4,True,74.0,36.0,36.0
cendre,airain,aucun,puits,unlimited,0.8,1.2,4,True,66.8,43.2,43.2
cendre,airain,aucun,puits,unlimited,1.0,0.8,4,True,81.2,28.8,28.8
cendre,airain,aucun,puits,unlimited,1.0,1.0,4,True,74.0,36.0,36.0
cendre,airain,aucun,puits,unlimited,1.0,1.2,4,True,66.8,43.2,43.2
cendre,airain,aucun,puits,unlimited,1.2,0.8,5,True,62.0,48.0,48.0
cendre,airain,aucun,puits,unlimited,1.2,1.0,5,True,50.0,60.0,60.0
cendre,airain,aucun,puits,unlimited,1.2,1.2,5,True,38.0,72.0,72.0
cendre,airain,aucun,porte,unlimited,0.8,0.8,5,True,86.77,23.23,23.23
cendre,airain,aucun,porte,unlimited,0.8,1.0,5,True,80.97,29.03,29.03
cendre,airain,aucun,porte,unlimited,0.8,1.2,5,True,75.16,34.84,34.84
cendre,airain,aucun,porte,unlimited,1.0,0.8,6,True,77.48,32.52,32.52
cendre,airain,aucun,porte,unlimited,1.0,1.0,6,True,69.35,40.65,40.65
cendre,airain,aucun,porte,unlimited,1.0,1.2,6,True,61.23,48.77,48.77
cendre,airain,aucun,porte,unlimited,1.2,0.8,7,True,68.19,41.81,41.81
cendre,airain,aucun,porte,unlimited,1.2,1.0,7,True,57.74,52.26,52.26
cendre,airain,aucun,porte,unlimited,1.2,1.2,7,True,47.29,62.71,62.71
cendre,airain,aucun,barque,unlimited,0.8,0.8,6,True,72.84,37.16,37.16
cendre,airain,aucun,barque,unlimited,0.8,1.0,6,True,63.55,46.45,46.45
cendre,airain,aucun,barque,unlimited,0.8,1.2,6,True,54.26,55.74,55.74
cendre,airain,aucun,barque,unlimited,1.0,0.8,6,True,55.39,54.61,54.61
cendre,airain,aucun,barque,unlimited,1.0,1.0,6,True,41.74,68.26,68.26
cendre,airain,aucun,barque,unlimited,1.0,1.2,6,True,28.09,81.91,81.91
cendre,airain,aucun,barque,unlimited,1.2,0.8,8,True,46.1,63.9,63.9
cendre,airain,aucun,barque,unlimited,1.2,1.0,8,True,30.13,79.87,79.87
cendre,airain,aucun,barque,unlimited,1.2,1.2,8,True,14.15,95.85,95.85
cendre,airain,purification,puits,unlimited,0.8,0.8,4,True,81.2,28.8,28.8
cendre,airain,purification,puits,unlimited,0.8,1.0,4,True,74.0,36.0,36.0
cendre,airain,purification,puits,unlimited,0.8,1.2,4,True,66.8,43.2,43.2
cendre,airain,purification,puits,unlimited,1.0,0.8,4,True,81.2,28.8,28.8
cendre,airain,purification,puits,unlimited,1.0,1.0,4,True,74.0,36.0,36.0
cendre,airain,purification,puits,unlimited,1.0,1.2,4,True,66.8,43.2,43.2
cendre,airain,purification,puits,unlimited,1.2,0.8,5,True,62.0,48.0,48.0
cendre,airain,purification,puits,unlimited,1.2,1.0,5,True,50.0,60.0,60.0
cendre,airain,purification,puits,unlimited,1.2,1.2,5,True,38.0,72.0,72.0
cendre,airain,purification,porte,unlimited,0.8,0.8,5,True,86.77,23.23,23.23
cendre,airain,purification,porte,unlimited,0.8,1.0,5,True,80.97,29.03,29.03
cendre,airain,purification,porte,unlimited,0.8,1.2,5,True,75.16,34.84,34.84
cendre,airain,purification,porte,unlimited,1.0,0.8,6,True,77.48,32.52,32.52
cendre,airain,purification,porte,unlimited,1.0,1.0,6,True,69.35,40.65,40.65
cendre,airain,purification,porte,unlimited,1.0,1.2,6,True,61.23,48.77,48.77
cendre,airain,purification,porte,unlimited,1.2,0.8,7,True,68.19,41.81,41.81
cendre,airain,purification,porte,unlimited,1.2,1.0,7,True,57.74,52.26,52.26
cendre,airain,purification,porte,unlimited,1.2,1.2,7,True,47.29,62.71,62.71
cendre,airain,purification,barque,unlimited,0.8,0.8,6,True,72.84,37.16,37.16
cendre,airain,purification,barque,unlimited,0.8,1.0,6,True,63.55,46.45,46.45
cendre,airain,purification,barque,unlimited,0.8,1.2,6,True,54.26,55.74,55.74
cendre,airain,purification,barque,unlimited,1.0,0.8,6,True,55.39,54.61,54.61
cendre,airain,purification,barque,unlimited,1.0,1.0,6,True,41.74,68.26,68.26
cendre,airain,purification,barque,unlimited,1.0,1.2,6,True,28.09,81.91,81.91
cendre,airain,purification,barque,unlimited,1.2,0.8,8,True,46.1,63.9,63.9
cendre,airain,purification,barque,unlimited,1.2,1.0,8,True,30.13,79.87,79.87
cendre,airain,purification,barque,unlimited,1.2,1.2,8,True,14.15,95.85,95.85
cendre,airain,ancrage,puits,unlimited,0.8,0.8,4,True,81.2,28.8,28.8
cendre,airain,ancrage,puits,unlimited,0.8,1.0,4,True,74.0,36.0,36.0
cendre,airain,ancrage,puits,unlimited,0.8,1.2,4,True,66.8,43.2,43.2
cendre,airain,ancrage,puits,unlimited,1.0,0.8,4,True,81.2,28.8,28.8
cendre,airain,ancrage,puits,unlimited,1.0,1.0,4,True,74.0,36.0,36.0
cendre,airain,ancrage,puits,unlimited,1.0,1.2,4,True,66.8,43.2,43.2
cendre,airain,ancrage,puits,unlimited,1.2,0.8,5,True,62.0,48.0,48.0
cendre,airain,ancrage,puits,unlimited,1.2,1.0,5,True,50.0,60.0,60.0
cendre,airain,ancrage,puits,unlimited,1.2,1.2,5,True,38.0,72.0,72.0
cendre,airain,ancrage,porte,unlimited,0.8,0.8,5,True,86.77,23.23,23.23
cendre,airain,ancrage,porte,unlimited,0.8,1.0,5,True,80.97,29.03,29.03
cendre,airain,ancrage,porte,unlimited,0.8,1.2,5,True,75.16,34.84,34.84
cendre,airain,ancrage,porte,unlimited,1.0,0.8,6,True,77.48,32.52,32.52
cendre,airain,ancrage,porte,unlimited,1.0,1.0,6,True,69.35,40.65,40.65
cendre,airain,ancrage,porte,unlimited,1.0,1.2,6,True,61.23,48.77,48.77
cendre,airain,ancrage,porte,unlimited,1.2,0.8,7,True,68.19,41.81,41.81
cendre,airain,ancrage,porte,unlimited,1.2,1.0,7,True,57.74,52.26,52.26
cendre,airain,ancrage,porte,unlimited,1.2,1.2,7,True,47.29,62.71,62.71
cendre,airain,ancrage,barque,unlimited,0.8,0.8,5,True,82.13,27.87,27.87
cendre,airain,ancrage,barque,unlimited,0.8,1.0,5,True,75.16,34.84,34.84
cendre,airain,ancrage,barque,unlimited,0.8,1.2,5,True,68.19,41.81,41.81
cendre,airain,ancrage,barque,unlimited,1.0,0.8,5,True,77.48,32.52,32.52
cendre,airain,ancrage,barque,unlimited,1.0,1.0,5,True,69.35,40.65,40.65
cendre,airain,ancrage,barque,unlimited,1.0,1.2,5,True,61.23,48.77,48.77
cendre,airain,ancrage,barque,unlimited,1.2,0.8,7,True,50.75,59.25,59.25
cendre,airain,ancrage,barque,unlimited,1.2,1.0,7,True,35.94,74.06,74.06
cendre,airain,ancrage,barque,unlimited,1.2,1.2,7,True,21.12,88.88,88.88
cendre,sceau,aucun,puits,unlimited,0.8,0.8,4,True,91.42,18.58,18.58
cendre,sceau,aucun,puits,unlimited,0.8,1.0,4,True,86.77,23.23,23.23
cendre,sceau,aucun,puits,unlimited,0.8,1.2,4,True,82.13,27.87,27.87
cendre,sceau,aucun,puits,unlimited,1.0,0.8,4,True,91.42,18.58,18.58
cendre,sceau,aucun,puits,unlimited,1.0,1.0,4,True,86.77,23.23,23.23
cendre,sceau,aucun,puits,unlimited,1.0,1.2,4,True,82.13,27.87,27.87
cendre,sceau,aucun,puits,unlimited,1.2,0.8,5,True,79.03,30.97,30.97
cendre,sceau,aucun,puits,unlimited,1.2,1.0,5,True,71.29,38.71,38.71
cendre,sceau,aucun,puits,unlimited,1.2,1.2,5,True,63.55,46.45,46.45
cendre,sceau,aucun,porte,unlimited,0.8,0.8,5,True,74.0,36.0,36.0
cendre,sceau,aucun,porte,unlimited,0.8,1.0,5,True,65.0,45.0,45.0
cendre,sceau,aucun,porte,unlimited,0.8,1.2,5,True,56.0,54.0,54.0
cendre,sceau,aucun,porte,unlimited,1.0,0.8,6,True,59.6,50.4,50.4
cendre,sceau,aucun,porte,unlimited,1.0,1.0,6,True,47.0,63.0,63.0
cendre,sceau,aucun,porte,unlimited,1.0,1.2,6,True,34.4,75.6,75.6
cendre,sceau,aucun,porte,unlimited,1.2,0.8,7,True,45.2,64.8,64.8
cendre,sceau,aucun,porte,unlimited,1.2,1.0,7,True,29.0,81.0,81.0
cendre,sceau,aucun,porte,unlimited,1.2,1.2,7,True,12.8,97.2,97.2
cendre,sceau,aucun,barque,unlimited,0.8,0.8,6,True,52.4,57.6,57.6
cendre,sceau,aucun,barque,unlimited,0.8,1.0,6,True,38.0,72.0,72.0
cendre,sceau,aucun,barque,unlimited,0.8,1.2,6,True,23.6,86.4,86.4
cendre,sceau,aucun,barque,unlimited,1.0,0.8,6,True,36.94,73.06,73.06
cendre,sceau,aucun,barque,unlimited,1.0,1.0,6,True,18.68,91.32,91.32
cendre,sceau,aucun,barque,unlimited,1.0,1.2,6,True,0.41,109.59,109.59
cendre,sceau,aucun,barque,unlimited,1.2,0.8,8,True,22.54,87.46,87.46
cendre,sceau,aucun,barque,unlimited,1.2,1.0,8,True,0.68,109.32,109.32
cendre,sceau,aucun,barque,unlimited,1.2,1.2,6,False,0,110,120.39
cendre,sceau,purification,puits,unlimited,0.8,0.8,4,True,91.42,18.58,18.58
cendre,sceau,purification,puits,unlimited,0.8,1.0,4,True,86.77,23.23,23.23
cendre,sceau,purification,puits,unlimited,0.8,1.2,4,True,82.13,27.87,27.87
cendre,sceau,purification,puits,unlimited,1.0,0.8,4,True,91.42,18.58,18.58
cendre,sceau,purification,puits,unlimited,1.0,1.0,4,True,86.77,23.23,23.23
cendre,sceau,purification,puits,unlimited,1.0,1.2,4,True,82.13,27.87,27.87
cendre,sceau,purification,puits,unlimited,1.2,0.8,5,True,79.03,30.97,30.97
cendre,sceau,purification,puits,unlimited,1.2,1.0,5,True,71.29,38.71,38.71
cendre,sceau,purification,puits,unlimited,1.2,1.2,5,True,63.55,46.45,46.45
cendre,sceau,purification,porte,unlimited,0.8,0.8,5,True,74.0,36.0,36.0
cendre,sceau,purification,porte,unlimited,0.8,1.0,5,True,65.0,45.0,45.0
cendre,sceau,purification,porte,unlimited,0.8,1.2,5,True,56.0,54.0,54.0
cendre,sceau,purification,porte,unlimited,1.0,0.8,6,True,59.6,50.4,50.4
cendre,sceau,purification,porte,unlimited,1.0,1.0,6,True,47.0,63.0,63.0
cendre,sceau,purification,porte,unlimited,1.0,1.2,6,True,34.4,75.6,75.6
cendre,sceau,purification,porte,unlimited,1.2,0.8,7,True,45.2,64.8,64.8
cendre,sceau,purification,porte,unlimited,1.2,1.0,7,True,29.0,81.0,81.0
cendre,sceau,purification,porte,unlimited,1.2,1.2,7,True,12.8,97.2,97.2
cendre,sceau,purification,barque,unlimited,0.8,0.8,6,True,52.4,57.6,57.6
cendre,sceau,purification,barque,unlimited,0.8,1.0,6,True,38.0,72.0,72.0
cendre,sceau,purification,barque,unlimited,0.8,1.2,6,True,23.6,86.4,86.4
cendre,sceau,purification,barque,unlimited,1.0,0.8,6,True,36.94,73.06,73.06
cendre,sceau,purification,barque,unlimited,1.0,1.0,6,True,18.68,91.32,91.32
cendre,sceau,purification,barque,unlimited,1.0,1.2,6,True,0.41,109.59,109.59
cendre,sceau,purification,barque,unlimited,1.2,0.8,8,True,22.54,87.46,87.46
cendre,sceau,purification,barque,unlimited,1.2,1.0,8,True,0.68,109.32,109.32
cendre,sceau,purification,barque,unlimited,1.2,1.2,6,False,0,110,120.39
cendre,sceau,ancrage,puits,unlimited,0.8,0.8,4,True,91.42,18.58,18.58
cendre,sceau,ancrage,puits,unlimited,0.8,1.0,4,True,86.77,23.23,23.23
cendre,sceau,ancrage,puits,unlimited,0.8,1.2,4,True,82.13,27.87,27.87
cendre,sceau,ancrage,puits,unlimited,1.0,0.8,4,True,91.42,18.58,18.58
cendre,sceau,ancrage,puits,unlimited,1.0,1.0,4,True,86.77,23.23,23.23
cendre,sceau,ancrage,puits,unlimited,1.0,1.2,4,True,82.13,27.87,27.87
cendre,sceau,ancrage,puits,unlimited,1.2,0.8,5,True,79.03,30.97,30.97
cendre,sceau,ancrage,puits,unlimited,1.2,1.0,5,True,71.29,38.71,38.71
cendre,sceau,ancrage,puits,unlimited,1.2,1.2,5,True,63.55,46.45,46.45
cendre,sceau,ancrage,porte,unlimited,0.8,0.8,5,True,74.0,36.0,36.0
cendre,sceau,ancrage,porte,unlimited,0.8,1.0,5,True,65.0,45.0,45.0
cendre,sceau,ancrage,porte,unlimited,0.8,1.2,5,True,56.0,54.0,54.0
cendre,sceau,ancrage,porte,unlimited,1.0,0.8,6,True,59.6,50.4,50.4
cendre,sceau,ancrage,porte,unlimited,1.0,1.0,6,True,47.0,63.0,63.0
cendre,sceau,ancrage,porte,unlimited,1.0,1.2,6,True,34.4,75.6,75.6
cendre,sceau,ancrage,porte,unlimited,1.2,0.8,7,True,45.2,64.8,64.8
cendre,sceau,ancrage,porte,unlimited,1.2,1.0,7,True,29.0,81.0,81.0
cendre,sceau,ancrage,porte,unlimited,1.2,1.2,7,True,12.8,97.2,97.2
cendre,sceau,ancrage,barque,unlimited,0.8,0.8,5,True,66.8,43.2,43.2
cendre,sceau,ancrage,barque,unlimited,0.8,1.0,5,True,56.0,54.0,54.0
cendre,sceau,ancrage,barque,unlimited,0.8,1.2,5,True,45.2,64.8,64.8
cendre,sceau,ancrage,barque,unlimited,1.0,0.8,5,True,59.6,50.4,50.4
cendre,sceau,ancrage,barque,unlimited,1.0,1.0,5,True,47.0,63.0,63.0
cendre,sceau,ancrage,barque,unlimited,1.0,1.2,5,True,34.4,75.6,75.6
cendre,sceau,ancrage,barque,unlimited,1.2,0.8,7,True,29.74,80.26,80.26
cendre,sceau,ancrage,barque,unlimited,1.2,1.0,7,True,9.68,100.32,100.32
cendre,sceau,ancrage,barque,unlimited,1.2,1.2,6,False,0,110,120.39
cendre,mixte,aucun,puits,unlimited,0.8,0.8,4,True,86.39,23.61,23.61
cendre,mixte,aucun,puits,unlimited,0.8,1.0,4,True,80.49,29.51,29.51
cendre,mixte,aucun,puits,unlimited,0.8,1.2,4,True,74.59,35.41,35.41
cendre,mixte,aucun,puits,unlimited,1.0,0.8,4,True,86.39,23.61,23.61
cendre,mixte,aucun,puits,unlimited,1.0,1.0,4,True,80.49,29.51,29.51
cendre,mixte,aucun,puits,unlimited,1.0,1.2,4,True,74.59,35.41,35.41
cendre,mixte,aucun,puits,unlimited,1.2,0.8,5,True,70.66,39.34,39.34
cendre,mixte,aucun,puits,unlimited,1.2,1.0,5,True,60.82,49.18,49.18
cendre,mixte,aucun,puits,unlimited,1.2,1.2,5,True,50.98,59.02,59.02
cendre,mixte,aucun,porte,unlimited,0.8,0.8,5,True,80.49,29.51,29.51
cendre,mixte,aucun,porte,unlimited,0.8,1.0,5,True,73.11,36.89,36.89
cendre,mixte,aucun,porte,unlimited,0.8,1.2,5,True,65.74,44.26,44.26
cendre,mixte,aucun,porte,unlimited,1.0,0.8,6,True,68.69,41.31,41.31
cendre,mixte,aucun,porte,unlimited,1.0,1.0,6,True,58.36,51.64,51.64
cendre,mixte,aucun,porte,unlimited,1.0,1.2,6,True,48.03,61.97,61.97
cendre,mixte,aucun,porte,unlimited,1.2,0.8,7,True,56.89,53.11,53.11
cendre,mixte,aucun,porte,unlimited,1.2,1.0,7,True,43.61,66.39,66.39
cendre,mixte,aucun,porte,unlimited,1.2,1.2,7,True,30.33,79.67,79.67
cendre,mixte,aucun,barque,unlimited,0.8,0.8,6,True,62.79,47.21,47.21
cendre,mixte,aucun,barque,unlimited,0.8,1.0,6,True,50.98,59.02,59.02
cendre,mixte,aucun,barque,unlimited,0.8,1.2,6,True,39.18,70.82,70.82
cendre,mixte,aucun,barque,unlimited,1.0,0.8,6,True,46.39,63.61,63.61
cendre,mixte,aucun,barque,unlimited,1.0,1.0,6,True,30.49,79.51,79.51
cendre,mixte,aucun,barque,unlimited,1.0,1.2,6,True,14.59,95.41,95.41
cendre,mixte,aucun,barque,unlimited,1.2,0.8,8,True,34.59,75.41,75.41
cendre,mixte,aucun,barque,unlimited,1.2,1.0,8,True,15.74,94.26,94.26
cendre,mixte,aucun,barque,unlimited,1.2,1.2,7,False,0,110,113.11
cendre,mixte,purification,puits,unlimited,0.8,0.8,4,True,86.39,23.61,23.61
cendre,mixte,purification,puits,unlimited,0.8,1.0,4,True,80.49,29.51,29.51
cendre,mixte,purification,puits,unlimited,0.8,1.2,4,True,74.59,35.41,35.41
cendre,mixte,purification,puits,unlimited,1.0,0.8,4,True,86.39,23.61,23.61
cendre,mixte,purification,puits,unlimited,1.0,1.0,4,True,80.49,29.51,29.51
cendre,mixte,purification,puits,unlimited,1.0,1.2,4,True,74.59,35.41,35.41
cendre,mixte,purification,puits,unlimited,1.2,0.8,5,True,70.66,39.34,39.34
cendre,mixte,purification,puits,unlimited,1.2,1.0,5,True,60.82,49.18,49.18
cendre,mixte,purification,puits,unlimited,1.2,1.2,5,True,50.98,59.02,59.02
cendre,mixte,purification,porte,unlimited,0.8,0.8,5,True,80.49,29.51,29.51
cendre,mixte,purification,porte,unlimited,0.8,1.0,5,True,73.11,36.89,36.89
cendre,mixte,purification,porte,unlimited,0.8,1.2,5,True,65.74,44.26,44.26
cendre,mixte,purification,porte,unlimited,1.0,0.8,6,True,68.69,41.31,41.31
cendre,mixte,purification,porte,unlimited,1.0,1.0,6,True,58.36,51.64,51.64
cendre,mixte,purification,porte,unlimited,1.0,1.2,6,True,48.03,61.97,61.97
cendre,mixte,purification,porte,unlimited,1.2,0.8,7,True,56.89,53.11,53.11
cendre,mixte,purification,porte,unlimited,1.2,1.0,7,True,43.61,66.39,66.39
cendre,mixte,purification,porte,unlimited,1.2,1.2,7,True,30.33,79.67,79.67
cendre,mixte,purification,barque,unlimited,0.8,0.8,6,True,62.79,47.21,47.21
cendre,mixte,purification,barque,unlimited,0.8,1.0,6,True,50.98,59.02,59.02
cendre,mixte,purification,barque,unlimited,0.8,1.2,6,True,39.18,70.82,70.82
cendre,mixte,purification,barque,unlimited,1.0,0.8,6,True,46.39,63.61,63.61
cendre,mixte,purification,barque,unlimited,1.0,1.0,6,True,30.49,79.51,79.51
cendre,mixte,purification,barque,unlimited,1.0,1.2,6,True,14.59,95.41,95.41
cendre,mixte,purification,barque,unlimited,1.2,0.8,8,True,34.59,75.41,75.41
cendre,mixte,purification,barque,unlimited,1.2,1.0,8,True,15.74,94.26,94.26
cendre,mixte,purification,barque,unlimited,1.2,1.2,7,False,0,110,113.11
cendre,mixte,ancrage,puits,unlimited,0.8,0.8,4,True,86.39,23.61,23.61
cendre,mixte,ancrage,puits,unlimited,0.8,1.0,4,True,80.49,29.51,29.51
cendre,mixte,ancrage,puits,unlimited,0.8,1.2,4,True,74.59,35.41,35.41
cendre,mixte,ancrage,puits,unlimited,1.0,0.8,4,True,86.39,23.61,23.61
cendre,mixte,ancrage,puits,unlimited,1.0,1.0,4,True,80.49,29.51,29.51
cendre,mixte,ancrage,puits,unlimited,1.0,1.2,4,True,74.59,35.41,35.41
cendre,mixte,ancrage,puits,unlimited,1.2,0.8,5,True,70.66,39.34,39.34
cendre,mixte,ancrage,puits,unlimited,1.2,1.0,5,True,60.82,49.18,49.18
cendre,mixte,ancrage,puits,unlimited,1.2,1.2,5,True,50.98,59.02,59.02
cendre,mixte,ancrage,porte,unlimited,0.8,0.8,5,True,80.49,29.51,29.51
cendre,mixte,ancrage,porte,unlimited,0.8,1.0,5,True,73.11,36.89,36.89
cendre,mixte,ancrage,porte,unlimited,0.8,1.2,5,True,65.74,44.26,44.26
cendre,mixte,ancrage,porte,unlimited,1.0,0.8,6,True,68.69,41.31,41.31
cendre,mixte,ancrage,porte,unlimited,1.0,1.0,6,True,58.36,51.64,51.64
cendre,mixte,ancrage,porte,unlimited,1.0,1.2,6,True,48.03,61.97,61.97
cendre,mixte,ancrage,porte,unlimited,1.2,0.8,7,True,56.89,53.11,53.11
cendre,mixte,ancrage,porte,unlimited,1.2,1.0,7,True,43.61,66.39,66.39
cendre,mixte,ancrage,porte,unlimited,1.2,1.2,7,True,30.33,79.67,79.67
cendre,mixte,ancrage,barque,unlimited,0.8,0.8,5,True,74.59,35.41,35.41
cendre,mixte,ancrage,barque,unlimited,0.8,1.0,5,True,65.74,44.26,44.26
cendre,mixte,ancrage,barque,unlimited,0.8,1.2,5,True,56.89,53.11,53.11
cendre,mixte,ancrage,barque,unlimited,1.0,0.8,5,True,68.69,41.31,41.31
cendre,mixte,ancrage,barque,unlimited,1.0,1.0,5,True,58.36,51.64,51.64
cendre,mixte,ancrage,barque,unlimited,1.0,1.2,5,True,48.03,61.97,61.97
cendre,mixte,ancrage,barque,unlimited,1.2,0.8,7,True,40.49,69.51,69.51
cendre,mixte,ancrage,barque,unlimited,1.2,1.0,7,True,23.11,86.89,86.89
cendre,mixte,ancrage,barque,unlimited,1.2,1.2,7,True,5.74,104.26,104.26
cendre,legere,aucun,puits,unlimited,0.8,0.8,4,True,83.82,26.18,26.18
cendre,legere,aucun,puits,unlimited,0.8,1.0,4,True,77.27,32.73,32.73
cendre,legere,aucun,puits,unlimited,0.8,1.2,4,True,70.73,39.27,39.27
cendre,legere,aucun,puits,unlimited,1.0,0.8,4,True,83.82,26.18,26.18
cendre,legere,aucun,puits,unlimited,1.0,1.0,4,True,77.27,32.73,32.73
cendre,legere,aucun,puits,unlimited,1.0,1.2,4,True,70.73,39.27,39.27
cendre,legere,aucun,puits,unlimited,1.2,0.8,5,True,66.36,43.64,43.64
cendre,legere,aucun,puits,unlimited,1.2,1.0,5,True,55.45,54.55,54.55
cendre,legere,aucun,puits,unlimited,1.2,1.2,5,True,44.55,65.45,65.45
cendre,legere,aucun,porte,unlimited,0.8,0.8,5,True,77.27,32.73,32.73
cendre,legere,aucun,porte,unlimited,0.8,1.0,5,True,69.09,40.91,40.91
cendre,legere,aucun,porte,unlimited,0.8,1.2,5,True,60.91,49.09,49.09
cendre,legere,aucun,porte,unlimited,1.0,0.8,6,True,64.18,45.82,45.82
cendre,legere,aucun,porte,unlimited,1.0,1.0,6,True,52.73,57.27,57.27
cendre,legere,aucun,porte,unlimited,1.0,1.2,6,True,41.27,68.73,68.73
cendre,legere,aucun,porte,unlimited,1.2,0.8,7,True,51.09,58.91,58.91
cendre,legere,aucun,porte,unlimited,1.2,1.0,7,True,36.36,73.64,73.64
cendre,legere,aucun,porte,unlimited,1.2,1.2,7,True,21.64,88.36,88.36
cendre,legere,aucun,barque,unlimited,0.8,0.8,6,True,57.64,52.36,52.36
cendre,legere,aucun,barque,unlimited,0.8,1.0,6,True,44.55,65.45,65.45
cendre,legere,aucun,barque,unlimited,0.8,1.2,6,True,31.45,78.55,78.55
cendre,legere,aucun,barque,unlimited,1.0,0.8,6,True,39.45,70.55,70.55
cendre,legere,aucun,barque,unlimited,1.0,1.0,6,True,21.82,88.18,88.18
cendre,legere,aucun,barque,unlimited,1.0,1.2,6,True,4.18,105.82,105.82
cendre,legere,aucun,barque,unlimited,1.2,0.8,8,True,26.36,83.64,83.64
cendre,legere,aucun,barque,unlimited,1.2,1.0,8,True,5.45,104.55,104.55
cendre,legere,aucun,barque,unlimited,1.2,1.2,6,False,0,110,115.64
cendre,legere,purification,puits,unlimited,0.8,0.8,4,True,83.82,26.18,26.18
cendre,legere,purification,puits,unlimited,0.8,1.0,4,True,77.27,32.73,32.73
cendre,legere,purification,puits,unlimited,0.8,1.2,4,True,70.73,39.27,39.27
cendre,legere,purification,puits,unlimited,1.0,0.8,4,True,83.82,26.18,26.18
cendre,legere,purification,puits,unlimited,1.0,1.0,4,True,77.27,32.73,32.73
cendre,legere,purification,puits,unlimited,1.0,1.2,4,True,70.73,39.27,39.27
cendre,legere,purification,puits,unlimited,1.2,0.8,5,True,66.36,43.64,43.64
cendre,legere,purification,puits,unlimited,1.2,1.0,5,True,55.45,54.55,54.55
cendre,legere,purification,puits,unlimited,1.2,1.2,5,True,44.55,65.45,65.45
cendre,legere,purification,porte,unlimited,0.8,0.8,5,True,77.27,32.73,32.73
cendre,legere,purification,porte,unlimited,0.8,1.0,5,True,69.09,40.91,40.91
cendre,legere,purification,porte,unlimited,0.8,1.2,5,True,60.91,49.09,49.09
cendre,legere,purification,porte,unlimited,1.0,0.8,6,True,64.18,45.82,45.82
cendre,legere,purification,porte,unlimited,1.0,1.0,6,True,52.73,57.27,57.27
cendre,legere,purification,porte,unlimited,1.0,1.2,6,True,41.27,68.73,68.73
cendre,legere,purification,porte,unlimited,1.2,0.8,7,True,51.09,58.91,58.91
cendre,legere,purification,porte,unlimited,1.2,1.0,7,True,36.36,73.64,73.64
cendre,legere,purification,porte,unlimited,1.2,1.2,7,True,21.64,88.36,88.36
cendre,legere,purification,barque,unlimited,0.8,0.8,6,True,57.64,52.36,52.36
cendre,legere,purification,barque,unlimited,0.8,1.0,6,True,44.55,65.45,65.45
cendre,legere,purification,barque,unlimited,0.8,1.2,6,True,31.45,78.55,78.55
cendre,legere,purification,barque,unlimited,1.0,0.8,6,True,39.45,70.55,70.55
cendre,legere,purification,barque,unlimited,1.0,1.0,6,True,21.82,88.18,88.18
cendre,legere,purification,barque,unlimited,1.0,1.2,6,True,4.18,105.82,105.82
cendre,legere,purification,barque,unlimited,1.2,0.8,8,True,26.36,83.64,83.64
cendre,legere,purification,barque,unlimited,1.2,1.0,8,True,5.45,104.55,104.55
cendre,legere,purification,barque,unlimited,1.2,1.2,6,False,0,110,115.64
cendre,legere,ancrage,puits,unlimited,0.8,0.8,4,True,83.82,26.18,26.18
cendre,legere,ancrage,puits,unlimited,0.8,1.0,4,True,77.27,32.73,32.73
cendre,legere,ancrage,puits,unlimited,0.8,1.2,4,True,70.73,39.27,39.27
cendre,legere,ancrage,puits,unlimited,1.0,0.8,4,True,83.82,26.18,26.18
cendre,legere,ancrage,puits,unlimited,1.0,1.0,4,True,77.27,32.73,32.73
cendre,legere,ancrage,puits,unlimited,1.0,1.2,4,True,70.73,39.27,39.27
cendre,legere,ancrage,puits,unlimited,1.2,0.8,5,True,66.36,43.64,43.64
cendre,legere,ancrage,puits,unlimited,1.2,1.0,5,True,55.45,54.55,54.55
cendre,legere,ancrage,puits,unlimited,1.2,1.2,5,True,44.55,65.45,65.45
cendre,legere,ancrage,porte,unlimited,0.8,0.8,5,True,77.27,32.73,32.73
cendre,legere,ancrage,porte,unlimited,0.8,1.0,5,True,69.09,40.91,40.91
cendre,legere,ancrage,porte,unlimited,0.8,1.2,5,True,60.91,49.09,49.09
cendre,legere,ancrage,porte,unlimited,1.0,0.8,6,True,64.18,45.82,45.82
cendre,legere,ancrage,porte,unlimited,1.0,1.0,6,True,52.73,57.27,57.27
cendre,legere,ancrage,porte,unlimited,1.0,1.2,6,True,41.27,68.73,68.73
cendre,legere,ancrage,porte,unlimited,1.2,0.8,7,True,51.09,58.91,58.91
cendre,legere,ancrage,porte,unlimited,1.2,1.0,7,True,36.36,73.64,73.64
cendre,legere,ancrage,porte,unlimited,1.2,1.2,7,True,21.64,88.36,88.36
cendre,legere,ancrage,barque,unlimited,0.8,0.8,5,True,70.73,39.27,39.27
cendre,legere,ancrage,barque,unlimited,0.8,1.0,5,True,60.91,49.09,49.09
cendre,legere,ancrage,barque,unlimited,0.8,1.2,5,True,51.09,58.91,58.91
cendre,legere,ancrage,barque,unlimited,1.0,0.8,5,True,64.18,45.82,45.82
cendre,legere,ancrage,barque,unlimited,1.0,1.0,5,True,52.73,57.27,57.27
cendre,legere,ancrage,barque,unlimited,1.0,1.2,5,True,41.27,68.73,68.73
cendre,legere,ancrage,barque,unlimited,1.2,0.8,7,True,32.91,77.09,77.09
cendre,legere,ancrage,barque,unlimited,1.2,1.0,7,True,13.64,96.36,96.36
cendre,legere,ancrage,barque,unlimited,1.2,1.2,6,False,0,110,115.64
entrave,airain,aucun,puits,unlimited,0.8,0.8,6,True,82.0,28.0,28.0
entrave,airain,aucun,puits,unlimited,0.8,1.0,6,True,70.0,40.0,40.0
entrave,airain,aucun,puits,unlimited,0.8,1.2,6,True,58.0,52.0,52.0
entrave,airain,aucun,puits,unlimited,1.0,0.8,7,True,63.2,46.8,46.8
entrave,airain,aucun,puits,unlimited,1.0,1.0,7,True,44.0,66.0,66.0
entrave,airain,aucun,puits,unlimited,1.0,1.2,7,True,24.8,85.2,85.2
entrave,airain,aucun,puits,unlimited,1.2,0.8,9,True,54.0,56.0,56.0
entrave,airain,aucun,puits,unlimited,1.2,1.0,9,True,30.0,80.0,80.0
entrave,airain,aucun,puits,unlimited,1.2,1.2,9,True,6.0,104.0,104.0
entrave,airain,aucun,porte,unlimited,0.8,0.8,14,True,101.42,8.58,8.58
entrave,airain,aucun,porte,unlimited,0.8,1.0,14,True,88.71,21.29,21.29
entrave,airain,aucun,porte,unlimited,0.8,1.2,14,True,72.45,37.55,37.55
entrave,airain,aucun,porte,unlimited,1.0,0.8,18,True,101.42,8.58,8.58
entrave,airain,aucun,porte,unlimited,1.0,1.0,18,True,85.48,24.52,24.52
entrave,airain,aucun,porte,unlimited,1.0,1.2,18,True,64.58,45.42,45.42
entrave,airain,aucun,porte,unlimited,1.2,0.8,20,True,101.42,8.58,8.58
entrave,airain,aucun,porte,unlimited,1.2,1.0,20,True,83.87,26.13,26.13
entrave,airain,aucun,porte,unlimited,1.2,1.2,20,True,60.65,49.35,49.35
entrave,airain,aucun,barque,unlimited,0.8,0.8,8,True,71.17,38.83,38.83
entrave,airain,aucun,barque,unlimited,0.8,1.0,8,True,57.35,52.65,52.65
entrave,airain,aucun,barque,unlimited,0.8,1.2,8,True,42.83,67.17,67.17
entrave,airain,aucun,barque,unlimited,1.0,0.8,10,True,66.53,43.47,43.47
entrave,airain,aucun,barque,unlimited,1.0,1.0,10,True,51.55,58.45,58.45
entrave,airain,aucun,barque,unlimited,1.0,1.2,10,True,35.86,74.14,74.14
entrave,airain,aucun,barque,unlimited,1.2,0.8,12,True,54.44,55.56,55.56
entrave,airain,aucun,barque,unlimited,1.2,1.0,12,True,32.32,77.68,77.68
entrave,airain,aucun,barque,unlimited,1.2,1.2,12,True,8.79,101.21,101.21
entrave,airain,purification,puits,unlimited,0.8,0.8,6,True,82.0,28.0,28.0
entrave,airain,purification,puits,unlimited,0.8,1.0,6,True,70.0,40.0,40.0
entrave,airain,purification,puits,unlimited,0.8,1.2,6,True,58.0,52.0,52.0
entrave,airain,purification,puits,unlimited,1.0,0.8,7,True,72.8,37.2,37.2
entrave,airain,purification,puits,unlimited,1.0,1.0,7,True,56.0,54.0,54.0
entrave,airain,purification,puits,unlimited,1.0,1.2,7,True,39.2,70.8,70.8
entrave,airain,purification,puits,unlimited,1.2,0.8,8,True,63.2,46.8,46.8
entrave,airain,purification,puits,unlimited,1.2,1.0,8,True,44.0,66.0,66.0
entrave,airain,purification,puits,unlimited,1.2,1.2,8,True,24.8,85.2,85.2
entrave,airain,purification,porte,unlimited,0.8,0.8,14,True,101.42,8.58,8.58
entrave,airain,purification,porte,unlimited,0.8,1.0,14,True,88.71,21.29,21.29
entrave,airain,purification,porte,unlimited,0.8,1.2,14,True,72.45,37.55,37.55
entrave,airain,purification,porte,unlimited,1.0,0.8,18,True,101.42,8.58,8.58
entrave,airain,purification,porte,unlimited,1.0,1.0,18,True,85.48,24.52,24.52
entrave,airain,purification,porte,unlimited,1.0,1.2,18,True,64.58,45.42,45.42
entrave,airain,purification,porte,unlimited,1.2,0.8,20,True,101.42,8.58,8.58
entrave,airain,purification,porte,unlimited,1.2,1.0,20,True,83.87,26.13,26.13
entrave,airain,purification,porte,unlimited,1.2,1.2,20,True,60.65,49.35,49.35
entrave,airain,purification,barque,unlimited,0.8,0.8,8,True,71.17,38.83,38.83
entrave,airain,purification,barque,unlimited,0.8,1.0,8,True,57.35,52.65,52.65
entrave,airain,purification,barque,unlimited,0.8,1.2,8,True,42.83,67.17,67.17
entrave,airain,purification,barque,unlimited,1.0,0.8,10,True,66.53,43.47,43.47
entrave,airain,purification,barque,unlimited,1.0,1.0,10,True,51.55,58.45,58.45
entrave,airain,purification,barque,unlimited,1.0,1.2,10,True,35.86,74.14,74.14
entrave,airain,purification,barque,unlimited,1.2,0.8,12,True,54.44,55.56,55.56
entrave,airain,purification,barque,unlimited,1.2,1.0,12,True,32.32,77.68,77.68
entrave,airain,purification,barque,unlimited,1.2,1.2,12,True,8.79,101.21,101.21
entrave,airain,ancrage,puits,unlimited,0.8,0.8,6,True,82.0,28.0,28.0
entrave,airain,ancrage,puits,unlimited,0.8,1.0,6,True,70.0,40.0,40.0
entrave,airain,ancrage,puits,unlimited,0.8,1.2,6,True,58.0,52.0,52.0
entrave,airain,ancrage,puits,unlimited,1.0,0.8,7,True,63.2,46.8,46.8
entrave,airain,ancrage,puits,unlimited,1.0,1.0,7,True,44.0,66.0,66.0
entrave,airain,ancrage,puits,unlimited,1.0,1.2,7,True,24.8,85.2,85.2
entrave,airain,ancrage,puits,unlimited,1.2,0.8,9,True,54.0,56.0,56.0
entrave,airain,ancrage,puits,unlimited,1.2,1.0,9,True,30.0,80.0,80.0
entrave,airain,ancrage,puits,unlimited,1.2,1.2,9,True,6.0,104.0,104.0
entrave,airain,ancrage,porte,unlimited,0.8,0.8,14,True,101.42,8.58,8.58
entrave,airain,ancrage,porte,unlimited,0.8,1.0,14,True,88.71,21.29,21.29
entrave,airain,ancrage,porte,unlimited,0.8,1.2,14,True,72.45,37.55,37.55
entrave,airain,ancrage,porte,unlimited,1.0,0.8,18,True,101.42,8.58,8.58
entrave,airain,ancrage,porte,unlimited,1.0,1.0,18,True,85.48,24.52,24.52
entrave,airain,ancrage,porte,unlimited,1.0,1.2,18,True,64.58,45.42,45.42
entrave,airain,ancrage,porte,unlimited,1.2,0.8,20,True,101.42,8.58,8.58
entrave,airain,ancrage,porte,unlimited,1.2,1.0,20,True,83.87,26.13,26.13
entrave,airain,ancrage,porte,unlimited,1.2,1.2,20,True,60.65,49.35,49.35
entrave,airain,ancrage,barque,unlimited,0.8,0.8,8,True,90.46,19.54,19.54
entrave,airain,ancrage,barque,unlimited,0.8,1.0,8,True,77.35,32.65,32.65
entrave,airain,ancrage,barque,unlimited,0.8,1.2,8,True,62.83,47.17,47.17
entrave,airain,ancrage,barque,unlimited,1.0,0.8,10,True,85.82,24.18,24.18
entrave,airain,ancrage,barque,unlimited,1.0,1.0,10,True,71.55,38.45,38.45
entrave,airain,ancrage,barque,unlimited,1.0,1.2,10,True,55.86,54.14,54.14
entrave,airain,ancrage,barque,unlimited,1.2,0.8,12,True,78.37,31.63,31.63
entrave,airain,ancrage,barque,unlimited,1.2,1.0,12,True,58.13,51.87,51.87
entrave,airain,ancrage,barque,unlimited,1.2,1.2,12,True,35.75,74.25,74.25
entrave,sceau,aucun,puits,unlimited,0.8,0.8,6,True,99.03,10.97,10.97
entrave,sceau,aucun,puits,unlimited,0.8,1.0,6,True,91.29,18.71,18.71
entrave,sceau,aucun,puits,unlimited,0.8,1.2,6,True,83.55,26.45,26.45
entrave,sceau,aucun,puits,unlimited,1.0,0.8,7,True,90.45,19.55,19.55
entrave,sceau,aucun,puits,unlimited,1.0,1.0,7,True,78.06,31.94,31.94
entrave,sceau,aucun,puits,unlimited,1.0,1.2,7,True,65.68,44.32,44.32
entrave,sceau,aucun,puits,unlimited,1.2,0.8,9,True,88.06,21.94,21.94
entrave,sceau,aucun,puits,unlimited,1.2,1.0,9,True,72.58,37.42,37.42
entrave,sceau,aucun,puits,unlimited,1.2,1.2,9,True,57.1,52.9,52.9
entrave,sceau,aucun,porte,unlimited,0.8,0.8,14,True,69.2,40.8,40.8
entrave,sceau,aucun,porte,unlimited,0.8,1.0,14,True,44.0,66.0,66.0
entrave,sceau,aucun,porte,unlimited,0.8,1.2,14,True,18.0,92.0,92.0
entrave,sceau,aucun,porte,unlimited,1.0,0.8,18,True,60.4,49.6,49.6
entrave,sceau,aucun,porte,unlimited,1.0,1.0,18,True,28.0,82.0,82.0
entrave,sceau,aucun,porte,unlimited,1.0,1.2,16,False,0,110,116.0
entrave,sceau,aucun,porte,unlimited,1.2,0.8,20,True,56.0,54.0,54.0
entrave,sceau,aucun,porte,unlimited,1.2,1.0,20,True,20.0,90.0,90.0
entrave,sceau,aucun,porte,unlimited,1.2,1.2,16,False,0,110,116.0
entrave,sceau,aucun,barque,unlimited,0.8,0.8,8,True,63.08,46.92,46.92
entrave,sceau,aucun,barque,unlimited,0.8,1.0,8,True,46.35,63.65,63.65
entrave,sceau,aucun,barque,unlimited,0.8,1.2,8,True,28.83,81.17,81.17
entrave,sceau,aucun,barque,unlimited,1.0,0.8,10,True,55.88,54.12,54.12
entrave,sceau,aucun,barque,unlimited,1.0,1.0,10,True,37.35,72.65,72.65
entrave,sceau,aucun,barque,unlimited,1.0,1.2,10,True,16.43,93.57,93.57
entrave,sceau,aucun,barque,unlimited,1.2,0.8,12,True,38.83,71.17,71.17
entrave,sceau,aucun,barque,unlimited,1.2,1.0,12,True,11.03,98.97,98.97
entrave,sceau,aucun,barque,unlimited,1.2,1.2,6,False,0,110,115.96
entrave,sceau,purification,puits,unlimited,0.8,0.8,6,True,99.03,10.97,10.97
entrave,sceau,purification,puits,unlimited,0.8,1.0,6,True,91.29,18.71,18.71
entrave,sceau,purification,puits,unlimited,0.8,1.2,6,True,83.55,26.45,26.45
entrave,sceau,purification,puits,unlimited,1.0,0.8,7,True,96.65,13.35,13.35
entrave,sceau,purification,puits,unlimited,1.0,1.0,7,True,85.81,24.19,24.19
entrave,sceau,purification,puits,unlimited,1.0,1.2,7,True,74.97,35.03,35.03
entrave,sceau,purification,puits,unlimited,1.2,0.8,8,True,90.45,19.55,19.55
entrave,sceau,purification,puits,unlimited,1.2,1.0,8,True,78.06,31.94,31.94
entrave,sceau,purification,puits,unlimited,1.2,1.2,8,True,65.68,44.32,44.32
entrave,sceau,purification,porte,unlimited,0.8,0.8,14,True,69.2,40.8,40.8
entrave,sceau,purification,porte,unlimited,0.8,1.0,14,True,44.0,66.0,66.0
entrave,sceau,purification,porte,unlimited,0.8,1.2,14,True,18.0,92.0,92.0
entrave,sceau,purification,porte,unlimited,1.0,0.8,18,True,60.4,49.6,49.6
entrave,sceau,purification,porte,unlimited,1.0,1.0,18,True,28.0,82.0,82.0
entrave,sceau,purification,porte,unlimited,1.0,1.2,16,False,0,110,116.0
entrave,sceau,purification,porte,unlimited,1.2,0.8,20,True,56.0,54.0,54.0
entrave,sceau,purification,porte,unlimited,1.2,1.0,20,True,20.0,90.0,90.0
entrave,sceau,purification,porte,unlimited,1.2,1.2,16,False,0,110,116.0
entrave,sceau,purification,barque,unlimited,0.8,0.8,8,True,63.08,46.92,46.92
entrave,sceau,purification,barque,unlimited,0.8,1.0,8,True,46.35,63.65,63.65
entrave,sceau,purification,barque,unlimited,0.8,1.2,8,True,28.83,81.17,81.17
entrave,sceau,purification,barque,unlimited,1.0,0.8,10,True,55.88,54.12,54.12
entrave,sceau,purification,barque,unlimited,1.0,1.0,10,True,37.35,72.65,72.65
entrave,sceau,purification,barque,unlimited,1.0,1.2,10,True,16.43,93.57,93.57
entrave,sceau,purification,barque,unlimited,1.2,0.8,12,True,38.83,71.17,71.17
entrave,sceau,purification,barque,unlimited,1.2,1.0,12,True,11.03,98.97,98.97
entrave,sceau,purification,barque,unlimited,1.2,1.2,6,False,0,110,115.96
entrave,sceau,ancrage,puits,unlimited,0.8,0.8,6,True,99.03,10.97,10.97
entrave,sceau,ancrage,puits,unlimited,0.8,1.0,6,True,91.29,18.71,18.71
entrave,sceau,ancrage,puits,unlimited,0.8,1.2,6,True,83.55,26.45,26.45
entrave,sceau,ancrage,puits,unlimited,1.0,0.8,7,True,90.45,19.55,19.55
entrave,sceau,ancrage,puits,unlimited,1.0,1.0,7,True,78.06,31.94,31.94
entrave,sceau,ancrage,puits,unlimited,1.0,1.2,7,True,65.68,44.32,44.32
entrave,sceau,ancrage,puits,unlimited,1.2,0.8,9,True,88.06,21.94,21.94
entrave,sceau,ancrage,puits,unlimited,1.2,1.0,9,True,72.58,37.42,37.42
entrave,sceau,ancrage,puits,unlimited,1.2,1.2,9,True,57.1,52.9,52.9
entrave,sceau,ancrage,porte,unlimited,0.8,0.8,14,True,69.2,40.8,40.8
entrave,sceau,ancrage,porte,unlimited,0.8,1.0,14,True,44.0,66.0,66.0
entrave,sceau,ancrage,porte,unlimited,0.8,1.2,14,True,18.0,92.0,92.0
entrave,sceau,ancrage,porte,unlimited,1.0,0.8,18,True,60.4,49.6,49.6
entrave,sceau,ancrage,porte,unlimited,1.0,1.0,18,True,28.0,82.0,82.0
entrave,sceau,ancrage,porte,unlimited,1.0,1.2,16,False,0,110,116.0
entrave,sceau,ancrage,porte,unlimited,1.2,0.8,20,True,56.0,54.0,54.0
entrave,sceau,ancrage,porte,unlimited,1.2,1.0,20,True,20.0,90.0,90.0
entrave,sceau,ancrage,porte,unlimited,1.2,1.2,16,False,0,110,116.0
entrave,sceau,ancrage,barque,unlimited,0.8,0.8,8,True,83.08,26.92,26.92
entrave,sceau,ancrage,barque,unlimited,0.8,1.0,8,True,66.35,43.65,43.65
entrave,sceau,ancrage,barque,unlimited,0.8,1.2,8,True,48.83,61.17,61.17
entrave,sceau,ancrage,barque,unlimited,1.0,0.8,10,True,75.88,34.12,34.12
entrave,sceau,ancrage,barque,unlimited,1.0,1.0,10,True,57.35,52.65,52.65
entrave,sceau,ancrage,barque,unlimited,1.0,1.2,10,True,36.43,73.57,73.57
entrave,sceau,ancrage,barque,unlimited,1.2,0.8,12,True,66.03,43.97,43.97
entrave,sceau,ancrage,barque,unlimited,1.2,1.0,12,True,40.03,69.97,69.97
entrave,sceau,ancrage,barque,unlimited,1.2,1.2,12,True,12.44,97.56,97.56
entrave,mixte,aucun,puits,unlimited,0.8,0.8,6,True,90.66,19.34,19.34
entrave,mixte,aucun,puits,unlimited,0.8,1.0,6,True,80.82,29.18,29.18
entrave,mixte,aucun,puits,unlimited,0.8,1.2,6,True,70.98,39.02,39.02
entrave,mixte,aucun,puits,unlimited,1.0,0.8,7,True,77.05,32.95,32.95
entrave,mixte,aucun,puits,unlimited,1.0,1.0,7,True,61.31,48.69,48.69
entrave,mixte,aucun,puits,unlimited,1.0,1.2,7,True,45.57,64.43,64.43
entrave,mixte,aucun,puits,unlimited,1.2,0.8,9,True,71.31,38.69,38.69
entrave,mixte,aucun,puits,unlimited,1.2,1.0,9,True,51.64,58.36,58.36
entrave,mixte,aucun,puits,unlimited,1.2,1.2,9,True,31.97,78.03,78.03
entrave,mixte,aucun,porte,unlimited,0.8,0.8,14,True,87.38,22.62,22.62
entrave,mixte,aucun,porte,unlimited,0.8,1.0,14,True,66.72,43.28,43.28
entrave,mixte,aucun,porte,unlimited,0.8,1.2,14,True,46.07,63.93,63.93
entrave,mixte,aucun,porte,unlimited,1.0,0.8,18,True,83.77,26.23,26.23
entrave,mixte,aucun,porte,unlimited,1.0,1.0,18,True,57.21,52.79,52.79
entrave,mixte,aucun,porte,unlimited,1.0,1.2,18,True,30.66,79.34,79.34
entrave,mixte,aucun,porte,unlimited,1.2,0.8,20,True,81.97,28.03,28.03
entrave,mixte,aucun,porte,unlimited,1.2,1.0,20,True,52.46,57.54,57.54
entrave,mixte,aucun,porte,unlimited,1.2,1.2,20,True,22.95,87.05,87.05
entrave,mixte,aucun,barque,unlimited,0.8,0.8,8,True,67.7,42.3,42.3
entrave,mixte,aucun,barque,unlimited,0.8,1.0,8,True,52.13,57.87,57.87
entrave,mixte,aucun,barque,unlimited,0.8,1.2,8,True,36.56,73.44,73.44
entrave,mixte,aucun,barque,unlimited,1.0,0.8,10,True,61.8,48.2,48.2
entrave,mixte,aucun,barque,unlimited,1.0,1.0,10,True,44.75,65.25,65.25
entrave,mixte,aucun,barque,unlimited,1.0,1.2,10,True,27.7,82.3,82.3
entrave,mixte,aucun,barque,unlimited,1.2,0.8,12,True,47.7,62.3,62.3
entrave,mixte,aucun,barque,unlimited,1.2,1.0,12,True,22.13,87.87,87.87
entrave,mixte,aucun,barque,unlimited,1.2,1.2,10,False,0,110,113.44
entrave,mixte,purification,puits,unlimited,0.8,0.8,6,True,90.66,19.34,19.34
entrave,mixte,purification,puits,unlimited,0.8,1.0,6,True,80.82,29.18,29.18
entrave,mixte,purification,puits,unlimited,0.8,1.2,6,True,70.98,39.02,39.02
entrave,mixte,purification,puits,unlimited,1.0,0.8,7,True,84.92,25.08,25.08
entrave,mixte,purification,puits,unlimited,1.0,1.0,7,True,71.15,38.85,38.85
entrave,mixte,purification,puits,unlimited,1.0,1.2,7,True,57.38,52.62,52.62
entrave,mixte,purification,puits,unlimited,1.2,0.8,8,True,77.05,32.95,32.95
entrave,mixte,purification,puits,unlimited,1.2,1.0,8,True,61.31,48.69,48.69
entrave,mixte,purification,puits,unlimited,1.2,1.2,8,True,45.57,64.43,64.43
entrave,mixte,purification,porte,unlimited,0.8,0.8,14,True,87.38,22.62,22.62
entrave,mixte,purification,porte,unlimited,0.8,1.0,14,True,66.72,43.28,43.28
entrave,mixte,purification,porte,unlimited,0.8,1.2,14,True,46.07,63.93,63.93
entrave,mixte,purification,porte,unlimited,1.0,0.8,18,True,83.77,26.23,26.23
entrave,mixte,purification,porte,unlimited,1.0,1.0,18,True,57.21,52.79,52.79
entrave,mixte,purification,porte,unlimited,1.0,1.2,18,True,30.66,79.34,79.34
entrave,mixte,purification,porte,unlimited,1.2,0.8,20,True,81.97,28.03,28.03
entrave,mixte,purification,porte,unlimited,1.2,1.0,20,True,52.46,57.54,57.54
entrave,mixte,purification,porte,unlimited,1.2,1.2,20,True,22.95,87.05,87.05
entrave,mixte,purification,barque,unlimited,0.8,0.8,8,True,67.7,42.3,42.3
entrave,mixte,purification,barque,unlimited,0.8,1.0,8,True,52.13,57.87,57.87
entrave,mixte,purification,barque,unlimited,0.8,1.2,8,True,36.56,73.44,73.44
entrave,mixte,purification,barque,unlimited,1.0,0.8,10,True,61.8,48.2,48.2
entrave,mixte,purification,barque,unlimited,1.0,1.0,10,True,44.75,65.25,65.25
entrave,mixte,purification,barque,unlimited,1.0,1.2,10,True,27.7,82.3,82.3
entrave,mixte,purification,barque,unlimited,1.2,0.8,12,True,47.7,62.3,62.3
entrave,mixte,purification,barque,unlimited,1.2,1.0,12,True,22.13,87.87,87.87
entrave,mixte,purification,barque,unlimited,1.2,1.2,10,False,0,110,113.44
entrave,mixte,ancrage,puits,unlimited,0.8,0.8,6,True,90.66,19.34,19.34
entrave,mixte,ancrage,puits,unlimited,0.8,1.0,6,True,80.82,29.18,29.18
entrave,mixte,ancrage,puits,unlimited,0.8,1.2,6,True,70.98,39.02,39.02
entrave,mixte,ancrage,puits,unlimited,1.0,0.8,7,True,77.05,32.95,32.95
entrave,mixte,ancrage,puits,unlimited,1.0,1.0,7,True,61.31,48.69,48.69
entrave,mixte,ancrage,puits,unlimited,1.0,1.2,7,True,45.57,64.43,64.43
entrave,mixte,ancrage,puits,unlimited,1.2,0.8,9,True,71.31,38.69,38.69
entrave,mixte,ancrage,puits,unlimited,1.2,1.0,9,True,51.64,58.36,58.36
entrave,mixte,ancrage,puits,unlimited,1.2,1.2,9,True,31.97,78.03,78.03
entrave,mixte,ancrage,porte,unlimited,0.8,0.8,14,True,87.38,22.62,22.62
entrave,mixte,ancrage,porte,unlimited,0.8,1.0,14,True,66.72,43.28,43.28
entrave,mixte,ancrage,porte,unlimited,0.8,1.2,14,True,46.07,63.93,63.93
entrave,mixte,ancrage,porte,unlimited,1.0,0.8,18,True,83.77,26.23,26.23
entrave,mixte,ancrage,porte,unlimited,1.0,1.0,18,True,57.21,52.79,52.79
entrave,mixte,ancrage,porte,unlimited,1.0,1.2,18,True,30.66,79.34,79.34
entrave,mixte,ancrage,porte,unlimited,1.2,0.8,20,True,81.97,28.03,28.03
entrave,mixte,ancrage,porte,unlimited,1.2,1.0,20,True,52.46,57.54,57.54
entrave,mixte,ancrage,porte,unlimited,1.2,1.2,20,True,22.95,87.05,87.05
entrave,mixte,ancrage,barque,unlimited,0.8,0.8,8,True,87.7,22.3,22.3
entrave,mixte,ancrage,barque,unlimited,0.8,1.0,8,True,72.13,37.87,37.87
entrave,mixte,ancrage,barque,unlimited,0.8,1.2,8,True,56.56,53.44,53.44
entrave,mixte,ancrage,barque,unlimited,1.0,0.8,10,True,81.8,28.2,28.2
entrave,mixte,ancrage,barque,unlimited,1.0,1.0,10,True,64.75,45.25,45.25
entrave,mixte,ancrage,barque,unlimited,1.0,1.2,10,True,47.7,62.3,62.3
entrave,mixte,ancrage,barque,unlimited,1.2,0.8,12,True,73.61,36.39,36.39
entrave,mixte,ancrage,barque,unlimited,1.2,1.0,12,True,49.51,60.49,60.49
entrave,mixte,ancrage,barque,unlimited,1.2,1.2,12,True,25.41,84.59,84.59
entrave,legere,aucun,puits,unlimited,0.8,0.8,6,True,86.36,23.64,23.64
entrave,legere,aucun,puits,unlimited,0.8,1.0,6,True,75.45,34.55,34.55
entrave,legere,aucun,puits,unlimited,0.8,1.2,6,True,64.55,45.45,45.45
entrave,legere,aucun,puits,unlimited,1.0,0.8,7,True,70.18,39.82,39.82
entrave,legere,aucun,puits,unlimited,1.0,1.0,7,True,52.73,57.27,57.27
entrave,legere,aucun,puits,unlimited,1.0,1.2,7,True,35.27,74.73,74.73
entrave,legere,aucun,puits,unlimited,1.2,0.8,9,True,62.73,47.27,47.27
entrave,legere,aucun,puits,unlimited,1.2,1.0,9,True,40.91,69.09,69.09
entrave,legere,aucun,puits,unlimited,1.2,1.2,9,True,19.09,90.91,90.91
entrave,legere,aucun,porte,unlimited,0.8,0.8,14,True,78.36,31.64,31.64
entrave,legere,aucun,porte,unlimited,0.8,1.0,14,True,55.45,54.55,54.55
entrave,legere,aucun,porte,unlimited,0.8,1.2,14,True,32.55,77.45,77.45
entrave,legere,aucun,porte,unlimited,1.0,0.8,18,True,72.18,37.82,37.82
entrave,legere,aucun,porte,unlimited,1.0,1.0,18,True,42.73,67.27,67.27
entrave,legere,aucun,porte,unlimited,1.0,1.2,18,True,13.27,96.73,96.73
entrave,legere,aucun,porte,unlimited,1.2,0.8,20,True,69.09,40.91,40.91
entrave,legere,aucun,porte,unlimited,1.2,1.0,20,True,36.36,73.64,73.64
entrave,legere,aucun,porte,unlimited,1.2,1.2,20,True,3.64,106.36,106.36
entrave,legere,aucun,barque,unlimited,0.8,0.8,8,True,60.91,49.09,49.09
entrave,legere,aucun,barque,unlimited,0.8,1.0,8,True,43.64,66.36,66.36
entrave,legere,aucun,barque,unlimited,0.8,1.2,8,True,26.36,83.64,83.64
entrave,legere,aucun,barque,unlimited,1.0,0.8,10,True,54.36,55.64,55.64
entrave,legere,aucun,barque,unlimited,1.0,1.0,10,True,35.45,74.55,74.55
entrave,legere,aucun,barque,unlimited,1.0,1.2,10,True,16.55,93.45,93.45
entrave,legere,aucun,barque,unlimited,1.2,0.8,12,True,36.55,73.45,73.45
entrave,legere,aucun,barque,unlimited,1.2,1.0,12,True,8.18,101.82,101.82
entrave,legere,aucun,barque,unlimited,1.2,1.2,6,False,0,110,110.55
entrave,legere,purification,puits,unlimited,0.8,0.8,6,True,86.36,23.64,23.64
entrave,legere,purification,puits,unlimited,0.8,1.0,6,True,75.45,34.55,34.55
entrave,legere,purification,puits,unlimited,0.8,1.2,6,True,64.55,45.45,45.45
entrave,legere,purification,puits,unlimited,1.0,0.8,7,True,78.91,31.09,31.09
entrave,legere,purification,puits,unlimited,1.0,1.0,7,True,63.64,46.36,46.36
entrave,legere,purification,puits,unlimited,1.0,1.2,7,True,48.36,61.64,61.64
entrave,legere,purification,puits,unlimited,1.2,0.8,8,True,70.18,39.82,39.82
entrave,legere,purification,puits,unlimited,1.2,1.0,8,True,52.73,57.27,57.27
entrave,legere,purification,puits,unlimited,1.2,1.2,8,True,35.27,74.73,74.73
entrave,legere,purification,porte,unlimited,0.8,0.8,14,True,78.36,31.64,31.64
entrave,legere,purification,porte,unlimited,0.8,1.0,14,True,55.45,54.55,54.55
entrave,legere,purification,porte,unlimited,0.8,1.2,14,True,32.55,77.45,77.45
entrave,legere,purification,porte,unlimited,1.0,0.8,18,True,72.18,37.82,37.82
entrave,legere,purification,porte,unlimited,1.0,1.0,18,True,42.73,67.27,67.27
entrave,legere,purification,porte,unlimited,1.0,1.2,18,True,13.27,96.73,96.73
entrave,legere,purification,porte,unlimited,1.2,0.8,20,True,69.09,40.91,40.91
entrave,legere,purification,porte,unlimited,1.2,1.0,20,True,36.36,73.64,73.64
entrave,legere,purification,porte,unlimited,1.2,1.2,20,True,3.64,106.36,106.36
entrave,legere,purification,barque,unlimited,0.8,0.8,8,True,60.91,49.09,49.09
entrave,legere,purification,barque,unlimited,0.8,1.0,8,True,43.64,66.36,66.36
entrave,legere,purification,barque,unlimited,0.8,1.2,8,True,26.36,83.64,83.64
entrave,legere,purification,barque,unlimited,1.0,0.8,10,True,54.36,55.64,55.64
entrave,legere,purification,barque,unlimited,1.0,1.0,10,True,35.45,74.55,74.55
entrave,legere,purification,barque,unlimited,1.0,1.2,10,True,16.55,93.45,93.45
entrave,legere,purification,barque,unlimited,1.2,0.8,12,True,36.55,73.45,73.45
entrave,legere,purification,barque,unlimited,1.2,1.0,12,True,8.18,101.82,101.82
entrave,legere,purification,barque,unlimited,1.2,1.2,6,False,0,110,110.55
entrave,legere,ancrage,puits,unlimited,0.8,0.8,6,True,86.36,23.64,23.64
entrave,legere,ancrage,puits,unlimited,0.8,1.0,6,True,75.45,34.55,34.55
entrave,legere,ancrage,puits,unlimited,0.8,1.2,6,True,64.55,45.45,45.45
entrave,legere,ancrage,puits,unlimited,1.0,0.8,7,True,70.18,39.82,39.82
entrave,legere,ancrage,puits,unlimited,1.0,1.0,7,True,52.73,57.27,57.27
entrave,legere,ancrage,puits,unlimited,1.0,1.2,7,True,35.27,74.73,74.73
entrave,legere,ancrage,puits,unlimited,1.2,0.8,9,True,62.73,47.27,47.27
entrave,legere,ancrage,puits,unlimited,1.2,1.0,9,True,40.91,69.09,69.09
entrave,legere,ancrage,puits,unlimited,1.2,1.2,9,True,19.09,90.91,90.91
entrave,legere,ancrage,porte,unlimited,0.8,0.8,14,True,78.36,31.64,31.64
entrave,legere,ancrage,porte,unlimited,0.8,1.0,14,True,55.45,54.55,54.55
entrave,legere,ancrage,porte,unlimited,0.8,1.2,14,True,32.55,77.45,77.45
entrave,legere,ancrage,porte,unlimited,1.0,0.8,18,True,72.18,37.82,37.82
entrave,legere,ancrage,porte,unlimited,1.0,1.0,18,True,42.73,67.27,67.27
entrave,legere,ancrage,porte,unlimited,1.0,1.2,18,True,13.27,96.73,96.73
entrave,legere,ancrage,porte,unlimited,1.2,0.8,20,True,69.09,40.91,40.91
entrave,legere,ancrage,porte,unlimited,1.2,1.0,20,True,36.36,73.64,73.64
entrave,legere,ancrage,porte,unlimited,1.2,1.2,20,True,3.64,106.36,106.36
entrave,legere,ancrage,barque,unlimited,0.8,0.8,8,True,80.91,29.09,29.09
entrave,legere,ancrage,barque,unlimited,0.8,1.0,8,True,63.64,46.36,46.36
entrave,legere,ancrage,barque,unlimited,0.8,1.2,8,True,46.36,63.64,63.64
entrave,legere,ancrage,barque,unlimited,1.0,0.8,10,True,74.36,35.64,35.64
entrave,legere,ancrage,barque,unlimited,1.0,1.0,10,True,55.45,54.55,54.55
entrave,legere,ancrage,barque,unlimited,1.0,1.2,10,True,36.55,73.45,73.45
entrave,legere,ancrage,barque,unlimited,1.2,0.8,12,True,63.09,46.91,46.91
entrave,legere,ancrage,barque,unlimited,1.2,1.0,12,True,36.36,73.64,73.64
entrave,legere,ancrage,barque,unlimited,1.2,1.2,12,True,9.64,100.36,100.36
sanguin,airain,aucun,puits,unlimited,0.8,0.8,3,True,93.05,16.95,19.2
sanguin,airain,aucun,puits,unlimited,0.8,1.0,3,True,88.25,21.75,24.0
sanguin,airain,aucun,puits,unlimited,0.8,1.2,3,True,83.45,26.55,28.8
sanguin,airain,aucun,puits,unlimited,1.0,0.8,4,True,89.24,20.76,28.8
sanguin,airain,aucun,puits,unlimited,1.0,1.0,4,True,82.04,27.96,36.0
sanguin,airain,aucun,puits,unlimited,1.0,1.2,4,True,74.84,35.16,43.2
sanguin,airain,aucun,puits,unlimited,1.2,0.8,4,True,91.87,18.13,28.8
sanguin,airain,aucun,puits,unlimited,1.2,1.0,4,True,84.67,25.33,36.0
sanguin,airain,aucun,puits,unlimited,1.2,1.2,4,True,77.47,32.53,43.2
sanguin,airain,aucun,porte,unlimited,0.8,0.8,6,True,88.7,21.3,32.52
sanguin,airain,aucun,porte,unlimited,0.8,1.0,6,True,80.57,29.43,40.65
sanguin,airain,aucun,porte,unlimited,0.8,1.2,6,True,72.45,37.55,48.77
sanguin,airain,aucun,porte,unlimited,1.0,0.8,6,True,93.63,16.37,32.52
sanguin,airain,aucun,porte,unlimited,1.0,1.0,6,True,85.5,24.5,40.65
sanguin,airain,aucun,porte,unlimited,1.0,1.2,6,True,77.37,32.63,48.77
sanguin,airain,aucun,porte,unlimited,1.2,0.8,7,True,87.43,22.57,41.81
sanguin,airain,aucun,porte,unlimited,1.2,1.0,7,True,76.98,33.02,52.26
sanguin,airain,aucun,porte,unlimited,1.2,1.2,7,True,66.53,43.47,62.71
sanguin,airain,aucun,barque,unlimited,0.8,0.8,5,True,94.1,15.9,27.87
sanguin,airain,aucun,barque,unlimited,0.8,1.0,5,True,87.13,22.87,34.84
sanguin,airain,aucun,barque,unlimited,0.8,1.2,5,True,80.17,29.83,41.81
sanguin,airain,aucun,barque,unlimited,1.0,0.8,6,True,88.66,21.34,37.16
sanguin,airain,aucun,barque,unlimited,1.0,1.0,6,True,79.37,30.63,46.45
sanguin,airain,aucun,barque,unlimited,1.0,1.2,6,True,70.08,39.92,55.74
sanguin,airain,aucun,barque,unlimited,1.2,0.8,7,True,68.97,41.03,59.25
sanguin,airain,aucun,barque,unlimited,1.2,1.0,7,True,54.15,55.85,74.06
sanguin,airain,aucun,barque,unlimited,1.2,1.2,7,True,39.34,70.66,88.88
sanguin,airain,purification,puits,unlimited,0.8,0.8,3,True,93.05,16.95,19.2
sanguin,airain,purification,puits,unlimited,0.8,1.0,3,True,88.25,21.75,24.0
sanguin,airain,purification,puits,unlimited,0.8,1.2,3,True,83.45,26.55,28.8
sanguin,airain,purification,puits,unlimited,1.0,0.8,4,True,89.24,20.76,28.8
sanguin,airain,purification,puits,unlimited,1.0,1.0,4,True,82.04,27.96,36.0
sanguin,airain,purification,puits,unlimited,1.0,1.2,4,True,74.84,35.16,43.2
sanguin,airain,purification,puits,unlimited,1.2,0.8,4,True,92.54,17.46,28.8
sanguin,airain,purification,puits,unlimited,1.2,1.0,4,True,85.34,24.66,36.0
sanguin,airain,purification,puits,unlimited,1.2,1.2,4,True,78.14,31.86,43.2
sanguin,airain,purification,porte,unlimited,0.8,0.8,6,True,88.7,21.3,32.52
sanguin,airain,purification,porte,unlimited,0.8,1.0,6,True,80.57,29.43,40.65
sanguin,airain,purification,porte,unlimited,0.8,1.2,6,True,72.45,37.55,48.77
sanguin,airain,purification,porte,unlimited,1.0,0.8,6,True,93.63,16.37,32.52
sanguin,airain,purification,porte,unlimited,1.0,1.0,6,True,85.5,24.5,40.65
sanguin,airain,purification,porte,unlimited,1.0,1.2,6,True,77.37,32.63,48.77
sanguin,airain,purification,porte,unlimited,1.2,0.8,7,True,87.43,22.57,41.81
sanguin,airain,purification,porte,unlimited,1.2,1.0,7,True,76.98,33.02,52.26
sanguin,airain,purification,porte,unlimited,1.2,1.2,7,True,66.53,43.47,62.71
sanguin,airain,purification,barque,unlimited,0.8,0.8,5,True,94.1,15.9,27.87
sanguin,airain,purification,barque,unlimited,0.8,1.0,5,True,87.13,22.87,34.84
sanguin,airain,purification,barque,unlimited,0.8,1.2,5,True,80.17,29.83,41.81
sanguin,airain,purification,barque,unlimited,1.0,0.8,6,True,88.66,21.34,37.16
sanguin,airain,purification,barque,unlimited,1.0,1.0,6,True,79.37,30.63,46.45
sanguin,airain,purification,barque,unlimited,1.0,1.2,6,True,70.08,39.92,55.74
sanguin,airain,purification,barque,unlimited,1.2,0.8,7,True,68.97,41.03,59.25
sanguin,airain,purification,barque,unlimited,1.2,1.0,7,True,54.15,55.85,74.06
sanguin,airain,purification,barque,unlimited,1.2,1.2,7,True,39.34,70.66,88.88
sanguin,airain,ancrage,puits,unlimited,0.8,0.8,3,True,93.05,16.95,19.2
sanguin,airain,ancrage,puits,unlimited,0.8,1.0,3,True,88.25,21.75,24.0
sanguin,airain,ancrage,puits,unlimited,0.8,1.2,3,True,83.45,26.55,28.8
sanguin,airain,ancrage,puits,unlimited,1.0,0.8,4,True,89.24,20.76,28.8
sanguin,airain,ancrage,puits,unlimited,1.0,1.0,4,True,82.04,27.96,36.0
sanguin,airain,ancrage,puits,unlimited,1.0,1.2,4,True,74.84,35.16,43.2
sanguin,airain,ancrage,puits,unlimited,1.2,0.8,4,True,91.87,18.13,28.8
sanguin,airain,ancrage,puits,unlimited,1.2,1.0,4,True,84.67,25.33,36.0
sanguin,airain,ancrage,puits,unlimited,1.2,1.2,4,True,77.47,32.53,43.2
sanguin,airain,ancrage,porte,unlimited,0.8,0.8,6,True,88.7,21.3,32.52
sanguin,airain,ancrage,porte,unlimited,0.8,1.0,6,True,80.57,29.43,40.65
sanguin,airain,ancrage,porte,unlimited,0.8,1.2,6,True,72.45,37.55,48.77
sanguin,airain,ancrage,porte,unlimited,1.0,0.8,6,True,93.63,16.37,32.52
sanguin,airain,ancrage,porte,unlimited,1.0,1.0,6,True,85.5,24.5,40.65
sanguin,airain,ancrage,porte,unlimited,1.0,1.2,6,True,77.37,32.63,48.77
sanguin,airain,ancrage,porte,unlimited,1.2,0.8,7,True,87.43,22.57,41.81
sanguin,airain,ancrage,porte,unlimited,1.2,1.0,7,True,76.98,33.02,52.26
sanguin,airain,ancrage,porte,unlimited,1.2,1.2,7,True,66.53,43.47,62.71
sanguin,airain,ancrage,barque,unlimited,0.8,0.8,4,True,96.78,13.22,23.23
sanguin,airain,ancrage,barque,unlimited,0.8,1.0,4,True,90.98,19.02,29.03
sanguin,airain,ancrage,barque,unlimited,0.8,1.2,4,True,85.17,24.83,34.84
sanguin,airain,ancrage,barque,unlimited,1.0,0.8,5,True,91.32,18.68,32.52
sanguin,airain,ancrage,barque,unlimited,1.0,1.0,5,True,83.19,26.81,40.65
sanguin,airain,ancrage,barque,unlimited,1.0,1.2,5,True,75.06,34.94,48.77
sanguin,airain,ancrage,barque,unlimited,1.2,0.8,6,True,90.32,19.68,37.16
sanguin,airain,ancrage,barque,unlimited,1.2,1.0,6,True,81.03,28.97,46.45
sanguin,airain,ancrage,barque,unlimited,1.2,1.2,6,True,71.74,38.26,55.74
sanguin,sceau,aucun,puits,unlimited,0.8,0.8,3,True,99.87,10.13,12.39
sanguin,sceau,aucun,puits,unlimited,0.8,1.0,3,True,96.77,13.23,15.48
sanguin,sceau,aucun,puits,unlimited,0.8,1.2,3,True,93.67,16.33,18.58
sanguin,sceau,aucun,puits,unlimited,1.0,0.8,4,True,99.46,10.54,18.58
sanguin,sceau,aucun,puits,unlimited,1.0,1.0,4,True,94.81,15.19,23.23
sanguin,sceau,aucun,puits,unlimited,1.0,1.2,4,True,90.17,19.83,27.87
sanguin,sceau,aucun,puits,unlimited,1.2,0.8,4,True,102.09,7.91,18.58
sanguin,sceau,aucun,puits,unlimited,1.2,1.0,4,True,97.45,12.55,23.23
sanguin,sceau,aucun,puits,unlimited,1.2,1.2,4,True,92.8,17.2,27.87
sanguin,sceau,aucun,porte,unlimited,0.8,0.8,6,True,70.82,39.18,50.4
sanguin,sceau,aucun,porte,unlimited,0.8,1.0,6,True,58.22,51.78,63.0
sanguin,sceau,aucun,porte,unlimited,0.8,1.2,6,True,45.62,64.38,75.6
sanguin,sceau,aucun,porte,unlimited,1.0,0.8,6,True,75.75,34.25,50.4
sanguin,sceau,aucun,porte,unlimited,1.0,1.0,6,True,63.15,46.85,63.0
sanguin,sceau,aucun,porte,unlimited,1.0,1.2,6,True,50.55,59.45,75.6
sanguin,sceau,aucun,porte,unlimited,1.2,0.8,7,True,64.44,45.56,64.8
sanguin,sceau,aucun,porte,unlimited,1.2,1.0,7,True,48.24,61.76,81.0
sanguin,sceau,aucun,porte,unlimited,1.2,1.2,7,True,32.04,77.96,97.2
sanguin,sceau,aucun,barque,unlimited,0.8,0.8,5,True,78.77,31.23,43.2
sanguin,sceau,aucun,barque,unlimited,0.8,1.0,5,True,67.97,42.03,54.0
sanguin,sceau,aucun,barque,unlimited,0.8,1.2,5,True,57.17,52.83,64.8
sanguin,sceau,aucun,barque,unlimited,1.0,0.8,6,True,68.22,41.78,57.6
sanguin,sceau,aucun,barque,unlimited,1.0,1.0,6,True,53.82,56.18,72.0
sanguin,sceau,aucun,barque,unlimited,1.0,1.2,6,True,39.42,70.58,86.4
sanguin,sceau,aucun,barque,unlimited,1.2,0.8,7,True,47.96,62.04,80.26
sanguin,sceau,aucun,barque,unlimited,1.2,1.0,7,True,27.9,82.1,100.32
sanguin,sceau,aucun,barque,unlimited,1.2,1.2,7,True,7.83,102.17,120.39
sanguin,sceau,purification,puits,unlimited,0.8,0.8,3,True,99.87,10.13,12.39
sanguin,sceau,purification,puits,unlimited,0.8,1.0,3,True,96.77,13.23,15.48
sanguin,sceau,purification,puits,unlimited,0.8,1.2,3,True,93.67,16.33,18.58
sanguin,sceau,purification,puits,unlimited,1.0,0.8,4,True,99.46,10.54,18.58
sanguin,sceau,purification,puits,unlimited,1.0,1.0,4,True,94.81,15.19,23.23
sanguin,sceau,purification,puits,unlimited,1.0,1.2,4,True,90.17,19.83,27.87
sanguin,sceau,purification,puits,unlimited,1.2,0.8,4,True,102.76,7.24,18.58
sanguin,sceau,purification,puits,unlimited,1.2,1.0,4,True,98.11,11.89,23.23
sanguin,sceau,purification,puits,unlimited,1.2,1.2,4,True,93.47,16.53,27.87
sanguin,sceau,purification,porte,unlimited,0.8,0.8,6,True,70.82,39.18,50.4
sanguin,sceau,purification,porte,unlimited,0.8,1.0,6,True,58.22,51.78,63.0
sanguin,sceau,purification,porte,unlimited,0.8,1.2,6,True,45.62,64.38,75.6
sanguin,sceau,purification,porte,unlimited,1.0,0.8,6,True,75.75,34.25,50.4
sanguin,sceau,purification,porte,unlimited,1.0,1.0,6,True,63.15,46.85,63.0
sanguin,sceau,purification,porte,unlimited,1.0,1.2,6,True,50.55,59.45,75.6
sanguin,sceau,purification,porte,unlimited,1.2,0.8,7,True,64.44,45.56,64.8
sanguin,sceau,purification,porte,unlimited,1.2,1.0,7,True,48.24,61.76,81.0
sanguin,sceau,purification,porte,unlimited,1.2,1.2,7,True,32.04,77.96,97.2
sanguin,sceau,purification,barque,unlimited,0.8,0.8,5,True,78.77,31.23,43.2
sanguin,sceau,purification,barque,unlimited,0.8,1.0,5,True,67.97,42.03,54.0
sanguin,sceau,purification,barque,unlimited,0.8,1.2,5,True,57.17,52.83,64.8
sanguin,sceau,purification,barque,unlimited,1.0,0.8,6,True,68.22,41.78,57.6
sanguin,sceau,purification,barque,unlimited,1.0,1.0,6,True,53.82,56.18,72.0
sanguin,sceau,purification,barque,unlimited,1.0,1.2,6,True,39.42,70.58,86.4
sanguin,sceau,purification,barque,unlimited,1.2,0.8,7,True,47.96,62.04,80.26
sanguin,sceau,purification,barque,unlimited,1.2,1.0,7,True,27.9,82.1,100.32
sanguin,sceau,purification,barque,unlimited,1.2,1.2,7,True,7.83,102.17,120.39
sanguin,sceau,ancrage,puits,unlimited,0.8,0.8,3,True,99.87,10.13,12.39
sanguin,sceau,ancrage,puits,unlimited,0.8,1.0,3,True,96.77,13.23,15.48
sanguin,sceau,ancrage,puits,unlimited,0.8,1.2,3,True,93.67,16.33,18.58
sanguin,sceau,ancrage,puits,unlimited,1.0,0.8,4,True,99.46,10.54,18.58
sanguin,sceau,ancrage,puits,unlimited,1.0,1.0,4,True,94.81,15.19,23.23
sanguin,sceau,ancrage,puits,unlimited,1.0,1.2,4,True,90.17,19.83,27.87
sanguin,sceau,ancrage,puits,unlimited,1.2,0.8,4,True,102.09,7.91,18.58
sanguin,sceau,ancrage,puits,unlimited,1.2,1.0,4,True,97.45,12.55,23.23
sanguin,sceau,ancrage,puits,unlimited,1.2,1.2,4,True,92.8,17.2,27.87
sanguin,sceau,ancrage,porte,unlimited,0.8,0.8,6,True,70.82,39.18,50.4
sanguin,sceau,ancrage,porte,unlimited,0.8,1.0,6,True,58.22,51.78,63.0
sanguin,sceau,ancrage,porte,unlimited,0.8,1.2,6,True,45.62,64.38,75.6
sanguin,sceau,ancrage,porte,unlimited,1.0,0.8,6,True,75.75,34.25,50.4
sanguin,sceau,ancrage,porte,unlimited,1.0,1.0,6,True,63.15,46.85,63.0
sanguin,sceau,ancrage,porte,unlimited,1.0,1.2,6,True,50.55,59.45,75.6
sanguin,sceau,ancrage,porte,unlimited,1.2,0.8,7,True,64.44,45.56,64.8
sanguin,sceau,ancrage,porte,unlimited,1.2,1.0,7,True,48.24,61.76,81.0
sanguin,sceau,ancrage,porte,unlimited,1.2,1.2,7,True,32.04,77.96,97.2
sanguin,sceau,ancrage,barque,unlimited,0.8,0.8,4,True,84.01,25.99,36.0
sanguin,sceau,ancrage,barque,unlimited,0.8,1.0,4,True,75.01,34.99,45.0
sanguin,sceau,ancrage,barque,unlimited,0.8,1.2,4,True,66.01,43.99,54.0
sanguin,sceau,ancrage,barque,unlimited,1.0,0.8,5,True,73.44,36.56,50.4
sanguin,sceau,ancrage,barque,unlimited,1.0,1.0,5,True,60.84,49.16,63.0
sanguin,sceau,ancrage,barque,unlimited,1.0,1.2,5,True,48.24,61.76,75.6
sanguin,sceau,ancrage,barque,unlimited,1.2,0.8,6,True,69.88,40.12,57.6
sanguin,sceau,ancrage,barque,unlimited,1.2,1.0,6,True,55.48,54.52,72.0
sanguin,sceau,ancrage,barque,unlimited,1.2,1.2,6,True,41.08,68.92,86.4
sanguin,mixte,aucun,puits,unlimited,0.8,0.8,3,True,96.52,13.48,15.74
sanguin,mixte,aucun,puits,unlimited,0.8,1.0,3,True,92.58,17.42,19.67
sanguin,mixte,aucun,puits,unlimited,0.8,1.2,3,True,88.65,21.35,23.61
sanguin,mixte,aucun,puits,unlimited,1.0,0.8,4,True,94.43,15.57,23.61
sanguin,mixte,aucun,puits,unlimited,1.0,1.0,4,True,88.53,21.47,29.51
sanguin,mixte,aucun,puits,unlimited,1.0,1.2,4,True,82.63,27.37,35.41
sanguin,mixte,aucun,puits,unlimited,1.2,0.8,4,True,97.07,12.93,23.61
sanguin,mixte,aucun,puits,unlimited,1.2,1.0,4,True,91.16,18.84,29.51
sanguin,mixte,aucun,puits,unlimited,1.2,1.2,4,True,85.26,24.74,35.41
sanguin,mixte,aucun,porte,unlimited,0.8,0.8,6,True,79.91,30.09,41.31
sanguin,mixte,aucun,porte,unlimited,0.8,1.0,6,True,69.58,40.42,51.64
sanguin,mixte,aucun,porte,unlimited,0.8,1.2,6,True,59.25,50.75,61.97
sanguin,mixte,aucun,porte,unlimited,1.0,0.8,6,True,84.84,25.16,41.31
sanguin,mixte,aucun,porte,unlimited,1.0,1.0,6,True,74.51,35.49,51.64
sanguin,mixte,aucun,porte,unlimited,1.0,1.2,6,True,64.18,45.82,61.97
sanguin,mixte,aucun,porte,unlimited,1.2,0.8,7,True,76.12,33.88,53.11
sanguin,mixte,aucun,porte,unlimited,1.2,1.0,7,True,62.84,47.16,66.39
sanguin,mixte,aucun,porte,unlimited,1.2,1.2,7,True,49.56,60.44,79.67
sanguin,mixte,aucun,barque,unlimited,0.8,0.8,5,True,86.56,23.44,35.41
sanguin,mixte,aucun,barque,unlimited,0.8,1.0,5,True,77.71,32.29,44.26
sanguin,mixte,aucun,barque,unlimited,0.8,1.2,5,True,68.86,41.14,53.11
sanguin,mixte,aucun,barque,unlimited,1.0,0.8,6,True,78.61,31.39,47.21
sanguin,mixte,aucun,barque,unlimited,1.0,1.0,6,True,66.8,43.2,59.02
sanguin,mixte,aucun,barque,unlimited,1.0,1.2,6,True,55.0,55.0,70.82
sanguin,mixte,aucun,barque,unlimited,1.2,0.8,7,True,58.71,51.29,69.51
sanguin,mixte,aucun,barque,unlimited,1.2,1.0,7,True,41.33,68.67,86.89
sanguin,mixte,aucun,barque,unlimited,1.2,1.2,7,True,23.96,86.04,104.26
sanguin,mixte,purification,puits,unlimited,0.8,0.8,3,True,96.52,13.48,15.74
sanguin,mixte,purification,puits,unlimited,0.8,1.0,3,True,92.58,17.42,19.67
sanguin,mixte,purification,puits,unlimited,0.8,1.2,3,True,88.65,21.35,23.61
sanguin,mixte,purification,puits,unlimited,1.0,0.8,4,True,94.43,15.57,23.61
sanguin,mixte,purification,puits,unlimited,1.0,1.0,4,True,88.53,21.47,29.51
sanguin,mixte,purification,puits,unlimited,1.0,1.2,4,True,82.63,27.37,35.41
sanguin,mixte,purification,puits,unlimited,1.2,0.8,4,True,97.73,12.27,23.61
sanguin,mixte,purification,puits,unlimited,1.2,1.0,4,True,91.83,18.17,29.51
sanguin,mixte,purification,puits,unlimited,1.2,1.2,4,True,85.93,24.07,35.41
sanguin,mixte,purification,porte,unlimited,0.8,0.8,6,True,79.91,30.09,41.31
sanguin,mixte,purification,porte,unlimited,0.8,1.0,6,True,69.58,40.42,51.64
sanguin,mixte,purification,porte,unlimited,0.8,1.2,6,True,59.25,50.75,61.97
sanguin,mixte,purification,porte,unlimited,1.0,0.8,6,True,84.84,25.16,41.31
sanguin,mixte,purification,porte,unlimited,1.0,1.0,6,True,74.51,35.49,51.64
sanguin,mixte,purification,porte,unlimited,1.0,1.2,6,True,64.18,45.82,61.97
sanguin,mixte,purification,porte,unlimited,1.2,0.8,7,True,76.12,33.88,53.11
sanguin,mixte,purification,porte,unlimited,1.2,1.0,7,True,62.84,47.16,66.39
sanguin,mixte,purification,porte,unlimited,1.2,1.2,7,True,49.56,60.44,79.67
sanguin,mixte,purification,barque,unlimited,0.8,0.8,5,True,86.56,23.44,35.41
sanguin,mixte,purification,barque,unlimited,0.8,1.0,5,True,77.71,32.29,44.26
sanguin,mixte,purification,barque,unlimited,0.8,1.2,5,True,68.86,41.14,53.11
sanguin,mixte,purification,barque,unlimited,1.0,0.8,6,True,78.61,31.39,47.21
sanguin,mixte,purification,barque,unlimited,1.0,1.0,6,True,66.8,43.2,59.02
sanguin,mixte,purification,barque,unlimited,1.0,1.2,6,True,55.0,55.0,70.82
sanguin,mixte,purification,barque,unlimited,1.2,0.8,7,True,58.71,51.29,69.51
sanguin,mixte,purification,barque,unlimited,1.2,1.0,7,True,41.33,68.67,86.89
sanguin,mixte,purification,barque,unlimited,1.2,1.2,7,True,23.96,86.04,104.26
sanguin,mixte,ancrage,puits,unlimited,0.8,0.8,3,True,96.52,13.48,15.74
sanguin,mixte,ancrage,puits,unlimited,0.8,1.0,3,True,92.58,17.42,19.67
sanguin,mixte,ancrage,puits,unlimited,0.8,1.2,3,True,88.65,21.35,23.61
sanguin,mixte,ancrage,puits,unlimited,1.0,0.8,4,True,94.43,15.57,23.61
sanguin,mixte,ancrage,puits,unlimited,1.0,1.0,4,True,88.53,21.47,29.51
sanguin,mixte,ancrage,puits,unlimited,1.0,1.2,4,True,82.63,27.37,35.41
sanguin,mixte,ancrage,puits,unlimited,1.2,0.8,4,True,97.07,12.93,23.61
sanguin,mixte,ancrage,puits,unlimited,1.2,1.0,4,True,91.16,18.84,29.51
sanguin,mixte,ancrage,puits,unlimited,1.2,1.2,4,True,85.26,24.74,35.41
sanguin,mixte,ancrage,porte,unlimited,0.8,0.8,6,True,79.91,30.09,41.31
sanguin,mixte,ancrage,porte,unlimited,0.8,1.0,6,True,69.58,40.42,51.64
sanguin,mixte,ancrage,porte,unlimited,0.8,1.2,6,True,59.25,50.75,61.97
sanguin,mixte,ancrage,porte,unlimited,1.0,0.8,6,True,84.84,25.16,41.31
sanguin,mixte,ancrage,porte,unlimited,1.0,1.0,6,True,74.51,35.49,51.64
sanguin,mixte,ancrage,porte,unlimited,1.0,1.2,6,True,64.18,45.82,61.97
sanguin,mixte,ancrage,porte,unlimited,1.2,0.8,7,True,76.12,33.88,53.11
sanguin,mixte,ancrage,porte,unlimited,1.2,1.0,7,True,62.84,47.16,66.39
sanguin,mixte,ancrage,porte,unlimited,1.2,1.2,7,True,49.56,60.44,79.67
sanguin,mixte,ancrage,barque,unlimited,0.8,0.8,4,True,90.5,19.5,29.51
sanguin,mixte,ancrage,barque,unlimited,0.8,1.0,4,True,83.12,26.88,36.89
sanguin,mixte,ancrage,barque,unlimited,0.8,1.2,4,True,75.75,34.25,44.26
sanguin,mixte,ancrage,barque,unlimited,1.0,0.8,5,True,82.52,27.48,41.31
sanguin,mixte,ancrage,barque,unlimited,1.0,1.0,5,True,72.2,37.8,51.64
sanguin,mixte,ancrage,barque,unlimited,1.0,1.2,5,True,61.87,48.13,61.97
sanguin,mixte,ancrage,barque,unlimited,1.2,0.8,6,True,80.27,29.73,47.21
sanguin,mixte,ancrage,barque,unlimited,1.2,1.0,6,True,68.47,41.53,59.02
sanguin,mixte,ancrage,barque,unlimited,1.2,1.2,6,True,56.66,53.34,70.82
sanguin,legere,aucun,puits,unlimited,0.8,0.8,3,True,94.8,15.2,17.45
sanguin,legere,aucun,puits,unlimited,0.8,1.0,3,True,90.44,19.56,21.82
sanguin,legere,aucun,puits,unlimited,0.8,1.2,3,True,86.07,23.93,26.18
sanguin,legere,aucun,puits,unlimited,1.0,0.8,4,True,91.86,18.14,26.18
sanguin,legere,aucun,puits,unlimited,1.0,1.0,4,True,85.31,24.69,32.73
sanguin,legere,aucun,puits,unlimited,1.0,1.2,4,True,78.77,31.23,39.27
sanguin,legere,aucun,puits,unlimited,1.2,0.8,4,True,94.49,15.51,26.18
sanguin,legere,aucun,puits,unlimited,1.2,1.0,4,True,87.94,22.06,32.73
sanguin,legere,aucun,puits,unlimited,1.2,1.2,4,True,81.4,28.6,39.27
sanguin,legere,aucun,porte,unlimited,0.8,0.8,6,True,75.4,34.6,45.82
sanguin,legere,aucun,porte,unlimited,0.8,1.0,6,True,63.95,46.05,57.27
sanguin,legere,aucun,porte,unlimited,0.8,1.2,6,True,52.49,57.51,68.73
sanguin,legere,aucun,porte,unlimited,1.0,0.8,6,True,80.33,29.67,45.82
sanguin,legere,aucun,porte,unlimited,1.0,1.0,6,True,68.87,41.13,57.27
sanguin,legere,aucun,porte,unlimited,1.0,1.2,6,True,57.42,52.58,68.73
sanguin,legere,aucun,porte,unlimited,1.2,0.8,7,True,70.33,39.67,58.91
sanguin,legere,aucun,porte,unlimited,1.2,1.0,7,True,55.6,54.4,73.64
sanguin,legere,aucun,porte,unlimited,1.2,1.2,7,True,40.87,69.13,88.36
sanguin,legere,aucun,barque,unlimited,0.8,0.8,5,True,82.7,27.3,39.27
sanguin,legere,aucun,barque,unlimited,0.8,1.0,5,True,72.88,37.12,49.09
sanguin,legere,aucun,barque,unlimited,0.8,1.2,5,True,63.06,46.94,58.91
sanguin,legere,aucun,barque,unlimited,1.0,0.8,6,True,73.45,36.55,52.36
sanguin,legere,aucun,barque,unlimited,1.0,1.0,6,True,60.36,49.64,65.45
sanguin,legere,aucun,barque,unlimited,1.0,1.2,6,True,47.27,62.73,78.55
sanguin,legere,aucun,barque,unlimited,1.2,0.8,7,True,51.13,58.87,77.09
sanguin,legere,aucun,barque,unlimited,1.2,1.0,7,True,31.86,78.14,96.36
sanguin,legere,aucun,barque,unlimited,1.2,1.2,7,True,12.58,97.42,115.64
sanguin,legere,purification,puits,unlimited,0.8,0.8,3,True,94.8,15.2,17.45
sanguin,legere,purification,puits,unlimited,0.8,1.0,3,True,90.44,19.56,21.82
sanguin,legere,purification,puits,unlimited,0.8,1.2,3,True,86.07,23.93,26.18
sanguin,legere,purification,puits,unlimited,1.0,0.8,4,True,91.86,18.14,26.18
sanguin,legere,purification,puits,unlimited,1.0,1.0,4,True,85.31,24.69,32.73
sanguin,legere,purification,puits,unlimited,1.0,1.2,4,True,78.77,31.23,39.27
sanguin,legere,purification,puits,unlimited,1.2,0.8,4,True,95.16,14.84,26.18
sanguin,legere,purification,puits,unlimited,1.2,1.0,4,True,88.61,21.39,32.73
sanguin,legere,purification,puits,unlimited,1.2,1.2,4,True,82.07,27.93,39.27
sanguin,legere,purification,porte,unlimited,0.8,0.8,6,True,75.4,34.6,45.82
sanguin,legere,purification,porte,unlimited,0.8,1.0,6,True,63.95,46.05,57.27
sanguin,legere,purification,porte,unlimited,0.8,1.2,6,True,52.49,57.51,68.73
sanguin,legere,purification,porte,unlimited,1.0,0.8,6,True,80.33,29.67,45.82
sanguin,legere,purification,porte,unlimited,1.0,1.0,6,True,68.87,41.13,57.27
sanguin,legere,purification,porte,unlimited,1.0,1.2,6,True,57.42,52.58,68.73
sanguin,legere,purification,porte,unlimited,1.2,0.8,7,True,70.33,39.67,58.91
sanguin,legere,purification,porte,unlimited,1.2,1.0,7,True,55.6,54.4,73.64
sanguin,legere,purification,porte,unlimited,1.2,1.2,7,True,40.87,69.13,88.36
sanguin,legere,purification,barque,unlimited,0.8,0.8,5,True,82.7,27.3,39.27
sanguin,legere,purification,barque,unlimited,0.8,1.0,5,True,72.88,37.12,49.09
sanguin,legere,purification,barque,unlimited,0.8,1.2,5,True,63.06,46.94,58.91
sanguin,legere,purification,barque,unlimited,1.0,0.8,6,True,73.45,36.55,52.36
sanguin,legere,purification,barque,unlimited,1.0,1.0,6,True,60.36,49.64,65.45
sanguin,legere,purification,barque,unlimited,1.0,1.2,6,True,47.27,62.73,78.55
sanguin,legere,purification,barque,unlimited,1.2,0.8,7,True,51.13,58.87,77.09
sanguin,legere,purification,barque,unlimited,1.2,1.0,7,True,31.86,78.14,96.36
sanguin,legere,purification,barque,unlimited,1.2,1.2,7,True,12.58,97.42,115.64
sanguin,legere,ancrage,puits,unlimited,0.8,0.8,3,True,94.8,15.2,17.45
sanguin,legere,ancrage,puits,unlimited,0.8,1.0,3,True,90.44,19.56,21.82
sanguin,legere,ancrage,puits,unlimited,0.8,1.2,3,True,86.07,23.93,26.18
sanguin,legere,ancrage,puits,unlimited,1.0,0.8,4,True,91.86,18.14,26.18
sanguin,legere,ancrage,puits,unlimited,1.0,1.0,4,True,85.31,24.69,32.73
sanguin,legere,ancrage,puits,unlimited,1.0,1.2,4,True,78.77,31.23,39.27
sanguin,legere,ancrage,puits,unlimited,1.2,0.8,4,True,94.49,15.51,26.18
sanguin,legere,ancrage,puits,unlimited,1.2,1.0,4,True,87.94,22.06,32.73
sanguin,legere,ancrage,puits,unlimited,1.2,1.2,4,True,81.4,28.6,39.27
sanguin,legere,ancrage,porte,unlimited,0.8,0.8,6,True,75.4,34.6,45.82
sanguin,legere,ancrage,porte,unlimited,0.8,1.0,6,True,63.95,46.05,57.27
sanguin,legere,ancrage,porte,unlimited,0.8,1.2,6,True,52.49,57.51,68.73
sanguin,legere,ancrage,porte,unlimited,1.0,0.8,6,True,80.33,29.67,45.82
sanguin,legere,ancrage,porte,unlimited,1.0,1.0,6,True,68.87,41.13,57.27
sanguin,legere,ancrage,porte,unlimited,1.0,1.2,6,True,57.42,52.58,68.73
sanguin,legere,ancrage,porte,unlimited,1.2,0.8,7,True,70.33,39.67,58.91
sanguin,legere,ancrage,porte,unlimited,1.2,1.0,7,True,55.6,54.4,73.64
sanguin,legere,ancrage,porte,unlimited,1.2,1.2,7,True,40.87,69.13,88.36
sanguin,legere,ancrage,barque,unlimited,0.8,0.8,4,True,87.28,22.72,32.73
sanguin,legere,ancrage,barque,unlimited,0.8,1.0,4,True,79.1,30.9,40.91
sanguin,legere,ancrage,barque,unlimited,0.8,1.2,4,True,70.92,39.08,49.09
sanguin,legere,ancrage,barque,unlimited,1.0,0.8,5,True,78.02,31.98,45.82
sanguin,legere,ancrage,barque,unlimited,1.0,1.0,5,True,66.56,43.44,57.27
sanguin,legere,ancrage,barque,unlimited,1.0,1.2,5,True,55.11,54.89,68.73
sanguin,legere,ancrage,barque,unlimited,1.2,0.8,6,True,75.12,34.88,52.36
sanguin,legere,ancrage,barque,unlimited,1.2,1.0,6,True,62.03,47.97,65.45
sanguin,legere,ancrage,barque,unlimited,1.2,1.2,6,True,48.94,61.06,78.55
foudroyant,airain,aucun,puits,unlimited,0.8,0.8,3,True,81.2,28.8,28.8
foudroyant,airain,aucun,puits,unlimited,0.8,1.0,3,True,74.0,36.0,36.0
foudroyant,airain,aucun,puits,unlimited,0.8,1.2,3,True,66.8,43.2,43.2
foudroyant,airain,aucun,puits,unlimited,1.0,0.8,4,True,81.2,28.8,28.8
foudroyant,airain,aucun,puits,unlimited,1.0,1.0,4,True,74.0,36.0,36.0
foudroyant,airain,aucun,puits,unlimited,1.0,1.2,4,True,66.8,43.2,43.2
foudroyant,airain,aucun,puits,unlimited,1.2,0.8,5,True,52.4,57.6,57.6
foudroyant,airain,aucun,puits,unlimited,1.2,1.0,5,True,38.0,72.0,72.0
foudroyant,airain,aucun,puits,unlimited,1.2,1.2,5,True,23.6,86.4,86.4
foudroyant,airain,aucun,porte,unlimited,0.8,0.8,4,True,96.06,13.94,13.94
foudroyant,airain,aucun,porte,unlimited,0.8,1.0,4,True,92.58,17.42,17.42
foudroyant,airain,aucun,porte,unlimited,0.8,1.2,4,True,89.1,20.9,20.9
foudroyant,airain,aucun,porte,unlimited,1.0,0.8,5,True,82.13,27.87,27.87
foudroyant,airain,aucun,porte,unlimited,1.0,1.0,5,True,75.16,34.84,34.84
foudroyant,airain,aucun,porte,unlimited,1.0,1.2,5,True,68.19,41.81,41.81
foudroyant,airain,aucun,porte,unlimited,1.2,0.8,6,True,77.48,32.52,32.52
foudroyant,airain,aucun,porte,unlimited,1.2,1.0,6,True,69.35,40.65,40.65
foudroyant,airain,aucun,porte,unlimited,1.2,1.2,6,True,61.23,48.77,48.77
foudroyant,airain,aucun,barque,unlimited,0.8,0.8,4,True,86.77,23.23,23.23
foudroyant,airain,aucun,barque,unlimited,0.8,1.0,4,True,80.97,29.03,29.03
foudroyant,airain,aucun,barque,unlimited,0.8,1.2,4,True,75.16,34.84,34.84
foudroyant,airain,aucun,barque,unlimited,1.0,0.8,5,True,69.33,40.67,40.67
foudroyant,airain,aucun,barque,unlimited,1.0,1.0,5,True,59.16,50.84,50.84
foudroyant,airain,aucun,barque,unlimited,1.0,1.2,5,True,48.99,61.01,61.01
foudroyant,airain,aucun,barque,unlimited,1.2,0.8,6,True,60.04,49.96,49.96
foudroyant,airain,aucun,barque,unlimited,1.2,1.0,6,True,47.55,62.45,62.45
foudroyant,airain,aucun,barque,unlimited,1.2,1.2,6,True,35.06,74.94,74.94
foudroyant,airain,purification,puits,unlimited,0.8,0.8,3,True,81.2,28.8,28.8
foudroyant,airain,purification,puits,unlimited,0.8,1.0,3,True,74.0,36.0,36.0
foudroyant,airain,purification,puits,unlimited,0.8,1.2,3,True,66.8,43.2,43.2
foudroyant,airain,purification,puits,unlimited,1.0,0.8,4,True,81.2,28.8,28.8
foudroyant,airain,purification,puits,unlimited,1.0,1.0,4,True,74.0,36.0,36.0
foudroyant,airain,purification,puits,unlimited,1.0,1.2,4,True,66.8,43.2,43.2
foudroyant,airain,purification,puits,unlimited,1.2,0.8,5,True,52.4,57.6,57.6
foudroyant,airain,purification,puits,unlimited,1.2,1.0,5,True,38.0,72.0,72.0
foudroyant,airain,purification,puits,unlimited,1.2,1.2,5,True,23.6,86.4,86.4
foudroyant,airain,purification,porte,unlimited,0.8,0.8,4,True,96.06,13.94,13.94
foudroyant,airain,purification,porte,unlimited,0.8,1.0,4,True,92.58,17.42,17.42
foudroyant,airain,purification,porte,unlimited,0.8,1.2,4,True,89.1,20.9,20.9
foudroyant,airain,purification,porte,unlimited,1.0,0.8,5,True,82.13,27.87,27.87
foudroyant,airain,purification,porte,unlimited,1.0,1.0,5,True,75.16,34.84,34.84
foudroyant,airain,purification,porte,unlimited,1.0,1.2,5,True,68.19,41.81,41.81
foudroyant,airain,purification,porte,unlimited,1.2,0.8,6,True,77.48,32.52,32.52
foudroyant,airain,purification,porte,unlimited,1.2,1.0,6,True,69.35,40.65,40.65
foudroyant,airain,purification,porte,unlimited,1.2,1.2,6,True,61.23,48.77,48.77
foudroyant,airain,purification,barque,unlimited,0.8,0.8,4,True,86.77,23.23,23.23
foudroyant,airain,purification,barque,unlimited,0.8,1.0,4,True,80.97,29.03,29.03
foudroyant,airain,purification,barque,unlimited,0.8,1.2,4,True,75.16,34.84,34.84
foudroyant,airain,purification,barque,unlimited,1.0,0.8,5,True,69.33,40.67,40.67
foudroyant,airain,purification,barque,unlimited,1.0,1.0,5,True,59.16,50.84,50.84
foudroyant,airain,purification,barque,unlimited,1.0,1.2,5,True,48.99,61.01,61.01
foudroyant,airain,purification,barque,unlimited,1.2,0.8,6,True,60.04,49.96,49.96
foudroyant,airain,purification,barque,unlimited,1.2,1.0,6,True,47.55,62.45,62.45
foudroyant,airain,purification,barque,unlimited,1.2,1.2,6,True,35.06,74.94,74.94
foudroyant,airain,ancrage,puits,unlimited,0.8,0.8,3,True,81.2,28.8,28.8
foudroyant,airain,ancrage,puits,unlimited,0.8,1.0,3,True,74.0,36.0,36.0
foudroyant,airain,ancrage,puits,unlimited,0.8,1.2,3,True,66.8,43.2,43.2
foudroyant,airain,ancrage,puits,unlimited,1.0,0.8,4,True,81.2,28.8,28.8
foudroyant,airain,ancrage,puits,unlimited,1.0,1.0,4,True,74.0,36.0,36.0
foudroyant,airain,ancrage,puits,unlimited,1.0,1.2,4,True,66.8,43.2,43.2
foudroyant,airain,ancrage,puits,unlimited,1.2,0.8,5,True,52.4,57.6,57.6
foudroyant,airain,ancrage,puits,unlimited,1.2,1.0,5,True,38.0,72.0,72.0
foudroyant,airain,ancrage,puits,unlimited,1.2,1.2,5,True,23.6,86.4,86.4
foudroyant,airain,ancrage,porte,unlimited,0.8,0.8,4,True,96.06,13.94,13.94
foudroyant,airain,ancrage,porte,unlimited,0.8,1.0,4,True,92.58,17.42,17.42
foudroyant,airain,ancrage,porte,unlimited,0.8,1.2,4,True,89.1,20.9,20.9
foudroyant,airain,ancrage,porte,unlimited,1.0,0.8,5,True,82.13,27.87,27.87
foudroyant,airain,ancrage,porte,unlimited,1.0,1.0,5,True,75.16,34.84,34.84
foudroyant,airain,ancrage,porte,unlimited,1.0,1.2,5,True,68.19,41.81,41.81
foudroyant,airain,ancrage,porte,unlimited,1.2,0.8,6,True,77.48,32.52,32.52
foudroyant,airain,ancrage,porte,unlimited,1.2,1.0,6,True,69.35,40.65,40.65
foudroyant,airain,ancrage,porte,unlimited,1.2,1.2,6,True,61.23,48.77,48.77
foudroyant,airain,ancrage,barque,unlimited,0.8,0.8,4,True,91.42,18.58,18.58
foudroyant,airain,ancrage,barque,unlimited,0.8,1.0,4,True,86.77,23.23,23.23
foudroyant,airain,ancrage,barque,unlimited,0.8,1.2,4,True,82.13,27.87,27.87
foudroyant,airain,ancrage,barque,unlimited,1.0,0.8,5,True,69.33,40.67,40.67
foudroyant,airain,ancrage,barque,unlimited,1.0,1.0,5,True,59.16,50.84,50.84
foudroyant,airain,ancrage,barque,unlimited,1.0,1.2,5,True,48.99,61.01,61.01
foudroyant,airain,ancrage,barque,unlimited,1.2,0.8,5,True,64.68,45.32,45.32
foudroyant,airain,ancrage,barque,unlimited,1.2,1.0,5,True,53.35,56.65,56.65
foudroyant,airain,ancrage,barque,unlimited,1.2,1.2,5,True,42.03,67.97,67.97
foudroyant,sceau,aucun,puits,unlimited,0.8,0.8,3,True,91.42,18.58,18.58
foudroyant,sceau,aucun,puits,unlimited,0.8,1.0,3,True,86.77,23.23,23.23
foudroyant,sceau,aucun,puits,unlimited,0.8,1.2,3,True,82.13,27.87,27.87
foudroyant,sceau,aucun,puits,unlimited,1.0,0.8,4,True,91.42,18.58,18.58
foudroyant,sceau,aucun,puits,unlimited,1.0,1.0,4,True,86.77,23.23,23.23
foudroyant,sceau,aucun,puits,unlimited,1.0,1.2,4,True,82.13,27.87,27.87
foudroyant,sceau,aucun,puits,unlimited,1.2,0.8,5,True,72.84,37.16,37.16
foudroyant,sceau,aucun,puits,unlimited,1.2,1.0,5,True,63.55,46.45,46.45
foudroyant,sceau,aucun,puits,unlimited,1.2,1.2,5,True,54.26,55.74,55.74
foudroyant,sceau,aucun,porte,unlimited,0.8,0.8,4,True,88.4,21.6,21.6
foudroyant,sceau,aucun,porte,unlimited,0.8,1.0,4,True,83.0,27.0,27.0
foudroyant,sceau,aucun,porte,unlimited,0.8,1.2,4,True,77.6,32.4,32.4
foudroyant,sceau,aucun,porte,unlimited,1.0,0.8,5,True,66.8,43.2,43.2
foudroyant,sceau,aucun,porte,unlimited,1.0,1.0,5,True,56.0,54.0,54.0
foudroyant,sceau,aucun,porte,unlimited,1.0,1.2,5,True,45.2,64.8,64.8
foudroyant,sceau,aucun,porte,unlimited,1.2,0.8,6,True,59.6,50.4,50.4
foudroyant,sceau,aucun,porte,unlimited,1.2,1.0,6,True,47.0,63.0,63.0
foudroyant,sceau,aucun,porte,unlimited,1.2,1.2,6,True,34.4,75.6,75.6
foudroyant,sceau,aucun,barque,unlimited,0.8,0.8,4,True,74.0,36.0,36.0
foudroyant,sceau,aucun,barque,unlimited,0.8,1.0,4,True,65.0,45.0,45.0
foudroyant,sceau,aucun,barque,unlimited,0.8,1.2,4,True,56.0,54.0,54.0
foudroyant,sceau,aucun,barque,unlimited,1.0,0.8,5,True,58.54,51.46,51.46
foudroyant,sceau,aucun,barque,unlimited,1.0,1.0,5,True,45.68,64.32,64.32
foudroyant,sceau,aucun,barque,unlimited,1.0,1.2,5,True,32.81,77.19,77.19
foudroyant,sceau,aucun,barque,unlimited,1.2,0.8,6,True,44.14,65.86,65.86
foudroyant,sceau,aucun,barque,unlimited,1.2,1.0,6,True,27.68,82.32,82.32
foudroyant,sceau,aucun,barque,unlimited,1.2,1.2,6,True,11.21,98.79,98.79
foudroyant,sceau,purification,puits,unlimited,0.8,0.8,3,True,91.42,18.58,18.58
foudroyant,sceau,purification,puits,unlimited,0.8,1.0,3,True,86.77,23.23,23.23
foudroyant,sceau,purification,puits,unlimited,0.8,1.2,3,True,82.13,27.87,27.87
foudroyant,sceau,purification,puits,unlimited,1.0,0.8,4,True,91.42,18.58,18.58
foudroyant,sceau,purification,puits,unlimited,1.0,1.0,4,True,86.77,23.23,23.23
foudroyant,sceau,purification,puits,unlimited,1.0,1.2,4,True,82.13,27.87,27.87
foudroyant,sceau,purification,puits,unlimited,1.2,0.8,5,True,72.84,37.16,37.16
foudroyant,sceau,purification,puits,unlimited,1.2,1.0,5,True,63.55,46.45,46.45
foudroyant,sceau,purification,puits,unlimited,1.2,1.2,5,True,54.26,55.74,55.74
foudroyant,sceau,purification,porte,unlimited,0.8,0.8,4,True,88.4,21.6,21.6
foudroyant,sceau,purification,porte,unlimited,0.8,1.0,4,True,83.0,27.0,27.0
foudroyant,sceau,purification,porte,unlimited,0.8,1.2,4,True,77.6,32.4,32.4
foudroyant,sceau,purification,porte,unlimited,1.0,0.8,5,True,66.8,43.2,43.2
foudroyant,sceau,purification,porte,unlimited,1.0,1.0,5,True,56.0,54.0,54.0
foudroyant,sceau,purification,porte,unlimited,1.0,1.2,5,True,45.2,64.8,64.8
foudroyant,sceau,purification,porte,unlimited,1.2,0.8,6,True,59.6,50.4,50.4
foudroyant,sceau,purification,porte,unlimited,1.2,1.0,6,True,47.0,63.0,63.0
foudroyant,sceau,purification,porte,unlimited,1.2,1.2,6,True,34.4,75.6,75.6
foudroyant,sceau,purification,barque,unlimited,0.8,0.8,4,True,74.0,36.0,36.0
foudroyant,sceau,purification,barque,unlimited,0.8,1.0,4,True,65.0,45.0,45.0
foudroyant,sceau,purification,barque,unlimited,0.8,1.2,4,True,56.0,54.0,54.0
foudroyant,sceau,purification,barque,unlimited,1.0,0.8,5,True,58.54,51.46,51.46
foudroyant,sceau,purification,barque,unlimited,1.0,1.0,5,True,45.68,64.32,64.32
foudroyant,sceau,purification,barque,unlimited,1.0,1.2,5,True,32.81,77.19,77.19
foudroyant,sceau,purification,barque,unlimited,1.2,0.8,6,True,44.14,65.86,65.86
foudroyant,sceau,purification,barque,unlimited,1.2,1.0,6,True,27.68,82.32,82.32
foudroyant,sceau,purification,barque,unlimited,1.2,1.2,6,True,11.21,98.79,98.79
foudroyant,sceau,ancrage,puits,unlimited,0.8,0.8,3,True,91.42,18.58,18.58
foudroyant,sceau,ancrage,puits,unlimited,0.8,1.0,3,True,86.77,23.23,23.23
foudroyant,sceau,ancrage,puits,unlimited,0.8,1.2,3,True,82.13,27.87,27.87
foudroyant,sceau,ancrage,puits,unlimited,1.0,0.8,4,True,91.42,18.58,18.58
foudroyant,sceau,ancrage,puits,unlimited,1.0,1.0,4,True,86.77,23.23,23.23
foudroyant,sceau,ancrage,puits,unlimited,1.0,1.2,4,True,82.13,27.87,27.87
foudroyant,sceau,ancrage,puits,unlimited,1.2,0.8,5,True,72.84,37.16,37.16
foudroyant,sceau,ancrage,puits,unlimited,1.2,1.0,5,True,63.55,46.45,46.45
foudroyant,sceau,ancrage,puits,unlimited,1.2,1.2,5,True,54.26,55.74,55.74
foudroyant,sceau,ancrage,porte,unlimited,0.8,0.8,4,True,88.4,21.6,21.6
foudroyant,sceau,ancrage,porte,unlimited,0.8,1.0,4,True,83.0,27.0,27.0
foudroyant,sceau,ancrage,porte,unlimited,0.8,1.2,4,True,77.6,32.4,32.4
foudroyant,sceau,ancrage,porte,unlimited,1.0,0.8,5,True,66.8,43.2,43.2
foudroyant,sceau,ancrage,porte,unlimited,1.0,1.0,5,True,56.0,54.0,54.0
foudroyant,sceau,ancrage,porte,unlimited,1.0,1.2,5,True,45.2,64.8,64.8
foudroyant,sceau,ancrage,porte,unlimited,1.2,0.8,6,True,59.6,50.4,50.4
foudroyant,sceau,ancrage,porte,unlimited,1.2,1.0,6,True,47.0,63.0,63.0
foudroyant,sceau,ancrage,porte,unlimited,1.2,1.2,6,True,34.4,75.6,75.6
foudroyant,sceau,ancrage,barque,unlimited,0.8,0.8,4,True,81.2,28.8,28.8
foudroyant,sceau,ancrage,barque,unlimited,0.8,1.0,4,True,74.0,36.0,36.0
foudroyant,sceau,ancrage,barque,unlimited,0.8,1.2,4,True,66.8,43.2,43.2
foudroyant,sceau,ancrage,barque,unlimited,1.0,0.8,5,True,58.54,51.46,51.46
foudroyant,sceau,ancrage,barque,unlimited,1.0,1.0,5,True,45.68,64.32,64.32
foudroyant,sceau,ancrage,barque,unlimited,1.0,1.2,5,True,32.81,77.19,77.19
foudroyant,sceau,ancrage,barque,unlimited,1.2,0.8,5,True,51.34,58.66,58.66
foudroyant,sceau,ancrage,barque,unlimited,1.2,1.0,5,True,36.68,73.32,73.32
foudroyant,sceau,ancrage,barque,unlimited,1.2,1.2,5,True,22.01,87.99,87.99
foudroyant,mixte,aucun,puits,unlimited,0.8,0.8,3,True,86.39,23.61,23.61
foudroyant,mixte,aucun,puits,unlimited,0.8,1.0,3,True,80.49,29.51,29.51
foudroyant,mixte,aucun,puits,unlimited,0.8,1.2,3,True,74.59,35.41,35.41
foudroyant,mixte,aucun,puits,unlimited,1.0,0.8,4,True,86.39,23.61,23.61
foudroyant,mixte,aucun,puits,unlimited,1.0,1.0,4,True,80.49,29.51,29.51
foudroyant,mixte,aucun,puits,unlimited,1.0,1.2,4,True,74.59,35.41,35.41
foudroyant,mixte,aucun,puits,unlimited,1.2,0.8,5,True,62.79,47.21,47.21
foudroyant,mixte,aucun,puits,unlimited,1.2,1.0,5,True,50.98,59.02,59.02
foudroyant,mixte,aucun,puits,unlimited,1.2,1.2,5,True,39.18,70.82,70.82
foudroyant,mixte,aucun,porte,unlimited,0.8,0.8,4,True,92.3,17.7,17.7
foudroyant,mixte,aucun,porte,unlimited,0.8,1.0,4,True,87.87,22.13,22.13
foudroyant,mixte,aucun,porte,unlimited,0.8,1.2,4,True,83.44,26.56,26.56
foudroyant,mixte,aucun,porte,unlimited,1.0,0.8,5,True,74.59,35.41,35.41
foudroyant,mixte,aucun,porte,unlimited,1.0,1.0,5,True,65.74,44.26,44.26
foudroyant,mixte,aucun,porte,unlimited,1.0,1.2,5,True,56.89,53.11,53.11
foudroyant,mixte,aucun,porte,unlimited,1.2,0.8,6,True,68.69,41.31,41.31
foudroyant,mixte,aucun,porte,unlimited,1.2,1.0,6,True,58.36,51.64,51.64
foudroyant,mixte,aucun,porte,unlimited,1.2,1.2,6,True,48.03,61.97,61.97
foudroyant,mixte,aucun,barque,unlimited,0.8,0.8,4,True,80.49,29.51,29.51
foudroyant,mixte,aucun,barque,unlimited,0.8,1.0,4,True,73.11,36.89,36.89
foudroyant,mixte,aucun,barque,unlimited,0.8,1.2,4,True,65.74,44.26,44.26
foudroyant,mixte,aucun,barque,unlimited,1.0,0.8,5,True,64.1,45.9,45.9
foudroyant,mixte,aucun,barque,unlimited,1.0,1.0,5,True,52.62,57.38,57.38
foudroyant,mixte,aucun,barque,unlimited,1.0,1.2,5,True,41.15,68.85,68.85
foudroyant,mixte,aucun,barque,unlimited,1.2,0.8,6,True,52.3,57.7,57.7
foudroyant,mixte,aucun,barque,unlimited,1.2,1.0,6,True,37.87,72.13,72.13
foudroyant,mixte,aucun,barque,unlimited,1.2,1.2,6,True,23.44,86.56,86.56
foudroyant,mixte,purification,puits,unlimited,0.8,0.8,3,True,86.39,23.61,23.61
foudroyant,mixte,purification,puits,unlimited,0.8,1.0,3,True,80.49,29.51,29.51
foudroyant,mixte,purification,puits,unlimited,0.8,1.2,3,True,74.59,35.41,35.41
foudroyant,mixte,purification,puits,unlimited,1.0,0.8,4,True,86.39,23.61,23.61
foudroyant,mixte,purification,puits,unlimited,1.0,1.0,4,True,80.49,29.51,29.51
foudroyant,mixte,purification,puits,unlimited,1.0,1.2,4,True,74.59,35.41,35.41
foudroyant,mixte,purification,puits,unlimited,1.2,0.8,5,True,62.79,47.21,47.21
foudroyant,mixte,purification,puits,unlimited,1.2,1.0,5,True,50.98,59.02,59.02
foudroyant,mixte,purification,puits,unlimited,1.2,1.2,5,True,39.18,70.82,70.82
foudroyant,mixte,purification,porte,unlimited,0.8,0.8,4,True,92.3,17.7,17.7
foudroyant,mixte,purification,porte,unlimited,0.8,1.0,4,True,87.87,22.13,22.13
foudroyant,mixte,purification,porte,unlimited,0.8,1.2,4,True,83.44,26.56,26.56
foudroyant,mixte,purification,porte,unlimited,1.0,0.8,5,True,74.59,35.41,35.41
foudroyant,mixte,purification,porte,unlimited,1.0,1.0,5,True,65.74,44.26,44.26
foudroyant,mixte,purification,porte,unlimited,1.0,1.2,5,True,56.89,53.11,53.11
foudroyant,mixte,purification,porte,unlimited,1.2,0.8,6,True,68.69,41.31,41.31
foudroyant,mixte,purification,porte,unlimited,1.2,1.0,6,True,58.36,51.64,51.64
foudroyant,mixte,purification,porte,unlimited,1.2,1.2,6,True,48.03,61.97,61.97
foudroyant,mixte,purification,barque,unlimited,0.8,0.8,4,True,80.49,29.51,29.51
foudroyant,mixte,purification,barque,unlimited,0.8,1.0,4,True,73.11,36.89,36.89
foudroyant,mixte,purification,barque,unlimited,0.8,1.2,4,True,65.74,44.26,44.26
foudroyant,mixte,purification,barque,unlimited,1.0,0.8,5,True,64.1,45.9,45.9
foudroyant,mixte,purification,barque,unlimited,1.0,1.0,5,True,52.62,57.38,57.38
foudroyant,mixte,purification,barque,unlimited,1.0,1.2,5,True,41.15,68.85,68.85
foudroyant,mixte,purification,barque,unlimited,1.2,0.8,6,True,52.3,57.7,57.7
foudroyant,mixte,purification,barque,unlimited,1.2,1.0,6,True,37.87,72.13,72.13
foudroyant,mixte,purification,barque,unlimited,1.2,1.2,6,True,23.44,86.56,86.56
foudroyant,mixte,ancrage,puits,unlimited,0.8,0.8,3,True,86.39,23.61,23.61
foudroyant,mixte,ancrage,puits,unlimited,0.8,1.0,3,True,80.49,29.51,29.51
foudroyant,mixte,ancrage,puits,unlimited,0.8,1.2,3,True,74.59,35.41,35.41
foudroyant,mixte,ancrage,puits,unlimited,1.0,0.8,4,True,86.39,23.61,23.61
foudroyant,mixte,ancrage,puits,unlimited,1.0,1.0,4,True,80.49,29.51,29.51
foudroyant,mixte,ancrage,puits,unlimited,1.0,1.2,4,True,74.59,35.41,35.41
foudroyant,mixte,ancrage,puits,unlimited,1.2,0.8,5,True,62.79,47.21,47.21
foudroyant,mixte,ancrage,puits,unlimited,1.2,1.0,5,True,50.98,59.02,59.02
foudroyant,mixte,ancrage,puits,unlimited,1.2,1.2,5,True,39.18,70.82,70.82
foudroyant,mixte,ancrage,porte,unlimited,0.8,0.8,4,True,92.3,17.7,17.7
foudroyant,mixte,ancrage,porte,unlimited,0.8,1.0,4,True,87.87,22.13,22.13
foudroyant,mixte,ancrage,porte,unlimited,0.8,1.2,4,True,83.44,26.56,26.56
foudroyant,mixte,ancrage,porte,unlimited,1.0,0.8,5,True,74.59,35.41,35.41
foudroyant,mixte,ancrage,porte,unlimited,1.0,1.0,5,True,65.74,44.26,44.26
foudroyant,mixte,ancrage,porte,unlimited,1.0,1.2,5,True,56.89,53.11,53.11
foudroyant,mixte,ancrage,porte,unlimited,1.2,0.8,6,True,68.69,41.31,41.31
foudroyant,mixte,ancrage,porte,unlimited,1.2,1.0,6,True,58.36,51.64,51.64
foudroyant,mixte,ancrage,porte,unlimited,1.2,1.2,6,True,48.03,61.97,61.97
foudroyant,mixte,ancrage,barque,unlimited,0.8,0.8,4,True,86.39,23.61,23.61
foudroyant,mixte,ancrage,barque,unlimited,0.8,1.0,4,True,80.49,29.51,29.51
foudroyant,mixte,ancrage,barque,unlimited,0.8,1.2,4,True,74.59,35.41,35.41
foudroyant,mixte,ancrage,barque,unlimited,1.0,0.8,5,True,64.1,45.9,45.9
foudroyant,mixte,ancrage,barque,unlimited,1.0,1.0,5,True,52.62,57.38,57.38
foudroyant,mixte,ancrage,barque,unlimited,1.0,1.2,5,True,41.15,68.85,68.85
foudroyant,mixte,ancrage,barque,unlimited,1.2,0.8,5,True,58.2,51.8,51.8
foudroyant,mixte,ancrage,barque,unlimited,1.2,1.0,5,True,45.25,64.75,64.75
foudroyant,mixte,ancrage,barque,unlimited,1.2,1.2,5,True,32.3,77.7,77.7
foudroyant,legere,aucun,puits,unlimited,0.8,0.8,3,True,83.82,26.18,26.18
foudroyant,legere,aucun,puits,unlimited,0.8,1.0,3,True,77.27,32.73,32.73
foudroyant,legere,aucun,puits,unlimited,0.8,1.2,3,True,70.73,39.27,39.27
foudroyant,legere,aucun,puits,unlimited,1.0,0.8,4,True,83.82,26.18,26.18
foudroyant,legere,aucun,puits,unlimited,1.0,1.0,4,True,77.27,32.73,32.73
foudroyant,legere,aucun,puits,unlimited,1.0,1.2,4,True,70.73,39.27,39.27
foudroyant,legere,aucun,puits,unlimited,1.2,0.8,5,True,57.64,52.36,52.36
foudroyant,legere,aucun,puits,unlimited,1.2,1.0,5,True,44.55,65.45,65.45
foudroyant,legere,aucun,puits,unlimited,1.2,1.2,5,True,31.45,78.55,78.55
foudroyant,legere,aucun,porte,unlimited,0.8,0.8,4,True,90.36,19.64,19.64
foudroyant,legere,aucun,porte,unlimited,0.8,1.0,4,True,85.45,24.55,24.55
foudroyant,legere,aucun,porte,unlimited,0.8,1.2,4,True,80.55,29.45,29.45
foudroyant,legere,aucun,porte,unlimited,1.0,0.8,5,True,70.73,39.27,39.27
foudroyant,legere,aucun,porte,unlimited,1.0,1.0,5,True,60.91,49.09,49.09
foudroyant,legere,aucun,porte,unlimited,1.0,1.2,5,True,51.09,58.91,58.91
foudroyant,legere,aucun,porte,unlimited,1.2,0.8,6,True,64.18,45.82,45.82
foudroyant,legere,aucun,porte,unlimited,1.2,1.0,6,True,52.73,57.27,57.27
foudroyant,legere,aucun,porte,unlimited,1.2,1.2,6,True,41.27,68.73,68.73
foudroyant,legere,aucun,barque,unlimited,0.8,0.8,4,True,77.27,32.73,32.73
foudroyant,legere,aucun,barque,unlimited,0.8,1.0,4,True,69.09,40.91,40.91
foudroyant,legere,aucun,barque,unlimited,0.8,1.2,4,True,60.91,49.09,49.09
foudroyant,legere,aucun,barque,unlimited,1.0,0.8,5,True,59.09,50.91,50.91
foudroyant,legere,aucun,barque,unlimited,1.0,1.0,5,True,46.36,63.64,63.64
foudroyant,legere,aucun,barque,unlimited,1.0,1.2,5,True,33.64,76.36,76.36
foudroyant,legere,aucun,barque,unlimited,1.2,0.8,6,True,46.0,64.0,64.0
foudroyant,legere,aucun,barque,unlimited,1.2,1.0,6,True,30.0,80.0,80.0
foudroyant,legere,aucun,barque,unlimited,1.2,1.2,6,True,14.0,96.0,96.0
foudroyant,legere,purification,puits,unlimited,0.8,0.8,3,True,83.82,26.18,26.18
foudroyant,legere,purification,puits,unlimited,0.8,1.0,3,True,77.27,32.73,32.73
foudroyant,legere,purification,puits,unlimited,0.8,1.2,3,True,70.73,39.27,39.27
foudroyant,legere,purification,puits,unlimited,1.0,0.8,4,True,83.82,26.18,26.18
foudroyant,legere,purification,puits,unlimited,1.0,1.0,4,True,77.27,32.73,32.73
foudroyant,legere,purification,puits,unlimited,1.0,1.2,4,True,70.73,39.27,39.27
foudroyant,legere,purification,puits,unlimited,1.2,0.8,5,True,57.64,52.36,52.36
foudroyant,legere,purification,puits,unlimited,1.2,1.0,5,True,44.55,65.45,65.45
foudroyant,legere,purification,puits,unlimited,1.2,1.2,5,True,31.45,78.55,78.55
foudroyant,legere,purification,porte,unlimited,0.8,0.8,4,True,90.36,19.64,19.64
foudroyant,legere,purification,porte,unlimited,0.8,1.0,4,True,85.45,24.55,24.55
foudroyant,legere,purification,porte,unlimited,0.8,1.2,4,True,80.55,29.45,29.45
foudroyant,legere,purification,porte,unlimited,1.0,0.8,5,True,70.73,39.27,39.27
foudroyant,legere,purification,porte,unlimited,1.0,1.0,5,True,60.91,49.09,49.09
foudroyant,legere,purification,porte,unlimited,1.0,1.2,5,True,51.09,58.91,58.91
foudroyant,legere,purification,porte,unlimited,1.2,0.8,6,True,64.18,45.82,45.82
foudroyant,legere,purification,porte,unlimited,1.2,1.0,6,True,52.73,57.27,57.27
foudroyant,legere,purification,porte,unlimited,1.2,1.2,6,True,41.27,68.73,68.73
foudroyant,legere,purification,barque,unlimited,0.8,0.8,4,True,77.27,32.73,32.73
foudroyant,legere,purification,barque,unlimited,0.8,1.0,4,True,69.09,40.91,40.91
foudroyant,legere,purification,barque,unlimited,0.8,1.2,4,True,60.91,49.09,49.09
foudroyant,legere,purification,barque,unlimited,1.0,0.8,5,True,59.09,50.91,50.91
foudroyant,legere,purification,barque,unlimited,1.0,1.0,5,True,46.36,63.64,63.64
foudroyant,legere,purification,barque,unlimited,1.0,1.2,5,True,33.64,76.36,76.36
foudroyant,legere,purification,barque,unlimited,1.2,0.8,6,True,46.0,64.0,64.0
foudroyant,legere,purification,barque,unlimited,1.2,1.0,6,True,30.0,80.0,80.0
foudroyant,legere,purification,barque,unlimited,1.2,1.2,6,True,14.0,96.0,96.0
foudroyant,legere,ancrage,puits,unlimited,0.8,0.8,3,True,83.82,26.18,26.18
foudroyant,legere,ancrage,puits,unlimited,0.8,1.0,3,True,77.27,32.73,32.73
foudroyant,legere,ancrage,puits,unlimited,0.8,1.2,3,True,70.73,39.27,39.27
foudroyant,legere,ancrage,puits,unlimited,1.0,0.8,4,True,83.82,26.18,26.18
foudroyant,legere,ancrage,puits,unlimited,1.0,1.0,4,True,77.27,32.73,32.73
foudroyant,legere,ancrage,puits,unlimited,1.0,1.2,4,True,70.73,39.27,39.27
foudroyant,legere,ancrage,puits,unlimited,1.2,0.8,5,True,57.64,52.36,52.36
foudroyant,legere,ancrage,puits,unlimited,1.2,1.0,5,True,44.55,65.45,65.45
foudroyant,legere,ancrage,puits,unlimited,1.2,1.2,5,True,31.45,78.55,78.55
foudroyant,legere,ancrage,porte,unlimited,0.8,0.8,4,True,90.36,19.64,19.64
foudroyant,legere,ancrage,porte,unlimited,0.8,1.0,4,True,85.45,24.55,24.55
foudroyant,legere,ancrage,porte,unlimited,0.8,1.2,4,True,80.55,29.45,29.45
foudroyant,legere,ancrage,porte,unlimited,1.0,0.8,5,True,70.73,39.27,39.27
foudroyant,legere,ancrage,porte,unlimited,1.0,1.0,5,True,60.91,49.09,49.09
foudroyant,legere,ancrage,porte,unlimited,1.0,1.2,5,True,51.09,58.91,58.91
foudroyant,legere,ancrage,porte,unlimited,1.2,0.8,6,True,64.18,45.82,45.82
foudroyant,legere,ancrage,porte,unlimited,1.2,1.0,6,True,52.73,57.27,57.27
foudroyant,legere,ancrage,porte,unlimited,1.2,1.2,6,True,41.27,68.73,68.73
foudroyant,legere,ancrage,barque,unlimited,0.8,0.8,4,True,83.82,26.18,26.18
foudroyant,legere,ancrage,barque,unlimited,0.8,1.0,4,True,77.27,32.73,32.73
foudroyant,legere,ancrage,barque,unlimited,0.8,1.2,4,True,70.73,39.27,39.27
foudroyant,legere,ancrage,barque,unlimited,1.0,0.8,5,True,59.09,50.91,50.91
foudroyant,legere,ancrage,barque,unlimited,1.0,1.0,5,True,46.36,63.64,63.64
foudroyant,legere,ancrage,barque,unlimited,1.0,1.2,5,True,33.64,76.36,76.36
foudroyant,legere,ancrage,barque,unlimited,1.2,0.8,5,True,52.55,57.45,57.45
foudroyant,legere,ancrage,barque,unlimited,1.2,1.0,5,True,38.18,71.82,71.82
foudroyant,legere,ancrage,barque,unlimited,1.2,1.2,5,True,23.82,86.18,86.18
